WARNING: Contact joints between materials 'patin' and 'dohyo' will only be created for the 10 deepest contact points instead of all the 12 contact points.
INFO: medido: Starting controller: $LAB_ROOT/Mini-Sumo-real/runs/real/20260913T165701349267Z_v21_v0.1.1_reglamento_v0.3.0_s0_r1/project/webots/controllers/medido/medido
INFO: contrario: Starting controller: $LAB_ROOT/Mini-Sumo-real/runs/real/20260913T165701349267Z_v21_v0.1.1_reglamento_v0.3.0_s0_r1/project/webots/controllers/contrario/contrario
INFO: arbitro: Starting controller: $LAB_ROOT/Mini-Sumo-real/runs/real/20260913T165701349267Z_v21_v0.1.1_reglamento_v0.3.0_s0_r1/project/webots/controllers/arbitro/arbitro --rounds 30 --rival v0.3.0 --version v0.1.1 --colocacion reglamento --out ../../../../result.json
[planta] gelatina ciclo=1 rueda=0 V=7.36485623 R=4.25602584 Rpuente=0.612744129 I0=0.126091683 Ke=0.092558592 Kt=0.0483794733
[planta] gelatina ciclo=1 rueda=1 V=7.36485623 R=3.87064724 Rpuente=0.5311391 I0=0.129181051 Ke=0.0852744683 Kt=0.0483794733
[sensores] gelatina ToF alcance=1418.63086 minimo=21.0914713 sigma_rel=0.0961221409
[gelatina] HAL Webots listo: paso 8 ms, umbral de linea 400
[gelatina] estrategia v0.1.0 en linea
[planta] rival ciclo=1 rueda=0 V=7.3310377 R=3.8954165 Rpuente=0.600848401 I0=0.180732483 Ke=0.0948581567 Kt=0.0483794733
[planta] rival ciclo=1 rueda=1 V=7.3310377 R=3.89561467 Rpuente=0.654952586 I0=0.158428279 Ke=0.0980418484 Kt=0.0483794733
[sensores] rival ToF alcance=1467.89725 minimo=45.1080084 sigma_rel=0.0588060713
[rival] HAL Webots listo: paso 8 ms, umbral de linea 400
[rival] estrategia v0.3.0 en linea

[arbitro] 30 asaltos contra 'v0.3.0', colocacion reglamento, limite 60 s por asalto
[gelatina] t=    0 ms  WAIT         rival=no d=9999 mm rumbo=   +0 cdeg  linea=0x0
[rival] t=    0 ms  WAIT         rival=no d=9999 mm rumbo=   +0 cdeg  linea=0x0
Error: wb_supervisor_field_set_mf_vec3f() called on a read-only PROTO internal field.
Error: wb_supervisor_field_set_mf_vec3f() called on a read-only PROTO internal field.
Error: wb_supervisor_field_set_mf_vec3f() called on a read-only PROTO internal field.
Error: wb_supervisor_field_set_mf_vec3f() called on a read-only PROTO internal field.
[inercia] asalto=0 robot=GELATINA rueda=0 rotor=2.26145341e-05
[inercia] asalto=0 robot=GELATINA rueda=1 rotor=2.80318469e-05
[inercia] asalto=0 robot=RIVAL rueda=0 rotor=1.03646774e-05
[inercia] asalto=0 robot=RIVAL rueda=1 rotor=1.89769952e-05
[planta] asalto=0 mu=0.8364555 slip=0.000738541245 aleatorio=1
[planta] gelatina ciclo=2 rueda=0 V=7.40084512 R=4.10688725 Rpuente=0.572406459 I0=0.0936607003 Ke=0.0698853006 Kt=0.0483794733
[planta] gelatina ciclo=2 rueda=1 V=7.40084512 R=3.83835459 Rpuente=0.552155244 I0=0.199625596 Ke=0.0697456861 Kt=0.0483794733
[sensores] gelatina ToF alcance=1249.04298 minimo=21.2930501 sigma_rel=0.0465027428
[gelatina] pulsador recibido: permiso previsto 5312 ms
[planta] rival ciclo=2 rueda=0 V=7.99534413 R=3.71403046 Rpuente=0.594484353 I0=0.0934002846 Ke=0.0948363984 Kt=0.0483794733
[planta] rival ciclo=2 rueda=1 V=7.99534413 R=3.6196208 Rpuente=0.585172546 I0=0.147359303 Ke=0.0827417612 Kt=0.0483794733
[sensores] rival ToF alcance=757.486892 minimo=42.2123063 sigma_rel=0.084336791
[rival] pulsador recibido: permiso previsto 5312 ms
[arranque] pulsador=312 permiso=5312 ms
[gelatina] permiso de arranque a los 5312 ms
[gelatina] t=    0 ms  TRACK        rival=si d=  71 mm rumbo=+1494 cdeg  linea=0x0
[rival] permiso de arranque a los 5312 ms
[rival] t=    0 ms  TRACK        rival=si d=  68 mm rumbo=+1513 cdeg  linea=0x0
[gelatina] t=    8 ms  ATTACK       rival=si d=  71 mm rumbo=+1494 cdeg  linea=0x0
[rival] t=    8 ms  ATTACK       rival=si d=  68 mm rumbo=+1513 cdeg  linea=0x0
WARNING: Contact joints between materials 'patin' and 'dohyo' will only be created for the 10 deepest contact points instead of all the 291 contact points.
[rival] t=  160 ms  EDGE_ESCAPE  rival=si d= 123 mm rumbo=-4485 cdeg  linea=0x3
[gelatina] t=  696 ms  EDGE_ESCAPE  rival=si d=  28 mm rumbo=+1509 cdeg  linea=0x2
Error: wb_supervisor_field_set_mf_vec3f() called on a read-only PROTO internal field.
Error: wb_supervisor_field_set_mf_vec3f() called on a read-only PROTO internal field.
Error: wb_supervisor_field_set_mf_vec3f() called on a read-only PROTO internal field.
Error: wb_supervisor_field_set_mf_vec3f() called on a read-only PROTO internal field.
[arbitro] asalto  1/30  frente   rival fuera     +1   0.69 s
[inercia] asalto=1 robot=GELATINA rueda=0 rotor=9.44531643e-06
[inercia] asalto=1 robot=GELATINA rueda=1 rotor=2.62596416e-05
[inercia] asalto=1 robot=RIVAL rueda=0 rotor=1.57621794e-05
[inercia] asalto=1 robot=RIVAL rueda=1 rotor=2.04041997e-05
[planta] asalto=1 mu=1.37476293 slip=0.00111237705 aleatorio=1
[gelatina] fin de asalto motor={"battery_v":7.40084512,"resistance_ohm":[4.10688725,3.83835459],"bridge_ohm":[0.572406459,0.552155244],"omega_rad_s":[47.2003512,57.4581133],"current_a":[0.7163062,0.772891923],"torque_nm":[0.0301232614,0.027734323],"applied_pwm":[0.898602486,1],"over_1_2a_samples":2,"over_3_2a_samples":0}
[gelatina] t=    0 ms  WAIT         rival=no d=9999 mm rumbo=+1509 cdeg  linea=0x2
[rival] fin de asalto motor={"battery_v":7.99534413,"resistance_ohm":[3.71403046,3.6196208],"bridge_ohm":[0.594484353,0.585172546],"omega_rad_s":[64.3565844,-73.1344655],"current_a":[0.160773735,-0.17712362],"torque_nm":[0.00325949203,-0.001439982],"applied_pwm":[0.850000024,-0.850000024],"over_1_2a_samples":5,"over_3_2a_samples":0}
[rival] t=    0 ms  WAIT         rival=si d=  80 mm rumbo= -265 cdeg  linea=0x8
[planta] gelatina ciclo=3 rueda=0 V=7.43466365 R=3.66749654 Rpuente=0.584302187 I0=0.189019892 Ke=0.0942266868 Kt=0.0483794733
[planta] gelatina ciclo=3 rueda=1 V=7.43466365 R=3.81338716 Rpuente=0.628341758 I0=0.170378369 Ke=0.0931979847 Kt=0.0483794733
[sensores] gelatina ToF alcance=1199.77666 minimo=27.276513 sigma_rel=0.0838188124
[gelatina] pulsador recibido: permiso previsto 11312 ms
[planta] rival ciclo=3 rueda=0 V=7.74568462 R=3.91137171 Rpuente=0.649971557 I0=0.121402636 Ke=0.0779893475 Kt=0.0483794733
[planta] rival ciclo=3 rueda=1 V=7.74568462 R=4.37315912 Rpuente=0.634254229 I0=0.20344854 Ke=0.0803429839 Kt=0.0483794733
[sensores] rival ToF alcance=1696.55499 minimo=23.2455051 sigma_rel=0.0747795963
[rival] pulsador recibido: permiso previsto 11312 ms
[arranque] pulsador=6312 permiso=11312 ms
[gelatina] permiso de arranque a los 11312 ms
[gelatina] t=    0 ms  OPENING      rival=no d=9999 mm rumbo=+1509 cdeg  linea=0x0
[rival] permiso de arranque a los 11312 ms
[rival] t=    0 ms  OPENING      rival=no d=9999 mm rumbo= -265 cdeg  linea=0x0
WARNING: Contact joints between materials 'rueda' and 'dohyo' will only be created for the 10 deepest contact points instead of all the 12 contact points.
[gelatina] t=  424 ms  SEARCH       rival=no d=9999 mm rumbo=+1509 cdeg  linea=0x0
[rival] t=  424 ms  SEARCH       rival=no d=9999 mm rumbo= -265 cdeg  linea=0x0
[rival] t=  432 ms  EDGE_ESCAPE  rival=no d=9999 mm rumbo= -265 cdeg  linea=0x1
[gelatina] t=  440 ms  EDGE_ESCAPE  rival=no d=9999 mm rumbo=+1509 cdeg  linea=0x1
Error: wb_supervisor_field_set_mf_vec3f() called on a read-only PROTO internal field.
Error: wb_supervisor_field_set_mf_vec3f() called on a read-only PROTO internal field.
Error: wb_supervisor_field_set_mf_vec3f() called on a read-only PROTO internal field.
Error: wb_supervisor_field_set_mf_vec3f() called on a read-only PROTO internal field.
[arbitro] asalto  2/30  lado     rival fuera     +1   0.54 s
[inercia] asalto=2 robot=GELATINA rueda=0 rotor=1.53470491e-05
[inercia] asalto=2 robot=GELATINA rueda=1 rotor=3.54828401e-05
[inercia] asalto=2 robot=RIVAL rueda=0 rotor=3.22439504e-05
[inercia] asalto=2 robot=RIVAL rueda=1 rotor=1.78256371e-05
[planta] asalto=2 mu=1.1906902 slip=0.00167386723 aleatorio=1
[gelatina] fin de asalto motor={"battery_v":7.43466365,"resistance_ohm":[3.66749654,3.81338716],"bridge_ohm":[0.584302187,0.628341758],"omega_rad_s":[-37.8192625,-56.7928845],"current_a":[-0.385879298,-0.482172891],"torque_nm":[-0.00952395439,-0.0150844548],"applied_pwm":[-0.700000048,-1],"over_1_2a_samples":12,"over_3_2a_samples":0}
[gelatina] t=    0 ms  WAIT         rival=si d=  30 mm rumbo=-1444 cdeg  linea=0x0
[rival] fin de asalto motor={"battery_v":7.74568462,"resistance_ohm":[3.91137171,4.37315912],"bridge_ohm":[0.649971557,0.634254229],"omega_rad_s":[-51.1773418,-15.167952],"current_a":[-0.313655876,-1.30347659],"torque_nm":[-0.00930111047,-0.0532187779],"applied_pwm":[-0.700000048,-1],"over_1_2a_samples":19,"over_3_2a_samples":0}
[rival] t=    0 ms  WAIT         rival=si d=  61 mm rumbo=-1609 cdeg  linea=0x0
[planta] gelatina ciclo=4 rueda=0 V=7.47065254 R=4.31835794 Rpuente=0.543964529 I0=0.156588909 Ke=0.0685665134 Kt=0.0483794733
[planta] gelatina ciclo=4 rueda=1 V=7.47065254 R=3.78109455 Rpuente=0.649357903 I0=0.0908229142 Ke=0.0832451824 Kt=0.0483794733
[sensores] gelatina ToF alcance=1030.18878 minimo=27.4780917 sigma_rel=0.114199414
[gelatina] pulsador recibido: permiso previsto 17160 ms
[planta] rival ciclo=4 rueda=0 V=7.00999113 R=3.72998562 Rpuente=0.643607509 I0=0.184070438 Ke=0.0712029904 Kt=0.0483794733
[planta] rival ciclo=4 rueda=1 V=7.00999113 R=4.0971653 Rpuente=0.564474189 I0=0.192379564 Ke=0.069703396 Kt=0.0483794733
[sensores] rival ToF alcance=986.144626 minimo=20.3498012 sigma_rel=0.100310316
[rival] pulsador recibido: permiso previsto 17160 ms
[arranque] pulsador=12160 permiso=17160 ms
[gelatina] permiso de arranque a los 17160 ms
[gelatina] t=    0 ms  OPENING      rival=no d=9999 mm rumbo=-1444 cdeg  linea=0x0
[rival] permiso de arranque a los 17160 ms
[rival] t=    0 ms  OPENING      rival=no d=9999 mm rumbo=-1609 cdeg  linea=0x0
WARNING: Contact joints between materials 'patin' and 'dohyo' will only be created for the 10 deepest contact points instead of all the 11 contact points.
[gelatina] t=  368 ms  EDGE_ESCAPE  rival=no d=9999 mm rumbo=-1444 cdeg  linea=0x3
[rival] t=  384 ms  EDGE_ESCAPE  rival=no d=9999 mm rumbo=-1609 cdeg  linea=0x3
[arbitro] asalto  3/30  espalda  auto-salida     -1   0.43 s
Error: wb_supervisor_field_set_mf_vec3f() called on a read-only PROTO internal field.
Error: wb_supervisor_field_set_mf_vec3f() called on a read-only PROTO internal field.
Error: wb_supervisor_field_set_mf_vec3f() called on a read-only PROTO internal field.
Error: wb_supervisor_field_set_mf_vec3f() called on a read-only PROTO internal field.
[inercia] asalto=3 robot=GELATINA rueda=0 rotor=1.48304331e-05
[inercia] asalto=3 robot=GELATINA rueda=1 rotor=1.18224236e-05
[inercia] asalto=3 robot=RIVAL rueda=0 rotor=1.09047171e-05
[inercia] asalto=3 robot=RIVAL rueda=1 rotor=1.76097783e-05
[planta] asalto=3 mu=1.2826027 slip=0.00106291819 aleatorio=1
[gelatina] fin de asalto motor={"battery_v":7.47065254,"resistance_ohm":[4.31835794,3.78109455],"bridge_ohm":[0.543964529,0.649357903],"omega_rad_s":[-32.4948238,-38.4413784],"current_a":[-0.61727711,-0.963917926],"torque_nm":[-0.0222878525,-0.0422398768],"applied_pwm":[-0.700000048,-0.99999994],"over_1_2a_samples":15,"over_3_2a_samples":0}
[gelatina] t=    0 ms  WAIT         rival=si d= 168 mm rumbo= +177 cdeg  linea=0x0
[rival] fin de asalto motor={"battery_v":7.00999113,"resistance_ohm":[3.72998562,4.0971653],"bridge_ohm":[0.643607509,0.564474189],"omega_rad_s":[-2.77947377,0.556458767],"current_a":[-0.916429002,-0.910576956],"torque_nm":[-0.0354994789,-0.0487565941],"applied_pwm":[-0.599999964,-0.599999964],"over_1_2a_samples":21,"over_3_2a_samples":0}
[rival] t=    0 ms  WAIT         rival=no d=9999 mm rumbo=-1609 cdeg  linea=0x0
[planta] gelatina ciclo=5 rueda=0 V=7.50447108 R=3.87896729 Rpuente=0.555860245 I0=0.101948109 Ke=0.0693291847 Kt=0.0483794733
[planta] gelatina ciclo=5 rueda=1 V=7.50447108 R=3.75612712 Rpuente=0.525544417 I0=0.211575678 Ke=0.0671260551 Kt=0.0483794733
[sensores] gelatina ToF alcance=980.922455 minimo=33.4615546 sigma_rel=0.0715154839
[gelatina] pulsador recibido: permiso previsto 22904 ms
[planta] rival ciclo=5 rueda=0 V=7.33795099 R=4.30922918 Rpuente=0.586078012 I0=0.119217575 Ke=0.0873178988 Kt=0.0483794733
[planta] rival ciclo=5 rueda=1 V=7.33795099 R=4.35173435 Rpuente=0.508019018 I0=0.164089081 Ke=0.0656203404 Kt=0.0483794733
[sensores] rival ToF alcance=1634.49379 minimo=42.0335317 sigma_rel=0.0726668024
[rival] pulsador recibido: permiso previsto 22904 ms
[arranque] pulsador=17904 permiso=22904 ms
[gelatina] permiso de arranque a los 22904 ms
[gelatina] t=    0 ms  TRACK        rival=si d=  82 mm rumbo=   +0 cdeg  linea=0x0
[rival] permiso de arranque a los 22904 ms
[rival] t=    0 ms  TRACK        rival=si d=  74 mm rumbo=-1475 cdeg  linea=0x0
[gelatina] t=    8 ms  ATTACK       rival=si d=  82 mm rumbo=   +0 cdeg  linea=0x0
[rival] t=    8 ms  ATTACK       rival=si d=  74 mm rumbo=-1475 cdeg  linea=0x0
WARNING: Contact joints between materials 'patin' and 'dohyo' will only be created for the 10 deepest contact points instead of all the 291 contact points.
[gelatina] t=  384 ms  SEARCH       rival=no d=9999 mm rumbo=  +51 cdeg  linea=0x0
[rival] t=  480 ms  SEARCH       rival=no d=9999 mm rumbo=-3000 cdeg  linea=0x0
[rival] t=  488 ms  TRACK        rival=si d=  38 mm rumbo=+3000 cdeg  linea=0x0
[rival] t=  496 ms  ATTACK       rival=si d=  38 mm rumbo=+3000 cdeg  linea=0x0
[gelatina] t=  520 ms  TRACK        rival=si d=  44 mm rumbo=   +0 cdeg  linea=0x0
[gelatina] t=  528 ms  ATTACK       rival=si d=  28 mm rumbo=-3031 cdeg  linea=0x0
[rival] t=  560 ms  EDGE_ESCAPE  rival=si d=  53 mm rumbo=-3000 cdeg  linea=0x4
[gelatina] t=  816 ms  EDGE_ESCAPE  rival=si d=  86 mm rumbo=-6000 cdeg  linea=0x2
[arbitro] asalto  4/30  frente   expulsado       -1   0.93 s
Error: wb_supervisor_field_set_mf_vec3f() called on a read-only PROTO internal field.
Error: wb_supervisor_field_set_mf_vec3f() called on a read-only PROTO internal field.
Error: wb_supervisor_field_set_mf_vec3f() called on a read-only PROTO internal field.
Error: wb_supervisor_field_set_mf_vec3f() called on a read-only PROTO internal field.
[inercia] asalto=4 robot=GELATINA rueda=0 rotor=2.47379504e-05
[inercia] asalto=4 robot=GELATINA rueda=1 rotor=1.92414347e-05
[inercia] asalto=4 robot=RIVAL rueda=0 rotor=1.60995954e-05
[inercia] asalto=4 robot=RIVAL rueda=1 rotor=2.92744263e-05
[planta] asalto=4 mu=0.729815042 slip=0.00141449273 aleatorio=1
[gelatina] fin de asalto motor={"battery_v":7.50447108,"resistance_ohm":[3.87896729,3.75612712],"bridge_ohm":[0.555860245,0.525544417],"omega_rad_s":[-13.836844,-56.2514094],"current_a":[-1.47585761,-0.345004256],"torque_nm":[-0.0664690181,-0.00645520432],"applied_pwm":[-1,-0.700000048],"over_1_2a_samples":52,"over_3_2a_samples":0}
[gelatina] t=    0 ms  WAIT         rival=si d= 106 mm rumbo=-1717 cdeg  linea=0x0
[rival] fin de asalto motor={"battery_v":7.33795099,"resistance_ohm":[4.30922918,4.35173435],"bridge_ohm":[0.586078012,0.508019018],"omega_rad_s":[67.5703807,-14.3174861],"current_a":[0.068873074,-1.09012532],"torque_nm":[-0.00243564042,-0.0448011456],"applied_pwm":[0.850000024,-0.850000024],"over_1_2a_samples":24,"over_3_2a_samples":0}
[rival] t=    0 ms  WAIT         rival=si d= 193 mm rumbo=+6000 cdeg  linea=0x4
[planta] gelatina ciclo=6 rueda=0 V=7.54045988 R=3.72982864 Rpuente=0.515522587 I0=0.219517127 Ke=0.0691407664 Kt=0.0483794733
[planta] gelatina ciclo=6 rueda=1 V=7.54045988 R=3.72383447 Rpuente=0.546560562 I0=0.132020223 Ke=0.0905072248 Kt=0.0483794733
[sensores] gelatina ToF alcance=811.334574 minimo=33.6631316 sigma_rel=0.101896091
[gelatina] pulsador recibido: permiso previsto 29144 ms
[planta] rival ciclo=6 rueda=0 V=8.00225742 R=4.12784314 Rpuente=0.579713964 I0=0.181885377 Ke=0.0788056002 Kt=0.0483794733
[planta] rival ciclo=6 rueda=1 V=8.00225742 R=4.07574048 Rpuente=0.63823899 I0=0.153020105 Ke=0.0833654349 Kt=0.0483794733
[sensores] rival ToF alcance=924.083501 minimo=39.1378278 sigma_rel=0.0981975222
[rival] pulsador recibido: permiso previsto 29144 ms
[arranque] pulsador=24144 permiso=29144 ms
[gelatina] permiso de arranque a los 29144 ms
[gelatina] t=    0 ms  OPENING      rival=no d=9999 mm rumbo=-1717 cdeg  linea=0x0
[rival] permiso de arranque a los 29144 ms
[rival] t=    0 ms  OPENING      rival=no d=9999 mm rumbo=+6000 cdeg  linea=0x0
WARNING: Contact joints between materials 'rueda' and 'dohyo' will only be created for the 10 deepest contact points instead of all the 12 contact points.
[gelatina] t=  423 ms  SEARCH       rival=no d=9999 mm rumbo=-1717 cdeg  linea=0x0
[rival] t=  423 ms  SEARCH       rival=no d=9999 mm rumbo=+6000 cdeg  linea=0x0
[rival] t=  431 ms  EDGE_ESCAPE  rival=no d=9999 mm rumbo=+6000 cdeg  linea=0x1
[gelatina] t=  439 ms  EDGE_ESCAPE  rival=no d=9999 mm rumbo=-1717 cdeg  linea=0x1
Error: wb_supervisor_field_set_mf_vec3f() called on a read-only PROTO internal field.
Error: wb_supervisor_field_set_mf_vec3f() called on a read-only PROTO internal field.
Error: wb_supervisor_field_set_mf_vec3f() called on a read-only PROTO internal field.
Error: wb_supervisor_field_set_mf_vec3f() called on a read-only PROTO internal field.
[arbitro] asalto  5/30  lado     rival fuera     +1   0.50 s
[inercia] asalto=5 robot=GELATINA rueda=0 rotor=1.80220778e-05
[inercia] asalto=5 robot=GELATINA rueda=1 rotor=3.55475205e-05
[inercia] asalto=5 robot=RIVAL rueda=0 rotor=1.94917926e-05
[inercia] asalto=5 robot=RIVAL rueda=1 rotor=2.37972724e-05
[planta] asalto=5 mu=1.5307009 slip=0.000354548097 aleatorio=1
[gelatina] fin de asalto motor={"battery_v":7.54045988,"resistance_ohm":[3.72982864,3.72383447],"bridge_ohm":[0.515522587,0.546560562],"omega_rad_s":[-27.609206,-33.8234605],"current_a":[-0.793668281,-1.04889414],"torque_nm":[-0.0277771305,-0.0443578774],"applied_pwm":[-0.700000048,-1],"over_1_2a_samples":62,"over_3_2a_samples":0}
[gelatina] t=    0 ms  WAIT         rival=si d= 285 mm rumbo=-4291 cdeg  linea=0x0
[rival] fin de asalto motor={"battery_v":8.00225742,"resistance_ohm":[4.12784314,4.07574048],"bridge_ohm":[0.579713964,0.63823899],"omega_rad_s":[-29.3610403,-39.7921632],"current_a":[-0.698401761,-0.993845318],"torque_nm":[-0.0249887906,-0.040678681],"applied_pwm":[-0.700000048,-1],"over_1_2a_samples":30,"over_3_2a_samples":0}
[rival] t=    0 ms  WAIT         rival=si d= 263 mm rumbo=-4236 cdeg  linea=0x0
[planta] gelatina ciclo=7 rueda=0 V=7.5742785 R=4.09043798 Rpuente=0.527418315 I0=0.164876327 Ke=0.0681605179 Kt=0.0483794733
[planta] gelatina ciclo=7 rueda=1 V=7.5742785 R=3.69886703 Rpuente=0.622747076 I0=0.102772996 Ke=0.0797648297 Kt=0.0483794733
[sensores] gelatina ToF alcance=762.068176 minimo=39.6465945 sigma_rel=0.0592121553
[gelatina] pulsador recibido: permiso previsto 34960 ms
[planta] rival ciclo=7 rueda=0 V=7.75259792 R=4.32518439 Rpuente=0.635201168 I0=0.209887719 Ke=0.0654142189 Kt=0.0483794733
[planta] rival ciclo=7 rueda=1 V=7.75259792 R=4.0292788 Rpuente=0.687320662 I0=0.209109342 Ke=0.0831461469 Kt=0.0483794733
[sensores] rival ToF alcance=1863.15152 minimo=20.1710284 sigma_rel=0.0886403275
[rival] pulsador recibido: permiso previsto 34960 ms
[arranque] pulsador=29960 permiso=34960 ms
[gelatina] permiso de arranque a los 34960 ms
[gelatina] t=    0 ms  OPENING      rival=no d=9999 mm rumbo=-4291 cdeg  linea=0x0
[rival] permiso de arranque a los 34960 ms
[rival] t=    0 ms  OPENING      rival=no d=9999 mm rumbo=-4236 cdeg  linea=0x0
[gelatina] t=  344 ms  EDGE_ESCAPE  rival=no d=9999 mm rumbo=-4291 cdeg  linea=0x3
[rival] t=  360 ms  EDGE_ESCAPE  rival=no d=9999 mm rumbo=-4236 cdeg  linea=0x1
Error: wb_supervisor_field_set_mf_vec3f() called on a read-only PROTO internal field.
Error: wb_supervisor_field_set_mf_vec3f() called on a read-only PROTO internal field.
Error: wb_supervisor_field_set_mf_vec3f() called on a read-only PROTO internal field.
Error: wb_supervisor_field_set_mf_vec3f() called on a read-only PROTO internal field.
[arbitro] asalto  6/30  espalda  auto-salida     -1   0.41 s
[inercia] asalto=6 robot=GELATINA rueda=0 rotor=3.26262665e-05
[inercia] asalto=6 robot=GELATINA rueda=1 rotor=2.82080197e-05
[inercia] asalto=6 robot=RIVAL rueda=0 rotor=3.48587131e-05
[inercia] asalto=6 robot=RIVAL rueda=1 rotor=3.53247898e-05
[planta] asalto=6 mu=1.06612322 slip=0.00198867857 aleatorio=1
[gelatina] fin de asalto motor={"battery_v":7.5742785,"resistance_ohm":[4.09043798,3.69886703],"bridge_ohm":[0.527418315,0.622747076],"omega_rad_s":[-38.225636,-36.7045182],"current_a":[-1.07599686,-0.549393261],"torque_nm":[-0.0440795317,-0.0216072532],"applied_pwm":[-0.99999994,-0.700000048],"over_1_2a_samples":67,"over_3_2a_samples":0}
[gelatina] t=    0 ms  WAIT         rival=no d=9999 mm rumbo= +617 cdeg  linea=0x0
[rival] fin de asalto motor={"battery_v":7.75259792,"resistance_ohm":[4.32518439,4.0292788],"bridge_ohm":[0.635201168,0.687320662],"omega_rad_s":[5.72062746,29.7901105],"current_a":[-1.01318109,-1.51136246],"torque_nm":[-0.0591712067,-0.0832355197],"applied_pwm":[-0.599999964,-0.599999964],"over_1_2a_samples":34,"over_3_2a_samples":0}
[rival] t=    0 ms  WAIT         rival=si d=  69 mm rumbo=-1464 cdeg  linea=0x4
WARNING: Contact joints between materials 'patin' and 'dohyo' will only be created for the 10 deepest contact points instead of all the 68 contact points.
[arranque] pulsador=35680 permiso=40680 ms
[planta] gelatina ciclo=8 rueda=0 V=7.61026731 R=3.94129934 Rpuente=0.687080646 I0=0.132445344 Ke=0.0758400655 Kt=0.0483794733
[planta] gelatina ciclo=8 rueda=1 V=7.61026731 R=3.66657438 Rpuente=0.64376322 I0=0.173217541 Ke=0.0662343072 Kt=0.0483794733
[sensores] gelatina ToF alcance=1892.4803 minimo=39.8481733 sigma_rel=0.089592762
[gelatina] pulsador recibido: permiso previsto 40680 ms
[planta] rival ciclo=8 rueda=0 V=7.8170812 R=3.61420321 Rpuente=0.551313353 I0=0.080521971 Ke=0.0779089017 Kt=0.0483794733
[planta] rival ciclo=8 rueda=1 V=7.8170812 R=3.76878104 Rpuente=0.622384787 I0=0.21851036 Ke=0.0682264983 Kt=0.0483794733
[sensores] rival ToF alcance=1243.96493 minimo=22.8506535 sigma_rel=0.0766100645
[rival] pulsador recibido: permiso previsto 40680 ms
[gelatina] permiso de arranque a los 40680 ms
[gelatina] t=    0 ms  OPENING      rival=no d=9999 mm rumbo=   +0 cdeg  linea=0x0
[rival] permiso de arranque a los 40680 ms
[rival] t=    0 ms  TRACK        rival=si d=  76 mm rumbo=-1463 cdeg  linea=0x0
[rival] t=    8 ms  ATTACK       rival=si d=  76 mm rumbo=-1463 cdeg  linea=0x0
[gelatina] t=   32 ms  TRACK        rival=si d=  88 mm rumbo=   +0 cdeg  linea=0x0
[gelatina] t=   40 ms  ATTACK       rival=si d=  88 mm rumbo=   +0 cdeg  linea=0x0
WARNING: Contact joints between materials 'patin' and 'dohyo' will only be created for the 10 deepest contact points instead of all the 289 contact points.
[gelatina] t=  144 ms  EDGE_ESCAPE  rival=si d= 303 mm rumbo=+3000 cdeg  linea=0x3
[rival] t=  720 ms  EDGE_ESCAPE  rival=si d=  26 mm rumbo=-6000 cdeg  linea=0x1
[rival] t=  752 ms  ATTACK       rival=si d=  56 mm rumbo=-1619 cdeg  linea=0x2
Error: wb_supervisor_field_set_mf_vec3f() called on a read-only PROTO internal field.
Error: wb_supervisor_field_set_mf_vec3f() called on a read-only PROTO internal field.
Error: wb_supervisor_field_set_mf_vec3f() called on a read-only PROTO internal field.
Error: wb_supervisor_field_set_mf_vec3f() called on a read-only PROTO internal field.
[arbitro] asalto  7/30  frente   rival fuera     +1   0.79 s
[inercia] asalto=7 robot=GELATINA rueda=0 rotor=2.75264398e-05
[inercia] asalto=7 robot=GELATINA rueda=1 rotor=1.34157057e-05
[inercia] asalto=7 robot=RIVAL rueda=0 rotor=2.22894117e-05
[inercia] asalto=7 robot=RIVAL rueda=1 rotor=1.36951441e-05
[planta] asalto=7 mu=0.754957771 slip=0.000744550467 aleatorio=1
[gelatina] fin de asalto motor={"battery_v":7.61026731,"resistance_ohm":[3.94129934,3.66657438],"bridge_ohm":[0.687080646,0.64376322],"omega_rad_s":[72.8047391,-78.06035],"current_a":[0.204652862,-0.301241877],"torque_nm":[0.00349336169,-0.00619374995],"applied_pwm":[0.850000024,-0.850000024],"over_1_2a_samples":84,"over_3_2a_samples":0}
[gelatina] t=    0 ms  WAIT         rival=no d=9999 mm rumbo=+6000 cdeg  linea=0x9
[rival] fin de asalto motor={"battery_v":7.8170812,"resistance_ohm":[3.61420321,3.76878104],"bridge_ohm":[0.551313353,0.622384787],"omega_rad_s":[82.0325545,61.5190934],"current_a":[0.240449596,0.818702908],"torque_nm":[0.00773721428,0.0290369994],"applied_pwm":[0.945706308,0.996828914],"over_1_2a_samples":40,"over_3_2a_samples":0}
[rival] t=    0 ms  WAIT         rival=si d=  86 mm rumbo= +404 cdeg  linea=0x0
[planta] gelatina ciclo=9 rueda=0 V=7.64408584 R=4.30190868 Rpuente=0.698976374 I0=0.0778045356 Ke=0.0751103081 Kt=0.0483794733
[planta] gelatina ciclo=9 rueda=1 V=7.64408584 R=3.641607 Rpuente=0.519949734 I0=0.143970314 Ke=0.0864147125 Kt=0.0483794733
[sensores] gelatina ToF alcance=1843.21398 minimo=45.8316362 sigma_rel=0.0469088268
[gelatina] pulsador recibido: permiso previsto 46784 ms
[planta] rival ciclo=9 rueda=0 V=7.5674217 R=3.81154442 Rpuente=0.606800556 I0=0.108524323 Ke=0.097516376 Kt=0.0483794733
[planta] rival ciclo=9 rueda=1 V=7.5674217 R=3.72231936 Rpuente=0.671466458 I0=0.124599597 Ke=0.075415294 Kt=0.0483794733
[sensores] rival ToF alcance=883.033025 minimo=33.8838542 sigma_rel=0.0670528698
[rival] pulsador recibido: permiso previsto 46784 ms
[arranque] pulsador=41784 permiso=46784 ms
[gelatina] permiso de arranque a los 46784 ms
[gelatina] t=    0 ms  OPENING      rival=no d=9999 mm rumbo=+6000 cdeg  linea=0x0
[rival] permiso de arranque a los 46784 ms
[rival] t=    0 ms  OPENING      rival=no d=9999 mm rumbo=-1108 cdeg  linea=0x0
WARNING: Contact joints between materials 'rueda' and 'dohyo' will only be created for the 10 deepest contact points instead of all the 12 contact points.
[gelatina] t=  424 ms  SEARCH       rival=no d=9999 mm rumbo=+6000 cdeg  linea=0x0
[rival] t=  424 ms  SEARCH       rival=no d=9999 mm rumbo=-1108 cdeg  linea=0x0
[rival] t=  448 ms  EDGE_ESCAPE  rival=no d=9999 mm rumbo=-1108 cdeg  linea=0x3
[gelatina] t=  464 ms  EDGE_ESCAPE  rival=no d=9999 mm rumbo=+6000 cdeg  linea=0x1
Error: wb_supervisor_field_set_mf_vec3f() called on a read-only PROTO internal field.
Error: wb_supervisor_field_set_mf_vec3f() called on a read-only PROTO internal field.
Error: wb_supervisor_field_set_mf_vec3f() called on a read-only PROTO internal field.
Error: wb_supervisor_field_set_mf_vec3f() called on a read-only PROTO internal field.
[arbitro] asalto  8/30  lado     rival fuera     +1   0.53 s
[inercia] asalto=8 robot=GELATINA rueda=0 rotor=1.79272499e-05
[inercia] asalto=8 robot=GELATINA rueda=1 rotor=9.51810461e-06
[inercia] asalto=8 robot=RIVAL rueda=0 rotor=3.46787792e-05
[inercia] asalto=8 robot=RIVAL rueda=1 rotor=1.52327709e-05
[planta] asalto=8 mu=1.19211463 slip=0.00174366271 aleatorio=1
[gelatina] fin de asalto motor={"battery_v":7.64408584,"resistance_ohm":[4.30190868,3.641607],"bridge_ohm":[0.698976374,0.519949734],"omega_rad_s":[-37.2564246,-40.1493049],"current_a":[-0.510413435,-1.00313307],"torque_nm":[-0.0209293907,-0.0415658418],"applied_pwm":[-0.700000048,-1],"over_1_2a_samples":94,"over_3_2a_samples":0}
[gelatina] t=    0 ms  WAIT         rival=si d=  63 mm rumbo= -118 cdeg  linea=0x0
[rival] fin de asalto motor={"battery_v":7.5674217,"resistance_ohm":[3.81154442,3.72231936],"bridge_ohm":[0.606800556,0.671466458],"omega_rad_s":[-51.0373295,-41.4399232],"current_a":[-0.586293351,-0.494332598],"torque_nm":[-0.023114214,-0.0178874879],"applied_pwm":[-1,-0.700000048],"over_1_2a_samples":48,"over_3_2a_samples":0}
[rival] t=    0 ms  WAIT         rival=si d=  42 mm rumbo=  +41 cdeg  linea=0x0
[planta] gelatina ciclo=10 rueda=0 V=7.68007473 R=4.15277009 Rpuente=0.658638716 I0=0.195373553 Ke=0.074630988 Kt=0.0483794733
[planta] gelatina ciclo=10 rueda=1 V=7.68007473 R=3.60931435 Rpuente=0.540965879 I0=0.214414859 Ke=0.0707102202 Kt=0.0483794733
[sensores] gelatina ToF alcance=1673.6261 minimo=46.0332131 sigma_rel=0.0772894335
[gelatina] pulsador recibido: permiso previsto 52624 ms
[planta] rival ciclo=10 rueda=0 V=7.05552305 R=3.81149516 Rpuente=0.69326303 I0=0.0777789295 Ke=0.0794629481 Kt=0.0483794733
[planta] rival ciclo=10 rueda=1 V=7.05552305 R=4.06926346 Rpuente=0.545976555 I0=0.21167028 Ke=0.0728582793 Kt=0.0483794733
[sensores] rival ToF alcance=1193.1313 minimo=34.9402601 sigma_rel=0.0501820707
[rival] pulsador recibido: permiso previsto 52624 ms
[arranque] pulsador=47624 permiso=52624 ms
[gelatina] permiso de arranque a los 52624 ms
[gelatina] t=    0 ms  OPENING      rival=no d=9999 mm rumbo=-1508 cdeg  linea=0x0
[rival] permiso de arranque a los 52624 ms
[rival] t=    0 ms  OPENING      rival=no d=9999 mm rumbo=-1425 cdeg  linea=0x0
WARNING: Contact joints between materials 'patin' and 'dohyo' will only be created for the 10 deepest contact points instead of all the 12 contact points.
[gelatina] t=  360 ms  EDGE_ESCAPE  rival=no d=9999 mm rumbo=-1508 cdeg  linea=0x2
[rival] t=  384 ms  EDGE_ESCAPE  rival=no d=9999 mm rumbo=-1425 cdeg  linea=0x2
Error: wb_supervisor_field_set_mf_vec3f() called on a read-only PROTO internal field.
Error: wb_supervisor_field_set_mf_vec3f() called on a read-only PROTO internal field.
Error: wb_supervisor_field_set_mf_vec3f() called on a read-only PROTO internal field.
Error: wb_supervisor_field_set_mf_vec3f() called on a read-only PROTO internal field.
[arbitro] asalto  9/30  espalda  auto-salida     -1   0.44 s
[inercia] asalto=9 robot=GELATINA rueda=0 rotor=1.93642069e-05
[inercia] asalto=9 robot=GELATINA rueda=1 rotor=1.02621617e-05
[inercia] asalto=9 robot=RIVAL rueda=0 rotor=1.83291403e-05
[inercia] asalto=9 robot=RIVAL rueda=1 rotor=1.2540775e-05
[planta] asalto=9 mu=1.43153319 slip=5.18010855e-05 aleatorio=1
[gelatina] fin de asalto motor={"battery_v":7.68007473,"resistance_ohm":[4.15277009,3.60931435],"bridge_ohm":[0.658638716,0.540965879],"omega_rad_s":[-6.05916995,-43.3878936],"current_a":[-1.50223628,-0.556127548],"torque_nm":[-0.0632254339,-0.0165318799],"applied_pwm":[-1,-0.700000048],"over_1_2a_samples":101,"over_3_2a_samples":0}
[gelatina] t=    0 ms  WAIT         rival=si d=  69 mm rumbo=   +0 cdeg  linea=0x0
[rival] fin de asalto motor={"battery_v":7.05552305,"resistance_ohm":[3.81149516,4.06926346],"bridge_ohm":[0.69326303,0.545976555],"omega_rad_s":[2.76003405,-17.4519613],"current_a":[-1.30167665,-0.794616659],"torque_nm":[-0.0667073094,-0.0282026388],"applied_pwm":[-0.799999952,-0.700000048],"over_1_2a_samples":52,"over_3_2a_samples":0}
[rival] t=    0 ms  WAIT         rival=si d=  73 mm rumbo=-1471 cdeg  linea=0x0
[planta] gelatina ciclo=11 rueda=0 V=7.71389326 R=3.71337938 Rpuente=0.670534432 I0=0.140732753 Ke=0.0753222627 Kt=0.0483794733
[planta] gelatina ciclo=11 rueda=1 V=7.71389326 R=4.38434691 Rpuente=0.617152393 I0=0.185167623 Ke=0.0921916795 Kt=0.0483794733
[sensores] gelatina ToF alcance=1624.35977 minimo=22.0166779 sigma_rel=0.114605503
[gelatina] pulsador recibido: permiso previsto 58376 ms
[planta] rival ciclo=11 rueda=0 V=8.34476242 R=4.18496747 Rpuente=0.605813777 I0=0.177209732 Ke=0.0724899875 Kt=0.0483794733
[planta] rival ciclo=11 rueda=1 V=8.34476242 R=4.35398736 Rpuente=0.664154279 I0=0.198033249 Ke=0.0690945462 Kt=0.0483794733
[sensores] rival ToF alcance=931.619328 minimo=35.9328008 sigma_rel=0.076755271
[rival] pulsador recibido: permiso previsto 58376 ms
[arranque] pulsador=53376 permiso=58376 ms
[gelatina] permiso de arranque a los 58376 ms
[gelatina] t=    0 ms  TRACK        rival=si d=  83 mm rumbo=   +0 cdeg  linea=0x0
[rival] permiso de arranque a los 58376 ms
[rival] t=    0 ms  TRACK        rival=si d=  65 mm rumbo=-1473 cdeg  linea=0x0
[gelatina] t=    8 ms  ATTACK       rival=si d=  83 mm rumbo=   +0 cdeg  linea=0x0
[rival] t=    8 ms  ATTACK       rival=si d=  65 mm rumbo=-1473 cdeg  linea=0x0
WARNING: Contact joints between materials 'patin' and 'dohyo' will only be created for the 10 deepest contact points instead of all the 104 contact points.
[rival] t=  416 ms  SEARCH       rival=no d=9999 mm rumbo=-3000 cdeg  linea=0x0
[rival] t=  488 ms  TRACK        rival=si d=  35 mm rumbo=   +0 cdeg  linea=0x0
[rival] t=  496 ms  ATTACK       rival=si d=  35 mm rumbo=   +0 cdeg  linea=0x0
[rival] t=  776 ms  SEARCH       rival=no d=9999 mm rumbo=   +0 cdeg  linea=0x0
[rival] t=  872 ms  EDGE_ESCAPE  rival=no d=9999 mm rumbo=   +0 cdeg  linea=0x1
WARNING: Contact joints between materials 'patin' and 'dohyo' will only be created for the 10 deepest contact points instead of all the 14 contact points.
[gelatina] t= 1152 ms  EDGE_ESCAPE  rival=si d=  21 mm rumbo=+6000 cdeg  linea=0x8
[rival] t= 1536 ms  SEARCH       rival=si d=  31 mm rumbo=+3000 cdeg  linea=0x0
[rival] t= 1544 ms  TRACK        rival=si d=  31 mm rumbo=+3000 cdeg  linea=0x0
[rival] t= 1552 ms  ATTACK       rival=si d=  31 mm rumbo=+3000 cdeg  linea=0x0
[gelatina] t= 1816 ms  SEARCH       rival=si d= 440 mm rumbo=-6000 cdeg  linea=0x2
[rival] t= 1816 ms  EDGE_ESCAPE  rival=si d=  33 mm rumbo=-3000 cdeg  linea=0x1
[gelatina] t= 1824 ms  TRACK        rival=si d= 440 mm rumbo=-6000 cdeg  linea=0x1
Error: wb_supervisor_field_set_mf_vec3f() called on a read-only PROTO internal field.
Error: wb_supervisor_field_set_mf_vec3f() called on a read-only PROTO internal field.
Error: wb_supervisor_field_set_mf_vec3f() called on a read-only PROTO internal field.
Error: wb_supervisor_field_set_mf_vec3f() called on a read-only PROTO internal field.
[arbitro] asalto 10/30  frente   expulsado       -1   1.86 s
[inercia] asalto=10 robot=GELATINA rueda=0 rotor=1.29774204e-05
[inercia] asalto=10 robot=GELATINA rueda=1 rotor=2.5496477e-05
[inercia] asalto=10 robot=RIVAL rueda=0 rotor=3.04455067e-05
[inercia] asalto=10 robot=RIVAL rueda=1 rotor=3.42000178e-05
[planta] asalto=10 mu=1.40963463 slip=0.000815753222 aleatorio=1
[gelatina] fin de asalto motor={"battery_v":7.71389326,"resistance_ohm":[3.71337938,4.38434691],"bridge_ohm":[0.670534432,0.617152393],"omega_rad_s":[-47.8960754,36.5953636],"current_a":[0.734947312,-0.597439438],"torque_nm":[0.0423649404,-0.0378621174],"applied_pwm":[-0.0500000566,0.0500000566],"over_1_2a_samples":117,"over_3_2a_samples":0}
[gelatina] t=    0 ms  WAIT         rival=no d=9999 mm rumbo=-6000 cdeg  linea=0x0
[rival] fin de asalto motor={"battery_v":8.34476242,"resistance_ohm":[4.18496747,4.35398736],"bridge_ohm":[0.605813777,0.664154279],"omega_rad_s":[37.5994533,-7.01914845],"current_a":[-0.91729009,-0.906378211],"torque_nm":[-0.052951325,-0.0342693715],"applied_pwm":[-0.199999973,-0.603171051],"over_1_2a_samples":128,"over_3_2a_samples":0}
[rival] t=    0 ms  WAIT         rival=no d=9999 mm rumbo=-3000 cdeg  linea=0x4
[planta] gelatina ciclo=12 rueda=0 V=7.74988215 R=4.36424079 Rpuente=0.630196774 I0=0.108301771 Ke=0.0827230054 Kt=0.0483794733
[planta] gelatina ciclo=12 rueda=1 V=7.74988215 R=4.35205426 Rpuente=0.638168538 I0=0.105612168 Ke=0.0829160018 Kt=0.0483794733
[sensores] gelatina ToF alcance=1454.77189 minimo=22.2182548 sigma_rel=0.064986105
[gelatina] pulsador recibido: permiso previsto 65544 ms
[planta] rival ciclo=12 rueda=0 V=7.47017006 R=3.82745032 Rpuente=0.542386186 I0=0.168449083 Ke=0.0899085413 Kt=0.0483794733
[planta] rival ciclo=12 rueda=1 V=7.47017006 R=3.74680791 Rpuente=0.525278199 I0=0.106690541 Ke=0.0706816333 Kt=0.0483794733
[sensores] rival ToF alcance=1421.78903 minimo=43.077755 sigma_rel=0.0661555958
[rival] pulsador recibido: permiso previsto 65544 ms
[arranque] pulsador=60544 permiso=65544 ms
[gelatina] permiso de arranque a los 65544 ms
[gelatina] t=    0 ms  TRACK        rival=si d=  82 mm rumbo=-6000 cdeg  linea=0x0
[gelatina] t=    8 ms  ATTACK       rival=si d=  82 mm rumbo=-6000 cdeg  linea=0x0
[rival] permiso de arranque a los 65544 ms
[rival] t=    0 ms  OPENING      rival=no d=9999 mm rumbo=-3000 cdeg  linea=0x0
WARNING: Contact joints between materials 'rueda' and 'dohyo' will only be created for the 10 deepest contact points instead of all the 12 contact points.
[gelatina] t=  288 ms  SEARCH       rival=no d=9999 mm rumbo=-6000 cdeg  linea=0x0
[gelatina] t=  296 ms  TRACK        rival=si d= 201 mm rumbo=-6000 cdeg  linea=0x0
[gelatina] t=  304 ms  ATTACK       rival=si d= 201 mm rumbo=-6000 cdeg  linea=0x0
[rival] t=  424 ms  SEARCH       rival=no d=9999 mm rumbo=-3000 cdeg  linea=0x3
[rival] t=  488 ms  TRACK        rival=si d= 175 mm rumbo=+1271 cdeg  linea=0xC
Error: wb_supervisor_field_set_mf_vec3f() called on a read-only PROTO internal field.
Error: wb_supervisor_field_set_mf_vec3f() called on a read-only PROTO internal field.
Error: wb_supervisor_field_set_mf_vec3f() called on a read-only PROTO internal field.
Error: wb_supervisor_field_set_mf_vec3f() called on a read-only PROTO internal field.
[arbitro] asalto 11/30  lado     rival fuera     +1   0.48 s
[inercia] asalto=11 robot=GELATINA rueda=0 rotor=3.59326755e-05
[inercia] asalto=11 robot=GELATINA rueda=1 rotor=3.07028105e-05
[inercia] asalto=11 robot=RIVAL rueda=0 rotor=2.12941518e-05
[inercia] asalto=11 robot=RIVAL rueda=1 rotor=1.95678381e-05
[planta] asalto=11 mu=0.611160374 slip=6.14310503e-05 aleatorio=1
[gelatina] fin de asalto motor={"battery_v":7.74988215,"resistance_ohm":[4.36424079,4.35205426],"bridge_ohm":[0.630196774,0.638168538],"omega_rad_s":[76.1189231,52.3205693],"current_a":[0.290942883,0.527034],"torque_nm":[0.00883608083,0.0203881663],"applied_pwm":[1,0.89914006],"over_1_2a_samples":118,"over_3_2a_samples":0}
[gelatina] t=    0 ms  WAIT         rival=si d= 259 mm rumbo=   +0 cdeg  linea=0x0
[rival] fin de asalto motor={"battery_v":7.47017006,"resistance_ohm":[3.82745032,3.74680791],"bridge_ohm":[0.542386186,0.525278199],"omega_rad_s":[40.445058,-8.10428223],"current_a":[0.249100014,-0.683385296],"torque_nm":[0.00390184956,-0.0279001895],"applied_pwm":[0.632499993,-0.467500031],"over_1_2a_samples":131,"over_3_2a_samples":0}
[rival] t=    0 ms  WAIT         rival=si d= 175 mm rumbo=+1271 cdeg  linea=0x4
[planta] gelatina ciclo=13 rueda=0 V=7.78370068 R=3.92485013 Rpuente=0.642092502 I0=0.203660962 Ke=0.0742814305 Kt=0.0483794733
[planta] gelatina ciclo=13 rueda=1 V=7.78370068 R=4.32708683 Rpuente=0.514355052 I0=0.0763649404 Ke=0.0741961264 Kt=0.0483794733
[sensores] gelatina ToF alcance=1405.5055 minimo=28.2017177 sigma_rel=0.102302175
[gelatina] pulsador recibido: permiso previsto 71336 ms
[planta] rival ciclo=13 rueda=0 V=7.35940934 R=4.20092268 Rpuente=0.654936934 I0=0.117879885 Ke=0.0912495989 Kt=0.0483794733
[planta] rival ciclo=13 rueda=1 V=7.35940934 R=4.03153186 Rpuente=0.643455923 I0=0.0930535108 Ke=0.100742583 Kt=0.0483794733
[sensores] rival ToF alcance=1160.27706 minimo=44.0702975 sigma_rel=0.092728796
[rival] pulsador recibido: permiso previsto 71336 ms
[arranque] pulsador=66336 permiso=71336 ms
[gelatina] permiso de arranque a los 71336 ms
[gelatina] t=    0 ms  OPENING      rival=no d=9999 mm rumbo=   +0 cdeg  linea=0x0
[rival] permiso de arranque a los 71336 ms
[rival] t=    0 ms  OPENING      rival=no d=9999 mm rumbo=-3000 cdeg  linea=0x0
[gelatina] t=  424 ms  SEARCH       rival=no d=9999 mm rumbo=   +0 cdeg  linea=0x0
[rival] t=  424 ms  SEARCH       rival=no d=9999 mm rumbo=-3000 cdeg  linea=0x3
[arbitro] asalto 12/30  espalda  auto-salida     -1   0.45 s
[gelatina] t=  456 ms  TRACK        rival=si d= 374 mm rumbo=-1289 cdeg  linea=0x4
Error: wb_supervisor_field_set_mf_vec3f() called on a read-only PROTO internal field.
Error: wb_supervisor_field_set_mf_vec3f() called on a read-only PROTO internal field.
Error: wb_supervisor_field_set_mf_vec3f() called on a read-only PROTO internal field.
Error: wb_supervisor_field_set_mf_vec3f() called on a read-only PROTO internal field.
[inercia] asalto=12 robot=GELATINA rueda=0 rotor=2.88082981e-05
[inercia] asalto=12 robot=GELATINA rueda=1 rotor=2.21846125e-05
[inercia] asalto=12 robot=RIVAL rueda=0 rotor=2.02228593e-05
[inercia] asalto=12 robot=RIVAL rueda=1 rotor=1.29426815e-05
[planta] asalto=12 mu=1.27170733 slip=0.00193049967 aleatorio=1
[gelatina] fin de asalto motor={"battery_v":7.78370068,"resistance_ohm":[3.92485013,4.32708683],"bridge_ohm":[0.642092502,0.514355052],"omega_rad_s":[46.7113359,62.2055019],"current_a":[-0.418889532,0.0635726609],"torque_nm":[-0.030118665,-0.000618883747],"applied_pwm":[0.200000033,0.632499993],"over_1_2a_samples":120,"over_3_2a_samples":0}
[gelatina] t=    0 ms  WAIT         rival=si d= 374 mm rumbo=-1289 cdeg  linea=0x4
[rival] fin de asalto motor={"battery_v":7.35940934,"resistance_ohm":[4.20092268,4.03153186],"bridge_ohm":[0.654936934,0.643455923],"omega_rad_s":[52.7129172,46.7856129],"current_a":[-0.031962661,-0.693353981],"torque_nm":[-0.00724930348,-0.0380459803],"applied_pwm":[0.632499993,0.200000033],"over_1_2a_samples":131,"over_3_2a_samples":0}
[rival] t=    0 ms  WAIT         rival=no d=9999 mm rumbo=-3000 cdeg  linea=0x4
WARNING: Contact joints between materials 'patin' and 'dohyo' will only be created for the 10 deepest contact points instead of all the 70 contact points.
[planta] gelatina ciclo=14 rueda=0 V=7.81968949 R=3.77571149 Rpuente=0.601754832 I0=0.171229979 Ke=0.0835035964 Kt=0.0483794733
[planta] gelatina ciclo=14 rueda=1 V=7.81968949 R=4.29479418 Rpuente=0.535371196 I0=0.146809486 Ke=0.0898969561 Kt=0.0483794733
[sensores] gelatina ToF alcance=1235.91762 minimo=28.4032965 sigma_rel=0.0526827812
[gelatina] pulsador recibido: permiso previsto 77096 ms
[planta] rival ciclo=14 rueda=0 V=7.06243634 R=4.2253078 Rpuente=0.678492641 I0=0.166264021 Ke=0.0672468628 Kt=0.0483794733
[planta] rival ciclo=14 rueda=1 V=7.06243634 R=3.72538314 Rpuente=0.599042988 I0=0.217331082 Ke=0.0752747108 Kt=0.0483794733
[sensores] rival ToF alcance=1359.72791 minimo=31.8657815 sigma_rel=0.0640428019
[rival] pulsador recibido: permiso previsto 77096 ms
[arranque] pulsador=72096 permiso=77096 ms
[gelatina] permiso de arranque a los 77096 ms
[gelatina] t=    0 ms  TRACK        rival=si d=  78 mm rumbo=-1463 cdeg  linea=0x0
[rival] permiso de arranque a los 77096 ms
[rival] t=    0 ms  TRACK        rival=si d=  83 mm rumbo=   +0 cdeg  linea=0x0
[gelatina] t=    8 ms  ATTACK       rival=si d=  78 mm rumbo=-1463 cdeg  linea=0x0
[rival] t=    8 ms  ATTACK       rival=si d=  83 mm rumbo=   +0 cdeg  linea=0x0
WARNING: Contact joints between materials 'patin' and 'dohyo' will only be created for the 10 deepest contact points instead of all the 101 contact points.
[rival] t=  160 ms  TRACK        rival=si d= 791 mm rumbo=+6000 cdeg  linea=0x0
[rival] t=  224 ms  ATTACK       rival=si d=  36 mm rumbo=-4967 cdeg  linea=0x0
[gelatina] t=  712 ms  SEARCH       rival=no d=9999 mm rumbo=+3000 cdeg  linea=0x0
Error: wb_supervisor_field_set_mf_vec3f() called on a read-only PROTO internal field.
Error: wb_supervisor_field_set_mf_vec3f() called on a read-only PROTO internal field.
Error: wb_supervisor_field_set_mf_vec3f() called on a read-only PROTO internal field.
Error: wb_supervisor_field_set_mf_vec3f() called on a read-only PROTO internal field.
[arbitro] asalto 13/30  frente   rival fuera     +1   1.11 s
[inercia] asalto=13 robot=GELATINA rueda=0 rotor=2.61794023e-05
[inercia] asalto=13 robot=GELATINA rueda=1 rotor=2.46104581e-05
[inercia] asalto=13 robot=RIVAL rueda=0 rotor=2.3552737e-05
[inercia] asalto=13 robot=RIVAL rueda=1 rotor=1.04106477e-05
[planta] asalto=13 mu=1.50209305 slip=0.0014939425 aleatorio=1
[gelatina] fin de asalto motor={"battery_v":7.81968949,"resistance_ohm":[3.77571149,4.29479418],"bridge_ohm":[0.601754832,0.535371196],"omega_rad_s":[-31.092112,29.2933592],"current_a":[-0.242012577,0.478776509],"torque_nm":[-0.00342442478,0.0160603898],"applied_pwm":[-0.467500031,0.632499993],"over_1_2a_samples":124,"over_3_2a_samples":0}
[gelatina] t=    0 ms  WAIT         rival=no d=9999 mm rumbo=+3000 cdeg  linea=0x0
[rival] fin de asalto motor={"battery_v":7.06243634,"resistance_ohm":[4.2253078,3.72538314],"bridge_ohm":[0.678492641,0.599042988],"omega_rad_s":[42.9102939,80.061973],"current_a":[-0.0123594506,0.239521835],"torque_nm":[-0.0086417095,0.00107357696],"applied_pwm":[0.399999976,1],"over_1_2a_samples":173,"over_3_2a_samples":1}
[rival] t=    0 ms  WAIT         rival=si d= 187 mm rumbo=+4663 cdeg  linea=0x0
WARNING: Contact joints between materials 'rueda' and 'dohyo' will only be created for the 10 deepest contact points instead of all the 16 contact points.
[arranque] pulsador=78520 permiso=83520 ms
[planta] gelatina ciclo=15 rueda=0 V=7.8535081 R=4.13632083 Rpuente=0.61365056 I0=0.11658918 Ke=0.0819797387 Kt=0.0483794733
[planta] gelatina ciclo=15 rueda=1 V=7.8535081 R=4.26982679 Rpuente=0.61155771 I0=0.117562258 Ke=0.0793098335 Kt=0.0483794733
[sensores] gelatina ToF alcance=1186.6513 minimo=34.3867594 sigma_rel=0.0899988461
[gelatina] pulsador recibido: permiso previsto 83520 ms
[planta] rival ciclo=15 rueda=0 V=7.79608055 R=3.89425573 Rpuente=0.562789214 I0=0.12998102 Ke=0.0820266753 Kt=0.0483794733
[planta] rival ciclo=15 rueda=1 V=7.79608055 R=4.28536472 Rpuente=0.640836501 I0=0.182599112 Ke=0.0697131144 Kt=0.0483794733
[sensores] rival ToF alcance=700.536126 minimo=43.0209565 sigma_rel=0.106094422
[rival] pulsador recibido: permiso previsto 83520 ms
[gelatina] permiso de arranque a los 83520 ms
[gelatina] t=    0 ms  OPENING      rival=no d=9999 mm rumbo=+3000 cdeg  linea=0x0
[rival] permiso de arranque a los 83520 ms
[rival] t=    0 ms  OPENING      rival=no d=9999 mm rumbo=+4663 cdeg  linea=0x0
WARNING: Contact joints between materials 'rueda' and 'dohyo' will only be created for the 10 deepest contact points instead of all the 12 contact points.
[gelatina] t=  424 ms  SEARCH       rival=no d=9999 mm rumbo=+3000 cdeg  linea=0x2
[rival] t=  424 ms  SEARCH       rival=no d=9999 mm rumbo=+4663 cdeg  linea=0x3
[gelatina] t=  448 ms  TRACK        rival=si d=9999 mm rumbo=+3000 cdeg  linea=0x0
Error: wb_supervisor_field_set_mf_vec3f() called on a read-only PROTO internal field.
Error: wb_supervisor_field_set_mf_vec3f() called on a read-only PROTO internal field.
Error: wb_supervisor_field_set_mf_vec3f() called on a read-only PROTO internal field.
Error: wb_supervisor_field_set_mf_vec3f() called on a read-only PROTO internal field.
[arbitro] asalto 14/30  lado     doble salida    +0   0.46 s
[inercia] asalto=14 robot=GELATINA rueda=0 rotor=3.45519821e-05
[inercia] asalto=14 robot=GELATINA rueda=1 rotor=1.80819447e-05
[inercia] asalto=14 robot=RIVAL rueda=0 rotor=2.99833326e-05
[inercia] asalto=14 robot=RIVAL rueda=1 rotor=1.6403885e-05
[planta] asalto=14 mu=1.02143929 slip=0.00112669098 aleatorio=1
[gelatina] fin de asalto motor={"battery_v":7.8535081,"resistance_ohm":[4.13632083,4.26982679],"bridge_ohm":[0.61365056,0.61155771],"omega_rad_s":[31.7789304,60.8257092],"current_a":[-0.310317327,0.620609016],"torque_nm":[-0.020653512,0.0243371372],"applied_pwm":[0.144041359,1],"over_1_2a_samples":126,"over_3_2a_samples":0}
[gelatina] t=    0 ms  WAIT         rival=no d=9999 mm rumbo=+3000 cdeg  linea=0x8
[rival] fin de asalto motor={"battery_v":7.79608055,"resistance_ohm":[3.89425573,4.28536472],"bridge_ohm":[0.562789214,0.640836501],"omega_rad_s":[20.0258251,56.0729758],"current_a":[-0.718383546,0.20746191],"torque_nm":[-0.0410434309,0.00120284906],"applied_pwm":[-0.199999973,0.632499993],"over_1_2a_samples":176,"over_3_2a_samples":1}
[rival] t=    0 ms  WAIT         rival=no d=9999 mm rumbo=+4663 cdeg  linea=0x0
[planta] gelatina ciclo=16 rueda=0 V=7.88949691 R=3.98718219 Rpuente=0.573312902 I0=0.084158197 Ke=0.0922485782 Kt=0.0483794733
[planta] gelatina ciclo=16 rueda=1 V=7.88949691 R=4.23753414 Rpuente=0.632573855 I0=0.188006803 Ke=0.0651499959 Kt=0.0483794733
[sensores] gelatina ToF alcance=1017.06342 minimo=34.5883363 sigma_rel=0.0403794527
[gelatina] pulsador recibido: permiso previsto 89296 ms
[planta] rival ciclo=16 rueda=0 V=7.74781677 R=3.87866006 Rpuente=0.517816639 I0=0.143965557 Ke=0.0764131643 Kt=0.0483794733
[planta] rival ciclo=16 rueda=1 V=7.74781677 R=3.68229089 Rpuente=0.565757143 I0=0.131612831 Ke=0.0819868945 Kt=0.0483794733
[sensores] rival ToF alcance=1355.56148 minimo=42.1142519 sigma_rel=0.0523576927
[rival] pulsador recibido: permiso previsto 89296 ms
[arranque] pulsador=84296 permiso=89296 ms
[gelatina] permiso de arranque a los 89296 ms
[gelatina] t=    0 ms  OPENING      rival=no d=9999 mm rumbo=+3000 cdeg  linea=0x0
[rival] permiso de arranque a los 89296 ms
[rival] t=    0 ms  OPENING      rival=no d=9999 mm rumbo=+4663 cdeg  linea=0x0
WARNING: Contact joints between materials 'patin' and 'dohyo' will only be created for the 10 deepest contact points instead of all the 11 contact points.
Error: wb_supervisor_field_set_mf_vec3f() called on a read-only PROTO internal field.
Error: wb_supervisor_field_set_mf_vec3f() called on a read-only PROTO internal field.
Error: wb_supervisor_field_set_mf_vec3f() called on a read-only PROTO internal field.
Error: wb_supervisor_field_set_mf_vec3f() called on a read-only PROTO internal field.
[arbitro] asalto 15/30  espalda  rival fuera     +1   0.41 s
[inercia] asalto=15 robot=GELATINA rueda=0 rotor=2.06654978e-05
[inercia] asalto=15 robot=GELATINA rueda=1 rotor=2.06563488e-05
[inercia] asalto=15 robot=RIVAL rueda=0 rotor=1.85423936e-05
[inercia] asalto=15 robot=RIVAL rueda=1 rotor=9.56614619e-06
[planta] asalto=15 mu=1.51105968 slip=0.00188252878 aleatorio=1
[gelatina] fin de asalto motor={"battery_v":7.88949691,"resistance_ohm":[3.98718219,4.23753414],"bridge_ohm":[0.573312902,0.632573855],"omega_rad_s":[56.4213933,73.3000535],"current_a":[0.242693895,0.315413835],"torque_nm":[0.00766987356,0.0061638851],"applied_pwm":[0.800000012,0.800000012],"over_1_2a_samples":129,"over_3_2a_samples":0}
[gelatina] t=    0 ms  WAIT         rival=si d=  76 mm rumbo=-1471 cdeg  linea=0x0
[rival] fin de asalto motor={"battery_v":7.74781677,"resistance_ohm":[3.87866006,3.68229089],"bridge_ohm":[0.517816639,0.565757143],"omega_rad_s":[65.5305404,62.7562752],"current_a":[0.27086634,0.247893005],"torque_nm":[0.00613939305,0.00562557354],"applied_pwm":[0.800000012,0.800000012],"over_1_2a_samples":178,"over_3_2a_samples":1}
[rival] t=    0 ms  WAIT         rival=si d=  73 mm rumbo=   +0 cdeg  linea=0x8
[planta] gelatina ciclo=17 rueda=0 V=7.92331553 R=4.34779153 Rpuente=0.585208619 I0=0.179517388 Ke=0.0807976665 Kt=0.0483794733
[planta] gelatina ciclo=17 rueda=1 V=7.92331553 R=4.21256671 Rpuente=0.508760369 I0=0.158759567 Ke=0.085664474 Kt=0.0483794733
[sensores] gelatina ToF alcance=967.797095 minimo=40.5717993 sigma_rel=0.0776955175
[gelatina] pulsador recibido: permiso previsto 95016 ms
[planta] rival ciclo=17 rueda=0 V=7.29594277 R=3.91814804 Rpuente=0.694918168 I0=0.0852664769 Ke=0.0773898613 Kt=0.0483794733
[planta] rival ciclo=17 rueda=1 V=7.29594277 R=4.23928041 Rpuente=0.518798161 I0=0.120392793 Ke=0.0784267202 Kt=0.0483794733
[sensores] rival ToF alcance=1742.14522 minimo=20.0355053 sigma_rel=0.0591262054
[rival] pulsador recibido: permiso previsto 95016 ms
[arranque] pulsador=90016 permiso=95016 ms
[gelatina] permiso de arranque a los 95016 ms
[gelatina] t=    0 ms  TRACK        rival=si d=  71 mm rumbo=-1474 cdeg  linea=0x0
[rival] permiso de arranque a los 95016 ms
[rival] t=    0 ms  TRACK        rival=si d=  74 mm rumbo=   +0 cdeg  linea=0x0
[gelatina] t=    8 ms  ATTACK       rival=si d=  71 mm rumbo=-1474 cdeg  linea=0x0
[rival] t=    8 ms  ATTACK       rival=si d=  74 mm rumbo=   +0 cdeg  linea=0x0
WARNING: Contact joints between materials 'rueda' and 'dohyo' will only be created for the 10 deepest contact points instead of all the 12 contact points.
[gelatina] t= 1008 ms  SEARCH       rival=no d=9999 mm rumbo=-4482 cdeg  linea=0x0
WARNING: Contact joints between materials 'patin' and 'dohyo' will only be created for the 10 deepest contact points instead of all the 11 contact points.
[gelatina] t= 1152 ms  TRACK        rival=si d=  55 mm rumbo=+3000 cdeg  linea=0x0
[gelatina] t= 1160 ms  ATTACK       rival=si d=  55 mm rumbo=+3000 cdeg  linea=0x0
[gelatina] t= 1472 ms  SEARCH       rival=no d=9999 mm rumbo=+6000 cdeg  linea=0x0
[gelatina] t= 1608 ms  TRACK        rival=si d=  48 mm rumbo=+6000 cdeg  linea=0x2
[gelatina] t= 1616 ms  ATTACK       rival=si d=  48 mm rumbo=+6000 cdeg  linea=0x2
[arbitro] asalto 16/30  frente   expulsado       -1   1.73 s
[rival] t= 1736 ms  EDGE_ESCAPE  rival=si d=  26 mm rumbo=-6000 cdeg  linea=0x1
Error: wb_supervisor_field_set_mf_vec3f() called on a read-only PROTO internal field.
Error: wb_supervisor_field_set_mf_vec3f() called on a read-only PROTO internal field.
Error: wb_supervisor_field_set_mf_vec3f() called on a read-only PROTO internal field.
Error: wb_supervisor_field_set_mf_vec3f() called on a read-only PROTO internal field.
[inercia] asalto=16 robot=GELATINA rueda=0 rotor=2.09316995e-05
[inercia] asalto=16 robot=GELATINA rueda=1 rotor=2.24916315e-05
[inercia] asalto=16 robot=RIVAL rueda=0 rotor=3.16966429e-05
[inercia] asalto=16 robot=RIVAL rueda=1 rotor=1.66253652e-05
[planta] asalto=16 mu=1.26236883 slip=0.00149793386 aleatorio=1
[gelatina] fin de asalto motor={"battery_v":7.92331553,"resistance_ohm":[4.34779153,4.21256671],"bridge_ohm":[0.585208619,0.508760369],"omega_rad_s":[64.0619991,73.8596483],"current_a":[0.556913725,-0.0457819219],"torque_nm":[0.018258236,-0.00989560951],"applied_pwm":[1,0.771267593],"over_1_2a_samples":226,"over_3_2a_samples":0}
[gelatina] t=    0 ms  WAIT         rival=no d=9999 mm rumbo=-3404 cdeg  linea=0x0
[rival] fin de asalto motor={"battery_v":7.29594277,"resistance_ohm":[3.91814804,4.23928041],"bridge_ohm":[0.694918168,0.518798161],"omega_rad_s":[61.3277932,45.5038118],"current_a":[0.552732878,-0.136680665],"torque_nm":[0.0226157783,-0.0124370785],"applied_pwm":[1,0.400000036],"over_1_2a_samples":190,"over_3_2a_samples":1}
[rival] t=    0 ms  WAIT         rival=no d=9999 mm rumbo=-6000 cdeg  linea=0x1
[planta] gelatina ciclo=18 rueda=0 V=7.95930433 R=4.19865294 Rpuente=0.544870961 I0=0.147086406 Ke=0.0916978946 Kt=0.0483794733
[planta] gelatina ciclo=18 rueda=1 V=7.95930433 R=4.18027406 Rpuente=0.529776514 I0=0.0792041212 Ke=0.0778942518 Kt=0.0483794733
[sensores] gelatina ToF alcance=798.209214 minimo=40.773378 sigma_rel=0.108076124
[gelatina] pulsador recibido: permiso previsto 102056 ms
[planta] rival ciclo=18 rueda=0 V=7.81246369 R=3.69461522 Rpuente=0.516939795 I0=0.197135711 Ke=0.0663764302 Kt=0.0483794733
[planta] rival ciclo=18 rueda=1 V=7.81246369 R=3.95983534 Rpuente=0.695058787 I0=0.139133093 Ke=0.0787810917 Kt=0.0483794733
[sensores] rival ToF alcance=1259.21922 minimo=42.7517486 sigma_rel=0.0483312178
[rival] pulsador recibido: permiso previsto 102056 ms
[arranque] pulsador=97056 permiso=102056 ms
[gelatina] permiso de arranque a los 102056 ms
[gelatina] t=    0 ms  OPENING      rival=no d=9999 mm rumbo=-3404 cdeg  linea=0x0
[rival] permiso de arranque a los 102056 ms
[rival] t=    0 ms  OPENING      rival=no d=9999 mm rumbo=-6000 cdeg  linea=0x0
WARNING: Contact joints between materials 'rueda' and 'dohyo' will only be created for the 10 deepest contact points instead of all the 12 contact points.
[gelatina] t=  424 ms  SEARCH       rival=no d=9999 mm rumbo=-3404 cdeg  linea=0x1
[rival] t=  424 ms  SEARCH       rival=no d=9999 mm rumbo=-6000 cdeg  linea=0x0
Error: wb_supervisor_field_set_mf_vec3f() called on a read-only PROTO internal field.
Error: wb_supervisor_field_set_mf_vec3f() called on a read-only PROTO internal field.
Error: wb_supervisor_field_set_mf_vec3f() called on a read-only PROTO internal field.
Error: wb_supervisor_field_set_mf_vec3f() called on a read-only PROTO internal field.
[arbitro] asalto 17/30  lado     auto-salida     -1   0.47 s
[inercia] asalto=17 robot=GELATINA rueda=0 rotor=2.68466882e-05
[inercia] asalto=17 robot=GELATINA rueda=1 rotor=1.11827908e-05
[inercia] asalto=17 robot=RIVAL rueda=0 rotor=1.69576362e-05
[inercia] asalto=17 robot=RIVAL rueda=1 rotor=1.48041093e-05
[planta] asalto=17 mu=0.6016011 slip=0.000702346206 aleatorio=1
[gelatina] fin de asalto motor={"battery_v":7.95930433,"resistance_ohm":[4.19865294,4.18027406],"bridge_ohm":[0.544870961,0.529776514],"omega_rad_s":[46.6416454,9.76421399],"current_a":[0.159653302,-0.837421515],"torque_nm":[0.000607979801,-0.0443458655],"applied_pwm":[0.632499993,-0.399999976],"over_1_2a_samples":229,"over_3_2a_samples":0}
[gelatina] t=    0 ms  WAIT         rival=no d=9999 mm rumbo=-3404 cdeg  linea=0x0
[rival] fin de asalto motor={"battery_v":7.81246369,"resistance_ohm":[3.69461522,3.95983534],"bridge_ohm":[0.516939795,0.695058787],"omega_rad_s":[62.3909134,40.3095533],"current_a":[0.189976653,-1.35354656],"torque_nm":[-0.000346351459,-0.0722150552],"applied_pwm":[0.632499993,-0.399999976],"over_1_2a_samples":195,"over_3_2a_samples":1}
[rival] t=    0 ms  WAIT         rival=no d=9999 mm rumbo=-6000 cdeg  linea=0x4
[planta] gelatina ciclo=19 rueda=0 V=7.99312286 R=3.75926223 Rpuente=0.556766689 I0=0.092445606 Ke=0.0913266611 Kt=0.0483794733
[planta] gelatina ciclo=19 rueda=1 V=7.99312286 R=4.15530663 Rpuente=0.605963027 I0=0.199956885 Ke=0.0937386803 Kt=0.0483794733
[sensores] gelatina ToF alcance=748.942816 minimo=46.7568409 sigma_rel=0.0653921938
[gelatina] pulsador recibido: permiso previsto 107840 ms
[planta] rival ciclo=19 rueda=0 V=7.5843847 R=3.91543999 Rpuente=0.586867845 I0=0.195023435 Ke=0.0806786317 Kt=0.0483794733
[planta] rival ciclo=19 rueda=1 V=7.5843847 R=4.33976283 Rpuente=0.592389929 I0=0.0760527223 Ke=0.0980154323 Kt=0.0483794733
[sensores] rival ToF alcance=1366.31159 minimo=24.62511 sigma_rel=0.0926982117
[rival] pulsador recibido: permiso previsto 107840 ms
[arranque] pulsador=102840 permiso=107840 ms
[gelatina] permiso de arranque a los 107840 ms
[gelatina] t=    0 ms  OPENING      rival=no d=9999 mm rumbo=-3404 cdeg  linea=0x0
[rival] permiso de arranque a los 107840 ms
[rival] t=    0 ms  OPENING      rival=no d=9999 mm rumbo=-6000 cdeg  linea=0x0
[gelatina] t=  424 ms  SEARCH       rival=no d=9999 mm rumbo=-3404 cdeg  linea=0x1
[rival] t=  424 ms  SEARCH       rival=no d=9999 mm rumbo=-6000 cdeg  linea=0x3
[gelatina] t=  488 ms  TRACK        rival=si d= 176 mm rumbo=+2351 cdeg  linea=0x0
[rival] t=  488 ms  TRACK        rival=si d= 211 mm rumbo=+1848 cdeg  linea=0x8
[gelatina] t=  496 ms  ATTACK       rival=si d= 176 mm rumbo=+2351 cdeg  linea=0x0
[rival] t=  496 ms  ATTACK       rival=si d= 211 mm rumbo=+1848 cdeg  linea=0x0
Error: wb_supervisor_field_set_mf_vec3f() called on a read-only PROTO internal field.
Error: wb_supervisor_field_set_mf_vec3f() called on a read-only PROTO internal field.
Error: wb_supervisor_field_set_mf_vec3f() called on a read-only PROTO internal field.
Error: wb_supervisor_field_set_mf_vec3f() called on a read-only PROTO internal field.
[arbitro] asalto 18/30  espalda  rival fuera     +1   0.49 s
[inercia] asalto=18 robot=GELATINA rueda=0 rotor=2.25404198e-05
[inercia] asalto=18 robot=GELATINA rueda=1 rotor=2.56114295e-05
[inercia] asalto=18 robot=RIVAL rueda=0 rotor=2.46049333e-05
[inercia] asalto=18 robot=RIVAL rueda=1 rotor=3.5543922e-05
[planta] asalto=18 mu=0.844635224 slip=0.00154555714 aleatorio=1
[gelatina] fin de asalto motor={"battery_v":7.99312286,"resistance_ohm":[3.75926223,4.15530663],"bridge_ohm":[0.556766689,0.605963027],"omega_rad_s":[47.2898442,-9.0938867],"current_a":[0.170718638,-0.605791408],"torque_nm":[0.00378680807,-0.0196340607],"applied_pwm":[0.632499993,-0.467500031],"over_1_2a_samples":229,"over_3_2a_samples":0}
[gelatina] t=    0 ms  WAIT         rival=si d= 176 mm rumbo=+2351 cdeg  linea=0x0
[rival] fin de asalto motor={"battery_v":7.5843847,"resistance_ohm":[3.91543999,4.33976283],"bridge_ohm":[0.586867845,0.592389929],"omega_rad_s":[44.6156713,-16.7627826],"current_a":[0.26599513,-0.38577246],"torque_nm":[0.00343357321,-0.0149840778],"applied_pwm":[0.632499993,-0.467500031],"over_1_2a_samples":195,"over_3_2a_samples":1}
[rival] t=    0 ms  WAIT         rival=si d= 211 mm rumbo=+1848 cdeg  linea=0x0
[planta] gelatina ciclo=20 rueda=0 V=8.02911175 R=3.61012363 Rpuente=0.516429031 I0=0.210014623 Ke=0.0936193282 Kt=0.0483794733
[planta] gelatina ciclo=20 rueda=1 V=8.02911175 R=4.12301402 Rpuente=0.626979172 I0=0.12040143 Ke=0.0837847377 Kt=0.0483794733
[sensores] gelatina ToF alcance=1879.35494 minimo=46.9584197 sigma_rel=0.0957727957
[gelatina] pulsador recibido: permiso previsto 113640 ms
[planta] rival ciclo=20 rueda=0 V=7.18980441 R=4.06803827 Rpuente=0.515953016 I0=0.11582112 Ke=0.0819734825 Kt=0.0483794733
[planta] rival ciclo=20 rueda=1 V=7.18980441 R=3.79150333 Rpuente=0.687746608 I0=0.212566745 Ke=0.0740779743 Kt=0.0483794733
[sensores] rival ToF alcance=1307.80552 minimo=44.8006952 sigma_rel=0.0580336189
[rival] pulsador recibido: permiso previsto 113640 ms
[arranque] pulsador=108640 permiso=113640 ms
[gelatina] permiso de arranque a los 113640 ms
[gelatina] t=    0 ms  TRACK        rival=si d=  67 mm rumbo=-1466 cdeg  linea=0x0
[rival] permiso de arranque a los 113640 ms
[rival] t=    0 ms  TRACK        rival=si d=  71 mm rumbo=+1462 cdeg  linea=0x0
[gelatina] t=    8 ms  ATTACK       rival=si d=  67 mm rumbo=-1466 cdeg  linea=0x0
[rival] t=    8 ms  ATTACK       rival=si d=  71 mm rumbo=+1462 cdeg  linea=0x0
WARNING: Contact joints between materials 'patin' and 'dohyo' will only be created for the 10 deepest contact points instead of all the 48 contact points.
[rival] t=  384 ms  SEARCH       rival=no d=9999 mm rumbo=  +40 cdeg  linea=0x0
WARNING: DEF GELATINA GelatinaNuclear > HingeJoint "rueda_der" > RotationalMotor "motor_der": The requested motor torque -0.787388 exceeds 'maxTorque' = 0.25
[rival] t=  984 ms  TRACK        rival=si d=  59 mm rumbo=   +0 cdeg  linea=0x0
[rival] t=  992 ms  ATTACK       rival=si d=  59 mm rumbo=   +0 cdeg  linea=0x0
WARNING: Contact joints between materials 'patin' and 'dohyo' will only be created for the 10 deepest contact points instead of all the 286 contact points.
WARNING: DEF GELATINA GelatinaNuclear > HingeJoint "rueda_izq" > RotationalMotor "motor_izq": The requested motor torque -0.371859 exceeds 'maxTorque' = 0.25
[rival] t= 1440 ms  SEARCH       rival=no d=9999 mm rumbo=+6000 cdeg  linea=0x0
WARNING: DEF GELATINA GelatinaNuclear > HingeJoint "rueda_izq" > RotationalMotor "motor_izq": The requested motor torque 0.615255 exceeds 'maxTorque' = 0.25
WARNING: DEF GELATINA GelatinaNuclear > HingeJoint "rueda_izq" > RotationalMotor "motor_izq": The requested motor torque 0.391681 exceeds 'maxTorque' = 0.25
[rival] t= 1544 ms  TRACK        rival=si d=  63 mm rumbo=-3000 cdeg  linea=0x0
[rival] t= 1552 ms  ATTACK       rival=si d=  63 mm rumbo=-3000 cdeg  linea=0x0
[gelatina] t= 2104 ms  SEARCH       rival=no d=9999 mm rumbo=-3000 cdeg  linea=0x0
WARNING: Contact joints between materials 'patin' and 'dohyo' will only be created for the 10 deepest contact points instead of all the 13 contact points.
[rival] t= 2216 ms  EDGE_ESCAPE  rival=si d=  44 mm rumbo=   +0 cdeg  linea=0xC
[rival] t= 2240 ms  ATTACK       rival=si d=  43 mm rumbo=   +0 cdeg  linea=0x8
[gelatina] t= 2272 ms  TRACK        rival=si d=  59 mm rumbo=+6000 cdeg  linea=0x0
[gelatina] t= 2280 ms  ATTACK       rival=si d=  59 mm rumbo=+6000 cdeg  linea=0x0
[rival] t= 2344 ms  EDGE_ESCAPE  rival=si d=  58 mm rumbo=+1504 cdeg  linea=0x4
Error: wb_supervisor_field_set_mf_vec3f() called on a read-only PROTO internal field.
Error: wb_supervisor_field_set_mf_vec3f() called on a read-only PROTO internal field.
Error: wb_supervisor_field_set_mf_vec3f() called on a read-only PROTO internal field.
Error: wb_supervisor_field_set_mf_vec3f() called on a read-only PROTO internal field.
[arbitro] asalto 19/30  frente   rival fuera     +1   2.37 s
[inercia] asalto=19 robot=GELATINA rueda=0 rotor=3.56502855e-05
[inercia] asalto=19 robot=GELATINA rueda=1 rotor=2.84224543e-05
[inercia] asalto=19 robot=RIVAL rueda=0 rotor=2.59446371e-05
[inercia] asalto=19 robot=RIVAL rueda=1 rotor=2.11662378e-05
[planta] asalto=19 mu=1.07916555 slip=0.000595489621 aleatorio=1
[gelatina] fin de asalto motor={"battery_v":8.02911175,"resistance_ohm":[3.61012363,4.12301402],"bridge_ohm":[0.516429031,0.626979172],"omega_rad_s":[41.7345935,45.9649651],"current_a":[0.415168221,0.879569515],"torque_nm":[0.009925223,0.0367281521],"applied_pwm":[0.699999988,1],"over_1_2a_samples":380,"over_3_2a_samples":6}
[gelatina] t=    0 ms  WAIT         rival=no d=9999 mm rumbo=+6000 cdeg  linea=0x0
[rival] fin de asalto motor={"battery_v":7.18980441,"resistance_ohm":[4.06803827,3.79150333],"bridge_ohm":[0.515953016,0.687746608],"omega_rad_s":[78.2215579,47.966038],"current_a":[0.169658024,0.33033131],"torque_nm":[0.00260460104,0.00569738761],"applied_pwm":[1,0.700000048],"over_1_2a_samples":202,"over_3_2a_samples":1}
[rival] t=    0 ms  WAIT         rival=si d= 409 mm rumbo=+6000 cdeg  linea=0x6
[planta] gelatina ciclo=21 rueda=0 V=8.06293029 R=3.97073298 Rpuente=0.528324747 I0=0.155373824 Ke=0.0909510855 Kt=0.0483794733
[planta] gelatina ciclo=21 rueda=1 V=8.06293029 R=4.09804659 Rpuente=0.503165686 I0=0.0911542028 Ke=0.0747389617 Kt=0.0483794733
[sensores] gelatina ToF alcance=1830.08862 minimo=22.9418826 sigma_rel=0.0530888653
[gelatina] pulsador recibido: permiso previsto 121320 ms
[planta] rival ciclo=21 rueda=0 V=7.15712184 R=4.22095814 Rpuente=0.644258213 I0=0.12137703 Ke=0.0816681165 Kt=0.0483794733
[planta] rival ciclo=21 rueda=1 V=7.15712184 R=4.00081563 Rpuente=0.660281038 I0=0.121148506 Ke=0.0779330288 Kt=0.0483794733
[sensores] rival ToF alcance=1046.47231 minimo=42.354129 sigma_rel=0.0780528402
[rival] pulsador recibido: permiso previsto 121320 ms
[arranque] pulsador=116320 permiso=121320 ms
[gelatina] permiso de arranque a los 121320 ms
[gelatina] t=    0 ms  OPENING      rival=no d=9999 mm rumbo=+6000 cdeg  linea=0x0
[rival] permiso de arranque a los 121320 ms
[rival] t=    0 ms  OPENING      rival=no d=9999 mm rumbo=+6000 cdeg  linea=0x0
WARNING: Contact joints between materials 'rueda' and 'dohyo' will only be created for the 10 deepest contact points instead of all the 12 contact points.
[gelatina] t=  423 ms  SEARCH       rival=no d=9999 mm rumbo=+6000 cdeg  linea=0x1
[rival] t=  423 ms  SEARCH       rival=no d=9999 mm rumbo=+6000 cdeg  linea=0x0
[gelatina] t=  455 ms  TRACK        rival=si d= 490 mm rumbo=-3450 cdeg  linea=0x8
Error: wb_supervisor_field_set_mf_vec3f() called on a read-only PROTO internal field.
Error: wb_supervisor_field_set_mf_vec3f() called on a read-only PROTO internal field.
Error: wb_supervisor_field_set_mf_vec3f() called on a read-only PROTO internal field.
Error: wb_supervisor_field_set_mf_vec3f() called on a read-only PROTO internal field.
[arbitro] asalto 20/30  lado     auto-salida     -1   0.47 s
[inercia] asalto=20 robot=GELATINA rueda=0 rotor=3.43606977e-05
[inercia] asalto=20 robot=GELATINA rueda=1 rotor=3.12603291e-05
[inercia] asalto=20 robot=RIVAL rueda=0 rotor=9.26263064e-06
[inercia] asalto=20 robot=RIVAL rueda=1 rotor=1.42282911e-05
[planta] asalto=20 mu=1.20134381 slip=0.000236595631 aleatorio=1
[gelatina] fin de asalto motor={"battery_v":8.06293029,"resistance_ohm":[3.97073298,4.09804659],"bridge_ohm":[0.528324747,0.503165686],"omega_rad_s":[35.9209065,53.1062721],"current_a":[0.349120422,-0.455200978],"torque_nm":[0.00937335838,-0.0264323759],"applied_pwm":[0.600000024,0.232500002],"over_1_2a_samples":383,"over_3_2a_samples":6}
[gelatina] t=    0 ms  WAIT         rival=no d=9999 mm rumbo=-3450 cdeg  linea=0x0
[rival] fin de asalto motor={"battery_v":7.15712184,"resistance_ohm":[4.22095814,4.00081563],"bridge_ohm":[0.644258213,0.660281038],"omega_rad_s":[24.2162507,55.0188282],"current_a":[-0.994928859,0.0512959941],"torque_nm":[-0.054006291,-0.00337942773],"applied_pwm":[-0.399999976,0.632499993],"over_1_2a_samples":203,"over_3_2a_samples":1}
[rival] t=    0 ms  WAIT         rival=no d=9999 mm rumbo=+6000 cdeg  linea=0xC
[planta] gelatina ciclo=22 rueda=0 V=8.09891918 R=3.82159433 Rpuente=0.687987089 I0=0.122942841 Ke=0.0686880602 Kt=0.0483794733
[planta] gelatina ciclo=22 rueda=1 V=8.09891918 R=4.06575394 Rpuente=0.524181831 I0=0.161598748 Ke=0.0911811254 Kt=0.0483794733
[sensores] gelatina ToF alcance=1660.50074 minimo=23.1434596 sigma_rel=0.0834694672
[gelatina] pulsador recibido: permiso previsto 127104 ms
[planta] rival ciclo=22 rueda=0 V=7.89076605 R=3.88990607 Rpuente=0.528554785 I0=0.0850940287 Ke=0.102339163 Kt=0.0483794733
[planta] rival ciclo=22 rueda=1 V=7.89076605 R=3.76079721 Rpuente=0.502074564 I0=0.0864165455 Ke=0.074028238 Kt=0.0483794733
[sensores] rival ToF alcance=1687.28053 minimo=23.5093021 sigma_rel=0.0401044607
[rival] pulsador recibido: permiso previsto 127104 ms
[arranque] pulsador=122104 permiso=127104 ms
[gelatina] permiso de arranque a los 127104 ms
[gelatina] t=    0 ms  OPENING      rival=no d=9999 mm rumbo=-3450 cdeg  linea=0x0
[rival] permiso de arranque a los 127104 ms
[rival] t=    0 ms  OPENING      rival=no d=9999 mm rumbo=+6000 cdeg  linea=0x0
WARNING: Contact joints between materials 'patin' and 'dohyo' will only be created for the 10 deepest contact points instead of all the 12 contact points.
[gelatina] t=  424 ms  TRACK        rival=si d= 146 mm rumbo=+1880 cdeg  linea=0x0
[rival] t=  424 ms  TRACK        rival=si d= 149 mm rumbo=-2049 cdeg  linea=0x0
Error: wb_supervisor_field_set_mf_vec3f() called on a read-only PROTO internal field.
Error: wb_supervisor_field_set_mf_vec3f() called on a read-only PROTO internal field.
Error: wb_supervisor_field_set_mf_vec3f() called on a read-only PROTO internal field.
Error: wb_supervisor_field_set_mf_vec3f() called on a read-only PROTO internal field.
[arbitro] asalto 21/30  espalda  doble salida    +0   0.42 s
[inercia] asalto=21 robot=GELATINA rueda=0 rotor=2.41761752e-05
[inercia] asalto=21 robot=GELATINA rueda=1 rotor=2.18299767e-05
[inercia] asalto=21 robot=RIVAL rueda=0 rotor=2.12558225e-05
[inercia] asalto=21 robot=RIVAL rueda=1 rotor=2.09447334e-05
[planta] asalto=21 mu=1.16233686 slip=3.54218483e-05 aleatorio=1
[gelatina] fin de asalto motor={"battery_v":8.09891918,"resistance_ohm":[3.82159433,4.06575394],"bridge_ohm":[0.687987089,0.524181831],"omega_rad_s":[77.6876411,55.4078093],"current_a":[0.25344305,0.310895206],"torque_nm":[0.00631353136,0.00722288402],"applied_pwm":[0.800000012,0.800000012],"over_1_2a_samples":386,"over_3_2a_samples":6}
[gelatina] t=    0 ms  WAIT         rival=si d= 146 mm rumbo=+1880 cdeg  linea=0x0
[rival] fin de asalto motor={"battery_v":7.89076605,"resistance_ohm":[3.88990607,3.76079721],"bridge_ohm":[0.528554785,0.502074564],"omega_rad_s":[52.2225377,73.6413486],"current_a":[0.219126559,0.201993795],"torque_nm":[0.00648442322,0.00559156647],"applied_pwm":[0.800000012,0.800000012],"over_1_2a_samples":205,"over_3_2a_samples":1}
[rival] t=    0 ms  WAIT         rival=si d= 149 mm rumbo=-2049 cdeg  linea=0x0
[planta] gelatina ciclo=23 rueda=0 V=8.13273771 R=4.18220367 Rpuente=0.699882805 I0=0.218302032 Ke=0.090068279 Kt=0.0483794733
[planta] gelatina ciclo=23 rueda=1 V=8.13273771 R=4.0407865 Rpuente=0.600368345 I0=0.132351521 Ke=0.0801447784 Kt=0.0483794733
[sensores] gelatina ToF alcance=1611.23441 minimo=29.1269225 sigma_rel=0.0407855368
[gelatina] pulsador recibido: permiso previsto 132832 ms
[planta] rival ciclo=23 rueda=0 V=8.38062681 R=4.06832638 Rpuente=0.606924069 I0=0.108852911 Ke=0.0858912756 Kt=0.0483794733
[planta] rival ciclo=23 rueda=1 V=8.38062681 R=3.66455526 Rpuente=0.623745346 I0=0.135405868 Ke=0.0937291894 Kt=0.0483794733
[sensores] rival ToF alcance=885.067499 minimo=32.9394126 sigma_rel=0.108723536
[rival] pulsador recibido: permiso previsto 132832 ms
[arranque] pulsador=127832 permiso=132832 ms
[gelatina] permiso de arranque a los 132832 ms
[gelatina] t=    0 ms  TRACK        rival=si d=  70 mm rumbo=+1504 cdeg  linea=0x0
[gelatina] t=    8 ms  ATTACK       rival=si d=  70 mm rumbo=+1504 cdeg  linea=0x0
[rival] permiso de arranque a los 132832 ms
[rival] t=    0 ms  TRACK        rival=si d=  70 mm rumbo=+1497 cdeg  linea=0x0
[rival] t=    8 ms  ATTACK       rival=si d=  70 mm rumbo=+1497 cdeg  linea=0x0
WARNING: Contact joints between materials 'patin' and 'dohyo' will only be created for the 10 deepest contact points instead of all the 107 contact points.
[rival] t=  384 ms  SEARCH       rival=no d=9999 mm rumbo=-1495 cdeg  linea=0x0
[rival] t=  424 ms  TRACK        rival=si d=  40 mm rumbo=-6000 cdeg  linea=0x0
[rival] t=  432 ms  ATTACK       rival=si d=  40 mm rumbo=-6000 cdeg  linea=0x0
Error: wb_supervisor_field_set_mf_vec3f() called on a read-only PROTO internal field.
Error: wb_supervisor_field_set_mf_vec3f() called on a read-only PROTO internal field.
Error: wb_supervisor_field_set_mf_vec3f() called on a read-only PROTO internal field.
Error: wb_supervisor_field_set_mf_vec3f() called on a read-only PROTO internal field.
[arbitro] asalto 22/30  frente   expulsado       -1   0.82 s
[inercia] asalto=22 robot=GELATINA rueda=0 rotor=3.47288454e-05
[inercia] asalto=22 robot=GELATINA rueda=1 rotor=2.88815353e-05
[inercia] asalto=22 robot=RIVAL rueda=0 rotor=2.26690709e-05
[inercia] asalto=22 robot=RIVAL rueda=1 rotor=3.08220808e-05
[planta] asalto=22 mu=0.619500673 slip=0.00136060154 aleatorio=1
[gelatina] fin de asalto motor={"battery_v":8.13273771,"resistance_ohm":[4.18220367,4.0407865],"bridge_ohm":[0.699882805,0.600368345],"omega_rad_s":[45.5615551,83.9585102],"current_a":[0.325529965,0.302489695],"torque_nm":[0.00518763091,0.00823119529],"applied_pwm":[0.699999988,1],"over_1_2a_samples":391,"over_3_2a_samples":6}
[gelatina] t=    0 ms  WAIT         rival=no d=9999 mm rumbo=+6000 cdeg  linea=0x0
[rival] fin de asalto motor={"battery_v":8.38062681,"resistance_ohm":[4.06832638,3.66455526],"bridge_ohm":[0.606924069,0.623745346],"omega_rad_s":[54.4520917,58.1597046],"current_a":[0.792185838,0.683106225],"torque_nm":[0.0330592871,0.0264974548],"applied_pwm":[1,1],"over_1_2a_samples":239,"over_3_2a_samples":1}
[rival] t=    0 ms  WAIT         rival=no d=9999 mm rumbo=   +0 cdeg  linea=0x1
[planta] gelatina ciclo=24 rueda=0 V=8.16872652 R=4.03306503 Rpuente=0.659545147 I0=0.18587105 Ke=0.0674814979 Kt=0.0483794733
[planta] gelatina ciclo=24 rueda=1 V=8.16872652 R=4.00849385 Rpuente=0.62138449 I0=0.202796066 Ke=0.0658805613 Kt=0.0483794733
[sensores] gelatina ToF alcance=1441.64653 minimo=29.3285012 sigma_rel=0.0711661434
[gelatina] pulsador recibido: permiso previsto 138960 ms
[planta] rival ciclo=24 rueda=0 V=7.43880427 R=3.66269288 Rpuente=0.615391648 I0=0.176589221 Ke=0.067912769 Kt=0.0483794733
[planta] rival ciclo=24 rueda=1 V=7.43880427 R=4.27961082 Rpuente=0.657067728 I0=0.0886220098 Ke=0.0838948678 Kt=0.0483794733
[sensores] rival ToF alcance=814.122832 minimo=37.7100253 sigma_rel=0.0649522638
[rival] pulsador recibido: permiso previsto 138960 ms
[arranque] pulsador=133960 permiso=138960 ms
[gelatina] permiso de arranque a los 138960 ms
[gelatina] t=    0 ms  OPENING      rival=no d=9999 mm rumbo=+6000 cdeg  linea=0x0
[rival] permiso de arranque a los 138960 ms
[rival] t=    0 ms  OPENING      rival=no d=9999 mm rumbo=   +0 cdeg  linea=0x0
WARNING: Contact joints between materials 'rueda' and 'dohyo' will only be created for the 10 deepest contact points instead of all the 12 contact points.
[gelatina] t=  424 ms  SEARCH       rival=no d=9999 mm rumbo=+6000 cdeg  linea=0x1
[rival] t=  424 ms  SEARCH       rival=no d=9999 mm rumbo=   +0 cdeg  linea=0x0
[gelatina] t=  488 ms  TRACK        rival=si d= 364 mm rumbo=-1192 cdeg  linea=0xC
Error: wb_supervisor_field_set_mf_vec3f() called on a read-only PROTO internal field.
Error: wb_supervisor_field_set_mf_vec3f() called on a read-only PROTO internal field.
Error: wb_supervisor_field_set_mf_vec3f() called on a read-only PROTO internal field.
Error: wb_supervisor_field_set_mf_vec3f() called on a read-only PROTO internal field.
[arbitro] asalto 23/30  lado     auto-salida     -1   0.48 s
[inercia] asalto=23 robot=GELATINA rueda=0 rotor=3.50999542e-05
[inercia] asalto=23 robot=GELATINA rueda=1 rotor=1.70414917e-05
[inercia] asalto=23 robot=RIVAL rueda=0 rotor=3.00675711e-05
[inercia] asalto=23 robot=RIVAL rueda=1 rotor=2.47809886e-05
[planta] asalto=23 mu=0.949570215 slip=0.00127460468 aleatorio=1
[gelatina] fin de asalto motor={"battery_v":8.16872652,"resistance_ohm":[4.03306503,4.00849385],"bridge_ohm":[0.659545147,0.62138449],"omega_rad_s":[-5.20599422,59.5024438],"current_a":[-0.738943035,0.269265189],"torque_nm":[-0.0267578722,0.00321574118],"applied_pwm":[-0.467500031,0.632499993],"over_1_2a_samples":394,"over_3_2a_samples":6}
[gelatina] t=    0 ms  WAIT         rival=si d= 364 mm rumbo=-1192 cdeg  linea=0x0
[rival] fin de asalto motor={"battery_v":7.43880427,"resistance_ohm":[3.66269288,4.27961082],"bridge_ohm":[0.615391648,0.657067728],"omega_rad_s":[32.1544739,54.8200433],"current_a":[-1.32333537,0.0214564029],"torque_nm":[-0.0725655619,-0.00324943669],"applied_pwm":[-0.467500031,0.632499993],"over_1_2a_samples":244,"over_3_2a_samples":1}
[rival] t=    0 ms  WAIT         rival=no d=9999 mm rumbo=   +0 cdeg  linea=0x0
[planta] gelatina ciclo=25 rueda=0 V=8.20254513 R=4.39367437 Rpuente=0.671440876 I0=0.13123025 Ke=0.0669557527 Kt=0.0483794733
[planta] gelatina ciclo=25 rueda=1 V=8.20254513 R=3.98352647 Rpuente=0.697571003 I0=0.17354883 Ke=0.0868823042 Kt=0.0483794733
[sensores] gelatina ToF alcance=1392.38014 minimo=35.3119642 sigma_rel=0.108482208
[gelatina] pulsador recibido: permiso previsto 144752 ms
[planta] rival ciclo=25 rueda=0 V=7.96421191 R=4.10517569 Rpuente=0.551964056 I0=0.167828563 Ke=0.0806549315 Kt=0.0483794733
[planta] rival ciclo=25 rueda=1 V=7.96421191 R=3.67243137 Rpuente=0.518191636 I0=0.147279301 Ke=0.0759574003 Kt=0.0483794733
[sensores] rival ToF alcance=1304.29261 minimo=44.8549813 sigma_rel=0.0543525887
[rival] pulsador recibido: permiso previsto 144752 ms
[arranque] pulsador=139752 permiso=144752 ms
[gelatina] permiso de arranque a los 144752 ms
[gelatina] t=    0 ms  OPENING      rival=no d=9999 mm rumbo=-4309 cdeg  linea=0x0
[rival] permiso de arranque a los 144752 ms
[rival] t=    0 ms  OPENING      rival=no d=9999 mm rumbo=   +0 cdeg  linea=0x0
WARNING: Contact joints between materials 'patin' and 'dohyo' will only be created for the 10 deepest contact points instead of all the 16 contact points.
[gelatina] t=  424 ms  TRACK        rival=si d= 454 mm rumbo=+3175 cdeg  linea=0x0
[rival] t=  424 ms  TRACK        rival=si d= 597 mm rumbo=-3889 cdeg  linea=0x0
Error: wb_supervisor_field_set_mf_vec3f() called on a read-only PROTO internal field.
Error: wb_supervisor_field_set_mf_vec3f() called on a read-only PROTO internal field.
Error: wb_supervisor_field_set_mf_vec3f() called on a read-only PROTO internal field.
Error: wb_supervisor_field_set_mf_vec3f() called on a read-only PROTO internal field.
[arbitro] asalto 24/30  espalda  auto-salida     -1   0.42 s
[inercia] asalto=24 robot=GELATINA rueda=0 rotor=9.69655949e-06
[inercia] asalto=24 robot=GELATINA rueda=1 rotor=2.4212451e-05
[inercia] asalto=24 robot=RIVAL rueda=0 rotor=3.15720313e-05
[inercia] asalto=24 robot=RIVAL rueda=1 rotor=1.12083823e-05
[planta] asalto=24 mu=1.17989329 slip=0.000279034257 aleatorio=1
[gelatina] fin de asalto motor={"battery_v":8.20254513,"resistance_ohm":[4.39367437,3.98352647],"bridge_ohm":[0.671440876,0.697571003],"omega_rad_s":[77.1336247,58.6663209],"current_a":[0.275906121,0.312954617],"torque_nm":[0.00699934245,0.00674437858],"applied_pwm":[0.800000012,0.800000012],"over_1_2a_samples":395,"over_3_2a_samples":6}
[gelatina] t=    0 ms  WAIT         rival=si d= 454 mm rumbo=+3175 cdeg  linea=0x0
[rival] fin de asalto motor={"battery_v":7.96421191,"resistance_ohm":[4.10517569,3.67243137],"bridge_ohm":[0.551964056,0.518191636],"omega_rad_s":[59.4379498,69.9811528],"current_a":[0.338707005,0.251939432],"torque_nm":[0.00826700902,0.00506340202],"applied_pwm":[0.800000012,0.800000012],"over_1_2a_samples":246,"over_3_2a_samples":1}
[rival] t=    0 ms  WAIT         rival=si d= 597 mm rumbo=-3889 cdeg  linea=0x0
[arranque] pulsador=145488 permiso=150488 ms
[planta] gelatina ciclo=26 rueda=0 V=8.23853394 R=4.24453578 Rpuente=0.631103218 I0=0.0987992674 Ke=0.0743115635 Kt=0.0483794733
[planta] gelatina ciclo=26 rueda=1 V=8.23853394 R=3.95123382 Rpuente=0.518587148 I0=0.0939933747 Ke=0.0785624439 Kt=0.0483794733
[sensores] gelatina ToF alcance=1222.79226 minimo=35.5135429 sigma_rel=0.0588628149
[gelatina] pulsador recibido: permiso previsto 150488 ms
[planta] rival ciclo=26 rueda=0 V=7.85345128 R=3.67864804 Rpuente=0.664514804 I0=0.117259365 Ke=0.0835980642 Kt=0.0483794733
[planta] rival ciclo=26 rueda=1 V=7.85345128 R=3.95715528 Rpuente=0.636369371 I0=0.133642271 Ke=0.0722743059 Kt=0.0483794733
[sensores] rival ToF alcance=1042.78057 minimo=45.847522 sigma_rel=0.0809257889
[rival] pulsador recibido: permiso previsto 150488 ms
[gelatina] permiso de arranque a los 150488 ms
[gelatina] t=    0 ms  TRACK        rival=si d=  77 mm rumbo=   +0 cdeg  linea=0x0
[rival] permiso de arranque a los 150488 ms
[rival] t=    0 ms  TRACK        rival=si d=  72 mm rumbo=-1504 cdeg  linea=0x0
[gelatina] t=    8 ms  ATTACK       rival=si d=  77 mm rumbo=   +0 cdeg  linea=0x0
[rival] t=    8 ms  ATTACK       rival=si d=  72 mm rumbo=-1504 cdeg  linea=0x0
WARNING: Contact joints between materials 'patin' and 'dohyo' will only be created for the 10 deepest contact points instead of all the 101 contact points.
[rival] t=  384 ms  SEARCH       rival=no d=9999 mm rumbo=  +64 cdeg  linea=0x0
[rival] t=  592 ms  TRACK        rival=si d=  32 mm rumbo=-2938 cdeg  linea=0x0
[rival] t=  600 ms  ATTACK       rival=si d=  32 mm rumbo=-2938 cdeg  linea=0x0
WARNING: Contact joints between materials 'patin' and 'dohyo' will only be created for the 10 deepest contact points instead of all the 102 contact points.
[rival] t= 1344 ms  SEARCH       rival=no d=9999 mm rumbo=-4489 cdeg  linea=0x0
[rival] t= 1480 ms  TRACK        rival=si d=  39 mm rumbo=   +0 cdeg  linea=0x0
[rival] t= 1488 ms  ATTACK       rival=si d=  39 mm rumbo=   +0 cdeg  linea=0x0
[rival] t= 1872 ms  SEARCH       rival=no d=9999 mm rumbo=+3000 cdeg  linea=0x0
[rival] t= 1912 ms  TRACK        rival=si d=  59 mm rumbo=+6000 cdeg  linea=0x0
[rival] t= 1920 ms  ATTACK       rival=si d=  59 mm rumbo=+6000 cdeg  linea=0x0
[rival] t= 2040 ms  EDGE_ESCAPE  rival=si d=  88 mm rumbo=+3000 cdeg  linea=0x4
WARNING: Contact joints between materials 'patin' and 'dohyo' will only be created for the 10 deepest contact points instead of all the 102 contact points.
[rival] t= 2704 ms  SEARCH       rival=no d=9999 mm rumbo=-3000 cdeg  linea=0x0
[rival] t= 2736 ms  TRACK        rival=si d=  52 mm rumbo=   +0 cdeg  linea=0x0
[rival] t= 2744 ms  ATTACK       rival=si d=  52 mm rumbo=   +0 cdeg  linea=0x0
[rival] t= 3024 ms  SEARCH       rival=no d=9999 mm rumbo=   +0 cdeg  linea=0x0
[rival] t= 3032 ms  TRACK        rival=si d=  76 mm rumbo=-6000 cdeg  linea=0x0
[rival] t= 3040 ms  ATTACK       rival=si d=  76 mm rumbo=-6000 cdeg  linea=0x0
WARNING: Contact joints between materials 'patin' and 'dohyo' will only be created for the 10 deepest contact points instead of all the 102 contact points.
[gelatina] t= 3392 ms  TRACK        rival=si d= 793 mm rumbo=-6000 cdeg  linea=0x0
[gelatina] t= 3432 ms  ATTACK       rival=si d= 252 mm rumbo=-3010 cdeg  linea=0x0
[rival] t= 3488 ms  SEARCH       rival=no d=9999 mm rumbo=+3038 cdeg  linea=0x0
[rival] t= 3688 ms  TRACK        rival=si d=  55 mm rumbo=   +0 cdeg  linea=0x0
[rival] t= 3696 ms  ATTACK       rival=si d=  55 mm rumbo=   +0 cdeg  linea=0x0
WARNING: Contact joints between materials 'patin' and 'dohyo' will only be created for the 10 deepest contact points instead of all the 102 contact points.
[rival] t= 4440 ms  SEARCH       rival=no d=9999 mm rumbo=-1511 cdeg  linea=0x0
[rival] t= 4552 ms  TRACK        rival=si d=  48 mm rumbo=   +0 cdeg  linea=0x0
[rival] t= 4560 ms  ATTACK       rival=si d=  48 mm rumbo=   +0 cdeg  linea=0x0
WARNING: Contact joints between materials 'patin' and 'dohyo' will only be created for the 10 deepest contact points instead of all the 102 contact points.
WARNING: Contact joints between materials 'patin' and 'dohyo' will only be created for the 10 deepest contact points instead of all the 102 contact points.
[rival] t= 6688 ms  SEARCH       rival=no d=9999 mm rumbo=-3000 cdeg  linea=0x0
[rival] t= 6696 ms  TRACK        rival=si d=  67 mm rumbo=-3000 cdeg  linea=0x0
[rival] t= 6704 ms  ATTACK       rival=si d=  67 mm rumbo=-3000 cdeg  linea=0x0
WARNING: Contact joints between materials 'patin' and 'dohyo' will only be created for the 10 deepest contact points instead of all the 102 contact points.
[rival] t= 7872 ms  SEARCH       rival=no d=9999 mm rumbo=-6000 cdeg  linea=0x0
[rival] t= 7952 ms  TRACK        rival=si d=  47 mm rumbo=+3000 cdeg  linea=0x0
[rival] t= 7960 ms  ATTACK       rival=si d=  47 mm rumbo=+3000 cdeg  linea=0x0
WARNING: Contact joints between materials 'patin' and 'dohyo' will only be created for the 10 deepest contact points instead of all the 102 contact points.
[rival] t= 8896 ms  SEARCH       rival=no d=9999 mm rumbo=+6000 cdeg  linea=0x0
[rival] t= 8904 ms  TRACK        rival=si d=  54 mm rumbo=+3000 cdeg  linea=0x0
[rival] t= 8912 ms  ATTACK       rival=si d=  54 mm rumbo=+3000 cdeg  linea=0x0
WARNING: Contact joints between materials 'patin' and 'dohyo' will only be created for the 10 deepest contact points instead of all the 102 contact points.
WARNING: Contact joints between materials 'patin' and 'dohyo' will only be created for the 10 deepest contact points instead of all the 102 contact points.
[rival] t=10584 ms  SEARCH       rival=no d=9999 mm rumbo=-3000 cdeg  linea=0x0
[rival] t=10688 ms  TRACK        rival=si d=  74 mm rumbo=   +0 cdeg  linea=0x0
[rival] t=10696 ms  ATTACK       rival=si d=  74 mm rumbo=   +0 cdeg  linea=0x0
WARNING: Contact joints between materials 'patin' and 'dohyo' will only be created for the 10 deepest contact points instead of all the 102 contact points.
[rival] t=11288 ms  EDGE_ESCAPE  rival=si d=  54 mm rumbo=+3000 cdeg  linea=0x4
[rival] t=11952 ms  SEARCH       rival=si d=  56 mm rumbo=+6000 cdeg  linea=0x0
[rival] t=11960 ms  TRACK        rival=si d=  56 mm rumbo=+6000 cdeg  linea=0x0
[rival] t=11968 ms  ATTACK       rival=si d=  56 mm rumbo=+6000 cdeg  linea=0x0
WARNING: Contact joints between materials 'patin' and 'dohyo' will only be created for the 10 deepest contact points instead of all the 102 contact points.
[rival] t=12496 ms  SEARCH       rival=no d=9999 mm rumbo=-3000 cdeg  linea=0x0
[rival] t=13032 ms  TRACK        rival=si d=  70 mm rumbo=   +0 cdeg  linea=0x0
[rival] t=13040 ms  ATTACK       rival=si d=  70 mm rumbo=   +0 cdeg  linea=0x0
WARNING: Contact joints between materials 'patin' and 'dohyo' will only be created for the 10 deepest contact points instead of all the 102 contact points.
[rival] t=13584 ms  SEARCH       rival=no d=9999 mm rumbo=   +0 cdeg  linea=0x0
[rival] t=13792 ms  TRACK        rival=si d=  54 mm rumbo=-6000 cdeg  linea=0x0
[rival] t=13800 ms  ATTACK       rival=si d=  54 mm rumbo=-6000 cdeg  linea=0x0
WARNING: Contact joints between materials 'patin' and 'dohyo' will only be created for the 10 deepest contact points instead of all the 102 contact points.
WARNING: Contact joints between materials 'patin' and 'dohyo' will only be created for the 10 deepest contact points instead of all the 102 contact points.
WARNING: Contact joints between materials 'patin' and 'dohyo' will only be created for the 10 deepest contact points instead of all the 102 contact points.
WARNING: Contact joints between materials 'patin' and 'dohyo' will only be created for the 10 deepest contact points instead of all the 102 contact points.
[rival] t=17416 ms  SEARCH       rival=no d=9999 mm rumbo=-6000 cdeg  linea=0x0
[rival] t=17424 ms  TRACK        rival=si d=  51 mm rumbo=-6000 cdeg  linea=0x0
[rival] t=17432 ms  ATTACK       rival=si d=  51 mm rumbo=-6000 cdeg  linea=0x0
[rival] t=17712 ms  SEARCH       rival=no d=9999 mm rumbo=-6000 cdeg  linea=0x0
[rival] t=17816 ms  TRACK        rival=si d=  53 mm rumbo=-3000 cdeg  linea=0x0
[rival] t=17824 ms  ATTACK       rival=si d=  53 mm rumbo=-3000 cdeg  linea=0x0
WARNING: Contact joints between materials 'patin' and 'dohyo' will only be created for the 10 deepest contact points instead of all the 102 contact points.
[rival] t=18768 ms  SEARCH       rival=no d=9999 mm rumbo=-3000 cdeg  linea=0x0
[rival] t=18776 ms  TRACK        rival=si d=  88 mm rumbo=-3000 cdeg  linea=0x0
[rival] t=18784 ms  ATTACK       rival=si d=  88 mm rumbo=-3000 cdeg  linea=0x0
WARNING: Contact joints between materials 'patin' and 'dohyo' will only be created for the 10 deepest contact points instead of all the 102 contact points.
[rival] t=19952 ms  SEARCH       rival=no d=9999 mm rumbo=-6000 cdeg  linea=0x0
[rival] t=20088 ms  TRACK        rival=si d=  57 mm rumbo=+6000 cdeg  linea=0x0
[rival] t=20096 ms  ATTACK       rival=si d=  57 mm rumbo=+3022 cdeg  linea=0x0
WARNING: Contact joints between materials 'patin' and 'dohyo' will only be created for the 10 deepest contact points instead of all the 102 contact points.
[rival] t=20608 ms  EDGE_ESCAPE  rival=si d=  47 mm rumbo=+3000 cdeg  linea=0x4
[rival] t=21272 ms  SEARCH       rival=si d=  91 mm rumbo=+6000 cdeg  linea=0x0
[rival] t=21280 ms  TRACK        rival=si d=  91 mm rumbo=+6000 cdeg  linea=0x0
[rival] t=21288 ms  ATTACK       rival=si d=  91 mm rumbo=+6000 cdeg  linea=0x0
WARNING: Contact joints between materials 'patin' and 'dohyo' will only be created for the 10 deepest contact points instead of all the 102 contact points.
[rival] t=21704 ms  SEARCH       rival=no d=9999 mm rumbo=+6000 cdeg  linea=0x0
[rival] t=21744 ms  TRACK        rival=si d= 148 mm rumbo=+6000 cdeg  linea=0x0
[rival] t=21752 ms  ATTACK       rival=si d= 148 mm rumbo=+6000 cdeg  linea=0x0
WARNING: Contact joints between materials 'patin' and 'dohyo' will only be created for the 10 deepest contact points instead of all the 102 contact points.
[rival] t=22560 ms  SEARCH       rival=no d=9999 mm rumbo=+6000 cdeg  linea=0x0
[rival] t=23032 ms  TRACK        rival=si d=  55 mm rumbo=+6000 cdeg  linea=0x0
[rival] t=23040 ms  ATTACK       rival=si d=  55 mm rumbo=+6000 cdeg  linea=0x0
WARNING: Contact joints between materials 'patin' and 'dohyo' will only be created for the 10 deepest contact points instead of all the 102 contact points.
[rival] t=23448 ms  SEARCH       rival=no d=9999 mm rumbo=   +0 cdeg  linea=0x0
[rival] t=23656 ms  TRACK        rival=si d=  48 mm rumbo=   +0 cdeg  linea=0x0
[rival] t=23664 ms  ATTACK       rival=si d=  48 mm rumbo=   +0 cdeg  linea=0x0
[rival] t=23944 ms  SEARCH       rival=no d=9999 mm rumbo=   +0 cdeg  linea=0x0
[rival] t=24088 ms  TRACK        rival=si d= 239 mm rumbo=+6000 cdeg  linea=0x0
[rival] t=24096 ms  ATTACK       rival=si d= 239 mm rumbo=+6000 cdeg  linea=0x0
WARNING: Contact joints between materials 'patin' and 'dohyo' will only be created for the 10 deepest contact points instead of all the 102 contact points.
[rival] t=24936 ms  EDGE_ESCAPE  rival=si d=  60 mm rumbo=+6000 cdeg  linea=0x4
WARNING: Contact joints between materials 'patin' and 'dohyo' will only be created for the 10 deepest contact points instead of all the 102 contact points.
[rival] t=25600 ms  SEARCH       rival=si d=  84 mm rumbo=-6000 cdeg  linea=0x0
[rival] t=25608 ms  TRACK        rival=si d=  84 mm rumbo=-3000 cdeg  linea=0x0
[rival] t=25616 ms  ATTACK       rival=si d=  84 mm rumbo=-3000 cdeg  linea=0x0
[rival] t=25896 ms  SEARCH       rival=no d=9999 mm rumbo=-3000 cdeg  linea=0x0
[rival] t=26064 ms  TRACK        rival=si d= 123 mm rumbo=-6000 cdeg  linea=0x0
[rival] t=26072 ms  ATTACK       rival=si d= 123 mm rumbo=-6000 cdeg  linea=0x0
WARNING: Contact joints between materials 'patin' and 'dohyo' will only be created for the 10 deepest contact points instead of all the 102 contact points.
[rival] t=26880 ms  SEARCH       rival=no d=9999 mm rumbo=-3000 cdeg  linea=0x0
[rival] t=27024 ms  TRACK        rival=si d= 151 mm rumbo=-6000 cdeg  linea=0x0
[rival] t=27032 ms  ATTACK       rival=si d= 151 mm rumbo=-6000 cdeg  linea=0x0
WARNING: Contact joints between materials 'patin' and 'dohyo' will only be created for the 10 deepest contact points instead of all the 102 contact points.
[rival] t=27408 ms  EDGE_ESCAPE  rival=si d= 102 mm rumbo=+4522 cdeg  linea=0x4
[rival] t=28072 ms  SEARCH       rival=si d= 195 mm rumbo=+6000 cdeg  linea=0x1
[rival] t=28080 ms  TRACK        rival=si d= 195 mm rumbo=+6000 cdeg  linea=0x0
[rival] t=28088 ms  ATTACK       rival=si d= 195 mm rumbo=+6000 cdeg  linea=0x4
[rival] t=28216 ms  EDGE_ESCAPE  rival=si d= 209 mm rumbo=+6000 cdeg  linea=0x2
WARNING: Contact joints between materials 'patin' and 'dohyo' will only be created for the 10 deepest contact points instead of all the 102 contact points.
Error: wb_supervisor_field_set_mf_vec3f() called on a read-only PROTO internal field.
Error: wb_supervisor_field_set_mf_vec3f() called on a read-only PROTO internal field.
Error: wb_supervisor_field_set_mf_vec3f() called on a read-only PROTO internal field.
Error: wb_supervisor_field_set_mf_vec3f() called on a read-only PROTO internal field.
[arbitro] asalto 25/30  frente   rival fuera     +1  28.54 s
[inercia] asalto=25 robot=GELATINA rueda=0 rotor=1.51063374e-05
[inercia] asalto=25 robot=GELATINA rueda=1 rotor=1.77277225e-05
[inercia] asalto=25 robot=RIVAL rueda=0 rotor=1.69141039e-05
[inercia] asalto=25 robot=RIVAL rueda=1 rotor=2.07750269e-05
[planta] asalto=25 mu=0.640810823 slip=0.00191908431 aleatorio=1
[gelatina] fin de asalto motor={"battery_v":8.23853394,"resistance_ohm":[4.24453578,3.95123382],"bridge_ohm":[0.631103218,0.518587148],"omega_rad_s":[0.0237600029,0.0108583897],"current_a":[1.54664982,1.84295544],"torque_nm":[0.0747125559,0.0891118388],"applied_pwm":[0.915535688,1],"over_1_2a_samples":6575,"over_3_2a_samples":6}
[gelatina] t=    0 ms  WAIT         rival=si d= 241 mm rumbo=+1257 cdeg  linea=0x0
[rival] fin de asalto motor={"battery_v":7.85345128,"resistance_ohm":[3.67864804,3.95715528],"bridge_ohm":[0.664514804,0.636369371],"omega_rad_s":[-72.401484,-45.2452762],"current_a":[-0.143400072,0.540919111],"torque_nm":[-0.0012646736,0.0326349244],"applied_pwm":[-0.850000024,-0.100000069],"over_1_2a_samples":462,"over_3_2a_samples":1}
[rival] t=    0 ms  WAIT         rival=no d=9999 mm rumbo=+1466 cdeg  linea=0x0
[planta] gelatina ciclo=27 rueda=0 V=8.27235247 R=3.80514512 Rpuente=0.642998934 I0=0.194158459 Ke=0.0671985495 Kt=0.0483794733
[planta] gelatina ciclo=27 rueda=1 V=8.27235247 R=3.92626638 Rpuente=0.594773662 I0=0.214746147 Ke=0.0634773829 Kt=0.0483794733
[sensores] gelatina ToF alcance=1173.52594 minimo=41.4970058 sigma_rel=0.0961788797
[gelatina] pulsador recibido: permiso previsto 184344 ms
[planta] rival ciclo=27 rueda=0 V=8.37885891 R=4.1211309 Rpuente=0.601087213 I0=0.108498716 Ke=0.0686697177 Kt=0.0483794733
[planta] rival ciclo=27 rueda=1 V=8.37885891 R=4.14997587 Rpuente=0.697493279 I0=0.192299563 Ke=0.0645617259 Kt=0.0483794733
[sensores] rival ToF alcance=1532.95035 minimo=22.9924762 sigma_rel=0.0703261137
[rival] pulsador recibido: permiso previsto 184344 ms
[arranque] pulsador=179344 permiso=184344 ms
[gelatina] permiso de arranque a los 184344 ms
[gelatina] t=    0 ms  OPENING      rival=no d=9999 mm rumbo=+1257 cdeg  linea=0x0
[rival] permiso de arranque a los 184344 ms
[rival] t=    0 ms  OPENING      rival=no d=9999 mm rumbo=+1466 cdeg  linea=0x0
WARNING: Contact joints between materials 'rueda' and 'dohyo' will only be created for the 10 deepest contact points instead of all the 14 contact points.
[gelatina] t=  424 ms  SEARCH       rival=no d=9999 mm rumbo=+1257 cdeg  linea=0x0
[rival] t=  424 ms  SEARCH       rival=no d=9999 mm rumbo=+1466 cdeg  linea=0x0
[gelatina] t=  488 ms  TRACK        rival=si d= 690 mm rumbo= -671 cdeg  linea=0x8
[rival] t=  488 ms  TRACK        rival=si d= 349 mm rumbo=+2805 cdeg  linea=0xC
Error: wb_supervisor_field_set_mf_vec3f() called on a read-only PROTO internal field.
Error: wb_supervisor_field_set_mf_vec3f() called on a read-only PROTO internal field.
Error: wb_supervisor_field_set_mf_vec3f() called on a read-only PROTO internal field.
Error: wb_supervisor_field_set_mf_vec3f() called on a read-only PROTO internal field.
[arbitro] asalto 26/30  lado     rival fuera     +1   0.48 s
[inercia] asalto=26 robot=GELATINA rueda=0 rotor=1.54931517e-05
[inercia] asalto=26 robot=GELATINA rueda=1 rotor=1.17622864e-05
[inercia] asalto=26 robot=RIVAL rueda=0 rotor=2.777028e-05
[inercia] asalto=26 robot=RIVAL rueda=1 rotor=2.71616879e-05
[planta] asalto=26 mu=1.35029093 slip=0.000660977721 aleatorio=1
[gelatina] fin de asalto motor={"battery_v":8.27235247,"resistance_ohm":[3.80514512,3.92626638],"bridge_ohm":[0.642998934,0.594773662],"omega_rad_s":[15.8316259,66.871728],"current_a":[-1.10859434,0.218405629],"torque_nm":[-0.0630264944,0.000177043772],"applied_pwm":[-0.467500031,0.632499993],"over_1_2a_samples":6581,"over_3_2a_samples":6}
[gelatina] t=    0 ms  WAIT         rival=si d= 690 mm rumbo= -671 cdeg  linea=0xC
[rival] fin de asalto motor={"battery_v":8.37885891,"resistance_ohm":[4.1211309,4.14997587],"bridge_ohm":[0.601087213,0.697493279],"omega_rad_s":[2.57267106,64.8177808],"current_a":[-0.866919169,0.229992264],"torque_nm":[-0.0471293902,0.00182355305],"applied_pwm":[-0.467500031,0.632499993],"over_1_2a_samples":465,"over_3_2a_samples":1}
[rival] t=    0 ms  WAIT         rival=si d= 349 mm rumbo=+2805 cdeg  linea=0x8
[planta] gelatina ciclo=28 rueda=0 V=8.30834136 R=3.65600648 Rpuente=0.602661276 I0=0.161727476 Ke=0.0747151705 Kt=0.0483794733
[planta] gelatina ciclo=28 rueda=1 V=8.30834136 R=3.89397373 Rpuente=0.615789807 I0=0.135190693 Ke=0.0847888796 Kt=0.0483794733
[sensores] gelatina ToF alcance=1003.93806 minimo=41.6985828 sigma_rel=0.0465594864
[gelatina] pulsador recibido: permiso previsto 190136 ms
[planta] rival ciclo=28 rueda=0 V=7.09189321 R=3.87593999 Rpuente=0.606464481 I0=0.114516324 Ke=0.0853337899 Kt=0.0483794733
[planta] rival ciclo=28 rueda=1 V=7.09189321 R=4.25763769 Rpuente=0.55996114 I0=0.126802191 Ke=0.0776055521 Kt=0.0483794733
[sensores] rival ToF alcance=991.946936 minimo=27.9371268 sigma_rel=0.0544977999
[rival] pulsador recibido: permiso previsto 190136 ms
[arranque] pulsador=185136 permiso=190136 ms
[gelatina] permiso de arranque a los 190136 ms
[gelatina] t=    0 ms  OPENING      rival=no d=9999 mm rumbo=-3000 cdeg  linea=0x0
[rival] permiso de arranque a los 190136 ms
[rival] t=    0 ms  OPENING      rival=no d=9999 mm rumbo=+2805 cdeg  linea=0x0
WARNING: Contact joints between materials 'patin' and 'dohyo' will only be created for the 10 deepest contact points instead of all the 12 contact points.
[gelatina] t=  392 ms  TRACK        rival=si d= 530 mm rumbo=+3461 cdeg  linea=0x4
Error: wb_supervisor_field_set_mf_vec3f() called on a read-only PROTO internal field.
Error: wb_supervisor_field_set_mf_vec3f() called on a read-only PROTO internal field.
Error: wb_supervisor_field_set_mf_vec3f() called on a read-only PROTO internal field.
Error: wb_supervisor_field_set_mf_vec3f() called on a read-only PROTO internal field.
[arbitro] asalto 27/30  espalda  auto-salida     -1   0.40 s
[inercia] asalto=27 robot=GELATINA rueda=0 rotor=1.94309714e-05
[inercia] asalto=27 robot=GELATINA rueda=1 rotor=9.35624832e-06
[inercia] asalto=27 robot=RIVAL rueda=0 rotor=2.79407188e-05
[inercia] asalto=27 robot=RIVAL rueda=1 rotor=1.12463045e-05
[planta] asalto=27 mu=1.12337044 slip=0.00097377944 aleatorio=1
[gelatina] fin de asalto motor={"battery_v":8.30834136,"resistance_ohm":[3.65600648,3.89397373],"bridge_ohm":[0.602661276,0.615789807],"omega_rad_s":[73.6829192,63.3505887],"current_a":[-0.122157184,0.651235014],"torque_nm":[-0.0137341904,0.0249659525],"applied_pwm":[0.600000024,1],"over_1_2a_samples":6583,"over_3_2a_samples":6}
[gelatina] t=    0 ms  WAIT         rival=si d= 530 mm rumbo=+3461 cdeg  linea=0x0
[rival] fin de asalto motor={"battery_v":7.09189321,"resistance_ohm":[3.87593999,4.25763769],"bridge_ohm":[0.606464481,0.55996114],"omega_rad_s":[54.0351989,55.0036769],"current_a":[0.23703491,0.291623272],"torque_nm":[0.00592738467,0.0079739571],"applied_pwm":[0.800000012,0.800000012],"over_1_2a_samples":465,"over_3_2a_samples":1}
[rival] t=    0 ms  WAIT         rival=no d=9999 mm rumbo=+2805 cdeg  linea=0x0
[planta] gelatina ciclo=29 rueda=0 V=8.34215989 R=4.01661582 Rpuente=0.614556992 I0=0.107086676 Ke=0.0736885814 Kt=0.0483794733
[planta] gelatina ciclo=29 rueda=1 V=8.34215989 R=3.8690063 Rpuente=0.691976321 I0=0.105943465 Ke=0.0753897349 Kt=0.0483794733
[sensores] gelatina ToF alcance=954.671735 minimo=47.6820457 sigma_rel=0.083875556
[gelatina] pulsador recibido: permiso previsto 195848 ms
[planta] rival ciclo=29 rueda=0 V=7.20060447 R=3.79002953 Rpuente=0.571846259 I0=0.191470322 Ke=0.0936401875 Kt=0.0483794733
[planta] rival ciclo=29 rueda=1 V=7.20060447 R=4.25690155 Rpuente=0.61379689 I0=0.094638285 Ke=0.0993166171 Kt=0.0483794733
[sensores] rival ToF alcance=1183.85692 minimo=35.2040571 sigma_rel=0.0955069351
[rival] pulsador recibido: permiso previsto 195848 ms
[arranque] pulsador=190848 permiso=195848 ms
[gelatina] permiso de arranque a los 195848 ms
[gelatina] t=    0 ms  TRACK        rival=si d=  62 mm rumbo=+1462 cdeg  linea=0x0
[rival] permiso de arranque a los 195848 ms
[rival] t=    0 ms  TRACK        rival=si d=  73 mm rumbo=-1472 cdeg  linea=0x0
[gelatina] t=    8 ms  ATTACK       rival=si d=  62 mm rumbo=+1462 cdeg  linea=0x0
[rival] t=    8 ms  ATTACK       rival=si d=  73 mm rumbo=-1472 cdeg  linea=0x0
WARNING: Contact joints between materials 'patin' and 'dohyo' will only be created for the 10 deepest contact points instead of all the 19 contact points.
[gelatina] t=  584 ms  SEARCH       rival=no d=9999 mm rumbo= -439 cdeg  linea=0x0
[gelatina] t=  752 ms  TRACK        rival=si d=  52 mm rumbo=+6000 cdeg  linea=0x0
[gelatina] t=  760 ms  ATTACK       rival=si d=  52 mm rumbo=+6000 cdeg  linea=0x0
[gelatina] t= 1040 ms  SEARCH       rival=no d=9999 mm rumbo=+6000 cdeg  linea=0x0
WARNING: Contact joints between materials 'patin' and 'dohyo' will only be created for the 10 deepest contact points instead of all the 88 contact points.
[gelatina] t= 1280 ms  TRACK        rival=si d= 352 mm rumbo=+6000 cdeg  linea=0x0
[gelatina] t= 1712 ms  ATTACK       rival=si d= 215 mm rumbo=+6000 cdeg  linea=0x0
[gelatina] t= 2040 ms  EDGE_ESCAPE  rival=si d=  54 mm rumbo=-4457 cdeg  linea=0x2
Error: wb_supervisor_field_set_mf_vec3f() called on a read-only PROTO internal field.
Error: wb_supervisor_field_set_mf_vec3f() called on a read-only PROTO internal field.
Error: wb_supervisor_field_set_mf_vec3f() called on a read-only PROTO internal field.
Error: wb_supervisor_field_set_mf_vec3f() called on a read-only PROTO internal field.
[arbitro] asalto 28/30  frente   rival fuera     +1   2.04 s
[inercia] asalto=28 robot=GELATINA rueda=0 rotor=2.55414689e-05
[inercia] asalto=28 robot=GELATINA rueda=1 rotor=2.19878901e-05
[inercia] asalto=28 robot=RIVAL rueda=0 rotor=2.79932778e-05
[inercia] asalto=28 robot=RIVAL rueda=1 rotor=1.5502732e-05
[planta] asalto=28 mu=1.46634105 slip=0.00129893672 aleatorio=1
[gelatina] fin de asalto motor={"battery_v":8.34215989,"resistance_ohm":[4.01661582,3.8690063],"bridge_ohm":[0.614556992,0.691976321],"omega_rad_s":[73.2796989,57.3176569],"current_a":[0.275060122,-0.0319710175],"torque_nm":[0.00812646682,-0.00667223004],"applied_pwm":[0.800000012,0.50051111],"over_1_2a_samples":6634,"over_3_2a_samples":6}
[gelatina] t=    0 ms  WAIT         rival=no d=9999 mm rumbo=-4457 cdeg  linea=0x3
[rival] fin de asalto motor={"battery_v":7.20060447,"resistance_ohm":[3.79002953,4.25690155],"bridge_ohm":[0.571846259,0.61379689],"omega_rad_s":[54.7134501,19.2787081],"current_a":[0.47622327,0.198235543],"torque_nm":[0.0137761976,0.0050119808],"applied_pwm":[1,0.399999976],"over_1_2a_samples":477,"over_3_2a_samples":1}
[rival] t=    0 ms  WAIT         rival=si d= 119 mm rumbo=-6000 cdeg  linea=0x8
WARNING: Contact joints between materials 'rueda' and 'dohyo' will only be created for the 10 deepest contact points instead of all the 11 contact points.
[planta] gelatina ciclo=30 rueda=0 V=8.37814878 R=3.86747718 Rpuente=0.574219334 I0=0.224655694 Ke=0.0736339521 Kt=0.0483794733
[planta] gelatina ciclo=30 rueda=1 V=8.37814878 R=3.83671365 Rpuente=0.512992465 I0=0.17638801 Ke=0.0926337765 Kt=0.0483794733
[sensores] gelatina ToF alcance=785.083777 minimo=47.8836244 sigma_rel=0.114256158
[gelatina] pulsador recibido: permiso previsto 203200 ms
[planta] rival ciclo=30 rueda=0 V=8.35094497 R=3.98737073 Rpuente=0.627333462 I0=0.219472674 Ke=0.0758553078 Kt=0.0483794733
[planta] rival ciclo=30 rueda=1 V=8.35094497 R=4.21043987 Rpuente=0.662878561 I0=0.150727522 Ke=0.0661402564 Kt=0.0483794733
[sensores] rival ToF alcance=822.924936 minimo=46.2372559 sigma_rel=0.0859497404
[rival] pulsador recibido: permiso previsto 203200 ms
[arranque] pulsador=198200 permiso=203200 ms
[gelatina] permiso de arranque a los 203200 ms
[gelatina] t=    0 ms  OPENING      rival=no d=9999 mm rumbo=-4457 cdeg  linea=0x0
[rival] permiso de arranque a los 203200 ms
[rival] t=    0 ms  OPENING      rival=no d=9999 mm rumbo=-6000 cdeg  linea=0x0
WARNING: Contact joints between materials 'rueda' and 'dohyo' will only be created for the 10 deepest contact points instead of all the 12 contact points.
[gelatina] t=  423 ms  SEARCH       rival=no d=9999 mm rumbo=-4457 cdeg  linea=0x1
[rival] t=  423 ms  SEARCH       rival=no d=9999 mm rumbo=-6000 cdeg  linea=0x8
[arbitro] asalto 29/30  lado     rival fuera     +1   0.43 s
Error: wb_supervisor_field_set_mf_vec3f() called on a read-only PROTO internal field.
Error: wb_supervisor_field_set_mf_vec3f() called on a read-only PROTO internal field.
Error: wb_supervisor_field_set_mf_vec3f() called on a read-only PROTO internal field.
Error: wb_supervisor_field_set_mf_vec3f() called on a read-only PROTO internal field.
[inercia] asalto=29 robot=GELATINA rueda=0 rotor=1.93387651e-05
[inercia] asalto=29 robot=GELATINA rueda=1 rotor=2.56285785e-05
[inercia] asalto=29 robot=RIVAL rueda=0 rotor=2.94294961e-05
[inercia] asalto=29 robot=RIVAL rueda=1 rotor=3.0536506e-05
[planta] asalto=29 mu=1.28143648 slip=0.000702222109 aleatorio=1
[gelatina] fin de asalto motor={"battery_v":8.37814878,"resistance_ohm":[3.86747718,3.83671365],"bridge_ohm":[0.574219334,0.512992465],"omega_rad_s":[66.0817011,59.5118213],"current_a":[0.0975578201,-0.111712212],"torque_nm":[-0.00614892819,-0.013938137],"applied_pwm":[0.632499993,0.600000024],"over_1_2a_samples":6637,"over_3_2a_samples":6}
[gelatina] t=    0 ms  WAIT         rival=no d=9999 mm rumbo=-4457 cdeg  linea=0x0
[rival] fin de asalto motor={"battery_v":8.35094497,"resistance_ohm":[3.98737073,4.21043987],"bridge_ohm":[0.627333462,0.662878561],"omega_rad_s":[65.3861833,78.6712275],"current_a":[0.0697950642,-0.0395557935],"torque_nm":[-0.00724132391,-0.00920580661],"applied_pwm":[0.632499993,0.600000024],"over_1_2a_samples":480,"over_3_2a_samples":1}
[rival] t=    0 ms  WAIT         rival=no d=9999 mm rumbo=-6000 cdeg  linea=0x4
[planta] gelatina ciclo=31 rueda=0 V=7.01196731 R=4.22808652 Rpuente=0.586115062 I0=0.170014885 Ke=0.072463821 Kt=0.0483794733
[planta] gelatina ciclo=31 rueda=1 V=7.01196731 R=3.81174626 Rpuente=0.589178979 I0=0.147140774 Ke=0.0811089341 Kt=0.0483794733
[sensores] gelatina ToF alcance=735.817456 minimo=23.8670874 sigma_rel=0.0715722275
[gelatina] pulsador recibido: permiso previsto 208944 ms
[planta] rival ciclo=31 rueda=0 V=7.05026116 R=3.70891438 Rpuente=0.630490899 I0=0.0937249482 Ke=0.0711979099 Kt=0.0483794733
[planta] rival ciclo=31 rueda=1 V=7.05026116 R=3.90925069 Rpuente=0.636213768 I0=0.128782082 Ke=0.0974377837 Kt=0.0483794733
[sensores] rival ToF alcance=1096.08399 minimo=42.1623528 sigma_rel=0.0406015539
[rival] pulsador recibido: permiso previsto 208944 ms
[arranque] pulsador=203944 permiso=208944 ms
[gelatina] permiso de arranque a los 208944 ms
[gelatina] t=    0 ms  OPENING      rival=no d=9999 mm rumbo=-4457 cdeg  linea=0x0
[rival] permiso de arranque a los 208944 ms
[rival] t=    0 ms  OPENING      rival=no d=9999 mm rumbo=-6000 cdeg  linea=0x0
WARNING: Contact joints between materials 'patin' and 'dohyo' will only be created for the 10 deepest contact points instead of all the 11 contact points.
[gelatina] t=  423 ms  SEARCH       rival=no d=9999 mm rumbo=-4457 cdeg  linea=0x0
[rival] t=  423 ms  SEARCH       rival=no d=9999 mm rumbo=-6000 cdeg  linea=0x6
[arbitro] asalto 30/30  espalda  auto-salida     -1   0.44 s

[arbitro] RESULTADO  14W 14L 2D  win rate 46.7%  auto-salidas 10  t medio de victoria 2.81 s

[arbitro]   frente   6W 4L 0D
[arbitro]   lado     6W 3L 1D
[arbitro]   espalda  2W 7L 1D
[arbitro]   combate: gana 51.7%  jueces 0.0%  pierde 48.3%
[arbitro] resultados -> ../../../../result.json
INFO: 'arbitro' controller exited successfully.
INFO: medido: Terminating.
INFO: contrario: Terminating.
