WARNING: Contact joints between materials 'patin' and 'dohyo' will only be created for the 10 deepest contact points instead of all the 12 contact points.
INFO: medido: Starting controller: $LAB_ROOT/Mini-Sumo-real/runs/real/20260913T171057805283Z_v22_v0.3.1_banco_v0.3.0_s0_r1/project/webots/controllers/medido/medido
INFO: contrario: Starting controller: $LAB_ROOT/Mini-Sumo-real/runs/real/20260913T171057805283Z_v22_v0.3.1_banco_v0.3.0_s0_r1/project/webots/controllers/contrario/contrario
INFO: arbitro: Starting controller: $LAB_ROOT/Mini-Sumo-real/runs/real/20260913T171057805283Z_v22_v0.3.1_banco_v0.3.0_s0_r1/project/webots/controllers/arbitro/arbitro --rounds 30 --rival v0.3.0 --version v0.3.1 --colocacion banco --out ../../../../result.json
[planta] gelatina ciclo=1 rueda=0 V=7.36485623 R=4.25602584 Rpuente=0.612744129 I0=0.126091683 Ke=0.092558592 Kt=0.0483794733
[planta] gelatina ciclo=1 rueda=1 V=7.36485623 R=3.87064724 Rpuente=0.5311391 I0=0.129181051 Ke=0.0852744683 Kt=0.0483794733
[sensores] gelatina ToF alcance=1418.63086 minimo=21.0914713 sigma_rel=0.0961221409
[gelatina] HAL Webots listo: paso 8 ms, umbral de linea 400
[gelatina] estrategia v0.3.0 en linea
[planta] rival ciclo=1 rueda=0 V=7.3310377 R=3.8954165 Rpuente=0.600848401 I0=0.180732483 Ke=0.0948581567 Kt=0.0483794733
[planta] rival ciclo=1 rueda=1 V=7.3310377 R=3.89561467 Rpuente=0.654952586 I0=0.158428279 Ke=0.0980418484 Kt=0.0483794733
[sensores] rival ToF alcance=1467.89725 minimo=45.1080084 sigma_rel=0.0588060713
[rival] HAL Webots listo: paso 8 ms, umbral de linea 400
[rival] estrategia v0.3.0 en linea

[arbitro] 30 asaltos contra 'v0.3.0', colocacion banco, limite 60 s por asalto
[gelatina] t=    0 ms  WAIT         rival=no d=9999 mm rumbo=   +0 cdeg  linea=0x0
[rival] t=    0 ms  WAIT         rival=no d=9999 mm rumbo=   +0 cdeg  linea=0x0
[inercia] asalto=0 robot=GELATINA rueda=0 rotor=2.26145341e-05
[inercia] asalto=0 robot=GELATINA rueda=1 rotor=2.80318469e-05
[inercia] asalto=0 robot=RIVAL rueda=0 rotor=1.03646774e-05
[inercia] asalto=0 robot=RIVAL rueda=1 rotor=1.89769952e-05
[planta] asalto=0 mu=0.8364555 slip=0.000738541245 aleatorio=1
[planta] gelatina ciclo=2 rueda=0 V=7.40084512 R=4.10688725 Rpuente=0.572406459 I0=0.0936607003 Ke=0.0698853006 Kt=0.0483794733
[planta] gelatina ciclo=2 rueda=1 V=7.40084512 R=3.83835459 Rpuente=0.552155244 I0=0.199625596 Ke=0.0697456861 Kt=0.0483794733
[sensores] gelatina ToF alcance=1249.04298 minimo=21.2930501 sigma_rel=0.0465027428
[gelatina] pulsador recibido: permiso previsto 5312 ms
[planta] rival ciclo=2 rueda=0 V=7.99534413 R=3.71403046 Rpuente=0.594484353 I0=0.0934002846 Ke=0.0948363984 Kt=0.0483794733
[planta] rival ciclo=2 rueda=1 V=7.99534413 R=3.6196208 Rpuente=0.585172546 I0=0.147359303 Ke=0.0827417612 Kt=0.0483794733
[sensores] rival ToF alcance=757.486892 minimo=42.2123063 sigma_rel=0.084336791
[rival] pulsador recibido: permiso previsto 5312 ms
[arranque] pulsador=312 permiso=5312 ms
[gelatina] permiso de arranque a los 5312 ms
[gelatina] t=    0 ms  TRACK        rival=si d= 251 mm rumbo=   +0 cdeg  linea=0x0
[rival] permiso de arranque a los 5312 ms
[rival] t=    0 ms  TRACK        rival=si d= 262 mm rumbo=   +0 cdeg  linea=0x0
[rival] t=   64 ms  ATTACK       rival=si d= 239 mm rumbo=   +0 cdeg  linea=0x0
[gelatina] t=  224 ms  ATTACK       rival=si d=  85 mm rumbo=-1509 cdeg  linea=0x0
WARNING: Contact joints between materials 'patin' and 'dohyo' will only be created for the 10 deepest contact points instead of all the 24 contact points.
[rival] t=  304 ms  EDGE_ESCAPE  rival=si d=  77 mm rumbo=-3000 cdeg  linea=0x8
[rival] t=  328 ms  ATTACK       rival=si d=  45 mm rumbo=-1464 cdeg  linea=0x8
[gelatina] t=  336 ms  EDGE_ESCAPE  rival=si d= 151 mm rumbo=+4452 cdeg  linea=0x1
[gelatina] t=  360 ms  ATTACK       rival=si d=  32 mm rumbo= +378 cdeg  linea=0x1
[gelatina] t=  488 ms  EDGE_ESCAPE  rival=si d= 153 mm rumbo=+4471 cdeg  linea=0x1
[gelatina] t=  528 ms  ATTACK       rival=si d=  37 mm rumbo= +484 cdeg  linea=0x1
[rival] t=  616 ms  SEARCH       rival=no d=9999 mm rumbo=-1464 cdeg  linea=0x0
[rival] t=  752 ms  TRACK        rival=si d=  41 mm rumbo=+3000 cdeg  linea=0x0
[rival] t=  760 ms  ATTACK       rival=si d=  41 mm rumbo=+3000 cdeg  linea=0x0
[gelatina] t= 1120 ms  EDGE_ESCAPE  rival=si d=  25 mm rumbo=+1262 cdeg  linea=0x1
[rival] t= 1272 ms  SEARCH       rival=no d=9999 mm rumbo=   +0 cdeg  linea=0x0
WARNING: Contact joints between materials 'patin' and 'dohyo' will only be created for the 10 deepest contact points instead of all the 14 contact points.
[gelatina] t= 1280 ms  ATTACK       rival=si d=  36 mm rumbo=+2289 cdeg  linea=0x1
[gelatina] t= 1344 ms  EDGE_ESCAPE  rival=si d= 247 mm rumbo=-3000 cdeg  linea=0x1
[gelatina] t= 1384 ms  ATTACK       rival=si d=  36 mm rumbo=+2212 cdeg  linea=0x1
[rival] t= 1480 ms  TRACK        rival=si d=  47 mm rumbo=   +0 cdeg  linea=0x0
[rival] t= 1488 ms  ATTACK       rival=si d=  47 mm rumbo=   +0 cdeg  linea=0x0
[rival] t= 1840 ms  SEARCH       rival=no d=9999 mm rumbo=-6000 cdeg  linea=0x0
[rival] t= 1880 ms  TRACK        rival=si d= 123 mm rumbo=-6000 cdeg  linea=0x0
[rival] t= 1888 ms  ATTACK       rival=si d= 123 mm rumbo=-6000 cdeg  linea=0x0
WARNING: Contact joints between materials 'patin' and 'dohyo' will only be created for the 10 deepest contact points instead of all the 11 contact points.
[rival] t= 2696 ms  SEARCH       rival=no d=9999 mm rumbo=   +0 cdeg  linea=0x0
[gelatina] t= 2728 ms  EDGE_ESCAPE  rival=si d=  39 mm rumbo=-6000 cdeg  linea=0x2
[rival] t= 2768 ms  TRACK        rival=si d=  45 mm rumbo=   +0 cdeg  linea=0x0
[rival] t= 2776 ms  ATTACK       rival=si d=  45 mm rumbo=   +0 cdeg  linea=0x0
[gelatina] t= 2936 ms  SEARCH       rival=si d=  31 mm rumbo=-6000 cdeg  linea=0x0
[gelatina] t= 2944 ms  TRACK        rival=si d=  31 mm rumbo=-6000 cdeg  linea=0x0
[gelatina] t= 2952 ms  ATTACK       rival=si d=  31 mm rumbo=-6000 cdeg  linea=0x0
[gelatina] t= 3008 ms  SEARCH       rival=no d=9999 mm rumbo=-6000 cdeg  linea=0x0
[gelatina] t= 3232 ms  TRACK        rival=si d=  23 mm rumbo=-6000 cdeg  linea=0x0
[gelatina] t= 3240 ms  ATTACK       rival=si d=  23 mm rumbo=-6000 cdeg  linea=0x0
WARNING: Contact joints between materials 'patin' and 'dohyo' will only be created for the 10 deepest contact points instead of all the 13 contact points.
[gelatina] t= 3496 ms  SEARCH       rival=no d=9999 mm rumbo=+3000 cdeg  linea=0x0
[gelatina] t= 3528 ms  TRACK        rival=si d=  47 mm rumbo=+3000 cdeg  linea=0x0
[gelatina] t= 3536 ms  ATTACK       rival=si d=  47 mm rumbo=+3000 cdeg  linea=0x0
[rival] t= 3584 ms  SEARCH       rival=no d=9999 mm rumbo=+3000 cdeg  linea=0x0
[rival] t= 3728 ms  TRACK        rival=si d=  69 mm rumbo=-3000 cdeg  linea=0x0
[rival] t= 3736 ms  ATTACK       rival=si d=  69 mm rumbo=-3000 cdeg  linea=0x0
[rival] t= 4048 ms  SEARCH       rival=no d=9999 mm rumbo=-6000 cdeg  linea=0x0
[rival] t= 4056 ms  TRACK        rival=si d=  77 mm rumbo=-6000 cdeg  linea=0x0
[rival] t= 4064 ms  ATTACK       rival=si d=  77 mm rumbo=-6000 cdeg  linea=0x0
[rival] t= 4160 ms  EDGE_ESCAPE  rival=si d=  56 mm rumbo=-3000 cdeg  linea=0x4
[arbitro] asalto  1/30  banco    rival fuera     +1   4.32 s
[inercia] asalto=1 robot=GELATINA rueda=0 rotor=9.44531643e-06
[inercia] asalto=1 robot=GELATINA rueda=1 rotor=2.62596416e-05
[inercia] asalto=1 robot=RIVAL rueda=0 rotor=1.57621794e-05
[inercia] asalto=1 robot=RIVAL rueda=1 rotor=2.04041997e-05
[planta] asalto=1 mu=1.37476293 slip=0.00111237705 aleatorio=1
[gelatina] fin de asalto motor={"battery_v":7.40084512,"resistance_ohm":[4.10688725,3.83835459],"bridge_ohm":[0.572406459,0.552155244],"omega_rad_s":[60.3554007,56.4473983],"current_a":[0.680207315,0.450563421],"torque_nm":[0.0283768163,0.0121402398],"applied_pwm":[1,0.799255431],"over_1_2a_samples":22,"over_3_2a_samples":0}
[gelatina] t=    0 ms  WAIT         rival=si d=  23 mm rumbo=-1491 cdeg  linea=0x0
[rival] fin de asalto motor={"battery_v":7.99534413,"resistance_ohm":[3.71403046,3.6196208],"bridge_ohm":[0.594484353,0.585172546],"omega_rad_s":[77.6951179,54.5471475],"current_a":[0.145530187,0.257661705],"torque_nm":[0.00252201723,0.00533637214],"applied_pwm":[1,0.700000048],"over_1_2a_samples":32,"over_3_2a_samples":0}
[rival] t=    0 ms  WAIT         rival=no d=9999 mm rumbo=+6000 cdeg  linea=0x0
WARNING: Contact joints between materials 'patin' and 'dohyo' will only be created for the 10 deepest contact points instead of all the 24 contact points.
[planta] gelatina ciclo=3 rueda=0 V=7.43466365 R=3.66749654 Rpuente=0.584302187 I0=0.189019892 Ke=0.0942266868 Kt=0.0483794733
[planta] gelatina ciclo=3 rueda=1 V=7.43466365 R=3.81338716 Rpuente=0.628341758 I0=0.170378369 Ke=0.0931979847 Kt=0.0483794733
[sensores] gelatina ToF alcance=1199.77666 minimo=27.276513 sigma_rel=0.0838188124
[gelatina] pulsador recibido: permiso previsto 14944 ms
[planta] rival ciclo=3 rueda=0 V=7.74568462 R=3.91137171 Rpuente=0.649971557 I0=0.121402636 Ke=0.0779893475 Kt=0.0483794733
[planta] rival ciclo=3 rueda=1 V=7.74568462 R=4.37315912 Rpuente=0.634254229 I0=0.20344854 Ke=0.0803429839 Kt=0.0483794733
[sensores] rival ToF alcance=1696.55499 minimo=23.2455051 sigma_rel=0.0747795963
[rival] pulsador recibido: permiso previsto 14944 ms
[arranque] pulsador=9944 permiso=14944 ms
[gelatina] permiso de arranque a los 14944 ms
[gelatina] t=    0 ms  TRACK        rival=si d= 271 mm rumbo=   +0 cdeg  linea=0x0
[rival] permiso de arranque a los 14944 ms
[rival] t=    0 ms  TRACK        rival=si d= 283 mm rumbo=   +0 cdeg  linea=0x0
[rival] t=  128 ms  ATTACK       rival=si d= 238 mm rumbo=   +0 cdeg  linea=0x0
[gelatina] t=  224 ms  ATTACK       rival=si d= 128 mm rumbo=+1501 cdeg  linea=0x0
WARNING: Contact joints between materials 'rueda' and 'dohyo' will only be created for the 10 deepest contact points instead of all the 12 contact points.
[rival] t=  344 ms  EDGE_ESCAPE  rival=si d=  29 mm rumbo=+3031 cdeg  linea=0x4
[gelatina] t=  528 ms  SEARCH       rival=no d=9999 mm rumbo=   +0 cdeg  linea=0x0
[gelatina] t=  592 ms  TRACK        rival=si d=  33 mm rumbo=   +0 cdeg  linea=0x0
[gelatina] t=  600 ms  ATTACK       rival=si d=  33 mm rumbo=   +0 cdeg  linea=0x0
[rival] t= 1008 ms  SEARCH       rival=si d= 655 mm rumbo=+6000 cdeg  linea=0x8
[rival] t= 1016 ms  TRACK        rival=si d= 449 mm rumbo=+6000 cdeg  linea=0x8
[rival] t= 1152 ms  EDGE_ESCAPE  rival=si d= 449 mm rumbo=+6000 cdeg  linea=0x8
[arbitro] asalto  2/30  banco    rival fuera     +1   1.36 s
[inercia] asalto=2 robot=GELATINA rueda=0 rotor=1.53470491e-05
[inercia] asalto=2 robot=GELATINA rueda=1 rotor=3.54828401e-05
[inercia] asalto=2 robot=RIVAL rueda=0 rotor=3.22439504e-05
[inercia] asalto=2 robot=RIVAL rueda=1 rotor=1.78256371e-05
[planta] asalto=2 mu=1.1906902 slip=0.00167386723 aleatorio=1
[gelatina] fin de asalto motor={"battery_v":7.43466365,"resistance_ohm":[3.66749654,3.81338716],"bridge_ohm":[0.584302187,0.628341758],"omega_rad_s":[3.69021626,58.2317752],"current_a":[0.897430725,0.451981559],"torque_nm":[0.0342839362,0.013623814],"applied_pwm":[0.560000002,1],"over_1_2a_samples":60,"over_3_2a_samples":0}
[gelatina] t=    0 ms  WAIT         rival=si d=  82 mm rumbo=+1493 cdeg  linea=0x0
[rival] fin de asalto motor={"battery_v":7.74568462,"resistance_ohm":[3.91137171,4.37315912],"bridge_ohm":[0.649971557,0.634254229],"omega_rad_s":[64.0702829,88.8485557],"current_a":[0.0932137805,0.121285482],"torque_nm":[-0.00136376199,-0.00397500548],"applied_pwm":[0.700000048,1],"over_1_2a_samples":56,"over_3_2a_samples":0}
[rival] t=    0 ms  WAIT         rival=si d= 130 mm rumbo=-2052 cdeg  linea=0x0
WARNING: Contact joints between materials 'patin' and 'dohyo' will only be created for the 10 deepest contact points instead of all the 15 contact points.
[planta] gelatina ciclo=4 rueda=0 V=7.47065254 R=4.31835794 Rpuente=0.543964529 I0=0.156588909 Ke=0.0685665134 Kt=0.0483794733
[planta] gelatina ciclo=4 rueda=1 V=7.47065254 R=3.78109455 Rpuente=0.649357903 I0=0.0908229142 Ke=0.0832451824 Kt=0.0483794733
[sensores] gelatina ToF alcance=1030.18878 minimo=27.4780917 sigma_rel=0.114199414
[gelatina] pulsador recibido: permiso previsto 21616 ms
[planta] rival ciclo=4 rueda=0 V=7.00999113 R=3.72998562 Rpuente=0.643607509 I0=0.184070438 Ke=0.0712029904 Kt=0.0483794733
[planta] rival ciclo=4 rueda=1 V=7.00999113 R=4.0971653 Rpuente=0.564474189 I0=0.192379564 Ke=0.069703396 Kt=0.0483794733
[sensores] rival ToF alcance=986.144626 minimo=20.3498012 sigma_rel=0.100310316
[rival] pulsador recibido: permiso previsto 21616 ms
[arranque] pulsador=16616 permiso=21616 ms
[gelatina] permiso de arranque a los 21616 ms
[gelatina] t=    0 ms  TRACK        rival=si d= 342 mm rumbo=   +0 cdeg  linea=0x0
[rival] permiso de arranque a los 21616 ms
[rival] t=    0 ms  TRACK        rival=si d= 270 mm rumbo=   +0 cdeg  linea=0x0
[rival] t=   32 ms  ATTACK       rival=si d= 254 mm rumbo=   +0 cdeg  linea=0x0
[gelatina] t=  192 ms  ATTACK       rival=si d= 105 mm rumbo=   +0 cdeg  linea=0x0
WARNING: Contact joints between materials 'patin' and 'dohyo' will only be created for the 10 deepest contact points instead of all the 70 contact points.
[gelatina] t=  624 ms  SEARCH       rival=no d=9999 mm rumbo=   +0 cdeg  linea=0x0
[gelatina] t=  720 ms  TRACK        rival=si d=  30 mm rumbo=-4502 cdeg  linea=0x0
[gelatina] t=  728 ms  ATTACK       rival=si d=  30 mm rumbo=-4502 cdeg  linea=0x0
[gelatina] t=  896 ms  SEARCH       rival=no d=9999 mm rumbo=-6000 cdeg  linea=0x0
[gelatina] t= 1016 ms  TRACK        rival=si d=  30 mm rumbo=-6000 cdeg  linea=0x0
[gelatina] t= 1024 ms  ATTACK       rival=si d=  30 mm rumbo=-6000 cdeg  linea=0x0
[rival] t= 1296 ms  EDGE_ESCAPE  rival=si d=  20 mm rumbo=+6000 cdeg  linea=0x1
[arbitro] asalto  3/30  banco    expulsado       -1   1.30 s
[inercia] asalto=3 robot=GELATINA rueda=0 rotor=1.48304331e-05
[inercia] asalto=3 robot=GELATINA rueda=1 rotor=1.18224236e-05
[inercia] asalto=3 robot=RIVAL rueda=0 rotor=1.09047171e-05
[inercia] asalto=3 robot=RIVAL rueda=1 rotor=1.76097783e-05
[planta] asalto=3 mu=1.2826027 slip=0.00106291819 aleatorio=1
WARNING: DEF GELATINA GelatinaNuclear > HingeJoint "rueda_der" > Solid "rueda_der": Webots has detected that this solid is light and oblong according to its inertia matrix. This belongs in the physics edge cases, and can imply weird physical results. Increasing the weight of the object or reducing its eccentricity are recommended.
WARNING: DEF RIVAL GelatinaNuclear > HingeJoint "rueda_izq" > Solid "rueda_izq": Webots has detected that this solid is light and oblong according to its inertia matrix. This belongs in the physics edge cases, and can imply weird physical results. Increasing the weight of the object or reducing its eccentricity are recommended.
[gelatina] fin de asalto motor={"battery_v":7.47065254,"resistance_ohm":[4.31835794,3.78109455],"bridge_ohm":[0.543964529,0.649357903],"omega_rad_s":[6.30663633,30.6917098],"current_a":[0.156896327,1.10952902],"torque_nm":[1.49231514e-05,0.0492844648],"applied_pwm":[0.160000026,1],"over_1_2a_samples":77,"over_3_2a_samples":0}
[gelatina] t=    0 ms  WAIT         rival=si d= 282 mm rumbo=   +0 cdeg  linea=0x4
[rival] fin de asalto motor={"battery_v":7.00999113,"resistance_ohm":[3.72998562,4.0971653],"bridge_ohm":[0.643607509,0.564474189],"omega_rad_s":[58.0907243,79.6250931],"current_a":[-0.304609171,0.012410569],"torque_nm":[-0.0236420621,-0.0087068052],"applied_pwm":[0.400000036,0.800000012],"over_1_2a_samples":60,"over_3_2a_samples":0}
[rival] t=    0 ms  WAIT         rival=si d= 294 mm rumbo=   +0 cdeg  linea=0x1
WARNING: Contact joints between materials 'patin' and 'dohyo' will only be created for the 10 deepest contact points instead of all the 18 contact points.
[planta] gelatina ciclo=5 rueda=0 V=7.50447108 R=3.87896729 Rpuente=0.555860245 I0=0.101948109 Ke=0.0693291847 Kt=0.0483794733
[planta] gelatina ciclo=5 rueda=1 V=7.50447108 R=3.75612712 Rpuente=0.525544417 I0=0.211575678 Ke=0.0671260551 Kt=0.0483794733
[sensores] gelatina ToF alcance=980.922455 minimo=33.4615546 sigma_rel=0.0715154839
[gelatina] pulsador recibido: permiso previsto 28224 ms
[planta] rival ciclo=5 rueda=0 V=7.33795099 R=4.30922918 Rpuente=0.586078012 I0=0.119217575 Ke=0.0873178988 Kt=0.0483794733
[planta] rival ciclo=5 rueda=1 V=7.33795099 R=4.35173435 Rpuente=0.508019018 I0=0.164089081 Ke=0.0656203404 Kt=0.0483794733
[sensores] rival ToF alcance=1634.49379 minimo=42.0335317 sigma_rel=0.0726668024
[rival] pulsador recibido: permiso previsto 28224 ms
[arranque] pulsador=23224 permiso=28224 ms
[gelatina] permiso de arranque a los 28224 ms
[gelatina] t=    0 ms  TRACK        rival=si d= 301 mm rumbo=   +0 cdeg  linea=0x0
[rival] permiso de arranque a los 28224 ms
[rival] t=    0 ms  TRACK        rival=si d= 280 mm rumbo=   +0 cdeg  linea=0x0
[rival] t=   32 ms  ATTACK       rival=si d= 250 mm rumbo=   +0 cdeg  linea=0x0
[gelatina] t=  224 ms  ATTACK       rival=si d=  90 mm rumbo=   +0 cdeg  linea=0x0
WARNING: Contact joints between materials 'rueda' and 'dohyo' will only be created for the 10 deepest contact points instead of all the 13 contact points.
[gelatina] t=  400 ms  SEARCH       rival=no d=9999 mm rumbo=+3000 cdeg  linea=0x0
[rival] t=  520 ms  SEARCH       rival=no d=9999 mm rumbo=-3000 cdeg  linea=0x0
[gelatina] t=  592 ms  TRACK        rival=si d=  32 mm rumbo=   +0 cdeg  linea=0x0
[gelatina] t=  600 ms  ATTACK       rival=si d=  32 mm rumbo=   +0 cdeg  linea=0x0
[rival] t=  624 ms  TRACK        rival=si d=  45 mm rumbo=+3000 cdeg  linea=0x0
[rival] t=  632 ms  ATTACK       rival=si d=  45 mm rumbo=+3000 cdeg  linea=0x0
[arbitro] asalto  4/30  banco    expulsado       -1   1.28 s
[inercia] asalto=4 robot=GELATINA rueda=0 rotor=2.47379504e-05
[inercia] asalto=4 robot=GELATINA rueda=1 rotor=1.92414347e-05
[inercia] asalto=4 robot=RIVAL rueda=0 rotor=1.60995954e-05
[inercia] asalto=4 robot=RIVAL rueda=1 rotor=2.92744263e-05
[planta] asalto=4 mu=0.729815042 slip=0.00141449273 aleatorio=1
[gelatina] fin de asalto motor={"battery_v":7.50447108,"resistance_ohm":[3.87896729,3.75612712],"bridge_ohm":[0.555860245,0.525544417],"omega_rad_s":[17.9594128,33.8058415],"current_a":[0.0152769207,1.22270432],"torque_nm":[-0.00419310646,0.0489178713],"applied_pwm":[0.174943969,1],"over_1_2a_samples":84,"over_3_2a_samples":0}
[gelatina] t=    0 ms  WAIT         rival=si d=  93 mm rumbo=+4561 cdeg  linea=0x8
[rival] fin de asalto motor={"battery_v":7.33795099,"resistance_ohm":[4.30922918,4.35173435],"bridge_ohm":[0.586078012,0.508019018],"omega_rad_s":[69.5477333,20.1788779],"current_a":[0.258449369,0.331505585],"torque_nm":[0.00673596087,0.00809952233],"applied_pwm":[1,0.399999976],"over_1_2a_samples":66,"over_3_2a_samples":0}
[rival] t=    0 ms  WAIT         rival=no d=9999 mm rumbo=-6000 cdeg  linea=0x0
[planta] gelatina ciclo=6 rueda=0 V=7.54045988 R=3.72982864 Rpuente=0.515522587 I0=0.219517127 Ke=0.0691407664 Kt=0.0483794733
[planta] gelatina ciclo=6 rueda=1 V=7.54045988 R=3.72383447 Rpuente=0.546560562 I0=0.132020223 Ke=0.0905072248 Kt=0.0483794733
[sensores] gelatina ToF alcance=811.334574 minimo=33.6631316 sigma_rel=0.101896091
[gelatina] pulsador recibido: permiso previsto 34816 ms
[planta] rival ciclo=6 rueda=0 V=8.00225742 R=4.12784314 Rpuente=0.579713964 I0=0.181885377 Ke=0.0788056002 Kt=0.0483794733
[planta] rival ciclo=6 rueda=1 V=8.00225742 R=4.07574048 Rpuente=0.63823899 I0=0.153020105 Ke=0.0833654349 Kt=0.0483794733
[sensores] rival ToF alcance=924.083501 minimo=39.1378278 sigma_rel=0.0981975222
[rival] pulsador recibido: permiso previsto 34816 ms
[arranque] pulsador=29816 permiso=34816 ms
[gelatina] permiso de arranque a los 34816 ms
[gelatina] t=    0 ms  TRACK        rival=si d= 269 mm rumbo=   +0 cdeg  linea=0x0
[rival] permiso de arranque a los 34816 ms
[rival] t=    0 ms  TRACK        rival=si d= 311 mm rumbo=   +0 cdeg  linea=0x0
[rival] t=  128 ms  ATTACK       rival=si d= 230 mm rumbo=   +0 cdeg  linea=0x0
[gelatina] t=  256 ms  ATTACK       rival=si d= 119 mm rumbo=   +0 cdeg  linea=0x0
WARNING: Contact joints between materials 'rueda' and 'dohyo' will only be created for the 10 deepest contact points instead of all the 12 contact points.
[gelatina] t=  432 ms  SEARCH       rival=no d=9999 mm rumbo=+1472 cdeg  linea=0x0
[gelatina] t=  456 ms  TRACK        rival=si d=  34 mm rumbo=+6000 cdeg  linea=0x0
[gelatina] t=  464 ms  ATTACK       rival=si d=  34 mm rumbo=+6000 cdeg  linea=0x0
[gelatina] t=  728 ms  SEARCH       rival=no d=9999 mm rumbo=   +0 cdeg  linea=0x0
[gelatina] t=  792 ms  TRACK        rival=si d=  47 mm rumbo=-3000 cdeg  linea=0x0
[gelatina] t=  800 ms  ATTACK       rival=si d=  47 mm rumbo=-3000 cdeg  linea=0x0
[gelatina] t=  928 ms  SEARCH       rival=no d=9999 mm rumbo=-3000 cdeg  linea=0x0
[gelatina] t= 1056 ms  ATTACK       rival=si d=  62 mm rumbo=-4520 cdeg  linea=0x1
[arbitro] asalto  5/30  banco    rival fuera     +1   1.16 s
[inercia] asalto=5 robot=GELATINA rueda=0 rotor=1.80220778e-05
[inercia] asalto=5 robot=GELATINA rueda=1 rotor=3.55475205e-05
[inercia] asalto=5 robot=RIVAL rueda=0 rotor=1.94917926e-05
[inercia] asalto=5 robot=RIVAL rueda=1 rotor=2.37972724e-05
[planta] asalto=5 mu=1.5307009 slip=0.000354548097 aleatorio=1
[gelatina] fin de asalto motor={"battery_v":7.54045988,"resistance_ohm":[3.72982864,3.72383447],"bridge_ohm":[0.515522587,0.546560562],"omega_rad_s":[31.7971161,46.5369916],"current_a":[-0.23366811,0.77944216],"torque_nm":[-0.0219248631,0.0313219323],"applied_pwm":[0.160000026,1],"over_1_2a_samples":97,"over_3_2a_samples":0}
[gelatina] t=    0 ms  WAIT         rival=no d=9999 mm rumbo=+6000 cdeg  linea=0x8
[rival] fin de asalto motor={"battery_v":8.00225742,"resistance_ohm":[4.12784314,4.07574048],"bridge_ohm":[0.579713964,0.63823899],"omega_rad_s":[74.9468413,87.5456855],"current_a":[0.445247198,0.0986912274],"torque_nm":[0.0127413062,-0.00262840247],"applied_pwm":[1,0.970165312],"over_1_2a_samples":67,"over_3_2a_samples":0}
[rival] t=    0 ms  WAIT         rival=si d=  78 mm rumbo= -222 cdeg  linea=0x0
[planta] gelatina ciclo=7 rueda=0 V=7.5742785 R=4.09043798 Rpuente=0.527418315 I0=0.164876327 Ke=0.0681605179 Kt=0.0483794733
[planta] gelatina ciclo=7 rueda=1 V=7.5742785 R=3.69886703 Rpuente=0.622747076 I0=0.102772996 Ke=0.0797648297 Kt=0.0483794733
[sensores] gelatina ToF alcance=762.068176 minimo=39.6465945 sigma_rel=0.0592121553
[gelatina] pulsador recibido: permiso previsto 41288 ms
[planta] rival ciclo=7 rueda=0 V=7.75259792 R=4.32518439 Rpuente=0.635201168 I0=0.209887719 Ke=0.0654142189 Kt=0.0483794733
[planta] rival ciclo=7 rueda=1 V=7.75259792 R=4.0292788 Rpuente=0.687320662 I0=0.209109342 Ke=0.0831461469 Kt=0.0483794733
[sensores] rival ToF alcance=1863.15152 minimo=20.1710284 sigma_rel=0.0886403275
[rival] pulsador recibido: permiso previsto 41288 ms
[arranque] pulsador=36288 permiso=41288 ms
[gelatina] permiso de arranque a los 41288 ms
[gelatina] t=    0 ms  TRACK        rival=si d= 268 mm rumbo=   +0 cdeg  linea=0x0
[rival] permiso de arranque a los 41288 ms
[rival] t=    0 ms  TRACK        rival=si d= 246 mm rumbo=   +0 cdeg  linea=0x0
[rival] t=    7 ms  ATTACK       rival=si d= 246 mm rumbo=   +0 cdeg  linea=0x0
[gelatina] t=  192 ms  ATTACK       rival=si d= 131 mm rumbo=-1459 cdeg  linea=0x0
WARNING: Contact joints between materials 'patin' and 'dohyo' will only be created for the 10 deepest contact points instead of all the 13 contact points.
[gelatina] t=  367 ms  SEARCH       rival=no d=9999 mm rumbo=-3000 cdeg  linea=0x0
[gelatina] t=  487 ms  TRACK        rival=si d=  45 mm rumbo=-3000 cdeg  linea=0x0
[gelatina] t=  495 ms  ATTACK       rival=si d=  45 mm rumbo=-3000 cdeg  linea=0x0
[gelatina] t=  759 ms  SEARCH       rival=no d=9999 mm rumbo=+3000 cdeg  linea=0x1
[arbitro] asalto  6/30  banco    expulsado       -1   0.80 s
[inercia] asalto=6 robot=GELATINA rueda=0 rotor=3.26262665e-05
[inercia] asalto=6 robot=GELATINA rueda=1 rotor=2.82080197e-05
[inercia] asalto=6 robot=RIVAL rueda=0 rotor=3.48587131e-05
[inercia] asalto=6 robot=RIVAL rueda=1 rotor=3.53247898e-05
[planta] asalto=6 mu=1.06612322 slip=0.00198867857 aleatorio=1
WARNING: DEF GELATINA GelatinaNuclear > HingeJoint "rueda_der" > Solid "rueda_der": Webots has detected that this solid is light and oblong according to its inertia matrix. This belongs in the physics edge cases, and can imply weird physical results. Increasing the weight of the object or reducing its eccentricity are recommended.
[gelatina] fin de asalto motor={"battery_v":7.5742785,"resistance_ohm":[4.09043798,3.69886703],"bridge_ohm":[0.527418315,0.622747076],"omega_rad_s":[-7.54352634,70.5176604],"current_a":[-0.804581979,0.451092873],"torque_nm":[-0.030948627,0.0168515322],"applied_pwm":[-0.558418155,1],"over_1_2a_samples":106,"over_3_2a_samples":0}
[gelatina] t=    0 ms  WAIT         rival=no d=9999 mm rumbo=+3000 cdeg  linea=0x0
[rival] fin de asalto motor={"battery_v":7.75259792,"resistance_ohm":[4.32518439,4.0292788],"bridge_ohm":[0.635201168,0.687320662],"omega_rad_s":[34.026611,38.0515119],"current_a":[1.11418229,0.310210394],"torque_nm":[0.043749295,0.00489121565],"applied_pwm":[1,0.596828938],"over_1_2a_samples":81,"over_3_2a_samples":0}
[rival] t=    0 ms  WAIT         rival=no d=9999 mm rumbo=-3000 cdeg  linea=0x3
[planta] gelatina ciclo=8 rueda=0 V=7.61026731 R=3.94129934 Rpuente=0.687080646 I0=0.132445344 Ke=0.0758400655 Kt=0.0483794733
[planta] gelatina ciclo=8 rueda=1 V=7.61026731 R=3.66657438 Rpuente=0.64376322 I0=0.173217541 Ke=0.0662343072 Kt=0.0483794733
[sensores] gelatina ToF alcance=1892.4803 minimo=39.8481733 sigma_rel=0.089592762
[gelatina] pulsador recibido: permiso previsto 47400 ms
[planta] rival ciclo=8 rueda=0 V=7.8170812 R=3.61420321 Rpuente=0.551313353 I0=0.080521971 Ke=0.0779089017 Kt=0.0483794733
[planta] rival ciclo=8 rueda=1 V=7.8170812 R=3.76878104 Rpuente=0.622384787 I0=0.21851036 Ke=0.0682264983 Kt=0.0483794733
[sensores] rival ToF alcance=1243.96493 minimo=22.8506535 sigma_rel=0.0766100645
[rival] pulsador recibido: permiso previsto 47400 ms
[arranque] pulsador=42400 permiso=47400 ms
[gelatina] permiso de arranque a los 47400 ms
[gelatina] t=    0 ms  OPENING      rival=no d=9999 mm rumbo=   +0 cdeg  linea=0x0
[rival] permiso de arranque a los 47400 ms
[rival] t=    0 ms  TRACK        rival=si d= 247 mm rumbo=   +0 cdeg  linea=0x0
[rival] t=    8 ms  ATTACK       rival=si d= 247 mm rumbo=   +0 cdeg  linea=0x0
[gelatina] t=   32 ms  TRACK        rival=si d= 311 mm rumbo=   +0 cdeg  linea=0x0
[gelatina] t=  192 ms  ATTACK       rival=si d= 119 mm rumbo=-1552 cdeg  linea=0x0
WARNING: Contact joints between materials 'rueda' and 'dohyo' will only be created for the 10 deepest contact points instead of all the 24 contact points.
[gelatina] t=  432 ms  SEARCH       rival=no d=9999 mm rumbo=   +0 cdeg  linea=0x0
[gelatina] t=  720 ms  ATTACK       rival=si d=  36 mm rumbo=+3000 cdeg  linea=0x1
[gelatina] t=  856 ms  SEARCH       rival=no d=9999 mm rumbo=+3000 cdeg  linea=0x1
[rival] t= 1176 ms  SEARCH       rival=no d=9999 mm rumbo=+3000 cdeg  linea=0x0
[rival] t= 1184 ms  TRACK        rival=si d=  27 mm rumbo=+3000 cdeg  linea=0x0
[rival] t= 1192 ms  ATTACK       rival=si d=  27 mm rumbo=+3000 cdeg  linea=0x0
WARNING: Contact joints between materials 'rueda' and 'dohyo' will only be created for the 10 deepest contact points instead of all the 12 contact points.
[gelatina] t= 1352 ms  TRACK        rival=si d=  48 mm rumbo=   +0 cdeg  linea=0x0
[gelatina] t= 1360 ms  ATTACK       rival=si d=  48 mm rumbo=   +0 cdeg  linea=0x0
[rival] t= 1384 ms  EDGE_ESCAPE  rival=si d=  37 mm rumbo=+6000 cdeg  linea=0x1
[gelatina] t= 1616 ms  SEARCH       rival=no d=9999 mm rumbo=   +0 cdeg  linea=0x0
[gelatina] t= 1776 ms  TRACK        rival=si d= 250 mm rumbo=+6000 cdeg  linea=0x0
[gelatina] t= 1984 ms  SEARCH       rival=no d=9999 mm rumbo=-6000 cdeg  linea=0x0
[gelatina] t= 2008 ms  TRACK        rival=si d= 253 mm rumbo=-6000 cdeg  linea=0x0
[rival] t= 2048 ms  SEARCH       rival=si d= 273 mm rumbo=+3000 cdeg  linea=0x0
[rival] t= 2056 ms  TRACK        rival=si d= 273 mm rumbo=+3000 cdeg  linea=0x2
[rival] t= 2192 ms  EDGE_ESCAPE  rival=si d= 273 mm rumbo=+3000 cdeg  linea=0x1
WARNING: Contact joints between materials 'patin' and 'dohyo' will only be created for the 10 deepest contact points instead of all the 11 contact points.
[gelatina] t= 2408 ms  ATTACK       rival=si d= 115 mm rumbo=-6000 cdeg  linea=0x0
[gelatina] t= 2640 ms  SEARCH       rival=no d=9999 mm rumbo=+6000 cdeg  linea=0x0
[gelatina] t= 2736 ms  TRACK        rival=si d=  49 mm rumbo=-6000 cdeg  linea=0x0
[gelatina] t= 2744 ms  ATTACK       rival=si d=  49 mm rumbo=-6000 cdeg  linea=0x0
[rival] t= 2856 ms  SEARCH       rival=si d=  37 mm rumbo=+4506 cdeg  linea=0x0
[rival] t= 2864 ms  TRACK        rival=si d=  37 mm rumbo=+4506 cdeg  linea=0x0
[gelatina] t= 2872 ms  SEARCH       rival=no d=9999 mm rumbo=-6000 cdeg  linea=0x0
[rival] t= 2872 ms  ATTACK       rival=si d=  37 mm rumbo=+4506 cdeg  linea=0x0
[gelatina] t= 3064 ms  TRACK        rival=si d=  81 mm rumbo=-4507 cdeg  linea=0x0
[gelatina] t= 3072 ms  ATTACK       rival=si d=  81 mm rumbo=-4507 cdeg  linea=0x0
[rival] t= 3120 ms  SEARCH       rival=no d=9999 mm rumbo=+4506 cdeg  linea=0x0
[gelatina] t= 3264 ms  SEARCH       rival=no d=9999 mm rumbo=+4523 cdeg  linea=0x0
[rival] t= 3296 ms  TRACK        rival=si d= 199 mm rumbo=+6000 cdeg  linea=0x0
[rival] t= 3304 ms  ATTACK       rival=si d= 199 mm rumbo=+6000 cdeg  linea=0x0
[gelatina] t= 3360 ms  TRACK        rival=si d= 216 mm rumbo=+6000 cdeg  linea=0x0
[rival] t= 3720 ms  SEARCH       rival=no d=9999 mm rumbo=-6000 cdeg  linea=0x0
[rival] t= 3728 ms  TRACK        rival=si d= 174 mm rumbo=-6000 cdeg  linea=0x0
[rival] t= 3736 ms  ATTACK       rival=si d= 174 mm rumbo=-6000 cdeg  linea=0x0
[gelatina] t= 3888 ms  ATTACK       rival=si d= 110 mm rumbo=+1508 cdeg  linea=0x0
WARNING: Contact joints between materials 'patin' and 'dohyo' will only be created for the 10 deepest contact points instead of all the 14 contact points.
[gelatina] t= 4096 ms  SEARCH       rival=no d=9999 mm rumbo=-6000 cdeg  linea=0x0
[gelatina] t= 4152 ms  TRACK        rival=si d= 112 mm rumbo=-6000 cdeg  linea=0x0
[gelatina] t= 4160 ms  ATTACK       rival=si d= 112 mm rumbo=-6000 cdeg  linea=0x0
[gelatina] t= 4360 ms  SEARCH       rival=no d=9999 mm rumbo=+3000 cdeg  linea=0x0
[gelatina] t= 4552 ms  TRACK        rival=si d= 120 mm rumbo=+4540 cdeg  linea=0x0
[gelatina] t= 4560 ms  ATTACK       rival=si d= 120 mm rumbo=+4540 cdeg  linea=0x2
[rival] t= 4640 ms  SEARCH       rival=no d=9999 mm rumbo=-4530 cdeg  linea=0x0
[rival] t= 4712 ms  TRACK        rival=si d= 188 mm rumbo=-6000 cdeg  linea=0x0
[rival] t= 4720 ms  ATTACK       rival=si d= 188 mm rumbo=-6000 cdeg  linea=0x0
[gelatina] t= 4784 ms  SEARCH       rival=no d=9999 mm rumbo=-6000 cdeg  linea=0x0
[gelatina] t= 4912 ms  TRACK        rival=si d= 169 mm rumbo=-3000 cdeg  linea=0x0
WARNING: Contact joints between materials 'patin' and 'dohyo' will only be created for the 10 deepest contact points instead of all the 24 contact points.
[gelatina] t= 5112 ms  SEARCH       rival=no d=9999 mm rumbo=+6000 cdeg  linea=0x0
[rival] t= 5136 ms  SEARCH       rival=no d=9999 mm rumbo=+6000 cdeg  linea=0x0
[rival] t= 5144 ms  TRACK        rival=si d= 232 mm rumbo=+6000 cdeg  linea=0x0
[rival] t= 5152 ms  ATTACK       rival=si d= 232 mm rumbo=+6000 cdeg  linea=0x0
[rival] t= 5176 ms  EDGE_ESCAPE  rival=si d= 192 mm rumbo=+4560 cdeg  linea=0x8
[gelatina] t= 5208 ms  TRACK        rival=si d= 245 mm rumbo=+6000 cdeg  linea=0x0
[gelatina] t= 5504 ms  ATTACK       rival=si d= 131 mm rumbo=+3000 cdeg  linea=0x0
[rival] t= 5840 ms  SEARCH       rival=si d=  35 mm rumbo=+3000 cdeg  linea=0x0
[rival] t= 5848 ms  TRACK        rival=si d=  35 mm rumbo=+3000 cdeg  linea=0x0
[rival] t= 5856 ms  ATTACK       rival=si d=  35 mm rumbo=+3000 cdeg  linea=0x0
[gelatina] t= 5944 ms  SEARCH       rival=no d=9999 mm rumbo=   +0 cdeg  linea=0x0
WARNING: Contact joints between materials 'patin' and 'dohyo' will only be created for the 10 deepest contact points instead of all the 12 contact points.
[gelatina] t= 6032 ms  TRACK        rival=si d=  75 mm rumbo=+4556 cdeg  linea=0x0
[gelatina] t= 6040 ms  ATTACK       rival=si d=  75 mm rumbo=+4556 cdeg  linea=0x0
[rival] t= 6104 ms  EDGE_ESCAPE  rival=si d=  29 mm rumbo=-4550 cdeg  linea=0x1
[gelatina] t= 6240 ms  SEARCH       rival=no d=9999 mm rumbo=-4535 cdeg  linea=0x0
[gelatina] t= 6368 ms  TRACK        rival=si d= 211 mm rumbo=-6000 cdeg  linea=0x0
[arbitro] asalto  7/30  banco    rival fuera     +1   6.38 s
[inercia] asalto=7 robot=GELATINA rueda=0 rotor=2.75264398e-05
[inercia] asalto=7 robot=GELATINA rueda=1 rotor=1.34157057e-05
[inercia] asalto=7 robot=RIVAL rueda=0 rotor=2.22894117e-05
[inercia] asalto=7 robot=RIVAL rueda=1 rotor=1.36951441e-05
[planta] asalto=7 mu=0.754957771 slip=0.000744550467 aleatorio=1
WARNING: DEF GELATINA GelatinaNuclear > HingeJoint "rueda_izq" > Solid "rueda_izq": Webots has detected that this solid is light and oblong according to its inertia matrix. This belongs in the physics edge cases, and can imply weird physical results. Increasing the weight of the object or reducing its eccentricity are recommended.
WARNING: DEF RIVAL GelatinaNuclear > HingeJoint "rueda_izq" > Solid "rueda_izq": Webots has detected that this solid is light and oblong according to its inertia matrix. This belongs in the physics edge cases, and can imply weird physical results. Increasing the weight of the object or reducing its eccentricity are recommended.
WARNING: DEF RIVAL GelatinaNuclear > HingeJoint "rueda_der" > Solid "rueda_der": Webots has detected that this solid is light and oblong according to its inertia matrix. This belongs in the physics edge cases, and can imply weird physical results. Increasing the weight of the object or reducing its eccentricity are recommended.
[gelatina] fin de asalto motor={"battery_v":7.61026731,"resistance_ohm":[3.94129934,3.66657438],"bridge_ohm":[0.687080646,0.64376322],"omega_rad_s":[58.2469805,-47.2303852],"current_a":[0.6898337,-0.381614625],"torque_nm":[0.0269661551,-0.0100821412],"applied_pwm":[1,-0.627200007],"over_1_2a_samples":320,"over_3_2a_samples":0}
[gelatina] t=    0 ms  WAIT         rival=si d= 211 mm rumbo=-6000 cdeg  linea=0x0
[rival] fin de asalto motor={"battery_v":7.8170812,"resistance_ohm":[3.61420321,3.76878104],"bridge_ohm":[0.551313353,0.622384787],"omega_rad_s":[-59.6205905,-81.6980691],"current_a":[-0.198530598,-0.510822891],"torque_nm":[-0.0057091952,-0.0141419263],"applied_pwm":[-0.700000048,-1],"over_1_2a_samples":192,"over_3_2a_samples":0}
[rival] t=    0 ms  WAIT         rival=no d=9999 mm rumbo=   +0 cdeg  linea=0x1
[planta] gelatina ciclo=9 rueda=0 V=7.64408584 R=4.30190868 Rpuente=0.698976374 I0=0.0778045356 Ke=0.0751103081 Kt=0.0483794733
[planta] gelatina ciclo=9 rueda=1 V=7.64408584 R=3.641607 Rpuente=0.519949734 I0=0.143970314 Ke=0.0864147125 Kt=0.0483794733
[sensores] gelatina ToF alcance=1843.21398 minimo=45.8316362 sigma_rel=0.0469088268
[gelatina] pulsador recibido: permiso previsto 59088 ms
[planta] rival ciclo=9 rueda=0 V=7.5674217 R=3.81154442 Rpuente=0.606800556 I0=0.108524323 Ke=0.097516376 Kt=0.0483794733
[planta] rival ciclo=9 rueda=1 V=7.5674217 R=3.72231936 Rpuente=0.671466458 I0=0.124599597 Ke=0.075415294 Kt=0.0483794733
[sensores] rival ToF alcance=883.033025 minimo=33.8838542 sigma_rel=0.0670528698
[rival] pulsador recibido: permiso previsto 59088 ms
[arranque] pulsador=54088 permiso=59088 ms
[gelatina] permiso de arranque a los 59088 ms
[gelatina] t=    0 ms  TRACK        rival=si d= 323 mm rumbo=   +0 cdeg  linea=0x0
[rival] permiso de arranque a los 59088 ms
[rival] t=    0 ms  TRACK        rival=si d= 280 mm rumbo=   +0 cdeg  linea=0x0
[rival] t=  128 ms  ATTACK       rival=si d= 242 mm rumbo=   +0 cdeg  linea=0x0
[gelatina] t=  256 ms  ATTACK       rival=si d=  93 mm rumbo=   +0 cdeg  linea=0x0
WARNING: Contact joints between materials 'patin' and 'dohyo' will only be created for the 10 deepest contact points instead of all the 86 contact points.
[gelatina] t=  592 ms  SEARCH       rival=no d=9999 mm rumbo=-3000 cdeg  linea=0x0
[gelatina] t=  888 ms  TRACK        rival=si d=  42 mm rumbo=   +0 cdeg  linea=0x0
[gelatina] t=  896 ms  ATTACK       rival=si d=  42 mm rumbo=   +0 cdeg  linea=0x0
[gelatina] t= 1120 ms  SEARCH       rival=no d=9999 mm rumbo=+6000 cdeg  linea=0x0
[gelatina] t= 1216 ms  ATTACK       rival=si d=  45 mm rumbo=+3000 cdeg  linea=0x1
WARNING: Contact joints between materials 'patin' and 'dohyo' will only be created for the 10 deepest contact points instead of all the 16 contact points.
[gelatina] t= 1416 ms  SEARCH       rival=no d=9999 mm rumbo=+3000 cdeg  linea=0x0
[gelatina] t= 1512 ms  TRACK        rival=si d=  46 mm rumbo=+6000 cdeg  linea=0x0
[gelatina] t= 1520 ms  ATTACK       rival=si d=  46 mm rumbo=+6000 cdeg  linea=0x0
[rival] t= 1608 ms  SEARCH       rival=no d=9999 mm rumbo=   +0 cdeg  linea=0x0
[gelatina] t= 1648 ms  SEARCH       rival=no d=9999 mm rumbo=+6000 cdeg  linea=0x0
[gelatina] t= 1680 ms  TRACK        rival=si d=  56 mm rumbo=+6000 cdeg  linea=0x0
[gelatina] t= 1688 ms  ATTACK       rival=si d=  56 mm rumbo=+6000 cdeg  linea=0x0
[rival] t= 1712 ms  TRACK        rival=si d=  47 mm rumbo=-6000 cdeg  linea=0x0
[rival] t= 1720 ms  ATTACK       rival=si d=  47 mm rumbo=-6000 cdeg  linea=0x0
[arbitro] asalto  8/30  banco    expulsado       -1   1.98 s
[inercia] asalto=8 robot=GELATINA rueda=0 rotor=1.79272499e-05
[inercia] asalto=8 robot=GELATINA rueda=1 rotor=9.51810461e-06
[inercia] asalto=8 robot=RIVAL rueda=0 rotor=3.46787792e-05
[inercia] asalto=8 robot=RIVAL rueda=1 rotor=1.52327709e-05
[planta] asalto=8 mu=1.19211463 slip=0.00174366271 aleatorio=1
[gelatina] fin de asalto motor={"battery_v":7.64408584,"resistance_ohm":[4.30190868,3.641607],"bridge_ohm":[0.698976374,0.519949734],"omega_rad_s":[67.0764682,7.99396117],"current_a":[0.521098088,0.127898792],"torque_nm":[0.0214463086,-0.000777530176],"applied_pwm":[1,0.160000026],"over_1_2a_samples":334,"over_3_2a_samples":0}
[gelatina] t=    0 ms  WAIT         rival=si d= 123 mm rumbo=-5368 cdeg  linea=0x8
[rival] fin de asalto motor={"battery_v":7.5674217,"resistance_ohm":[3.81154442,3.72231936],"bridge_ohm":[0.606800556,0.671466458],"omega_rad_s":[55.9756404,18.9604011],"current_a":[0.477300916,0.702481222],"torque_nm":[0.0178412174,0.0279576087],"applied_pwm":[1,0.596828938],"over_1_2a_samples":199,"over_3_2a_samples":0}
[rival] t=    0 ms  WAIT         rival=no d=9999 mm rumbo=-3000 cdeg  linea=0x1
[planta] gelatina ciclo=10 rueda=0 V=7.68007473 R=4.15277009 Rpuente=0.658638716 I0=0.195373553 Ke=0.074630988 Kt=0.0483794733
[planta] gelatina ciclo=10 rueda=1 V=7.68007473 R=3.60931435 Rpuente=0.540965879 I0=0.214414859 Ke=0.0707102202 Kt=0.0483794733
[sensores] gelatina ToF alcance=1673.6261 minimo=46.0332131 sigma_rel=0.0772894335
[gelatina] pulsador recibido: permiso previsto 66376 ms
[planta] rival ciclo=10 rueda=0 V=7.05552305 R=3.81149516 Rpuente=0.69326303 I0=0.0777789295 Ke=0.0794629481 Kt=0.0483794733
[planta] rival ciclo=10 rueda=1 V=7.05552305 R=4.06926346 Rpuente=0.545976555 I0=0.21167028 Ke=0.0728582793 Kt=0.0483794733
[sensores] rival ToF alcance=1193.1313 minimo=34.9402601 sigma_rel=0.0501820707
[rival] pulsador recibido: permiso previsto 66376 ms
[arranque] pulsador=61376 permiso=66376 ms
[gelatina] permiso de arranque a los 66376 ms
[gelatina] t=    0 ms  TRACK        rival=si d= 267 mm rumbo=   +0 cdeg  linea=0x0
[rival] permiso de arranque a los 66376 ms
[rival] t=    0 ms  TRACK        rival=si d= 306 mm rumbo=   +0 cdeg  linea=0x0
[rival] t=   96 ms  ATTACK       rival=si d= 256 mm rumbo=   +0 cdeg  linea=0x0
[gelatina] t=  224 ms  ATTACK       rival=si d= 100 mm rumbo=+1505 cdeg  linea=0x0
WARNING: Contact joints between materials 'patin' and 'dohyo' will only be created for the 10 deepest contact points instead of all the 91 contact points.
[gelatina] t=  400 ms  SEARCH       rival=no d=9999 mm rumbo=   +0 cdeg  linea=0x2
[rival] t=  712 ms  SEARCH       rival=no d=9999 mm rumbo=-3000 cdeg  linea=0x0
[gelatina] t=  752 ms  TRACK        rival=si d=  48 mm rumbo=-3000 cdeg  linea=0x0
[gelatina] t=  760 ms  ATTACK       rival=si d=  48 mm rumbo=-3000 cdeg  linea=0x0
[rival] t=  784 ms  TRACK        rival=si d=  29 mm rumbo=+2960 cdeg  linea=0x0
[rival] t=  792 ms  ATTACK       rival=si d=  29 mm rumbo=+2960 cdeg  linea=0x0
[gelatina] t= 1120 ms  SEARCH       rival=no d=9999 mm rumbo=+1520 cdeg  linea=0x0
[gelatina] t= 1152 ms  TRACK        rival=si d=  54 mm rumbo=+6000 cdeg  linea=0x0
[gelatina] t= 1160 ms  ATTACK       rival=si d=  54 mm rumbo=+6000 cdeg  linea=0x0
WARNING: Contact joints between materials 'patin' and 'dohyo' will only be created for the 10 deepest contact points instead of all the 11 contact points.
[arbitro] asalto  9/30  banco    rival fuera     +1   1.26 s
[inercia] asalto=9 robot=GELATINA rueda=0 rotor=1.93642069e-05
[inercia] asalto=9 robot=GELATINA rueda=1 rotor=1.02621617e-05
[inercia] asalto=9 robot=RIVAL rueda=0 rotor=1.83291403e-05
[inercia] asalto=9 robot=RIVAL rueda=1 rotor=1.2540775e-05
[planta] asalto=9 mu=1.43153319 slip=5.18010855e-05 aleatorio=1
WARNING: DEF RIVAL GelatinaNuclear > HingeJoint "rueda_izq" > Solid "rueda_izq": Webots has detected that this solid is light and oblong according to its inertia matrix. This belongs in the physics edge cases, and can imply weird physical results. Increasing the weight of the object or reducing its eccentricity are recommended.
[gelatina] fin de asalto motor={"battery_v":7.68007473,"resistance_ohm":[4.15277009,3.60931435],"bridge_ohm":[0.658638716,0.540965879],"omega_rad_s":[-3.27529041,70.4298346],"current_a":[0.75566635,0.650550196],"torque_nm":[0.0459838288,0.0210999979],"applied_pwm":[0.441581845,1],"over_1_2a_samples":353,"over_3_2a_samples":0}
[gelatina] t=    0 ms  WAIT         rival=si d=  55 mm rumbo=+3000 cdeg  linea=0x0
[rival] fin de asalto motor={"battery_v":7.05552305,"resistance_ohm":[3.81149516,4.06926346],"bridge_ohm":[0.69326303,0.545976555],"omega_rad_s":[75.1796138,30.0661967],"current_a":[0.240085984,0.136859121],"torque_nm":[0.0078523298,-0.00361932445],"applied_pwm":[1,0.399999976],"over_1_2a_samples":214,"over_3_2a_samples":0}
[rival] t=    0 ms  WAIT         rival=si d= 244 mm rumbo=-6000 cdeg  linea=0x0
[planta] gelatina ciclo=11 rueda=0 V=7.71389326 R=3.71337938 Rpuente=0.670534432 I0=0.140732753 Ke=0.0753222627 Kt=0.0483794733
[planta] gelatina ciclo=11 rueda=1 V=7.71389326 R=4.38434691 Rpuente=0.617152393 I0=0.185167623 Ke=0.0921916795 Kt=0.0483794733
[sensores] gelatina ToF alcance=1624.35977 minimo=22.0166779 sigma_rel=0.114605503
[gelatina] pulsador recibido: permiso previsto 72944 ms
[planta] rival ciclo=11 rueda=0 V=8.34476242 R=4.18496747 Rpuente=0.605813777 I0=0.177209732 Ke=0.0724899875 Kt=0.0483794733
[planta] rival ciclo=11 rueda=1 V=8.34476242 R=4.35398736 Rpuente=0.664154279 I0=0.198033249 Ke=0.0690945462 Kt=0.0483794733
[sensores] rival ToF alcance=931.619328 minimo=35.9328008 sigma_rel=0.076755271
[rival] pulsador recibido: permiso previsto 72944 ms
[arranque] pulsador=67944 permiso=72944 ms
[gelatina] permiso de arranque a los 72944 ms
[gelatina] t=    0 ms  TRACK        rival=si d= 303 mm rumbo=   +0 cdeg  linea=0x0
[rival] permiso de arranque a los 72944 ms
[rival] t=    0 ms  TRACK        rival=si d= 277 mm rumbo=   +0 cdeg  linea=0x0
[rival] t=   96 ms  ATTACK       rival=si d= 249 mm rumbo=   +0 cdeg  linea=0x0
[gelatina] t=  192 ms  ATTACK       rival=si d= 124 mm rumbo=   +0 cdeg  linea=0x0
WARNING: Contact joints between materials 'rueda' and 'dohyo' will only be created for the 10 deepest contact points instead of all the 11 contact points.
[rival] t=  512 ms  SEARCH       rival=no d=9999 mm rumbo=+1512 cdeg  linea=0x0
[rival] t=  784 ms  TRACK        rival=si d=  83 mm rumbo=   +0 cdeg  linea=0x0
[rival] t=  792 ms  ATTACK       rival=si d=  83 mm rumbo=   +0 cdeg  linea=0x0
[gelatina] t=  992 ms  SEARCH       rival=no d=9999 mm rumbo=+6000 cdeg  linea=0x1
[rival] t= 1080 ms  SEARCH       rival=no d=9999 mm rumbo=   +0 cdeg  linea=0x0
[rival] t= 1152 ms  TRACK        rival=si d=  53 mm rumbo=-3000 cdeg  linea=0x0
[rival] t= 1160 ms  ATTACK       rival=si d=  53 mm rumbo=-3000 cdeg  linea=0x0
[gelatina] t= 1184 ms  TRACK        rival=si d=  26 mm rumbo=+6000 cdeg  linea=0x8
[gelatina] t= 1192 ms  ATTACK       rival=si d=  26 mm rumbo=+6000 cdeg  linea=0x8
[arbitro] asalto 10/30  banco    expulsado       -1   1.24 s
[inercia] asalto=10 robot=GELATINA rueda=0 rotor=1.29774204e-05
[inercia] asalto=10 robot=GELATINA rueda=1 rotor=2.5496477e-05
[inercia] asalto=10 robot=RIVAL rueda=0 rotor=3.04455067e-05
[inercia] asalto=10 robot=RIVAL rueda=1 rotor=3.42000178e-05
[planta] asalto=10 mu=1.40963463 slip=0.000815753222 aleatorio=1
[gelatina] fin de asalto motor={"battery_v":7.71389326,"resistance_ohm":[3.71337938,4.38434691],"bridge_ohm":[0.670534432,0.617152393],"omega_rad_s":[-13.7746442,77.306941],"current_a":[0.892644537,0.117332123],"torque_nm":[0.0499942491,-0.00328184575],"applied_pwm":[0.372799993,1],"over_1_2a_samples":369,"over_3_2a_samples":0}
[gelatina] t=    0 ms  WAIT         rival=si d= 102 mm rumbo=-1652 cdeg  linea=0x0
[rival] fin de asalto motor={"battery_v":8.34476242,"resistance_ohm":[4.18496747,4.35398736],"bridge_ohm":[0.605813777,0.664154279],"omega_rad_s":[27.7744906,46.074164],"current_a":[1.32157776,0.358085198],"torque_nm":[0.0553639224,0.00774322897],"applied_pwm":[1,0.596828938],"over_1_2a_samples":250,"over_3_2a_samples":0}
[rival] t=    0 ms  WAIT         rival=no d=9999 mm rumbo=-3000 cdeg  linea=0x1
WARNING: Contact joints between materials 'patin' and 'dohyo' will only be created for the 10 deepest contact points instead of all the 16 contact points.
[planta] gelatina ciclo=12 rueda=0 V=7.74988215 R=4.36424079 Rpuente=0.630196774 I0=0.108301771 Ke=0.0827230054 Kt=0.0483794733
[planta] gelatina ciclo=12 rueda=1 V=7.74988215 R=4.35205426 Rpuente=0.638168538 I0=0.105612168 Ke=0.0829160018 Kt=0.0483794733
[sensores] gelatina ToF alcance=1454.77189 minimo=22.2182548 sigma_rel=0.064986105
[gelatina] pulsador recibido: permiso previsto 79496 ms
[planta] rival ciclo=12 rueda=0 V=7.47017006 R=3.82745032 Rpuente=0.542386186 I0=0.168449083 Ke=0.0899085413 Kt=0.0483794733
[planta] rival ciclo=12 rueda=1 V=7.47017006 R=3.74680791 Rpuente=0.525278199 I0=0.106690541 Ke=0.0706816333 Kt=0.0483794733
[sensores] rival ToF alcance=1421.78903 minimo=43.077755 sigma_rel=0.0661555958
[rival] pulsador recibido: permiso previsto 79496 ms
[arranque] pulsador=74496 permiso=79496 ms
[gelatina] permiso de arranque a los 79496 ms
[gelatina] t=    0 ms  TRACK        rival=si d= 310 mm rumbo=   +0 cdeg  linea=0x0
[rival] permiso de arranque a los 79496 ms
[rival] t=    0 ms  TRACK        rival=si d= 315 mm rumbo=   +0 cdeg  linea=0x0
[rival] t=  128 ms  ATTACK       rival=si d= 237 mm rumbo=   +0 cdeg  linea=0x0
[gelatina] t=  224 ms  ATTACK       rival=si d= 118 mm rumbo=-1482 cdeg  linea=0x0
WARNING: Contact joints between materials 'patin' and 'dohyo' will only be created for the 10 deepest contact points instead of all the 32 contact points.
[rival] t=  776 ms  SEARCH       rival=no d=9999 mm rumbo=+3000 cdeg  linea=0x0
[rival] t=  824 ms  TRACK        rival=si d=  95 mm rumbo=+3000 cdeg  linea=0x4
[rival] t=  832 ms  ATTACK       rival=si d=  95 mm rumbo=+3000 cdeg  linea=0x4
[arbitro] asalto 11/30  banco    rival fuera     +1   1.08 s
[inercia] asalto=11 robot=GELATINA rueda=0 rotor=3.59326755e-05
[inercia] asalto=11 robot=GELATINA rueda=1 rotor=3.07028105e-05
[inercia] asalto=11 robot=RIVAL rueda=0 rotor=2.12941518e-05
[inercia] asalto=11 robot=RIVAL rueda=1 rotor=1.95678381e-05
[planta] asalto=11 mu=0.611160374 slip=6.14310503e-05 aleatorio=1
WARNING: DEF RIVAL GelatinaNuclear > HingeJoint "rueda_der" > Solid "rueda_der": Webots has detected that this solid is light and oblong according to its inertia matrix. This belongs in the physics edge cases, and can imply weird physical results. Increasing the weight of the object or reducing its eccentricity are recommended.
[gelatina] fin de asalto motor={"battery_v":7.74988215,"resistance_ohm":[4.36424079,4.35205426],"bridge_ohm":[0.630196774,0.638168538],"omega_rad_s":[80.2755677,4.51639098],"current_a":[0.222096265,0.173439203],"torque_nm":[0.00550531769,0.00328265654],"applied_pwm":[1,0.160000026],"over_1_2a_samples":381,"over_3_2a_samples":0}
[gelatina] t=    0 ms  WAIT         rival=si d=  29 mm rumbo=+3000 cdeg  linea=0x0
[rival] fin de asalto motor={"battery_v":7.47017006,"resistance_ohm":[3.82745032,3.74680791],"bridge_ohm":[0.542386186,0.525278199],"omega_rad_s":[40.9757198,27.8349694],"current_a":[0.181338055,1.2880707],"torque_nm":[0.000623561701,0.05715455],"applied_pwm":[0.599248052,1],"over_1_2a_samples":265,"over_3_2a_samples":0}
[rival] t=    0 ms  WAIT         rival=no d=9999 mm rumbo=+2982 cdeg  linea=0x2
[planta] gelatina ciclo=13 rueda=0 V=7.78370068 R=3.92485013 Rpuente=0.642092502 I0=0.203660962 Ke=0.0742814305 Kt=0.0483794733
[planta] gelatina ciclo=13 rueda=1 V=7.78370068 R=4.32708683 Rpuente=0.514355052 I0=0.0763649404 Ke=0.0741961264 Kt=0.0483794733
[sensores] gelatina ToF alcance=1405.5055 minimo=28.2017177 sigma_rel=0.102302175
[gelatina] pulsador recibido: permiso previsto 85888 ms
[planta] rival ciclo=13 rueda=0 V=7.35940934 R=4.20092268 Rpuente=0.654936934 I0=0.117879885 Ke=0.0912495989 Kt=0.0483794733
[planta] rival ciclo=13 rueda=1 V=7.35940934 R=4.03153186 Rpuente=0.643455923 I0=0.0930535108 Ke=0.100742583 Kt=0.0483794733
[sensores] rival ToF alcance=1160.27706 minimo=44.0702975 sigma_rel=0.092728796
[rival] pulsador recibido: permiso previsto 85888 ms
[arranque] pulsador=80888 permiso=85888 ms
[gelatina] permiso de arranque a los 85888 ms
[gelatina] t=    0 ms  TRACK        rival=si d= 321 mm rumbo=   +0 cdeg  linea=0x0
[rival] permiso de arranque a los 85888 ms
[rival] t=    0 ms  TRACK        rival=si d= 237 mm rumbo=   +0 cdeg  linea=0x0
[rival] t=    8 ms  ATTACK       rival=si d= 237 mm rumbo=   +0 cdeg  linea=0x0
[gelatina] t=  224 ms  ATTACK       rival=si d= 102 mm rumbo=-1464 cdeg  linea=0x0
WARNING: Contact joints between materials 'patin' and 'dohyo' will only be created for the 10 deepest contact points instead of all the 90 contact points.
[gelatina] t=  432 ms  SEARCH       rival=no d=9999 mm rumbo=-3014 cdeg  linea=0x0
[rival] t=  552 ms  SEARCH       rival=no d=9999 mm rumbo=-1506 cdeg  linea=0x4
[rival] t=  560 ms  TRACK        rival=si d=  92 mm rumbo=+3000 cdeg  linea=0x4
[rival] t=  568 ms  ATTACK       rival=si d=  92 mm rumbo=+3000 cdeg  linea=0x4
[gelatina] t=  592 ms  TRACK        rival=si d=  82 mm rumbo=+3000 cdeg  linea=0x0
[gelatina] t=  600 ms  ATTACK       rival=si d=  82 mm rumbo=+3000 cdeg  linea=0x0
[gelatina] t=  728 ms  SEARCH       rival=no d=9999 mm rumbo=+3000 cdeg  linea=0x0
[gelatina] t=  920 ms  TRACK        rival=si d=  31 mm rumbo=+4514 cdeg  linea=0x0
[gelatina] t=  928 ms  ATTACK       rival=si d=  31 mm rumbo=+4514 cdeg  linea=0x0
[gelatina] t= 1120 ms  SEARCH       rival=no d=9999 mm rumbo=+3000 cdeg  linea=0x0
[gelatina] t= 1152 ms  TRACK        rival=si d=  32 mm rumbo=-3000 cdeg  linea=0x0
[gelatina] t= 1160 ms  ATTACK       rival=si d=  32 mm rumbo=-3000 cdeg  linea=0x0
WARNING: Contact joints between materials 'patin' and 'dohyo' will only be created for the 10 deepest contact points instead of all the 72 contact points.
[gelatina] t= 1384 ms  SEARCH       rival=no d=9999 mm rumbo=-6000 cdeg  linea=0x0
[gelatina] t= 1480 ms  TRACK        rival=si d=  34 mm rumbo=-3000 cdeg  linea=0x0
[gelatina] t= 1488 ms  ATTACK       rival=si d=  34 mm rumbo=-3000 cdeg  linea=0x0
[rival] t= 1768 ms  SEARCH       rival=no d=9999 mm rumbo=-3000 cdeg  linea=0x0
[rival] t= 1808 ms  TRACK        rival=si d=  82 mm rumbo=-6000 cdeg  linea=0x0
[rival] t= 1816 ms  ATTACK       rival=si d=  82 mm rumbo=-6000 cdeg  linea=0x0
[gelatina] t= 2016 ms  SEARCH       rival=no d=9999 mm rumbo=-3000 cdeg  linea=0x0
[gelatina] t= 2176 ms  TRACK        rival=si d= 159 mm rumbo=-6000 cdeg  linea=0x0
[gelatina] t= 2208 ms  ATTACK       rival=si d= 125 mm rumbo=-1509 cdeg  linea=0x0
[gelatina] t= 2408 ms  SEARCH       rival=no d=9999 mm rumbo=+6000 cdeg  linea=0x0
[gelatina] t= 2568 ms  TRACK        rival=si d=  38 mm rumbo=+6000 cdeg  linea=0x0
[gelatina] t= 2576 ms  ATTACK       rival=si d=  38 mm rumbo=+6000 cdeg  linea=0x0
WARNING: Contact joints between materials 'patin' and 'dohyo' will only be created for the 10 deepest contact points instead of all the 16 contact points.
[gelatina] t= 2736 ms  SEARCH       rival=no d=9999 mm rumbo=+3018 cdeg  linea=0x0
[gelatina] t= 2768 ms  TRACK        rival=si d=  37 mm rumbo=-6000 cdeg  linea=0x0
[gelatina] t= 2776 ms  ATTACK       rival=si d=  37 mm rumbo=-6000 cdeg  linea=0x0
[rival] t= 2888 ms  SEARCH       rival=no d=9999 mm rumbo=+6000 cdeg  linea=0x0
[rival] t= 2896 ms  TRACK        rival=si d=  38 mm rumbo=   +0 cdeg  linea=0x0
[rival] t= 2904 ms  ATTACK       rival=si d=  38 mm rumbo=   +0 cdeg  linea=0x0
[gelatina] t= 3040 ms  SEARCH       rival=no d=9999 mm rumbo=-3000 cdeg  linea=0x0
[gelatina] t= 3064 ms  TRACK        rival=si d=  29 mm rumbo=+3000 cdeg  linea=0x0
[gelatina] t= 3072 ms  ATTACK       rival=si d=  29 mm rumbo=+3000 cdeg  linea=0x0
[arbitro] asalto 12/30  banco    rival fuera     +1   3.45 s
[inercia] asalto=12 robot=GELATINA rueda=0 rotor=2.88082981e-05
[inercia] asalto=12 robot=GELATINA rueda=1 rotor=2.21846125e-05
[inercia] asalto=12 robot=RIVAL rueda=0 rotor=2.02228593e-05
[inercia] asalto=12 robot=RIVAL rueda=1 rotor=1.29426815e-05
[planta] asalto=12 mu=1.27170733 slip=0.00193049967 aleatorio=1
WARNING: DEF GELATINA GelatinaNuclear > HingeJoint "rueda_izq" > Solid "rueda_izq": Webots has detected that this solid is light and oblong according to its inertia matrix. This belongs in the physics edge cases, and can imply weird physical results. Increasing the weight of the object or reducing its eccentricity are recommended.
WARNING: DEF GELATINA GelatinaNuclear > HingeJoint "rueda_der" > Solid "rueda_der": Webots has detected that this solid is light and oblong according to its inertia matrix. This belongs in the physics edge cases, and can imply weird physical results. Increasing the weight of the object or reducing its eccentricity are recommended.
[gelatina] fin de asalto motor={"battery_v":7.78370068,"resistance_ohm":[3.92485013,4.32708683],"bridge_ohm":[0.642092502,0.514355052],"omega_rad_s":[32.9203441,71.9704184],"current_a":[0.217162933,0.504761697],"torque_nm":[0.000653218269,0.0207256095],"applied_pwm":[0.441581845,1],"over_1_2a_samples":424,"over_3_2a_samples":0}
[gelatina] t=    0 ms  WAIT         rival=si d= 329 mm rumbo=   +0 cdeg  linea=0x0
[rival] fin de asalto motor={"battery_v":7.35940934,"resistance_ohm":[4.20092268,4.03153186],"bridge_ohm":[0.654936934,0.643455923],"omega_rad_s":[55.2464234,69.1049521],"current_a":[-0.207161463,0.085047914],"torque_nm":[-0.0157253293,-0.000387306556],"applied_pwm":[0.548313975,1],"over_1_2a_samples":268,"over_3_2a_samples":0}
[rival] t=    0 ms  WAIT         rival=si d= 109 mm rumbo=+3400 cdeg  linea=0x0
[planta] gelatina ciclo=14 rueda=0 V=7.81968949 R=3.77571149 Rpuente=0.601754832 I0=0.171229979 Ke=0.0835035964 Kt=0.0483794733
[planta] gelatina ciclo=14 rueda=1 V=7.81968949 R=4.29479418 Rpuente=0.535371196 I0=0.146809486 Ke=0.0898969561 Kt=0.0483794733
[sensores] gelatina ToF alcance=1235.91762 minimo=28.4032965 sigma_rel=0.0526827812
[gelatina] pulsador recibido: permiso previsto 94648 ms
[planta] rival ciclo=14 rueda=0 V=7.06243634 R=4.2253078 Rpuente=0.678492641 I0=0.166264021 Ke=0.0672468628 Kt=0.0483794733
[planta] rival ciclo=14 rueda=1 V=7.06243634 R=3.72538314 Rpuente=0.599042988 I0=0.217331082 Ke=0.0752747108 Kt=0.0483794733
[sensores] rival ToF alcance=1359.72791 minimo=31.8657815 sigma_rel=0.0640428019
[rival] pulsador recibido: permiso previsto 94648 ms
[arranque] pulsador=89648 permiso=94648 ms
[gelatina] permiso de arranque a los 94648 ms
[gelatina] t=    0 ms  TRACK        rival=si d= 244 mm rumbo=   +0 cdeg  linea=0x0
[rival] permiso de arranque a los 94648 ms
[rival] t=    0 ms  TRACK        rival=si d= 284 mm rumbo=   +0 cdeg  linea=0x0
[rival] t=   32 ms  ATTACK       rival=si d= 255 mm rumbo=   +0 cdeg  linea=0x0
[gelatina] t=  192 ms  ATTACK       rival=si d= 129 mm rumbo=+1475 cdeg  linea=0x0
WARNING: Contact joints between materials 'patin' and 'dohyo' will only be created for the 10 deepest contact points instead of all the 72 contact points.
[rival] t=  512 ms  SEARCH       rival=no d=9999 mm rumbo=+1503 cdeg  linea=0x0
[rival] t=  520 ms  TRACK        rival=si d=  34 mm rumbo=+3000 cdeg  linea=0x0
[rival] t=  528 ms  ATTACK       rival=si d=  34 mm rumbo=+3000 cdeg  linea=0x0
[arbitro] asalto 13/30  banco    expulsado       -1   0.76 s
[inercia] asalto=13 robot=GELATINA rueda=0 rotor=2.61794023e-05
[inercia] asalto=13 robot=GELATINA rueda=1 rotor=2.46104581e-05
[inercia] asalto=13 robot=RIVAL rueda=0 rotor=2.3552737e-05
[inercia] asalto=13 robot=RIVAL rueda=1 rotor=1.04106477e-05
[planta] asalto=13 mu=1.50209305 slip=0.0014939425 aleatorio=1
[gelatina] fin de asalto motor={"battery_v":7.81968949,"resistance_ohm":[3.77571149,4.29479418],"bridge_ohm":[0.601754832,0.535371196],"omega_rad_s":[24.2925698,67.6791528],"current_a":[0.325420201,0.359312679],"torque_nm":[0.00745964171,0.0102807926],"applied_pwm":[0.441581845,1],"over_1_2a_samples":427,"over_3_2a_samples":0}
[gelatina] t=    0 ms  WAIT         rival=no d=9999 mm rumbo=+3000 cdeg  linea=0x4
[rival] fin de asalto motor={"battery_v":7.06243634,"resistance_ohm":[4.2253078,3.72538314],"bridge_ohm":[0.678492641,0.599042988],"omega_rad_s":[46.7324254,42.6178343],"current_a":[0.794777804,0.238047036],"torque_nm":[0.0304071658,0.00100222697],"applied_pwm":[0.996828914,0.600000024],"over_1_2a_samples":281,"over_3_2a_samples":0}
[rival] t=    0 ms  WAIT         rival=si d=  30 mm rumbo=-3003 cdeg  linea=0x3
[planta] gelatina ciclo=15 rueda=0 V=7.8535081 R=4.13632083 Rpuente=0.61365056 I0=0.11658918 Ke=0.0819797387 Kt=0.0483794733
[planta] gelatina ciclo=15 rueda=1 V=7.8535081 R=4.26982679 Rpuente=0.61155771 I0=0.117562258 Ke=0.0793098335 Kt=0.0483794733
[sensores] gelatina ToF alcance=1186.6513 minimo=34.3867594 sigma_rel=0.0899988461
[gelatina] pulsador recibido: permiso previsto 100720 ms
[planta] rival ciclo=15 rueda=0 V=7.79608055 R=3.89425573 Rpuente=0.562789214 I0=0.12998102 Ke=0.0820266753 Kt=0.0483794733
[planta] rival ciclo=15 rueda=1 V=7.79608055 R=4.28536472 Rpuente=0.640836501 I0=0.182599112 Ke=0.0697131144 Kt=0.0483794733
[sensores] rival ToF alcance=700.536126 minimo=43.0209565 sigma_rel=0.106094422
[rival] pulsador recibido: permiso previsto 100720 ms
[arranque] pulsador=95720 permiso=100720 ms
[gelatina] permiso de arranque a los 100720 ms
[gelatina] t=    0 ms  TRACK        rival=si d= 283 mm rumbo=   +0 cdeg  linea=0x0
[rival] permiso de arranque a los 100720 ms
[rival] t=    0 ms  TRACK        rival=si d= 282 mm rumbo=   +0 cdeg  linea=0x0
[rival] t=   32 ms  ATTACK       rival=si d= 239 mm rumbo=   +0 cdeg  linea=0x0
[gelatina] t=  224 ms  ATTACK       rival=si d= 102 mm rumbo=   +0 cdeg  linea=0x0
WARNING: Contact joints between materials 'patin' and 'dohyo' will only be created for the 10 deepest contact points instead of all the 21 contact points.
[gelatina] t=  400 ms  SEARCH       rival=no d=9999 mm rumbo=+1478 cdeg  linea=0x0
[gelatina] t=  488 ms  TRACK        rival=si d=  35 mm rumbo=   +0 cdeg  linea=0x0
[gelatina] t=  496 ms  ATTACK       rival=si d=  35 mm rumbo=   +0 cdeg  linea=0x0
[gelatina] t=  624 ms  SEARCH       rival=no d=9999 mm rumbo=   +0 cdeg  linea=0x0
[gelatina] t=  784 ms  TRACK        rival=si d=  95 mm rumbo=+6000 cdeg  linea=0x0
[gelatina] t=  792 ms  ATTACK       rival=si d=  95 mm rumbo=+6000 cdeg  linea=0x0
[gelatina] t= 1024 ms  SEARCH       rival=no d=9999 mm rumbo=   +0 cdeg  linea=0x0
[rival] t= 1208 ms  SEARCH       rival=no d=9999 mm rumbo=+3000 cdeg  linea=0x0
[gelatina] t= 1216 ms  TRACK        rival=si d=  37 mm rumbo=-6000 cdeg  linea=0x0
[gelatina] t= 1224 ms  ATTACK       rival=si d=  37 mm rumbo=-6000 cdeg  linea=0x0
[rival] t= 1312 ms  TRACK        rival=si d=  49 mm rumbo=+6000 cdeg  linea=0x8
[rival] t= 1320 ms  ATTACK       rival=si d=  49 mm rumbo=+6000 cdeg  linea=0x8
[gelatina] t= 1352 ms  SEARCH       rival=no d=9999 mm rumbo=-6000 cdeg  linea=0x0
[gelatina] t= 1480 ms  TRACK        rival=si d=  36 mm rumbo=-6000 cdeg  linea=0x0
[gelatina] t= 1488 ms  ATTACK       rival=si d=  36 mm rumbo=-6000 cdeg  linea=0x0
WARNING: Contact joints between materials 'patin' and 'dohyo' will only be created for the 10 deepest contact points instead of all the 14 contact points.
[rival] t= 1672 ms  SEARCH       rival=no d=9999 mm rumbo=   +0 cdeg  linea=0x8
[rival] t= 1680 ms  TRACK        rival=si d= 484 mm rumbo=-6000 cdeg  linea=0x0
[rival] t= 1712 ms  ATTACK       rival=si d=  84 mm rumbo=-4601 cdeg  linea=0x0
[gelatina] t= 1720 ms  SEARCH       rival=no d=9999 mm rumbo=+6000 cdeg  linea=0x0
[gelatina] t= 1776 ms  TRACK        rival=si d= 191 mm rumbo=+6000 cdeg  linea=0x0
[gelatina] t= 1976 ms  ATTACK       rival=si d= 129 mm rumbo=-6000 cdeg  linea=0x0
[arbitro] asalto 14/30  banco    expulsado       -1   2.59 s
[inercia] asalto=14 robot=GELATINA rueda=0 rotor=3.45519821e-05
[inercia] asalto=14 robot=GELATINA rueda=1 rotor=1.80819447e-05
[inercia] asalto=14 robot=RIVAL rueda=0 rotor=2.99833326e-05
[inercia] asalto=14 robot=RIVAL rueda=1 rotor=1.6403885e-05
[planta] asalto=14 mu=1.02143929 slip=0.00112669098 aleatorio=1
[gelatina] fin de asalto motor={"battery_v":7.8535081,"resistance_ohm":[4.13632083,4.26982679],"bridge_ohm":[0.61365056,0.61155771],"omega_rad_s":[92.5842177,29.2606825],"current_a":[0.0554694123,-0.217991095],"torque_nm":[-0.00295694215,-0.0162338945],"applied_pwm":[1,0.160000026],"over_1_2a_samples":514,"over_3_2a_samples":0}
[gelatina] t=    0 ms  WAIT         rival=si d=  56 mm rumbo=-6000 cdeg  linea=0x0
[rival] fin de asalto motor={"battery_v":7.79608055,"resistance_ohm":[3.89425573,4.28536472],"bridge_ohm":[0.562789214,0.640836501],"omega_rad_s":[87.4736428,31.1870663],"current_a":[0.139309445,0.191686143],"torque_nm":[0.000451304276,0.000439625769],"applied_pwm":[1,0.399999976],"over_1_2a_samples":298,"over_3_2a_samples":0}
[rival] t=    0 ms  WAIT         rival=si d= 169 mm rumbo=-6000 cdeg  linea=0xC
[planta] gelatina ciclo=16 rueda=0 V=7.88949691 R=3.98718219 Rpuente=0.573312902 I0=0.084158197 Ke=0.0922485782 Kt=0.0483794733
[planta] gelatina ciclo=16 rueda=1 V=7.88949691 R=4.23753414 Rpuente=0.632573855 I0=0.188006803 Ke=0.0651499959 Kt=0.0483794733
[sensores] gelatina ToF alcance=1017.06342 minimo=34.5883363 sigma_rel=0.0403794527
[gelatina] pulsador recibido: permiso previsto 108624 ms
[planta] rival ciclo=16 rueda=0 V=7.74781677 R=3.87866006 Rpuente=0.517816639 I0=0.143965557 Ke=0.0764131643 Kt=0.0483794733
[planta] rival ciclo=16 rueda=1 V=7.74781677 R=3.68229089 Rpuente=0.565757143 I0=0.131612831 Ke=0.0819868945 Kt=0.0483794733
[sensores] rival ToF alcance=1355.56148 minimo=42.1142519 sigma_rel=0.0523576927
[rival] pulsador recibido: permiso previsto 108624 ms
[arranque] pulsador=103624 permiso=108624 ms
[gelatina] permiso de arranque a los 108624 ms
[gelatina] t=    0 ms  TRACK        rival=si d= 277 mm rumbo=   +0 cdeg  linea=0x0
[rival] permiso de arranque a los 108624 ms
[rival] t=    0 ms  TRACK        rival=si d= 309 mm rumbo=   +0 cdeg  linea=0x0
[rival] t=   32 ms  ATTACK       rival=si d= 255 mm rumbo=   +0 cdeg  linea=0x0
[gelatina] t=  224 ms  ATTACK       rival=si d= 117 mm rumbo=   +0 cdeg  linea=0x0
WARNING: Contact joints between materials 'patin' and 'dohyo' will only be created for the 10 deepest contact points instead of all the 77 contact points.
[gelatina] t=  400 ms  SEARCH       rival=no d=9999 mm rumbo=  -38 cdeg  linea=0x0
[rival] t=  552 ms  SEARCH       rival=no d=9999 mm rumbo=-1523 cdeg  linea=0x0
[gelatina] t=  656 ms  TRACK        rival=si d=  55 mm rumbo=+6000 cdeg  linea=0x0
[rival] t=  656 ms  TRACK        rival=si d=  40 mm rumbo=   +0 cdeg  linea=0x0
[gelatina] t=  664 ms  ATTACK       rival=si d=  55 mm rumbo=+6000 cdeg  linea=0x0
[rival] t=  664 ms  ATTACK       rival=si d=  40 mm rumbo=   +0 cdeg  linea=0x0
[gelatina] t=  888 ms  SEARCH       rival=no d=9999 mm rumbo=+3000 cdeg  linea=0x0
[gelatina] t= 1016 ms  ATTACK       rival=si d= 104 mm rumbo=+4781 cdeg  linea=0x4
[arbitro] asalto 15/30  banco    expulsado       -1   1.02 s
[inercia] asalto=15 robot=GELATINA rueda=0 rotor=2.06654978e-05
[inercia] asalto=15 robot=GELATINA rueda=1 rotor=2.06563488e-05
[inercia] asalto=15 robot=RIVAL rueda=0 rotor=1.85423936e-05
[inercia] asalto=15 robot=RIVAL rueda=1 rotor=9.56614619e-06
[planta] asalto=15 mu=1.51105968 slip=0.00188252878 aleatorio=1
WARNING: DEF GELATINA GelatinaNuclear > HingeJoint "rueda_izq" > Solid "rueda_izq": Webots has detected that this solid is light and oblong according to its inertia matrix. This belongs in the physics edge cases, and can imply weird physical results. Increasing the weight of the object or reducing its eccentricity are recommended.
[gelatina] fin de asalto motor={"battery_v":7.88949691,"resistance_ohm":[3.98718219,4.23753414],"bridge_ohm":[0.573312902,0.632573855],"omega_rad_s":[-37.0192141,39.5421702],"current_a":[-0.336218463,1.09100757],"torque_nm":[-0.0121945429,0.0436867014],"applied_pwm":[-0.627200007,1],"over_1_2a_samples":529,"over_3_2a_samples":0}
[gelatina] t=    0 ms  WAIT         rival=si d= 104 mm rumbo=+4781 cdeg  linea=0xA
[rival] fin de asalto motor={"battery_v":7.74781677,"resistance_ohm":[3.87866006,3.68229089],"bridge_ohm":[0.517816639,0.565757143],"omega_rad_s":[19.8901938,74.2115525],"current_a":[0.711664668,0.391577974],"torque_nm":[0.027464984,0.0125769767],"applied_pwm":[0.599999964,1],"over_1_2a_samples":317,"over_3_2a_samples":0}
[rival] t=    0 ms  WAIT         rival=si d=  77 mm rumbo=+1504 cdeg  linea=0x0
[planta] gelatina ciclo=17 rueda=0 V=7.92331553 R=4.34779153 Rpuente=0.585208619 I0=0.179517388 Ke=0.0807976665 Kt=0.0483794733
[planta] gelatina ciclo=17 rueda=1 V=7.92331553 R=4.21256671 Rpuente=0.508760369 I0=0.158759567 Ke=0.085664474 Kt=0.0483794733
[sensores] gelatina ToF alcance=967.797095 minimo=40.5717993 sigma_rel=0.0776955175
[gelatina] pulsador recibido: permiso previsto 114952 ms
[planta] rival ciclo=17 rueda=0 V=7.29594277 R=3.91814804 Rpuente=0.694918168 I0=0.0852664769 Ke=0.0773898613 Kt=0.0483794733
[planta] rival ciclo=17 rueda=1 V=7.29594277 R=4.23928041 Rpuente=0.518798161 I0=0.120392793 Ke=0.0784267202 Kt=0.0483794733
[sensores] rival ToF alcance=1742.14522 minimo=20.0355053 sigma_rel=0.0591262054
[rival] pulsador recibido: permiso previsto 114952 ms
[arranque] pulsador=109952 permiso=114952 ms
[gelatina] permiso de arranque a los 114952 ms
[gelatina] t=    0 ms  TRACK        rival=si d= 280 mm rumbo=   +0 cdeg  linea=0x0
[rival] permiso de arranque a los 114952 ms
[rival] t=    0 ms  TRACK        rival=si d= 274 mm rumbo=   +0 cdeg  linea=0x0
[rival] t=   64 ms  ATTACK       rival=si d= 258 mm rumbo=   +0 cdeg  linea=0x0
[gelatina] t=  224 ms  ATTACK       rival=si d=  75 mm rumbo=+1449 cdeg  linea=0x0
WARNING: Contact joints between materials 'rueda' and 'dohyo' will only be created for the 10 deepest contact points instead of all the 16 contact points.
[gelatina] t=  360 ms  SEARCH       rival=no d=9999 mm rumbo=+1449 cdeg  linea=0x0
[gelatina] t=  424 ms  TRACK        rival=si d=  50 mm rumbo=-3000 cdeg  linea=0x0
[gelatina] t=  432 ms  ATTACK       rival=si d=  50 mm rumbo=-3000 cdeg  linea=0x0
[gelatina] t=  560 ms  SEARCH       rival=no d=9999 mm rumbo=-3000 cdeg  linea=0x0
[gelatina] t=  688 ms  ATTACK       rival=si d=  45 mm rumbo=-3000 cdeg  linea=0x4
[arbitro] asalto 16/30  banco    expulsado       -1   0.78 s
[inercia] asalto=16 robot=GELATINA rueda=0 rotor=2.09316995e-05
[inercia] asalto=16 robot=GELATINA rueda=1 rotor=2.24916315e-05
[inercia] asalto=16 robot=RIVAL rueda=0 rotor=3.16966429e-05
[inercia] asalto=16 robot=RIVAL rueda=1 rotor=1.66253652e-05
[planta] asalto=16 mu=1.26236883 slip=0.00149793386 aleatorio=1
[gelatina] fin de asalto motor={"battery_v":7.92331553,"resistance_ohm":[4.34779153,4.21256671],"bridge_ohm":[0.585208619,0.508760369],"omega_rad_s":[67.3151449,22.5093275],"current_a":[0.503630412,0.332648546],"torque_nm":[0.0156804174,0.00841265721],"applied_pwm":[1,0.441581845],"over_1_2a_samples":533,"over_3_2a_samples":0}
[gelatina] t=    0 ms  WAIT         rival=no d=9999 mm rumbo=-3000 cdeg  linea=0x0
[rival] fin de asalto motor={"battery_v":7.29594277,"resistance_ohm":[3.91814804,4.23928041],"bridge_ohm":[0.694918168,0.518798161],"omega_rad_s":[35.6602088,78.1069718],"current_a":[0.337188075,0.245954145],"torque_nm":[0.0121878342,0.00607459207],"applied_pwm":[0.591453314,1],"over_1_2a_samples":319,"over_3_2a_samples":0}
[rival] t=    0 ms  WAIT         rival=si d=  20 mm rumbo=+3040 cdeg  linea=0x1
[planta] gelatina ciclo=18 rueda=0 V=7.95930433 R=4.19865294 Rpuente=0.544870961 I0=0.147086406 Ke=0.0916978946 Kt=0.0483794733
[planta] gelatina ciclo=18 rueda=1 V=7.95930433 R=4.18027406 Rpuente=0.529776514 I0=0.0792041212 Ke=0.0778942518 Kt=0.0483794733
[sensores] gelatina ToF alcance=798.209214 minimo=40.773378 sigma_rel=0.108076124
[gelatina] pulsador recibido: permiso previsto 121048 ms
[planta] rival ciclo=18 rueda=0 V=7.81246369 R=3.69461522 Rpuente=0.516939795 I0=0.197135711 Ke=0.0663764302 Kt=0.0483794733
[planta] rival ciclo=18 rueda=1 V=7.81246369 R=3.95983534 Rpuente=0.695058787 I0=0.139133093 Ke=0.0787810917 Kt=0.0483794733
[sensores] rival ToF alcance=1259.21922 minimo=42.7517486 sigma_rel=0.0483312178
[rival] pulsador recibido: permiso previsto 121048 ms
[arranque] pulsador=116048 permiso=121048 ms
[gelatina] permiso de arranque a los 121048 ms
[gelatina] t=    0 ms  OPENING      rival=no d=9999 mm rumbo=   +0 cdeg  linea=0x0
[rival] permiso de arranque a los 121048 ms
[rival] t=    0 ms  TRACK        rival=si d= 315 mm rumbo=   +0 cdeg  linea=0x0
[gelatina] t=   32 ms  TRACK        rival=si d= 342 mm rumbo=   +0 cdeg  linea=0x0
[rival] t=  128 ms  ATTACK       rival=si d= 248 mm rumbo=   +0 cdeg  linea=0x0
WARNING: Contact joints between materials 'patin' and 'dohyo' will only be created for the 10 deepest contact points instead of all the 12 contact points.
[gelatina] t=  256 ms  ATTACK       rival=si d=  78 mm rumbo=-1401 cdeg  linea=0x0
[rival] t=  552 ms  SEARCH       rival=no d=9999 mm rumbo=+1487 cdeg  linea=0x0
[gelatina] t=  664 ms  SEARCH       rival=no d=9999 mm rumbo=-3000 cdeg  linea=0x1
[rival] t=  688 ms  TRACK        rival=si d=  56 mm rumbo=-3000 cdeg  linea=0x0
[rival] t=  696 ms  ATTACK       rival=si d=  56 mm rumbo=-3000 cdeg  linea=0x0
[arbitro] asalto 17/30  banco    expulsado       -1   0.69 s
[inercia] asalto=17 robot=GELATINA rueda=0 rotor=2.68466882e-05
[inercia] asalto=17 robot=GELATINA rueda=1 rotor=1.11827908e-05
[inercia] asalto=17 robot=RIVAL rueda=0 rotor=1.69576362e-05
[inercia] asalto=17 robot=RIVAL rueda=1 rotor=1.48041093e-05
[planta] asalto=17 mu=0.6016011 slip=0.000702346206 aleatorio=1
WARNING: DEF RIVAL GelatinaNuclear > HingeJoint "rueda_izq" > Solid "rueda_izq": Webots has detected that this solid is light and oblong according to its inertia matrix. This belongs in the physics edge cases, and can imply weird physical results. Increasing the weight of the object or reducing its eccentricity are recommended.
[gelatina] fin de asalto motor={"battery_v":7.95930433,"resistance_ohm":[4.19865294,4.18027406],"bridge_ohm":[0.544870961,0.529776514],"omega_rad_s":[71.1680302,13.3883917],"current_a":[0.302168984,-0.489119404],"torque_nm":[0.00750281347,-0.0274951928],"applied_pwm":[1,-0.158418164],"over_1_2a_samples":534,"over_3_2a_samples":0}
[gelatina] t=    0 ms  WAIT         rival=no d=9999 mm rumbo=-3000 cdeg  linea=0x4
[rival] fin de asalto motor={"battery_v":7.81246369,"resistance_ohm":[3.69461522,3.95983534],"bridge_ohm":[0.516939795,0.695058787],"omega_rad_s":[-14.1026241,43.1036658],"current_a":[-0.644950656,0.332043939],"torque_nm":[-0.0216650512,0.00933292512],"applied_pwm":[-0.467500031,0.632499993],"over_1_2a_samples":327,"over_3_2a_samples":0}
[rival] t=    0 ms  WAIT         rival=si d=  56 mm rumbo=-3000 cdeg  linea=0x0
[arranque] pulsador=122048 permiso=127048 ms
[planta] gelatina ciclo=19 rueda=0 V=7.99312286 R=3.75926223 Rpuente=0.556766689 I0=0.092445606 Ke=0.0913266611 Kt=0.0483794733
[planta] gelatina ciclo=19 rueda=1 V=7.99312286 R=4.15530663 Rpuente=0.605963027 I0=0.199956885 Ke=0.0937386803 Kt=0.0483794733
[sensores] gelatina ToF alcance=748.942816 minimo=46.7568409 sigma_rel=0.0653921938
[gelatina] pulsador recibido: permiso previsto 127048 ms
[planta] rival ciclo=19 rueda=0 V=7.5843847 R=3.91543999 Rpuente=0.586867845 I0=0.195023435 Ke=0.0806786317 Kt=0.0483794733
[planta] rival ciclo=19 rueda=1 V=7.5843847 R=4.33976283 Rpuente=0.592389929 I0=0.0760527223 Ke=0.0980154323 Kt=0.0483794733
[sensores] rival ToF alcance=1366.31159 minimo=24.62511 sigma_rel=0.0926982117
[rival] pulsador recibido: permiso previsto 127048 ms
[gelatina] permiso de arranque a los 127048 ms
[gelatina] t=    0 ms  TRACK        rival=si d= 296 mm rumbo=   +0 cdeg  linea=0x0
[rival] permiso de arranque a los 127048 ms
[rival] t=    0 ms  TRACK        rival=si d= 354 mm rumbo=   +0 cdeg  linea=0x0
[rival] t=  160 ms  ATTACK       rival=si d= 220 mm rumbo=   +0 cdeg  linea=0x0
[gelatina] t=  264 ms  ATTACK       rival=si d= 118 mm rumbo=-1535 cdeg  linea=0x0
WARNING: Contact joints between materials 'patin' and 'dohyo' will only be created for the 10 deepest contact points instead of all the 82 contact points.
[gelatina] t=  464 ms  SEARCH       rival=no d=9999 mm rumbo=   +0 cdeg  linea=0x0
[gelatina] t=  560 ms  TRACK        rival=si d=  46 mm rumbo=+3000 cdeg  linea=0x0
[gelatina] t=  568 ms  ATTACK       rival=si d=  46 mm rumbo=+3000 cdeg  linea=0x0
[gelatina] t=  760 ms  SEARCH       rival=no d=9999 mm rumbo=+3000 cdeg  linea=0x0
[gelatina] t=  920 ms  TRACK        rival=si d=  44 mm rumbo=-6000 cdeg  linea=0x4
[gelatina] t=  928 ms  ATTACK       rival=si d=  44 mm rumbo=-6000 cdeg  linea=0x4
[gelatina] t= 1056 ms  SEARCH       rival=no d=9999 mm rumbo=-6000 cdeg  linea=0x1
[gelatina] t= 1151 ms  TRACK        rival=si d= 603 mm rumbo=+4623 cdeg  linea=0xC
[gelatina] t= 1184 ms  ATTACK       rival=si d= 139 mm rumbo=+3274 cdeg  linea=0xA
[arbitro] asalto 18/30  banco    expulsado       -1   1.23 s
[inercia] asalto=18 robot=GELATINA rueda=0 rotor=2.25404198e-05
[inercia] asalto=18 robot=GELATINA rueda=1 rotor=2.56114295e-05
[inercia] asalto=18 robot=RIVAL rueda=0 rotor=2.46049333e-05
[inercia] asalto=18 robot=RIVAL rueda=1 rotor=3.5543922e-05
[planta] asalto=18 mu=0.844635224 slip=0.00154555714 aleatorio=1
[gelatina] fin de asalto motor={"battery_v":7.99312286,"resistance_ohm":[3.75926223,4.15530663],"bridge_ohm":[0.556766689,0.605963027],"omega_rad_s":[40.0381877,56.4650477],"current_a":[0.0971031675,0.567110036],"torque_nm":[0.000225330371,0.0177626761],"applied_pwm":[0.509895086,1],"over_1_2a_samples":563,"over_3_2a_samples":0}
[gelatina] t=    0 ms  WAIT         rival=si d= 252 mm rumbo=   +0 cdeg  linea=0x8
[rival] fin de asalto motor={"battery_v":7.5843847,"resistance_ohm":[3.91543999,4.33976283],"bridge_ohm":[0.586867845,0.592389929],"omega_rad_s":[39.3974691,47.0069897],"current_a":[0.978576093,0.603585175],"torque_nm":[0.0379078649,0.0255217422],"applied_pwm":[1,1],"over_1_2a_samples":329,"over_3_2a_samples":0}
[rival] t=    0 ms  WAIT         rival=si d= 274 mm rumbo=   +0 cdeg  linea=0x3
[planta] gelatina ciclo=20 rueda=0 V=8.02911175 R=3.61012363 Rpuente=0.516429031 I0=0.210014623 Ke=0.0936193282 Kt=0.0483794733
[planta] gelatina ciclo=20 rueda=1 V=8.02911175 R=4.12301402 Rpuente=0.626979172 I0=0.12040143 Ke=0.0837847377 Kt=0.0483794733
[sensores] gelatina ToF alcance=1879.35494 minimo=46.9584197 sigma_rel=0.0957727957
[gelatina] pulsador recibido: permiso previsto 133592 ms
[planta] rival ciclo=20 rueda=0 V=7.18980441 R=4.06803827 Rpuente=0.515953016 I0=0.11582112 Ke=0.0819734825 Kt=0.0483794733
[planta] rival ciclo=20 rueda=1 V=7.18980441 R=3.79150333 Rpuente=0.687746608 I0=0.212566745 Ke=0.0740779743 Kt=0.0483794733
[sensores] rival ToF alcance=1307.80552 minimo=44.8006952 sigma_rel=0.0580336189
[rival] pulsador recibido: permiso previsto 133592 ms
[arranque] pulsador=128592 permiso=133592 ms
[gelatina] permiso de arranque a los 133592 ms
[gelatina] t=    0 ms  TRACK        rival=si d= 221 mm rumbo=   +0 cdeg  linea=0x0
[rival] permiso de arranque a los 133592 ms
[rival] t=    0 ms  TRACK        rival=si d= 257 mm rumbo=   +0 cdeg  linea=0x0
[rival] t=    8 ms  ATTACK       rival=si d= 257 mm rumbo=   +0 cdeg  linea=0x0
[gelatina] t=  224 ms  ATTACK       rival=si d= 115 mm rumbo=-1472 cdeg  linea=0x0
WARNING: Contact joints between materials 'patin' and 'dohyo' will only be created for the 10 deepest contact points instead of all the 102 contact points.
[gelatina] t=  432 ms  SEARCH       rival=no d=9999 mm rumbo=+3000 cdeg  linea=0x0
[gelatina] t=  888 ms  TRACK        rival=si d=  53 mm rumbo=-3000 cdeg  linea=0x0
[gelatina] t=  896 ms  ATTACK       rival=si d=  53 mm rumbo=-3000 cdeg  linea=0x0
[gelatina] t= 1024 ms  SEARCH       rival=no d=9999 mm rumbo=-3000 cdeg  linea=0x0
[gelatina] t= 1216 ms  TRACK        rival=si d=  81 mm rumbo=-4542 cdeg  linea=0x0
[gelatina] t= 1224 ms  ATTACK       rival=si d=  81 mm rumbo=-4542 cdeg  linea=0x0
WARNING: Contact joints between materials 'patin' and 'dohyo' will only be created for the 10 deepest contact points instead of all the 287 contact points.
[gelatina] t= 1448 ms  SEARCH       rival=no d=9999 mm rumbo=+6000 cdeg  linea=0x0
[gelatina] t= 1512 ms  TRACK        rival=si d=  85 mm rumbo=+6000 cdeg  linea=0x0
[gelatina] t= 1520 ms  ATTACK       rival=si d=  85 mm rumbo=+6000 cdeg  linea=0x0
[gelatina] t= 1752 ms  SEARCH       rival=no d=9999 mm rumbo=-4526 cdeg  linea=0x0
[gelatina] t= 1808 ms  TRACK        rival=si d= 117 mm rumbo=-6000 cdeg  linea=0x0
[gelatina] t= 1816 ms  ATTACK       rival=si d= 117 mm rumbo=-6000 cdeg  linea=0x0
[gelatina] t= 2048 ms  SEARCH       rival=no d=9999 mm rumbo=+4492 cdeg  linea=0x0
[gelatina] t= 2104 ms  TRACK        rival=si d=  62 mm rumbo=+6000 cdeg  linea=0x0
[gelatina] t= 2112 ms  ATTACK       rival=si d=  62 mm rumbo=+6000 cdeg  linea=0x0
[gelatina] t= 2312 ms  SEARCH       rival=no d=9999 mm rumbo=+6000 cdeg  linea=0x0
WARNING: Contact joints between materials 'patin' and 'dohyo' will only be created for the 10 deepest contact points instead of all the 12 contact points.
[rival] t= 2400 ms  SEARCH       rival=no d=9999 mm rumbo= +754 cdeg  linea=0x8
[gelatina] t= 2440 ms  TRACK        rival=si d=  51 mm rumbo=-6000 cdeg  linea=0x0
[rival] t= 2440 ms  TRACK        rival=si d=  46 mm rumbo=-3000 cdeg  linea=0x0
[gelatina] t= 2448 ms  ATTACK       rival=si d=  51 mm rumbo=-6000 cdeg  linea=0x0
[rival] t= 2448 ms  ATTACK       rival=si d=  46 mm rumbo=-3000 cdeg  linea=0x0
[gelatina] t= 2576 ms  SEARCH       rival=no d=9999 mm rumbo=-6000 cdeg  linea=0x0
[rival] t= 2928 ms  SEARCH       rival=no d=9999 mm rumbo=   +0 cdeg  linea=0x0
[gelatina] t= 3160 ms  TRACK        rival=si d=  45 mm rumbo=+6000 cdeg  linea=0x0
[gelatina] t= 3168 ms  ATTACK       rival=si d=  45 mm rumbo=+6000 cdeg  linea=0x2
[gelatina] t= 3296 ms  SEARCH       rival=no d=9999 mm rumbo=+6000 cdeg  linea=0x0
[rival] t= 3296 ms  TRACK        rival=si d= 102 mm rumbo=+6000 cdeg  linea=0x0
[rival] t= 3304 ms  ATTACK       rival=si d= 102 mm rumbo=+6000 cdeg  linea=0x0
[gelatina] t= 3424 ms  TRACK        rival=si d=  88 mm rumbo=+6000 cdeg  linea=0x2
[gelatina] t= 3432 ms  ATTACK       rival=si d=  88 mm rumbo=+6000 cdeg  linea=0x2
[gelatina] t= 3528 ms  EDGE_ESCAPE  rival=si d=  63 mm rumbo=-4555 cdeg  linea=0x4
[gelatina] t= 3736 ms  SEARCH       rival=no d=9999 mm rumbo=-4555 cdeg  linea=0x5
[arbitro] asalto 19/30  banco    rival fuera     +1   3.73 s
[inercia] asalto=19 robot=GELATINA rueda=0 rotor=3.56502855e-05
[inercia] asalto=19 robot=GELATINA rueda=1 rotor=2.84224543e-05
[inercia] asalto=19 robot=RIVAL rueda=0 rotor=2.59446371e-05
[inercia] asalto=19 robot=RIVAL rueda=1 rotor=2.11662378e-05
[planta] asalto=19 mu=1.07916555 slip=0.000595489621 aleatorio=1
WARNING: DEF RIVAL GelatinaNuclear > HingeJoint "rueda_der" > Solid "rueda_der": Webots has detected that this solid is light and oblong according to its inertia matrix. This belongs in the physics edge cases, and can imply weird physical results. Increasing the weight of the object or reducing its eccentricity are recommended.
[gelatina] fin de asalto motor={"battery_v":8.02911175,"resistance_ohm":[3.61012363,4.12301402],"bridge_ohm":[0.516429031,0.626979172],"omega_rad_s":[25.8618378,-22.3225514],"current_a":[0.463959337,-0.519038935],"torque_nm":[0.0122857115,-0.0192858725],"applied_pwm":[0.540000021,-0.540000021],"over_1_2a_samples":619,"over_3_2a_samples":0}
[gelatina] t=    0 ms  WAIT         rival=no d=9999 mm rumbo=-4555 cdeg  linea=0x5
[rival] fin de asalto motor={"battery_v":7.18980441,"resistance_ohm":[4.06803827,3.79150333],"bridge_ohm":[0.515953016,0.687746608],"omega_rad_s":[55.1666445,43.8478559],"current_a":[0.0341490873,0.879978594],"torque_nm":[-0.00395124993,0.0322890337],"applied_pwm":[0.650746644,1],"over_1_2a_samples":409,"over_3_2a_samples":0}
[rival] t=    0 ms  WAIT         rival=si d=  92 mm rumbo=+1926 cdeg  linea=0x0
WARNING: Contact joints between materials 'patin' and 'dohyo' will only be created for the 10 deepest contact points instead of all the 25 contact points.
[arranque] pulsador=137632 permiso=142632 ms
[planta] gelatina ciclo=21 rueda=0 V=8.06293029 R=3.97073298 Rpuente=0.528324747 I0=0.155373824 Ke=0.0909510855 Kt=0.0483794733
[planta] gelatina ciclo=21 rueda=1 V=8.06293029 R=4.09804659 Rpuente=0.503165686 I0=0.0911542028 Ke=0.0747389617 Kt=0.0483794733
[sensores] gelatina ToF alcance=1830.08862 minimo=22.9418826 sigma_rel=0.0530888653
[gelatina] pulsador recibido: permiso previsto 142632 ms
[planta] rival ciclo=21 rueda=0 V=7.15712184 R=4.22095814 Rpuente=0.644258213 I0=0.12137703 Ke=0.0816681165 Kt=0.0483794733
[planta] rival ciclo=21 rueda=1 V=7.15712184 R=4.00081563 Rpuente=0.660281038 I0=0.121148506 Ke=0.0779330288 Kt=0.0483794733
[sensores] rival ToF alcance=1046.47231 minimo=42.354129 sigma_rel=0.0780528402
[rival] pulsador recibido: permiso previsto 142632 ms
[gelatina] permiso de arranque a los 142632 ms
[gelatina] t=    0 ms  TRACK        rival=si d= 288 mm rumbo=   +0 cdeg  linea=0x0
[rival] permiso de arranque a los 142632 ms
[rival] t=    0 ms  TRACK        rival=si d= 279 mm rumbo=   +0 cdeg  linea=0x0
[rival] t=   96 ms  ATTACK       rival=si d= 244 mm rumbo=   +0 cdeg  linea=0x0
[gelatina] t=  224 ms  ATTACK       rival=si d= 109 mm rumbo=+1436 cdeg  linea=0x0
WARNING: Contact joints between materials 'rueda' and 'dohyo' will only be created for the 10 deepest contact points instead of all the 11 contact points.
[rival] t=  552 ms  SEARCH       rival=no d=9999 mm rumbo=+1501 cdeg  linea=0x0
[gelatina] t=  560 ms  SEARCH       rival=no d=9999 mm rumbo=-3000 cdeg  linea=0x0
[gelatina] t=  656 ms  TRACK        rival=si d=  33 mm rumbo=  -25 cdeg  linea=0x0
[gelatina] t=  664 ms  ATTACK       rival=si d=  33 mm rumbo=  -25 cdeg  linea=0x0
[rival] t=  688 ms  TRACK        rival=si d=  78 mm rumbo=   +0 cdeg  linea=0x0
[rival] t=  696 ms  ATTACK       rival=si d=  78 mm rumbo=   +0 cdeg  linea=0x0
[rival] t= 1048 ms  SEARCH       rival=no d=9999 mm rumbo=-6000 cdeg  linea=0x0
[rival] t= 1056 ms  TRACK        rival=si d= 136 mm rumbo=-6000 cdeg  linea=0x0
[rival] t= 1064 ms  ATTACK       rival=si d= 136 mm rumbo=-6000 cdeg  linea=0x1
WARNING: Contact joints between materials 'patin' and 'dohyo' will only be created for the 10 deepest contact points instead of all the 14 contact points.
WARNING: Contact joints between materials 'patin' and 'dohyo' will only be created for the 10 deepest contact points instead of all the 15 contact points.
WARNING: Contact joints between materials 'patin' and 'dohyo' will only be created for the 10 deepest contact points instead of all the 17 contact points.
[gelatina] t= 4320 ms  EDGE_ESCAPE  rival=si d= 488 mm rumbo=-5304 cdeg  linea=0x8
[gelatina] t= 4352 ms  ATTACK       rival=si d=  24 mm rumbo=-1978 cdeg  linea=0x8
[gelatina] t= 4656 ms  EDGE_ESCAPE  rival=si d=  23 mm rumbo= +541 cdeg  linea=0x8
WARNING: Contact joints between materials 'patin' and 'dohyo' will only be created for the 10 deepest contact points instead of all the 15 contact points.
[gelatina] t= 4864 ms  SEARCH       rival=si d=  25 mm rumbo=  -86 cdeg  linea=0x8
[gelatina] t= 4872 ms  TRACK        rival=si d=  25 mm rumbo=  -86 cdeg  linea=0x8
[gelatina] t= 4880 ms  ATTACK       rival=si d=  26 mm rumbo= +112 cdeg  linea=0x8
[gelatina] t= 5448 ms  EDGE_ESCAPE  rival=si d=  25 mm rumbo=  -33 cdeg  linea=0x8
[gelatina] t= 5656 ms  SEARCH       rival=si d=  22 mm rumbo=  -33 cdeg  linea=0x8
[gelatina] t= 5664 ms  TRACK        rival=si d=  22 mm rumbo=  -33 cdeg  linea=0x8
[gelatina] t= 5672 ms  ATTACK       rival=si d=  25 mm rumbo= +321 cdeg  linea=0x8
WARNING: Contact joints between materials 'patin' and 'dohyo' will only be created for the 10 deepest contact points instead of all the 17 contact points.
[rival] t= 5984 ms  EDGE_ESCAPE  rival=si d= 148 mm rumbo=+6000 cdeg  linea=0x4
WARNING: DEF RIVAL GelatinaNuclear > HingeJoint "rueda_der" > RotationalMotor "motor_der": The requested motor torque -0.271026 exceeds 'maxTorque' = 0.25
[gelatina] t= 6240 ms  EDGE_ESCAPE  rival=si d=  26 mm rumbo=  +12 cdeg  linea=0x8
[rival] t= 6432 ms  ATTACK       rival=si d=  42 mm rumbo=   +0 cdeg  linea=0x2
[arbitro] asalto 20/30  banco    rival fuera     +1   6.42 s
[inercia] asalto=20 robot=GELATINA rueda=0 rotor=3.43606977e-05
[inercia] asalto=20 robot=GELATINA rueda=1 rotor=3.12603291e-05
[inercia] asalto=20 robot=RIVAL rueda=0 rotor=9.26263064e-06
[inercia] asalto=20 robot=RIVAL rueda=1 rotor=1.42282911e-05
[planta] asalto=20 mu=1.20134381 slip=0.000236595631 aleatorio=1
WARNING: DEF GELATINA GelatinaNuclear > HingeJoint "rueda_izq" > Solid "rueda_izq": Webots has detected that this solid is light and oblong according to its inertia matrix. This belongs in the physics edge cases, and can imply weird physical results. Increasing the weight of the object or reducing its eccentricity are recommended.
[gelatina] fin de asalto motor={"battery_v":8.06293029,"resistance_ohm":[3.97073298,4.09804659],"bridge_ohm":[0.528324747,0.503165686],"omega_rad_s":[-33.5441708,54.3578433],"current_a":[-0.289639268,0.0633167391],"torque_nm":[-0.00649569146,-0.00134676183],"applied_pwm":[-0.540000021,0.540000021],"over_1_2a_samples":629,"over_3_2a_samples":0}
[gelatina] t=    0 ms  WAIT         rival=si d=  35 mm rumbo=+1473 cdeg  linea=0x8
[rival] fin de asalto motor={"battery_v":7.15712184,"resistance_ohm":[4.22095814,4.00081563],"bridge_ohm":[0.644258213,0.660281038],"omega_rad_s":[62.0109547,-57.5254006],"current_a":[0.209494457,-0.343358042],"torque_nm":[0.00426307473,-0.0107503803],"applied_pwm":[0.850000024,-0.850000024],"over_1_2a_samples":426,"over_3_2a_samples":3}
[rival] t=    0 ms  WAIT         rival=si d=  42 mm rumbo=   +0 cdeg  linea=0x2
[planta] gelatina ciclo=22 rueda=0 V=8.09891918 R=3.82159433 Rpuente=0.687987089 I0=0.122942841 Ke=0.0686880602 Kt=0.0483794733
[planta] gelatina ciclo=22 rueda=1 V=8.09891918 R=4.06575394 Rpuente=0.524181831 I0=0.161598748 Ke=0.0911811254 Kt=0.0483794733
[sensores] gelatina ToF alcance=1660.50074 minimo=23.1434596 sigma_rel=0.0834694672
[gelatina] pulsador recibido: permiso previsto 154368 ms
[planta] rival ciclo=22 rueda=0 V=7.89076605 R=3.88990607 Rpuente=0.528554785 I0=0.0850940287 Ke=0.102339163 Kt=0.0483794733
[planta] rival ciclo=22 rueda=1 V=7.89076605 R=3.76079721 Rpuente=0.502074564 I0=0.0864165455 Ke=0.074028238 Kt=0.0483794733
[sensores] rival ToF alcance=1687.28053 minimo=23.5093021 sigma_rel=0.0401044607
[rival] pulsador recibido: permiso previsto 154368 ms
[arranque] pulsador=149368 permiso=154368 ms
[gelatina] permiso de arranque a los 154368 ms
[gelatina] t=    0 ms  TRACK        rival=si d= 285 mm rumbo=   +0 cdeg  linea=0x0
[rival] permiso de arranque a los 154368 ms
[rival] t=    0 ms  TRACK        rival=si d= 296 mm rumbo=   +0 cdeg  linea=0x0
[rival] t=   64 ms  ATTACK       rival=si d= 259 mm rumbo=   +0 cdeg  linea=0x0
[gelatina] t=  224 ms  ATTACK       rival=si d=  87 mm rumbo=   +0 cdeg  linea=0x0
WARNING: Contact joints between materials 'patin' and 'dohyo' will only be created for the 10 deepest contact points instead of all the 90 contact points.
[gelatina] t=  400 ms  SEARCH       rival=no d=9999 mm rumbo=  +10 cdeg  linea=0x0
[gelatina] t=  488 ms  TRACK        rival=si d=  25 mm rumbo=-6000 cdeg  linea=0x0
[gelatina] t=  496 ms  ATTACK       rival=si d=  25 mm rumbo=-6000 cdeg  linea=0x0
WARNING: Contact joints between materials 'patin' and 'dohyo' will only be created for the 10 deepest contact points instead of all the 11 contact points.
[gelatina] t= 1256 ms  SEARCH       rival=no d=9999 mm rumbo=-3000 cdeg  linea=0x0
[gelatina] t= 1312 ms  TRACK        rival=si d=  37 mm rumbo=+3000 cdeg  linea=0x0
[gelatina] t= 1320 ms  ATTACK       rival=si d=  37 mm rumbo=+3000 cdeg  linea=0x0
[arbitro] asalto 21/30  banco    expulsado       -1   1.46 s
[inercia] asalto=21 robot=GELATINA rueda=0 rotor=2.41761752e-05
[inercia] asalto=21 robot=GELATINA rueda=1 rotor=2.18299767e-05
[inercia] asalto=21 robot=RIVAL rueda=0 rotor=2.12558225e-05
[inercia] asalto=21 robot=RIVAL rueda=1 rotor=2.09447334e-05
[planta] asalto=21 mu=1.16233686 slip=3.54218483e-05 aleatorio=1
WARNING: DEF GELATINA GelatinaNuclear > HingeJoint "rueda_izq" > Solid "rueda_izq": Webots has detected that this solid is light and oblong according to its inertia matrix. This belongs in the physics edge cases, and can imply weird physical results. Increasing the weight of the object or reducing its eccentricity are recommended.
WARNING: DEF GELATINA GelatinaNuclear > HingeJoint "rueda_der" > Solid "rueda_der": Webots has detected that this solid is light and oblong according to its inertia matrix. This belongs in the physics edge cases, and can imply weird physical results. Increasing the weight of the object or reducing its eccentricity are recommended.
[gelatina] fin de asalto motor={"battery_v":8.09891918,"resistance_ohm":[3.82159433,4.06575394],"bridge_ohm":[0.687987089,0.524181831],"omega_rad_s":[55.7178695,24.0784603],"current_a":[-0.561321519,1.28616573],"torque_nm":[-0.0331043493,0.0544059581],"applied_pwm":[0.160000026,1],"over_1_2a_samples":674,"over_3_2a_samples":0}
[gelatina] t=    0 ms  WAIT         rival=si d= 524 mm rumbo=+6000 cdeg  linea=0x0
[rival] fin de asalto motor={"battery_v":7.89076605,"resistance_ohm":[3.88990607,3.76079721],"bridge_ohm":[0.528554785,0.502074564],"omega_rad_s":[71.6582618,50.9897862],"current_a":[0.126134308,0.59316798],"torque_nm":[0.0019855071,0.0245163675],"applied_pwm":[1,0.798817635],"over_1_2a_samples":449,"over_3_2a_samples":3}
[rival] t=    0 ms  WAIT         rival=si d=  26 mm rumbo=-1497 cdeg  linea=0x2
[planta] gelatina ciclo=23 rueda=0 V=8.13273771 R=4.18220367 Rpuente=0.699882805 I0=0.218302032 Ke=0.090068279 Kt=0.0483794733
[planta] gelatina ciclo=23 rueda=1 V=8.13273771 R=4.0407865 Rpuente=0.600368345 I0=0.132351521 Ke=0.0801447784 Kt=0.0483794733
[sensores] gelatina ToF alcance=1611.23441 minimo=29.1269225 sigma_rel=0.0407855368
[gelatina] pulsador recibido: permiso previsto 161136 ms
[planta] rival ciclo=23 rueda=0 V=8.38062681 R=4.06832638 Rpuente=0.606924069 I0=0.108852911 Ke=0.0858912756 Kt=0.0483794733
[planta] rival ciclo=23 rueda=1 V=8.38062681 R=3.66455526 Rpuente=0.623745346 I0=0.135405868 Ke=0.0937291894 Kt=0.0483794733
[sensores] rival ToF alcance=885.067499 minimo=32.9394126 sigma_rel=0.108723536
[rival] pulsador recibido: permiso previsto 161136 ms
[arranque] pulsador=156136 permiso=161136 ms
[gelatina] permiso de arranque a los 161136 ms
[gelatina] t=    0 ms  TRACK        rival=si d= 270 mm rumbo=   +0 cdeg  linea=0x0
[rival] permiso de arranque a los 161136 ms
[rival] t=    0 ms  TRACK        rival=si d= 283 mm rumbo=   +0 cdeg  linea=0x0
[rival] t=   32 ms  ATTACK       rival=si d= 249 mm rumbo=   +0 cdeg  linea=0x0
[gelatina] t=  224 ms  ATTACK       rival=si d=  93 mm rumbo=   +0 cdeg  linea=0x0
WARNING: Contact joints between materials 'rueda' and 'dohyo' will only be created for the 10 deepest contact points instead of all the 12 contact points.
[gelatina] t=  400 ms  SEARCH       rival=no d=9999 mm rumbo=-1507 cdeg  linea=0x0
[gelatina] t=  520 ms  TRACK        rival=si d=  51 mm rumbo=+3000 cdeg  linea=0x0
[gelatina] t=  528 ms  ATTACK       rival=si d=  51 mm rumbo=+3000 cdeg  linea=0x0
[gelatina] t=  696 ms  SEARCH       rival=no d=9999 mm rumbo=+3000 cdeg  linea=0x0
[arbitro] asalto 22/30  banco    expulsado       -1   0.75 s
[inercia] asalto=22 robot=GELATINA rueda=0 rotor=3.47288454e-05
[inercia] asalto=22 robot=GELATINA rueda=1 rotor=2.88815353e-05
[inercia] asalto=22 robot=RIVAL rueda=0 rotor=2.26690709e-05
[inercia] asalto=22 robot=RIVAL rueda=1 rotor=3.08220808e-05
[planta] asalto=22 mu=0.619500673 slip=0.00136060154 aleatorio=1
[gelatina] fin de asalto motor={"battery_v":8.13273771,"resistance_ohm":[4.18220367,4.0407865],"bridge_ohm":[0.699882805,0.600368345],"omega_rad_s":[-35.4153449,70.0286663],"current_a":[-0.724608514,0.543034191],"torque_nm":[-0.0244948409,0.0198686113],"applied_pwm":[-0.827199996,1],"over_1_2a_samples":678,"over_3_2a_samples":0}
[gelatina] t=    0 ms  WAIT         rival=no d=9999 mm rumbo=+3000 cdeg  linea=0x0
[rival] fin de asalto motor={"battery_v":8.38062681,"resistance_ohm":[4.06832638,3.66455526],"bridge_ohm":[0.606924069,0.623745346],"omega_rad_s":[44.6307122,45.6326351],"current_a":[0.608424529,0.566049788],"torque_nm":[0.0241690118,0.020834326],"applied_pwm":[0.796828926,0.800000012],"over_1_2a_samples":468,"over_3_2a_samples":3}
[rival] t=    0 ms  WAIT         rival=si d=  35 mm rumbo=-6000 cdeg  linea=0x3
[planta] gelatina ciclo=24 rueda=0 V=8.16872652 R=4.03306503 Rpuente=0.659545147 I0=0.18587105 Ke=0.0674814979 Kt=0.0483794733
[planta] gelatina ciclo=24 rueda=1 V=8.16872652 R=4.00849385 Rpuente=0.62138449 I0=0.202796066 Ke=0.0658805613 Kt=0.0483794733
[sensores] gelatina ToF alcance=1441.64653 minimo=29.3285012 sigma_rel=0.0711661434
[gelatina] pulsador recibido: permiso previsto 167200 ms
[planta] rival ciclo=24 rueda=0 V=7.43880427 R=3.66269288 Rpuente=0.615391648 I0=0.176589221 Ke=0.067912769 Kt=0.0483794733
[planta] rival ciclo=24 rueda=1 V=7.43880427 R=4.27961082 Rpuente=0.657067728 I0=0.0886220098 Ke=0.0838948678 Kt=0.0483794733
[sensores] rival ToF alcance=814.122832 minimo=37.7100253 sigma_rel=0.0649522638
[rival] pulsador recibido: permiso previsto 167200 ms
[arranque] pulsador=162200 permiso=167200 ms
[gelatina] permiso de arranque a los 167200 ms
[gelatina] t=    0 ms  OPENING      rival=no d=9999 mm rumbo=   +0 cdeg  linea=0x0
[rival] permiso de arranque a los 167200 ms
[rival] t=    0 ms  TRACK        rival=si d= 322 mm rumbo=   +0 cdeg  linea=0x0
[gelatina] t=   31 ms  TRACK        rival=si d= 284 mm rumbo=   +0 cdeg  linea=0x0
[rival] t=  159 ms  ATTACK       rival=si d= 238 mm rumbo=   +0 cdeg  linea=0x0
[gelatina] t=  295 ms  ATTACK       rival=si d=  74 mm rumbo=-1506 cdeg  linea=0x0
WARNING: Contact joints between materials 'patin' and 'dohyo' will only be created for the 10 deepest contact points instead of all the 66 contact points.
[gelatina] t=  464 ms  SEARCH       rival=no d=9999 mm rumbo=-1479 cdeg  linea=0x0
[rival] t=  615 ms  SEARCH       rival=no d=9999 mm rumbo=   +0 cdeg  linea=0x0
[gelatina] t=  751 ms  ATTACK       rival=si d=  43 mm rumbo=   +0 cdeg  linea=0x8
[rival] t=  751 ms  TRACK        rival=si d=  47 mm rumbo=   +0 cdeg  linea=0x0
[rival] t=  759 ms  ATTACK       rival=si d=  47 mm rumbo=   +0 cdeg  linea=0x0
[arbitro] asalto 23/30  banco    expulsado       -1   0.83 s
[inercia] asalto=23 robot=GELATINA rueda=0 rotor=3.50999542e-05
[inercia] asalto=23 robot=GELATINA rueda=1 rotor=1.70414917e-05
[inercia] asalto=23 robot=RIVAL rueda=0 rotor=3.00675711e-05
[inercia] asalto=23 robot=RIVAL rueda=1 rotor=2.47809886e-05
[planta] asalto=23 mu=0.949570215 slip=0.00127460468 aleatorio=1
WARNING: DEF GELATINA GelatinaNuclear > HingeJoint "rueda_izq" > Solid "rueda_izq": Webots has detected that this solid is light and oblong according to its inertia matrix. This belongs in the physics edge cases, and can imply weird physical results. Increasing the weight of the object or reducing its eccentricity are recommended.
WARNING: DEF RIVAL GelatinaNuclear > HingeJoint "rueda_der" > Solid "rueda_der": Webots has detected that this solid is light and oblong according to its inertia matrix. This belongs in the physics edge cases, and can imply weird physical results. Increasing the weight of the object or reducing its eccentricity are recommended.
[gelatina] fin de asalto motor={"battery_v":8.16872652,"resistance_ohm":[4.03306503,4.00849385],"bridge_ohm":[0.659545147,0.62138449],"omega_rad_s":[46.5176299,32.4845538],"current_a":[0.723670161,0.548382822],"torque_nm":[0.0260184377,0.0167193052],"applied_pwm":[0.800000012,0.572799981],"over_1_2a_samples":687,"over_3_2a_samples":0}
[gelatina] t=    0 ms  WAIT         rival=si d= 386 mm rumbo=-6000 cdeg  linea=0x8
[rival] fin de asalto motor={"battery_v":7.43880427,"resistance_ohm":[3.66269288,4.27961082],"bridge_ohm":[0.615391648,0.657067728],"omega_rad_s":[35.7928315,34.0922072],"current_a":[1.17062062,0.0233680017],"torque_nm":[0.0480907156,-0.00315695454],"applied_pwm":[1,0.399999976],"over_1_2a_samples":473,"over_3_2a_samples":3}
[rival] t=    0 ms  WAIT         rival=si d=  61 mm rumbo=-6000 cdeg  linea=0x0
[planta] gelatina ciclo=25 rueda=0 V=8.20254513 R=4.39367437 Rpuente=0.671440876 I0=0.13123025 Ke=0.0669557527 Kt=0.0483794733
[planta] gelatina ciclo=25 rueda=1 V=8.20254513 R=3.98352647 Rpuente=0.697571003 I0=0.17354883 Ke=0.0868823042 Kt=0.0483794733
[sensores] gelatina ToF alcance=1392.38014 minimo=35.3119642 sigma_rel=0.108482208
[gelatina] pulsador recibido: permiso previsto 173344 ms
[planta] rival ciclo=25 rueda=0 V=7.96421191 R=4.10517569 Rpuente=0.551964056 I0=0.167828563 Ke=0.0806549315 Kt=0.0483794733
[planta] rival ciclo=25 rueda=1 V=7.96421191 R=3.67243137 Rpuente=0.518191636 I0=0.147279301 Ke=0.0759574003 Kt=0.0483794733
[sensores] rival ToF alcance=1304.29261 minimo=44.8549813 sigma_rel=0.0543525887
[rival] pulsador recibido: permiso previsto 173344 ms
[arranque] pulsador=168344 permiso=173344 ms
[gelatina] permiso de arranque a los 173344 ms
[gelatina] t=    0 ms  TRACK        rival=si d= 368 mm rumbo=   +0 cdeg  linea=0x0
[rival] permiso de arranque a los 173344 ms
[rival] t=    0 ms  TRACK        rival=si d= 336 mm rumbo=   +0 cdeg  linea=0x0
[rival] t=  160 ms  ATTACK       rival=si d= 237 mm rumbo=   +0 cdeg  linea=0x0
[gelatina] t=  256 ms  ATTACK       rival=si d=  84 mm rumbo=+1490 cdeg  linea=0x0
WARNING: Contact joints between materials 'rueda' and 'dohyo' will only be created for the 10 deepest contact points instead of all the 12 contact points.
[rival] t=  584 ms  SEARCH       rival=no d=9999 mm rumbo=+3000 cdeg  linea=0x0
[rival] t=  752 ms  TRACK        rival=si d=  43 mm rumbo=   +0 cdeg  linea=0x0
[rival] t=  760 ms  ATTACK       rival=si d=  43 mm rumbo=   +0 cdeg  linea=0x0
[gelatina] t=  792 ms  SEARCH       rival=no d=9999 mm rumbo=   +0 cdeg  linea=0x0
[gelatina] t=  888 ms  TRACK        rival=si d=  40 mm rumbo=   +0 cdeg  linea=0x0
[gelatina] t=  896 ms  ATTACK       rival=si d=  40 mm rumbo=   +0 cdeg  linea=0x0
[arbitro] asalto 24/30  banco    rival fuera     +1   0.96 s
[inercia] asalto=24 robot=GELATINA rueda=0 rotor=9.69655949e-06
[inercia] asalto=24 robot=GELATINA rueda=1 rotor=2.4212451e-05
[inercia] asalto=24 robot=RIVAL rueda=0 rotor=3.15720313e-05
[inercia] asalto=24 robot=RIVAL rueda=1 rotor=1.12083823e-05
[planta] asalto=24 mu=1.17989329 slip=0.000279034257 aleatorio=1
WARNING: DEF GELATINA GelatinaNuclear > HingeJoint "rueda_izq" > Solid "rueda_izq": Webots has detected that this solid is light and oblong according to its inertia matrix. This belongs in the physics edge cases, and can imply weird physical results. Increasing the weight of the object or reducing its eccentricity are recommended.
[gelatina] fin de asalto motor={"battery_v":8.20254513,"resistance_ohm":[4.39367437,3.98352647],"bridge_ohm":[0.671440876,0.697571003],"omega_rad_s":[4.69898133,54.600855],"current_a":[1.18937132,0.0379567356],"torque_nm":[0.0511933599,-0.00655987409],"applied_pwm":[0.772799969,0.600000024],"over_1_2a_samples":723,"over_3_2a_samples":0}
[gelatina] t=    0 ms  WAIT         rival=si d=  59 mm rumbo=-6000 cdeg  linea=0x0
[rival] fin de asalto motor={"battery_v":7.96421191,"resistance_ohm":[4.10517569,3.67243137],"bridge_ohm":[0.551964056,0.518191636],"omega_rad_s":[70.2731014,72.3436352],"current_a":[0.493079411,0.589214884],"torque_nm":[0.0157354647,0.0213806107],"applied_pwm":[1,1],"over_1_2a_samples":475,"over_3_2a_samples":3}
[rival] t=    0 ms  WAIT         rival=no d=9999 mm rumbo=   +0 cdeg  linea=0x4
[planta] gelatina ciclo=26 rueda=0 V=8.23853394 R=4.24453578 Rpuente=0.631103218 I0=0.0987992674 Ke=0.0743115635 Kt=0.0483794733
[planta] gelatina ciclo=26 rueda=1 V=8.23853394 R=3.95123382 Rpuente=0.518587148 I0=0.0939933747 Ke=0.0785624439 Kt=0.0483794733
[sensores] gelatina ToF alcance=1222.79226 minimo=35.5135429 sigma_rel=0.0588628149
[gelatina] pulsador recibido: permiso previsto 179616 ms
[planta] rival ciclo=26 rueda=0 V=7.85345128 R=3.67864804 Rpuente=0.664514804 I0=0.117259365 Ke=0.0835980642 Kt=0.0483794733
[planta] rival ciclo=26 rueda=1 V=7.85345128 R=3.95715528 Rpuente=0.636369371 I0=0.133642271 Ke=0.0722743059 Kt=0.0483794733
[sensores] rival ToF alcance=1042.78057 minimo=45.847522 sigma_rel=0.0809257889
[rival] pulsador recibido: permiso previsto 179616 ms
[arranque] pulsador=174616 permiso=179616 ms
[gelatina] permiso de arranque a los 179616 ms
[gelatina] t=    0 ms  TRACK        rival=si d= 283 mm rumbo=   +0 cdeg  linea=0x0
[rival] permiso de arranque a los 179616 ms
[rival] t=    0 ms  TRACK        rival=si d= 270 mm rumbo=   +0 cdeg  linea=0x0
[rival] t=   64 ms  ATTACK       rival=si d= 235 mm rumbo=   +0 cdeg  linea=0x0
[gelatina] t=  224 ms  ATTACK       rival=si d=  79 mm rumbo=+1503 cdeg  linea=0x0
WARNING: Contact joints between materials 'patin' and 'dohyo' will only be created for the 10 deepest contact points instead of all the 79 contact points.
[gelatina] t=  400 ms  SEARCH       rival=no d=9999 mm rumbo= -554 cdeg  linea=0x0
[gelatina] t=  520 ms  TRACK        rival=si d=  40 mm rumbo=   +0 cdeg  linea=0x0
[gelatina] t=  528 ms  ATTACK       rival=si d=  40 mm rumbo=   +0 cdeg  linea=0x0
[gelatina] t=  664 ms  SEARCH       rival=no d=9999 mm rumbo=   +0 cdeg  linea=0x0
[gelatina] t=  888 ms  TRACK        rival=si d=  75 mm rumbo=+6000 cdeg  linea=0x0
[gelatina] t=  896 ms  ATTACK       rival=si d=  75 mm rumbo=+6000 cdeg  linea=0x0
[gelatina] t= 1088 ms  SEARCH       rival=no d=9999 mm rumbo=-3000 cdeg  linea=0x8
[gelatina] t= 1184 ms  TRACK        rival=si d= 544 mm rumbo=+5702 cdeg  linea=0x0
[rival] t= 1208 ms  SEARCH       rival=no d=9999 mm rumbo=-4482 cdeg  linea=0x0
[rival] t= 1248 ms  TRACK        rival=si d=  48 mm rumbo=+3000 cdeg  linea=0x0
[rival] t= 1256 ms  ATTACK       rival=si d=  48 mm rumbo=+3000 cdeg  linea=0x0
WARNING: Contact joints between materials 'rueda' and 'dohyo' will only be created for the 10 deepest contact points instead of all the 11 contact points.
[gelatina] t= 1320 ms  ATTACK       rival=si d=  69 mm rumbo=-6000 cdeg  linea=0x0
[gelatina] t= 1456 ms  SEARCH       rival=no d=9999 mm rumbo=-6000 cdeg  linea=0x0
[gelatina] t= 1480 ms  TRACK        rival=si d=  81 mm rumbo=-6000 cdeg  linea=0x0
[gelatina] t= 1488 ms  ATTACK       rival=si d=  81 mm rumbo=-6000 cdeg  linea=0x0
[gelatina] t= 1952 ms  SEARCH       rival=no d=9999 mm rumbo=-3000 cdeg  linea=0x0
[rival] t= 2032 ms  SEARCH       rival=no d=9999 mm rumbo=+3000 cdeg  linea=0x0
[gelatina] t= 2072 ms  TRACK        rival=si d=  49 mm rumbo=+3000 cdeg  linea=0x0
[gelatina] t= 2080 ms  ATTACK       rival=si d=  49 mm rumbo=+3000 cdeg  linea=0x0
WARNING: Contact joints between materials 'rueda' and 'dohyo' will only be created for the 10 deepest contact points instead of all the 29 contact points.
[rival] t= 2368 ms  TRACK        rival=si d=  49 mm rumbo=+6000 cdeg  linea=0x0
[rival] t= 2376 ms  ATTACK       rival=si d=  49 mm rumbo=+6000 cdeg  linea=0x0
[gelatina] t= 2640 ms  SEARCH       rival=no d=9999 mm rumbo=  +21 cdeg  linea=0x0
[rival] t= 2696 ms  SEARCH       rival=no d=9999 mm rumbo=   +0 cdeg  linea=0x0
[gelatina] t= 2832 ms  TRACK        rival=si d=  41 mm rumbo=-3004 cdeg  linea=0x0
[gelatina] t= 2840 ms  ATTACK       rival=si d=  41 mm rumbo=-3004 cdeg  linea=0x0
[rival] t= 2904 ms  TRACK        rival=si d=  87 mm rumbo=-6000 cdeg  linea=0x0
[rival] t= 2912 ms  ATTACK       rival=si d=  87 mm rumbo=-6000 cdeg  linea=0x0
[rival] t= 3192 ms  SEARCH       rival=no d=9999 mm rumbo=-6000 cdeg  linea=0x0
[rival] t= 3264 ms  TRACK        rival=si d= 100 mm rumbo=-6000 cdeg  linea=0x0
[rival] t= 3272 ms  ATTACK       rival=si d= 100 mm rumbo=-6000 cdeg  linea=0x0
[gelatina] t= 3432 ms  SEARCH       rival=no d=9999 mm rumbo=+1525 cdeg  linea=0xA
WARNING: Contact joints between materials 'patin' and 'dohyo' will only be created for the 10 deepest contact points instead of all the 18 contact points.
[gelatina] t= 3496 ms  TRACK        rival=si d= 684 mm rumbo=-6000 cdeg  linea=0x8
[gelatina] t= 3528 ms  ATTACK       rival=si d=  38 mm rumbo= -418 cdeg  linea=0x8
[arbitro] asalto 25/30  banco    rival fuera     +1   4.18 s
[inercia] asalto=25 robot=GELATINA rueda=0 rotor=1.51063374e-05
[inercia] asalto=25 robot=GELATINA rueda=1 rotor=1.77277225e-05
[inercia] asalto=25 robot=RIVAL rueda=0 rotor=1.69141039e-05
[inercia] asalto=25 robot=RIVAL rueda=1 rotor=2.07750269e-05
[planta] asalto=25 mu=0.640810823 slip=0.00191908431 aleatorio=1
WARNING: DEF RIVAL GelatinaNuclear > HingeJoint "rueda_izq" > Solid "rueda_izq": Webots has detected that this solid is light and oblong according to its inertia matrix. This belongs in the physics edge cases, and can imply weird physical results. Increasing the weight of the object or reducing its eccentricity are recommended.
[gelatina] fin de asalto motor={"battery_v":8.23853394,"resistance_ohm":[4.24453578,3.95123382],"bridge_ohm":[0.631103218,0.518587148],"omega_rad_s":[6.92323577,9.29724139],"current_a":[1.58421439,0.131493329],"torque_nm":[0.0718636106,0.00181422814],"applied_pwm":[1,0.160000026],"over_1_2a_samples":804,"over_3_2a_samples":0}
[gelatina] t=    0 ms  WAIT         rival=si d= 114 mm rumbo=-6000 cdeg  linea=0x5
[rival] fin de asalto motor={"battery_v":7.85345128,"resistance_ohm":[3.67864804,3.95715528],"bridge_ohm":[0.664514804,0.636369371],"omega_rad_s":[23.9781367,61.0146658],"current_a":[0.261757285,0.749676755],"torque_nm":[0.00699073323,0.0298034239],"applied_pwm":[0.399999976,1],"over_1_2a_samples":559,"over_3_2a_samples":3}
[rival] t=    0 ms  WAIT         rival=si d= 213 mm rumbo=+6000 cdeg  linea=0x4
[planta] gelatina ciclo=27 rueda=0 V=8.27235247 R=3.80514512 Rpuente=0.642998934 I0=0.194158459 Ke=0.0671985495 Kt=0.0483794733
[planta] gelatina ciclo=27 rueda=1 V=8.27235247 R=3.92626638 Rpuente=0.594773662 I0=0.214746147 Ke=0.0634773829 Kt=0.0483794733
[sensores] gelatina ToF alcance=1173.52594 minimo=41.4970058 sigma_rel=0.0961788797
[gelatina] pulsador recibido: permiso previsto 189104 ms
[planta] rival ciclo=27 rueda=0 V=8.37885891 R=4.1211309 Rpuente=0.601087213 I0=0.108498716 Ke=0.0686697177 Kt=0.0483794733
[planta] rival ciclo=27 rueda=1 V=8.37885891 R=4.14997587 Rpuente=0.697493279 I0=0.192299563 Ke=0.0645617259 Kt=0.0483794733
[sensores] rival ToF alcance=1532.95035 minimo=22.9924762 sigma_rel=0.0703261137
[rival] pulsador recibido: permiso previsto 189104 ms
[arranque] pulsador=184104 permiso=189104 ms
[gelatina] permiso de arranque a los 189104 ms
[gelatina] t=    0 ms  TRACK        rival=si d= 285 mm rumbo=   +0 cdeg  linea=0x0
[rival] permiso de arranque a los 189104 ms
[rival] t=    0 ms  TRACK        rival=si d= 307 mm rumbo=   +0 cdeg  linea=0x0
[rival] t=  128 ms  ATTACK       rival=si d= 243 mm rumbo=   +0 cdeg  linea=0x0
WARNING: Contact joints between materials 'patin' and 'dohyo' will only be created for the 10 deepest contact points instead of all the 17 contact points.
[gelatina] t=  256 ms  ATTACK       rival=si d=  99 mm rumbo=   +0 cdeg  linea=0x0
[gelatina] t=  432 ms  SEARCH       rival=no d=9999 mm rumbo=  -43 cdeg  linea=0x0
[gelatina] t=  784 ms  TRACK        rival=si d= 722 mm rumbo=   +0 cdeg  linea=0x0
[gelatina] t=  920 ms  ATTACK       rival=si d=  79 mm rumbo=   +0 cdeg  linea=0x0
[gelatina] t= 1184 ms  SEARCH       rival=no d=9999 mm rumbo=+6000 cdeg  linea=0x0
WARNING: Contact joints between materials 'patin' and 'dohyo' will only be created for the 10 deepest contact points instead of all the 12 contact points.
[gelatina] t= 1280 ms  TRACK        rival=si d=  77 mm rumbo=+3000 cdeg  linea=0x0
[gelatina] t= 1288 ms  ATTACK       rival=si d=  77 mm rumbo=+3000 cdeg  linea=0x0
[arbitro] asalto 26/30  banco    expulsado       -1   1.47 s
[inercia] asalto=26 robot=GELATINA rueda=0 rotor=1.54931517e-05
[inercia] asalto=26 robot=GELATINA rueda=1 rotor=1.17622864e-05
[inercia] asalto=26 robot=RIVAL rueda=0 rotor=2.777028e-05
[inercia] asalto=26 robot=RIVAL rueda=1 rotor=2.71616879e-05
[planta] asalto=26 mu=1.35029093 slip=0.000660977721 aleatorio=1
[gelatina] fin de asalto motor={"battery_v":8.27235247,"resistance_ohm":[3.80514512,3.92626638],"bridge_ohm":[0.642998934,0.594773662],"omega_rad_s":[105.398002,50.722801],"current_a":[0.267473258,-0.0387200293],"torque_nm":[0.00354693136,-0.0122625601],"applied_pwm":[1,0.368056834],"over_1_2a_samples":824,"over_3_2a_samples":0}
[gelatina] t=    0 ms  WAIT         rival=si d=  82 mm rumbo=-4031 cdeg  linea=0x1
[rival] fin de asalto motor={"battery_v":8.37885891,"resistance_ohm":[4.1211309,4.14997587],"bridge_ohm":[0.601087213,0.697493279],"omega_rad_s":[72.9747064,43.8002032],"current_a":[0.713161983,0.108041255],"torque_nm":[0.0292532904,-0.00407637255],"applied_pwm":[1,0.399999976],"over_1_2a_samples":563,"over_3_2a_samples":3}
[rival] t=    0 ms  WAIT         rival=si d=  33 mm rumbo=-3000 cdeg  linea=0x0
[planta] gelatina ciclo=28 rueda=0 V=8.30834136 R=3.65600648 Rpuente=0.602661276 I0=0.161727476 Ke=0.0747151705 Kt=0.0483794733
[planta] gelatina ciclo=28 rueda=1 V=8.30834136 R=3.89397373 Rpuente=0.615789807 I0=0.135190693 Ke=0.0847888796 Kt=0.0483794733
[sensores] gelatina ToF alcance=1003.93806 minimo=41.6985828 sigma_rel=0.0465594864
[gelatina] pulsador recibido: permiso previsto 195888 ms
[planta] rival ciclo=28 rueda=0 V=7.09189321 R=3.87593999 Rpuente=0.606464481 I0=0.114516324 Ke=0.0853337899 Kt=0.0483794733
[planta] rival ciclo=28 rueda=1 V=7.09189321 R=4.25763769 Rpuente=0.55996114 I0=0.126802191 Ke=0.0776055521 Kt=0.0483794733
[sensores] rival ToF alcance=991.946936 minimo=27.9371268 sigma_rel=0.0544977999
[rival] pulsador recibido: permiso previsto 195888 ms
[arranque] pulsador=190888 permiso=195888 ms
[gelatina] permiso de arranque a los 195888 ms
[gelatina] t=    0 ms  TRACK        rival=si d= 280 mm rumbo=   +0 cdeg  linea=0x0
[rival] permiso de arranque a los 195888 ms
[rival] t=    0 ms  TRACK        rival=si d= 279 mm rumbo=   +0 cdeg  linea=0x0
[rival] t=   96 ms  ATTACK       rival=si d= 247 mm rumbo=   +0 cdeg  linea=0x0
[gelatina] t=  224 ms  ATTACK       rival=si d= 107 mm rumbo=   +0 cdeg  linea=0x0
WARNING: Contact joints between materials 'rueda' and 'dohyo' will only be created for the 10 deepest contact points instead of all the 11 contact points.
[gelatina] t=  400 ms  SEARCH       rival=no d=9999 mm rumbo=+1495 cdeg  linea=0x0
[rival] t=  552 ms  SEARCH       rival=no d=9999 mm rumbo=  -19 cdeg  linea=0x0
[gelatina] t=  560 ms  TRACK        rival=si d=  71 mm rumbo=-6000 cdeg  linea=0x0
[gelatina] t=  568 ms  ATTACK       rival=si d=  71 mm rumbo=-6000 cdeg  linea=0x0
[rival] t=  592 ms  TRACK        rival=si d=  61 mm rumbo=-4503 cdeg  linea=0x0
[rival] t=  600 ms  ATTACK       rival=si d=  61 mm rumbo=-4503 cdeg  linea=0x0
[gelatina] t=  696 ms  SEARCH       rival=no d=9999 mm rumbo=-6000 cdeg  linea=0x0
[gelatina] t=  824 ms  TRACK        rival=si d=  46 mm rumbo=-4516 cdeg  linea=0x0
[gelatina] t=  832 ms  ATTACK       rival=si d=  46 mm rumbo=-4516 cdeg  linea=0x0
[gelatina] t= 1224 ms  SEARCH       rival=no d=9999 mm rumbo=   +0 cdeg  linea=0x0
WARNING: Contact joints between materials 'patin' and 'dohyo' will only be created for the 10 deepest contact points instead of all the 18 contact points.
[rival] t= 1352 ms  TRACK        rival=si d= 794 mm rumbo=+6000 cdeg  linea=0x4
[gelatina] t= 1480 ms  TRACK        rival=si d=  77 mm rumbo=+6000 cdeg  linea=0x0
[gelatina] t= 1488 ms  ATTACK       rival=si d=  77 mm rumbo=+6000 cdeg  linea=0x0
[rival] t= 1648 ms  ATTACK       rival=si d= 100 mm rumbo=-2593 cdeg  linea=0x1
[gelatina] t= 1688 ms  SEARCH       rival=no d=9999 mm rumbo=-4509 cdeg  linea=0x0
[arbitro] asalto 27/30  banco    rival fuera     +1   1.69 s
[inercia] asalto=27 robot=GELATINA rueda=0 rotor=1.94309714e-05
[inercia] asalto=27 robot=GELATINA rueda=1 rotor=9.35624832e-06
[inercia] asalto=27 robot=RIVAL rueda=0 rotor=2.79407188e-05
[inercia] asalto=27 robot=RIVAL rueda=1 rotor=1.12463045e-05
[planta] asalto=27 mu=1.12337044 slip=0.00097377944 aleatorio=1
[gelatina] fin de asalto motor={"battery_v":8.30834136,"resistance_ohm":[3.65600648,3.89397373],"bridge_ohm":[0.602661276,0.615789807],"omega_rad_s":[54.4776708,6.14751962],"current_a":[0.99515462,0.180472665],"torque_nm":[0.0403207663,0.00219077781],"applied_pwm":[1,0.160697579],"over_1_2a_samples":906,"over_3_2a_samples":0}
[gelatina] t=    0 ms  WAIT         rival=no d=9999 mm rumbo=-4509 cdeg  linea=0x0
[rival] fin de asalto motor={"battery_v":7.09189321,"resistance_ohm":[3.87593999,4.25763769],"bridge_ohm":[0.606464481,0.55996114],"omega_rad_s":[61.3591305,46.657847],"current_a":[0.414038062,0.0933484328],"torque_nm":[0.0144907039,-0.00161847521],"applied_pwm":[1,0.573982596],"over_1_2a_samples":568,"over_3_2a_samples":3}
[rival] t=    0 ms  WAIT         rival=si d=  95 mm rumbo=-3170 cdeg  linea=0x4
[planta] gelatina ciclo=29 rueda=0 V=8.34215989 R=4.01661582 Rpuente=0.614556992 I0=0.107086676 Ke=0.0736885814 Kt=0.0483794733
[planta] gelatina ciclo=29 rueda=1 V=8.34215989 R=3.8690063 Rpuente=0.691976321 I0=0.105943465 Ke=0.0753897349 Kt=0.0483794733
[sensores] gelatina ToF alcance=954.671735 minimo=47.6820457 sigma_rel=0.083875556
[gelatina] pulsador recibido: permiso previsto 202888 ms
[planta] rival ciclo=29 rueda=0 V=7.20060447 R=3.79002953 Rpuente=0.571846259 I0=0.191470322 Ke=0.0936401875 Kt=0.0483794733
[planta] rival ciclo=29 rueda=1 V=7.20060447 R=4.25690155 Rpuente=0.61379689 I0=0.094638285 Ke=0.0993166171 Kt=0.0483794733
[sensores] rival ToF alcance=1183.85692 minimo=35.2040571 sigma_rel=0.0955069351
[rival] pulsador recibido: permiso previsto 202888 ms
[arranque] pulsador=197888 permiso=202888 ms
[gelatina] permiso de arranque a los 202888 ms
[gelatina] t=    0 ms  TRACK        rival=si d= 262 mm rumbo=   +0 cdeg  linea=0x0
[rival] permiso de arranque a los 202888 ms
[rival] t=    0 ms  TRACK        rival=si d= 329 mm rumbo=   +0 cdeg  linea=0x0
[rival] t=   96 ms  ATTACK       rival=si d= 208 mm rumbo=   +0 cdeg  linea=0x0
[gelatina] t=  192 ms  ATTACK       rival=si d= 129 mm rumbo=   +0 cdeg  linea=0x0
WARNING: Contact joints between materials 'rueda' and 'dohyo' will only be created for the 10 deepest contact points instead of all the 18 contact points.
[gelatina] t=  368 ms  SEARCH       rival=no d=9999 mm rumbo=-3000 cdeg  linea=0x0
[gelatina] t=  392 ms  TRACK        rival=si d=  51 mm rumbo=  +12 cdeg  linea=0x0
[gelatina] t=  400 ms  ATTACK       rival=si d=  51 mm rumbo=  +12 cdeg  linea=0x0
[gelatina] t=  528 ms  SEARCH       rival=no d=9999 mm rumbo=  +12 cdeg  linea=0x0
[gelatina] t=  592 ms  TRACK        rival=si d=  45 mm rumbo=-3000 cdeg  linea=0x0
[gelatina] t=  600 ms  ATTACK       rival=si d=  45 mm rumbo=-3000 cdeg  linea=0x0
[arbitro] asalto 28/30  banco    expulsado       -1   1.00 s
[inercia] asalto=28 robot=GELATINA rueda=0 rotor=2.55414689e-05
[inercia] asalto=28 robot=GELATINA rueda=1 rotor=2.19878901e-05
[inercia] asalto=28 robot=RIVAL rueda=0 rotor=2.79932778e-05
[inercia] asalto=28 robot=RIVAL rueda=1 rotor=1.5502732e-05
[planta] asalto=28 mu=1.46634105 slip=0.00129893672 aleatorio=1
[gelatina] fin de asalto motor={"battery_v":8.34215989,"resistance_ohm":[4.01661582,3.8690063],"bridge_ohm":[0.614556992,0.691976321],"omega_rad_s":[5.15075388,103.328332],"current_a":[0.206253166,0.121084503],"torque_nm":[0.0047979705,0.000732515453],"applied_pwm":[0.160000026,1],"over_1_2a_samples":912,"over_3_2a_samples":0}
[gelatina] t=    0 ms  WAIT         rival=si d= 373 mm rumbo=   +0 cdeg  linea=0xC
[rival] fin de asalto motor={"battery_v":7.20060447,"resistance_ohm":[3.79002953,4.25690155],"bridge_ohm":[0.571846259,0.61379689],"omega_rad_s":[49.6374495,57.6683726],"current_a":[0.585194197,-0.335094935],"torque_nm":[0.0190481537,-0.0207902669],"applied_pwm":[1,0.568741322],"over_1_2a_samples":573,"over_3_2a_samples":3}
[rival] t=    0 ms  WAIT         rival=si d= 345 mm rumbo=   +0 cdeg  linea=0x0
[planta] gelatina ciclo=30 rueda=0 V=8.37814878 R=3.86747718 Rpuente=0.574219334 I0=0.224655694 Ke=0.0736339521 Kt=0.0483794733
[planta] gelatina ciclo=30 rueda=1 V=8.37814878 R=3.83671365 Rpuente=0.512992465 I0=0.17638801 Ke=0.0926337765 Kt=0.0483794733
[sensores] gelatina ToF alcance=785.083777 minimo=47.8836244 sigma_rel=0.114256158
[gelatina] pulsador recibido: permiso previsto 209200 ms
[planta] rival ciclo=30 rueda=0 V=8.35094497 R=3.98737073 Rpuente=0.627333462 I0=0.219472674 Ke=0.0758553078 Kt=0.0483794733
[planta] rival ciclo=30 rueda=1 V=8.35094497 R=4.21043987 Rpuente=0.662878561 I0=0.150727522 Ke=0.0661402564 Kt=0.0483794733
[sensores] rival ToF alcance=822.924936 minimo=46.2372559 sigma_rel=0.0859497404
[rival] pulsador recibido: permiso previsto 209200 ms
[arranque] pulsador=204200 permiso=209200 ms
[gelatina] permiso de arranque a los 209200 ms
[gelatina] t=    0 ms  TRACK        rival=si d= 307 mm rumbo=   +0 cdeg  linea=0x0
[rival] permiso de arranque a los 209200 ms
[rival] t=    0 ms  TRACK        rival=si d= 358 mm rumbo=   +0 cdeg  linea=0x0
[rival] t=  127 ms  ATTACK       rival=si d= 220 mm rumbo=   +0 cdeg  linea=0x0
[gelatina] t=  223 ms  ATTACK       rival=si d= 123 mm rumbo=-1513 cdeg  linea=0x0
WARNING: Contact joints between materials 'rueda' and 'dohyo' will only be created for the 10 deepest contact points instead of all the 12 contact points.
[gelatina] t=  464 ms  SEARCH       rival=no d=9999 mm rumbo=   +0 cdeg  linea=0x0
[rival] t=  583 ms  SEARCH       rival=no d=9999 mm rumbo=+4414 cdeg  linea=0x0
[gelatina] t=  623 ms  TRACK        rival=si d=  44 mm rumbo=   +0 cdeg  linea=0x0
[gelatina] t=  631 ms  ATTACK       rival=si d=  44 mm rumbo=   +0 cdeg  linea=0x0
[rival] t=  687 ms  TRACK        rival=si d=  74 mm rumbo=-3000 cdeg  linea=0x0
[rival] t=  696 ms  ATTACK       rival=si d=  74 mm rumbo=-3000 cdeg  linea=0x0
[rival] t=  976 ms  SEARCH       rival=no d=9999 mm rumbo=-3000 cdeg  linea=0x0
[rival] t= 1119 ms  TRACK        rival=si d=  75 mm rumbo=-6000 cdeg  linea=0x0
[rival] t= 1127 ms  ATTACK       rival=si d=  75 mm rumbo=-6000 cdeg  linea=0x4
[gelatina] t= 1287 ms  SEARCH       rival=no d=9999 mm rumbo=-3000 cdeg  linea=0x0
[arbitro] asalto 29/30  banco    rival fuera     +1   1.30 s
[inercia] asalto=29 robot=GELATINA rueda=0 rotor=1.93387651e-05
[inercia] asalto=29 robot=GELATINA rueda=1 rotor=2.56285785e-05
[inercia] asalto=29 robot=RIVAL rueda=0 rotor=2.94294961e-05
[inercia] asalto=29 robot=RIVAL rueda=1 rotor=3.0536506e-05
[planta] asalto=29 mu=1.28143648 slip=0.000702222109 aleatorio=1
[gelatina] fin de asalto motor={"battery_v":8.37814878,"resistance_ohm":[3.86747718,3.83671365],"bridge_ohm":[0.574219334,0.512992465],"omega_rad_s":[77.1737848,24.0044753],"current_a":[0.60687127,-0.431120246],"torque_nm":[0.0184913883,-0.0293909295],"applied_pwm":[1,0.0415818393],"over_1_2a_samples":944,"over_3_2a_samples":0}
[gelatina] t=    0 ms  WAIT         rival=no d=9999 mm rumbo=-3000 cdeg  linea=0x0
[rival] fin de asalto motor={"battery_v":8.35094497,"resistance_ohm":[3.98737073,4.21043987],"bridge_ohm":[0.627333462,0.662878561],"omega_rad_s":[93.0307471,76.0286372],"current_a":[0.280422961,0.681751348],"torque_nm":[0.00294874282,0.025690653],"applied_pwm":[1,1],"over_1_2a_samples":613,"over_3_2a_samples":3}
[rival] t=    0 ms  WAIT         rival=no d=9999 mm rumbo=   +0 cdeg  linea=0x2
WARNING: Contact joints between materials 'patin' and 'dohyo' will only be created for the 10 deepest contact points instead of all the 16 contact points.
[planta] gelatina ciclo=31 rueda=0 V=7.01196731 R=4.22808652 Rpuente=0.586115062 I0=0.170014885 Ke=0.072463821 Kt=0.0483794733
[planta] gelatina ciclo=31 rueda=1 V=7.01196731 R=3.81174626 Rpuente=0.589178979 I0=0.147140774 Ke=0.0811089341 Kt=0.0483794733
[sensores] gelatina ToF alcance=735.817456 minimo=23.8670874 sigma_rel=0.0715722275
[gelatina] pulsador recibido: permiso previsto 215816 ms
[planta] rival ciclo=31 rueda=0 V=7.05026116 R=3.70891438 Rpuente=0.630490899 I0=0.0937249482 Ke=0.0711979099 Kt=0.0483794733
[planta] rival ciclo=31 rueda=1 V=7.05026116 R=3.90925069 Rpuente=0.636213768 I0=0.128782082 Ke=0.0974377837 Kt=0.0483794733
[arranque] pulsador=210816 permiso=215816 ms
[sensores] rival ToF alcance=1096.08399 minimo=42.1623528 sigma_rel=0.0406015539
[rival] pulsador recibido: permiso previsto 215816 ms
[gelatina] permiso de arranque a los 215816 ms
[gelatina] t=    0 ms  TRACK        rival=si d= 322 mm rumbo=   +0 cdeg  linea=0x0
[rival] permiso de arranque a los 215816 ms
[rival] t=    0 ms  TRACK        rival=si d= 297 mm rumbo=   +0 cdeg  linea=0x0
[rival] t=  128 ms  ATTACK       rival=si d= 256 mm rumbo=   +0 cdeg  linea=0x0
[gelatina] t=  224 ms  ATTACK       rival=si d= 128 mm rumbo=+1498 cdeg  linea=0x0
WARNING: Contact joints between materials 'rueda' and 'dohyo' will only be created for the 10 deepest contact points instead of all the 19 contact points.
[rival] t=  584 ms  SEARCH       rival=no d=9999 mm rumbo=+6000 cdeg  linea=0x0
[gelatina] t=  592 ms  SEARCH       rival=no d=9999 mm rumbo=  +46 cdeg  linea=0x0
[gelatina] t=  656 ms  TRACK        rival=si d=  44 mm rumbo=+3000 cdeg  linea=0x0
[gelatina] t=  664 ms  ATTACK       rival=si d=  44 mm rumbo=+3000 cdeg  linea=0x0
[rival] t=  720 ms  TRACK        rival=si d=  37 mm rumbo=   +0 cdeg  linea=0x0
[rival] t=  728 ms  ATTACK       rival=si d=  37 mm rumbo=   +0 cdeg  linea=0x0
[gelatina] t= 1024 ms  SEARCH       rival=no d=9999 mm rumbo=-3052 cdeg  linea=0x0
[gelatina] t= 1088 ms  TRACK        rival=si d=  26 mm rumbo=-6000 cdeg  linea=0x0
[gelatina] t= 1096 ms  ATTACK       rival=si d=  26 mm rumbo=-6000 cdeg  linea=0x0
[gelatina] t= 1352 ms  SEARCH       rival=no d=9999 mm rumbo=+6000 cdeg  linea=0x0
WARNING: Contact joints between materials 'patin' and 'dohyo' will only be created for the 10 deepest contact points instead of all the 16 contact points.
[gelatina] t= 1648 ms  TRACK        rival=si d=  31 mm rumbo=+6000 cdeg  linea=0x1
[gelatina] t= 1656 ms  ATTACK       rival=si d=  31 mm rumbo=+6000 cdeg  linea=0x1
[rival] t= 1768 ms  SEARCH       rival=no d=9999 mm rumbo=-2963 cdeg  linea=0x0
[rival] t= 2304 ms  TRACK        rival=si d=  55 mm rumbo=-3000 cdeg  linea=0x0
[rival] t= 2312 ms  ATTACK       rival=si d=  55 mm rumbo=-3000 cdeg  linea=0x0
[gelatina] t= 2544 ms  SEARCH       rival=no d=9999 mm rumbo=-3000 cdeg  linea=0x0
[gelatina] t= 2568 ms  TRACK        rival=si d=  47 mm rumbo=   +0 cdeg  linea=0x0
[gelatina] t= 2576 ms  ATTACK       rival=si d=  47 mm rumbo=   +0 cdeg  linea=0x0
[rival] t= 2592 ms  SEARCH       rival=no d=9999 mm rumbo=-3000 cdeg  linea=0x0
[gelatina] t= 2704 ms  SEARCH       rival=no d=9999 mm rumbo=   +0 cdeg  linea=0x0
[gelatina] t= 2736 ms  TRACK        rival=si d=  28 mm rumbo=   +0 cdeg  linea=0x0
[gelatina] t= 2744 ms  ATTACK       rival=si d=  28 mm rumbo=   +0 cdeg  linea=0x0
WARNING: Contact joints between materials 'patin' and 'dohyo' will only be created for the 10 deepest contact points instead of all the 12 contact points.
[rival] t= 2864 ms  TRACK        rival=si d= 699 mm rumbo=+6000 cdeg  linea=0x8
[rival] t= 2896 ms  ATTACK       rival=si d= 158 mm rumbo=+6000 cdeg  linea=0x4
[arbitro] asalto 30/30  banco    rival fuera     +1   2.94 s

[arbitro] RESULTADO  14W 16L 0D  win rate 46.7%  auto-salidas 0  t medio de victoria 2.87 s

[arbitro] resultados -> ../../../../result.json
INFO: 'arbitro' controller exited successfully.
INFO: medido: Terminating.
INFO: contrario: Terminating.
