WARNING: Contact joints between materials 'patin' and 'dohyo' will only be created for the 10 deepest contact points instead of all the 12 contact points.
INFO: medido: Starting controller: $LAB_ROOT/Mini-Sumo-real/runs/real/20260913T171117736867Z_v22_nn_reglamento_spinner_s0_r0/project/webots/controllers/medido/medido
INFO: oponente: Starting controller: $LAB_ROOT/Mini-Sumo-real/runs/real/20260913T171117736867Z_v22_nn_reglamento_spinner_s0_r0/project/webots/controllers/oponente/oponente spinner
INFO: arbitro: Starting controller: $LAB_ROOT/Mini-Sumo-real/runs/real/20260913T171117736867Z_v22_nn_reglamento_spinner_s0_r0/project/webots/controllers/arbitro/arbitro --rounds 30 --rival spinner --version nn --colocacion reglamento --out ../../../../result.json
[planta] gelatina ciclo=1 rueda=0 V=7.4 R=4 Rpuente=0.5 I0=0.15 Ke=0.0793326178 Kt=0.0483794733
[planta] gelatina ciclo=1 rueda=1 V=7.4 R=4 Rpuente=0.5 I0=0.15 Ke=0.0793326178 Kt=0.0483794733
[sensores] gelatina ToF alcance=1200 minimo=30 sigma_rel=0.07
[gelatina] HAL Webots listo: paso 8 ms, umbral de linea 400
[planta] rival ciclo=1 rueda=0 V=7.4 R=4 Rpuente=0.5 I0=0.15 Ke=0.0793326178 Kt=0.0483794733
[planta] rival ciclo=1 rueda=1 V=7.4 R=4 Rpuente=0.5 I0=0.15 Ke=0.0793326178 Kt=0.0483794733
[sensores] rival ToF alcance=1200 minimo=30 sigma_rel=0.07
[rival] comportamiento: spinner

[arbitro] 30 asaltos contra 'spinner', colocacion reglamento, limite 60 s por asalto
[planta] asalto=0 mu=1.1 slip=0.0005 aleatorio=0
[planta] gelatina ciclo=2 rueda=0 V=7.4 R=4 Rpuente=0.5 I0=0.15 Ke=0.0793326178 Kt=0.0483794733
[planta] gelatina ciclo=2 rueda=1 V=7.4 R=4 Rpuente=0.5 I0=0.15 Ke=0.0793326178 Kt=0.0483794733
[sensores] gelatina ToF alcance=1200 minimo=30 sigma_rel=0.07
[gelatina] pulsador recibido: permiso previsto 5312 ms
[arranque] pulsador=312 permiso=5312 ms
[planta] rival ciclo=2 rueda=0 V=7.4 R=4 Rpuente=0.5 I0=0.15 Ke=0.0793326178 Kt=0.0483794733
[planta] rival ciclo=2 rueda=1 V=7.4 R=4 Rpuente=0.5 I0=0.15 Ke=0.0793326178 Kt=0.0483794733
[sensores] rival ToF alcance=1200 minimo=30 sigma_rel=0.07
[gelatina] permiso de arranque a los 5312 ms
WARNING: Contact joints between materials 'patin' and 'dohyo' will only be created for the 10 deepest contact points instead of all the 13 contact points.
WARNING: Contact joints between materials 'patin' and 'dohyo' will only be created for the 10 deepest contact points instead of all the 22 contact points.
WARNING: Contact joints between materials 'rueda' and 'dohyo' will only be created for the 10 deepest contact points instead of all the 12 contact points.
WARNING: Contact joints between materials 'patin' and 'dohyo' will only be created for the 10 deepest contact points instead of all the 63 contact points.
WARNING: Contact joints between materials 'rueda' and 'dohyo' will only be created for the 10 deepest contact points instead of all the 13 contact points.
WARNING: Contact joints between materials 'patin' and 'dohyo' will only be created for the 10 deepest contact points instead of all the 36 contact points.
WARNING: Contact joints between materials 'patin' and 'dohyo' will only be created for the 10 deepest contact points instead of all the 13 contact points.
WARNING: Contact joints between materials 'rueda' and 'dohyo' will only be created for the 10 deepest contact points instead of all the 11 contact points.
WARNING: Contact joints between materials 'patin' and 'dohyo' will only be created for the 10 deepest contact points instead of all the 11 contact points.
WARNING: Contact joints between materials 'patin' and 'dohyo' will only be created for the 10 deepest contact points instead of all the 11 contact points.
WARNING: Contact joints between materials 'patin' and 'dohyo' will only be created for the 10 deepest contact points instead of all the 13 contact points.
WARNING: Contact joints between materials 'patin' and 'dohyo' will only be created for the 10 deepest contact points instead of all the 14 contact points.
WARNING: Contact joints between materials 'patin' and 'dohyo' will only be created for the 10 deepest contact points instead of all the 20 contact points.
WARNING: Contact joints between materials 'patin' and 'dohyo' will only be created for the 10 deepest contact points instead of all the 20 contact points.
WARNING: Contact joints between materials 'patin' and 'dohyo' will only be created for the 10 deepest contact points instead of all the 11 contact points.
WARNING: Contact joints between materials 'patin' and 'dohyo' will only be created for the 10 deepest contact points instead of all the 11 contact points.
WARNING: Contact joints between materials 'patin' and 'dohyo' will only be created for the 10 deepest contact points instead of all the 12 contact points.
[arbitro] asalto  1/30  frente   tiempo agotado  +0  60.00 s
[planta] asalto=1 mu=1.1 slip=0.0005 aleatorio=0
[gelatina] fin de asalto motor={"battery_v":7.4,"resistance_ohm":[4,4],"bridge_ohm":[0.5,0.5],"omega_rad_s":[-0.0144804191,-0.0257492381],"current_a":[-0.379802257,-0.0686942884],"torque_nm":[-0.0182695573,-0.00313657459],"applied_pwm":[-0.231116071,-0.0420496017],"over_1_2a_samples":3233,"over_3_2a_samples":0}
[rival] fin de asalto motor={"battery_v":7.4,"resistance_ohm":[4,4],"bridge_ohm":[0.5,0.5],"omega_rad_s":[-17.9187762,14.0163853],"current_a":[-0.506323683,0.57512077],"torque_nm":[-0.0172387521,0.0205671189],"applied_pwm":[-0.5,0.5],"over_1_2a_samples":11,"over_3_2a_samples":0}
[planta] gelatina ciclo=3 rueda=0 V=7.4 R=4 Rpuente=0.5 I0=0.15 Ke=0.0793326178 Kt=0.0483794733
[planta] gelatina ciclo=3 rueda=1 V=7.4 R=4 Rpuente=0.5 I0=0.15 Ke=0.0793326178 Kt=0.0483794733
[sensores] gelatina ToF alcance=1200 minimo=30 sigma_rel=0.07
[gelatina] pulsador recibido: permiso previsto 70624 ms
[planta] rival ciclo=3 rueda=0 V=7.4 R=4 Rpuente=0.5 I0=0.15 Ke=0.0793326178 Kt=0.0483794733
[planta] rival ciclo=3 rueda=1 V=7.4 R=4 Rpuente=0.5 I0=0.15 Ke=0.0793326178 Kt=0.0483794733
[sensores] rival ToF alcance=1200 minimo=30 sigma_rel=0.07
[arranque] pulsador=65624 permiso=70624 ms
[gelatina] permiso de arranque a los 70624 ms
WARNING: Contact joints between materials 'patin' and 'dohyo' will only be created for the 10 deepest contact points instead of all the 25 contact points.
WARNING: Contact joints between materials 'patin' and 'dohyo' will only be created for the 10 deepest contact points instead of all the 28 contact points.
WARNING: Contact joints between materials 'patin' and 'dohyo' will only be created for the 10 deepest contact points instead of all the 30 contact points.
WARNING: Contact joints between materials 'patin' and 'dohyo' will only be created for the 10 deepest contact points instead of all the 32 contact points.
WARNING: Contact joints between materials 'patin' and 'dohyo' will only be created for the 10 deepest contact points instead of all the 22 contact points.
WARNING: Contact joints between materials 'patin' and 'dohyo' will only be created for the 10 deepest contact points instead of all the 32 contact points.
WARNING: Contact joints between materials 'patin' and 'dohyo' will only be created for the 10 deepest contact points instead of all the 32 contact points.
WARNING: Contact joints between materials 'patin' and 'dohyo' will only be created for the 10 deepest contact points instead of all the 30 contact points.
WARNING: Contact joints between materials 'patin' and 'dohyo' will only be created for the 10 deepest contact points instead of all the 30 contact points.
WARNING: Contact joints between materials 'patin' and 'dohyo' will only be created for the 10 deepest contact points instead of all the 30 contact points.
WARNING: Contact joints between materials 'patin' and 'dohyo' will only be created for the 10 deepest contact points instead of all the 30 contact points.
WARNING: Contact joints between materials 'patin' and 'dohyo' will only be created for the 10 deepest contact points instead of all the 30 contact points.
WARNING: Contact joints between materials 'patin' and 'dohyo' will only be created for the 10 deepest contact points instead of all the 30 contact points.
WARNING: Contact joints between materials 'patin' and 'dohyo' will only be created for the 10 deepest contact points instead of all the 30 contact points.
WARNING: Contact joints between materials 'patin' and 'dohyo' will only be created for the 10 deepest contact points instead of all the 32 contact points.
WARNING: Contact joints between materials 'patin' and 'dohyo' will only be created for the 10 deepest contact points instead of all the 32 contact points.
WARNING: Contact joints between materials 'patin' and 'dohyo' will only be created for the 10 deepest contact points instead of all the 32 contact points.
WARNING: Contact joints between materials 'patin' and 'dohyo' will only be created for the 10 deepest contact points instead of all the 32 contact points.
WARNING: Contact joints between materials 'patin' and 'dohyo' will only be created for the 10 deepest contact points instead of all the 32 contact points.
WARNING: Contact joints between materials 'patin' and 'dohyo' will only be created for the 10 deepest contact points instead of all the 32 contact points.
WARNING: Contact joints between materials 'patin' and 'dohyo' will only be created for the 10 deepest contact points instead of all the 32 contact points.
WARNING: Contact joints between materials 'patin' and 'dohyo' will only be created for the 10 deepest contact points instead of all the 32 contact points.
WARNING: Contact joints between materials 'patin' and 'dohyo' will only be created for the 10 deepest contact points instead of all the 32 contact points.
WARNING: Contact joints between materials 'patin' and 'dohyo' will only be created for the 10 deepest contact points instead of all the 16 contact points.
WARNING: Contact joints between materials 'patin' and 'dohyo' will only be created for the 10 deepest contact points instead of all the 32 contact points.
WARNING: Contact joints between materials 'patin' and 'dohyo' will only be created for the 10 deepest contact points instead of all the 32 contact points.
WARNING: Contact joints between materials 'patin' and 'dohyo' will only be created for the 10 deepest contact points instead of all the 32 contact points.
WARNING: Contact joints between materials 'patin' and 'dohyo' will only be created for the 10 deepest contact points instead of all the 32 contact points.
WARNING: Contact joints between materials 'patin' and 'dohyo' will only be created for the 10 deepest contact points instead of all the 32 contact points.
WARNING: Contact joints between materials 'patin' and 'dohyo' will only be created for the 10 deepest contact points instead of all the 32 contact points.
WARNING: Contact joints between materials 'patin' and 'dohyo' will only be created for the 10 deepest contact points instead of all the 32 contact points.
WARNING: Contact joints between materials 'patin' and 'dohyo' will only be created for the 10 deepest contact points instead of all the 32 contact points.
WARNING: Contact joints between materials 'patin' and 'dohyo' will only be created for the 10 deepest contact points instead of all the 32 contact points.
WARNING: Contact joints between materials 'patin' and 'dohyo' will only be created for the 10 deepest contact points instead of all the 31 contact points.
WARNING: Contact joints between materials 'patin' and 'dohyo' will only be created for the 10 deepest contact points instead of all the 32 contact points.
WARNING: Contact joints between materials 'patin' and 'dohyo' will only be created for the 10 deepest contact points instead of all the 32 contact points.
WARNING: Contact joints between materials 'patin' and 'dohyo' will only be created for the 10 deepest contact points instead of all the 32 contact points.
WARNING: Contact joints between materials 'patin' and 'dohyo' will only be created for the 10 deepest contact points instead of all the 34 contact points.
WARNING: Contact joints between materials 'patin' and 'dohyo' will only be created for the 10 deepest contact points instead of all the 34 contact points.
WARNING: Contact joints between materials 'patin' and 'dohyo' will only be created for the 10 deepest contact points instead of all the 34 contact points.
WARNING: Contact joints between materials 'patin' and 'dohyo' will only be created for the 10 deepest contact points instead of all the 34 contact points.
WARNING: Contact joints between materials 'patin' and 'dohyo' will only be created for the 10 deepest contact points instead of all the 34 contact points.
WARNING: Contact joints between materials 'patin' and 'dohyo' will only be created for the 10 deepest contact points instead of all the 23 contact points.
WARNING: Contact joints between materials 'patin' and 'dohyo' will only be created for the 10 deepest contact points instead of all the 22 contact points.
WARNING: Contact joints between materials 'patin' and 'dohyo' will only be created for the 10 deepest contact points instead of all the 32 contact points.
WARNING: Contact joints between materials 'patin' and 'dohyo' will only be created for the 10 deepest contact points instead of all the 32 contact points.
WARNING: Contact joints between materials 'patin' and 'dohyo' will only be created for the 10 deepest contact points instead of all the 32 contact points.
WARNING: Contact joints between materials 'patin' and 'dohyo' will only be created for the 10 deepest contact points instead of all the 32 contact points.
WARNING: Contact joints between materials 'patin' and 'dohyo' will only be created for the 10 deepest contact points instead of all the 32 contact points.
WARNING: Contact joints between materials 'patin' and 'dohyo' will only be created for the 10 deepest contact points instead of all the 34 contact points.
WARNING: Contact joints between materials 'patin' and 'dohyo' will only be created for the 10 deepest contact points instead of all the 34 contact points.
WARNING: Contact joints between materials 'patin' and 'dohyo' will only be created for the 10 deepest contact points instead of all the 34 contact points.
WARNING: Contact joints between materials 'patin' and 'dohyo' will only be created for the 10 deepest contact points instead of all the 34 contact points.
WARNING: Contact joints between materials 'patin' and 'dohyo' will only be created for the 10 deepest contact points instead of all the 34 contact points.
WARNING: Contact joints between materials 'patin' and 'dohyo' will only be created for the 10 deepest contact points instead of all the 34 contact points.
WARNING: Contact joints between materials 'patin' and 'dohyo' will only be created for the 10 deepest contact points instead of all the 32 contact points.
WARNING: Contact joints between materials 'patin' and 'dohyo' will only be created for the 10 deepest contact points instead of all the 32 contact points.
WARNING: Contact joints between materials 'patin' and 'dohyo' will only be created for the 10 deepest contact points instead of all the 32 contact points.
WARNING: Contact joints between materials 'patin' and 'dohyo' will only be created for the 10 deepest contact points instead of all the 32 contact points.
WARNING: Contact joints between materials 'patin' and 'dohyo' will only be created for the 10 deepest contact points instead of all the 32 contact points.
[arbitro] asalto  2/30  lado     tiempo agotado  +0  60.00 s
[planta] asalto=2 mu=1.1 slip=0.0005 aleatorio=0
[gelatina] fin de asalto motor={"battery_v":7.4,"resistance_ohm":[4,4],"bridge_ohm":[0.5,0.5],"omega_rad_s":[-28.3361065,-0.215078425],"current_a":[-1.13611906,-0.256798818],"torque_nm":[-0.0477079206,-0.0108866143],"applied_pwm":[-0.994663954,-0.158467218],"over_1_2a_samples":7969,"over_3_2a_samples":0}
[rival] fin de asalto motor={"battery_v":7.4,"resistance_ohm":[4,4],"bridge_ohm":[0.5,0.5],"omega_rad_s":[-0.0440204961,0.0465112192],"current_a":[-0.821446164,0.821402254],"torque_nm":[-0.0394218857,0.0394017234],"applied_pwm":[-0.5,0.5],"over_1_2a_samples":11,"over_3_2a_samples":0}
[planta] gelatina ciclo=4 rueda=0 V=7.4 R=4 Rpuente=0.5 I0=0.15 Ke=0.0793326178 Kt=0.0483794733
[planta] gelatina ciclo=4 rueda=1 V=7.4 R=4 Rpuente=0.5 I0=0.15 Ke=0.0793326178 Kt=0.0483794733
[sensores] gelatina ToF alcance=1200 minimo=30 sigma_rel=0.07
[gelatina] pulsador recibido: permiso previsto 135936 ms
[arranque] pulsador=130936 permiso=135936 ms
[planta] rival ciclo=4 rueda=0 V=7.4 R=4 Rpuente=0.5 I0=0.15 Ke=0.0793326178 Kt=0.0483794733
[planta] rival ciclo=4 rueda=1 V=7.4 R=4 Rpuente=0.5 I0=0.15 Ke=0.0793326178 Kt=0.0483794733
[sensores] rival ToF alcance=1200 minimo=30 sigma_rel=0.07
[gelatina] permiso de arranque a los 135936 ms
WARNING: Contact joints between materials 'patin' and 'dohyo' will only be created for the 10 deepest contact points instead of all the 22 contact points.
WARNING: Contact joints between materials 'patin' and 'dohyo' will only be created for the 10 deepest contact points instead of all the 34 contact points.
WARNING: Contact joints between materials 'patin' and 'dohyo' will only be created for the 10 deepest contact points instead of all the 11 contact points.
WARNING: Contact joints between materials 'patin' and 'dohyo' will only be created for the 10 deepest contact points instead of all the 13 contact points.
WARNING: Contact joints between materials 'patin' and 'dohyo' will only be created for the 10 deepest contact points instead of all the 14 contact points.
WARNING: Contact joints between materials 'patin' and 'dohyo' will only be created for the 10 deepest contact points instead of all the 16 contact points.
WARNING: Contact joints between materials 'patin' and 'dohyo' will only be created for the 10 deepest contact points instead of all the 18 contact points.
WARNING: Contact joints between materials 'patin' and 'dohyo' will only be created for the 10 deepest contact points instead of all the 22 contact points.
WARNING: Contact joints between materials 'rueda' and 'dohyo' will only be created for the 10 deepest contact points instead of all the 12 contact points.
WARNING: Contact joints between materials 'rueda' and 'dohyo' will only be created for the 10 deepest contact points instead of all the 11 contact points.
WARNING: Contact joints between materials 'patin' and 'dohyo' will only be created for the 10 deepest contact points instead of all the 88 contact points.
WARNING: Contact joints between materials 'patin' and 'dohyo' will only be created for the 10 deepest contact points instead of all the 26 contact points.
WARNING: Contact joints between materials 'patin' and 'dohyo' will only be created for the 10 deepest contact points instead of all the 12 contact points.
WARNING: Contact joints between materials 'patin' and 'dohyo' will only be created for the 10 deepest contact points instead of all the 16 contact points.
WARNING: Contact joints between materials 'patin' and 'dohyo' will only be created for the 10 deepest contact points instead of all the 16 contact points.
[arbitro] asalto  3/30  espalda  rival fuera     +1  15.01 s
[planta] asalto=3 mu=1.1 slip=0.0005 aleatorio=0
[gelatina] fin de asalto motor={"battery_v":7.4,"resistance_ohm":[4,4],"bridge_ohm":[0.5,0.5],"omega_rad_s":[52.3490812,-46.3805004],"current_a":[0.661573995,-0.598256124],"torque_nm":[0.0247496805,-0.0216863952],"applied_pwm":[0.963523328,-0.861032307],"over_1_2a_samples":9174,"over_3_2a_samples":0}
[rival] fin de asalto motor={"battery_v":7.4,"resistance_ohm":[4,4],"bridge_ohm":[0.5,0.5],"omega_rad_s":[-40.082882,-22.713895],"current_a":[-0.280026676,-0.586232722],"torque_nm":[-0.00629062208,-0.0211047093],"applied_pwm":[-0.6,-0.6],"over_1_2a_samples":36,"over_3_2a_samples":0}
[planta] gelatina ciclo=5 rueda=0 V=7.4 R=4 Rpuente=0.5 I0=0.15 Ke=0.0793326178 Kt=0.0483794733
[planta] gelatina ciclo=5 rueda=1 V=7.4 R=4 Rpuente=0.5 I0=0.15 Ke=0.0793326178 Kt=0.0483794733
[sensores] gelatina ToF alcance=1200 minimo=30 sigma_rel=0.07
[gelatina] pulsador recibido: permiso previsto 156256 ms
[arranque] pulsador=151256 permiso=156256 ms
[planta] rival ciclo=5 rueda=0 V=7.4 R=4 Rpuente=0.5 I0=0.15 Ke=0.0793326178 Kt=0.0483794733
[planta] rival ciclo=5 rueda=1 V=7.4 R=4 Rpuente=0.5 I0=0.15 Ke=0.0793326178 Kt=0.0483794733
[sensores] rival ToF alcance=1200 minimo=30 sigma_rel=0.07
[gelatina] permiso de arranque a los 156256 ms
WARNING: Contact joints between materials 'patin' and 'dohyo' will only be created for the 10 deepest contact points instead of all the 15 contact points.
WARNING: Contact joints between materials 'patin' and 'dohyo' will only be created for the 10 deepest contact points instead of all the 11 contact points.
WARNING: Contact joints between materials 'patin' and 'dohyo' will only be created for the 10 deepest contact points instead of all the 42 contact points.
WARNING: Contact joints between materials 'patin' and 'dohyo' will only be created for the 10 deepest contact points instead of all the 25 contact points.
WARNING: Contact joints between materials 'patin' and 'dohyo' will only be created for the 10 deepest contact points instead of all the 42 contact points.
WARNING: Contact joints between materials 'patin' and 'dohyo' will only be created for the 10 deepest contact points instead of all the 42 contact points.
WARNING: Contact joints between materials 'patin' and 'dohyo' will only be created for the 10 deepest contact points instead of all the 40 contact points.
WARNING: Contact joints between materials 'patin' and 'dohyo' will only be created for the 10 deepest contact points instead of all the 38 contact points.
WARNING: Contact joints between materials 'patin' and 'dohyo' will only be created for the 10 deepest contact points instead of all the 38 contact points.
WARNING: Contact joints between materials 'patin' and 'dohyo' will only be created for the 10 deepest contact points instead of all the 38 contact points.
WARNING: Contact joints between materials 'patin' and 'dohyo' will only be created for the 10 deepest contact points instead of all the 38 contact points.
WARNING: Contact joints between materials 'patin' and 'dohyo' will only be created for the 10 deepest contact points instead of all the 38 contact points.
WARNING: Contact joints between materials 'patin' and 'dohyo' will only be created for the 10 deepest contact points instead of all the 36 contact points.
WARNING: Contact joints between materials 'patin' and 'dohyo' will only be created for the 10 deepest contact points instead of all the 36 contact points.
WARNING: Contact joints between materials 'patin' and 'dohyo' will only be created for the 10 deepest contact points instead of all the 38 contact points.
WARNING: Contact joints between materials 'patin' and 'dohyo' will only be created for the 10 deepest contact points instead of all the 38 contact points.
WARNING: Contact joints between materials 'patin' and 'dohyo' will only be created for the 10 deepest contact points instead of all the 14 contact points.
WARNING: Contact joints between materials 'patin' and 'dohyo' will only be created for the 10 deepest contact points instead of all the 38 contact points.
WARNING: Contact joints between materials 'patin' and 'dohyo' will only be created for the 10 deepest contact points instead of all the 38 contact points.
WARNING: Contact joints between materials 'patin' and 'dohyo' will only be created for the 10 deepest contact points instead of all the 38 contact points.
WARNING: Contact joints between materials 'patin' and 'dohyo' will only be created for the 10 deepest contact points instead of all the 38 contact points.
WARNING: Contact joints between materials 'patin' and 'dohyo' will only be created for the 10 deepest contact points instead of all the 38 contact points.
WARNING: Contact joints between materials 'patin' and 'dohyo' will only be created for the 10 deepest contact points instead of all the 38 contact points.
WARNING: Contact joints between materials 'patin' and 'dohyo' will only be created for the 10 deepest contact points instead of all the 38 contact points.
WARNING: Contact joints between materials 'patin' and 'dohyo' will only be created for the 10 deepest contact points instead of all the 36 contact points.
WARNING: Contact joints between materials 'patin' and 'dohyo' will only be created for the 10 deepest contact points instead of all the 36 contact points.
WARNING: Contact joints between materials 'patin' and 'dohyo' will only be created for the 10 deepest contact points instead of all the 36 contact points.
WARNING: Contact joints between materials 'patin' and 'dohyo' will only be created for the 10 deepest contact points instead of all the 36 contact points.
WARNING: Contact joints between materials 'patin' and 'dohyo' will only be created for the 10 deepest contact points instead of all the 38 contact points.
WARNING: Contact joints between materials 'patin' and 'dohyo' will only be created for the 10 deepest contact points instead of all the 38 contact points.
WARNING: Contact joints between materials 'patin' and 'dohyo' will only be created for the 10 deepest contact points instead of all the 38 contact points.
WARNING: Contact joints between materials 'patin' and 'dohyo' will only be created for the 10 deepest contact points instead of all the 38 contact points.
WARNING: Contact joints between materials 'patin' and 'dohyo' will only be created for the 10 deepest contact points instead of all the 38 contact points.
WARNING: Contact joints between materials 'patin' and 'dohyo' will only be created for the 10 deepest contact points instead of all the 38 contact points.
WARNING: Contact joints between materials 'patin' and 'dohyo' will only be created for the 10 deepest contact points instead of all the 38 contact points.
WARNING: Contact joints between materials 'patin' and 'dohyo' will only be created for the 10 deepest contact points instead of all the 38 contact points.
WARNING: Contact joints between materials 'patin' and 'dohyo' will only be created for the 10 deepest contact points instead of all the 38 contact points.
WARNING: Contact joints between materials 'patin' and 'dohyo' will only be created for the 10 deepest contact points instead of all the 38 contact points.
WARNING: Contact joints between materials 'patin' and 'dohyo' will only be created for the 10 deepest contact points instead of all the 38 contact points.
WARNING: Contact joints between materials 'patin' and 'dohyo' will only be created for the 10 deepest contact points instead of all the 38 contact points.
WARNING: Contact joints between materials 'patin' and 'dohyo' will only be created for the 10 deepest contact points instead of all the 38 contact points.
WARNING: Contact joints between materials 'patin' and 'dohyo' will only be created for the 10 deepest contact points instead of all the 36 contact points.
WARNING: Contact joints between materials 'patin' and 'dohyo' will only be created for the 10 deepest contact points instead of all the 36 contact points.
WARNING: Contact joints between materials 'patin' and 'dohyo' will only be created for the 10 deepest contact points instead of all the 36 contact points.
WARNING: Contact joints between materials 'patin' and 'dohyo' will only be created for the 10 deepest contact points instead of all the 36 contact points.
WARNING: Contact joints between materials 'patin' and 'dohyo' will only be created for the 10 deepest contact points instead of all the 36 contact points.
WARNING: Contact joints between materials 'patin' and 'dohyo' will only be created for the 10 deepest contact points instead of all the 38 contact points.
WARNING: Contact joints between materials 'patin' and 'dohyo' will only be created for the 10 deepest contact points instead of all the 38 contact points.
WARNING: Contact joints between materials 'patin' and 'dohyo' will only be created for the 10 deepest contact points instead of all the 38 contact points.
WARNING: Contact joints between materials 'patin' and 'dohyo' will only be created for the 10 deepest contact points instead of all the 38 contact points.
WARNING: Contact joints between materials 'patin' and 'dohyo' will only be created for the 10 deepest contact points instead of all the 38 contact points.
WARNING: Contact joints between materials 'patin' and 'dohyo' will only be created for the 10 deepest contact points instead of all the 38 contact points.
WARNING: Contact joints between materials 'patin' and 'dohyo' will only be created for the 10 deepest contact points instead of all the 38 contact points.
WARNING: Contact joints between materials 'patin' and 'dohyo' will only be created for the 10 deepest contact points instead of all the 36 contact points.
WARNING: Contact joints between materials 'patin' and 'dohyo' will only be created for the 10 deepest contact points instead of all the 36 contact points.
WARNING: Contact joints between materials 'patin' and 'dohyo' will only be created for the 10 deepest contact points instead of all the 36 contact points.
WARNING: Contact joints between materials 'patin' and 'dohyo' will only be created for the 10 deepest contact points instead of all the 36 contact points.
WARNING: Contact joints between materials 'patin' and 'dohyo' will only be created for the 10 deepest contact points instead of all the 26 contact points.
WARNING: Contact joints between materials 'patin' and 'dohyo' will only be created for the 10 deepest contact points instead of all the 36 contact points.
[arbitro] asalto  4/30  frente   tiempo agotado  +0  60.00 s
[planta] asalto=4 mu=1.1 slip=0.0005 aleatorio=0
[gelatina] fin de asalto motor={"battery_v":7.4,"resistance_ohm":[4,4],"bridge_ohm":[0.5,0.5],"omega_rad_s":[-18.8321938,0.0869314113],"current_a":[-1.30423003,-0.59001849],"torque_nm":[-0.0558410411,-0.0291740538],"applied_pwm":[-0.995005727,-0.357863069],"over_1_2a_samples":13672,"over_3_2a_samples":0}
[rival] fin de asalto motor={"battery_v":7.4,"resistance_ohm":[4,4],"bridge_ohm":[0.5,0.5],"omega_rad_s":[0.0121355163,0.0397707966],"current_a":[-0.822436165,0.821521084],"torque_nm":[-0.0398770907,0.0394562959],"applied_pwm":[-0.5,0.5],"over_1_2a_samples":36,"over_3_2a_samples":0}
WARNING: Contact joints between materials 'patin' and 'dohyo' will only be created for the 10 deepest contact points instead of all the 21 contact points.
[planta] gelatina ciclo=6 rueda=0 V=7.4 R=4 Rpuente=0.5 I0=0.15 Ke=0.0793326178 Kt=0.0483794733
[planta] gelatina ciclo=6 rueda=1 V=7.4 R=4 Rpuente=0.5 I0=0.15 Ke=0.0793326178 Kt=0.0483794733
[sensores] gelatina ToF alcance=1200 minimo=30 sigma_rel=0.07
[gelatina] pulsador recibido: permiso previsto 221568 ms
[planta] rival ciclo=6 rueda=0 V=7.4 R=4 Rpuente=0.5 I0=0.15 Ke=0.0793326178 Kt=0.0483794733
[planta] rival ciclo=6 rueda=1 V=7.4 R=4 Rpuente=0.5 I0=0.15 Ke=0.0793326178 Kt=0.0483794733
[sensores] rival ToF alcance=1200 minimo=30 sigma_rel=0.07
[arranque] pulsador=216568 permiso=221568 ms
[gelatina] permiso de arranque a los 221568 ms
WARNING: Contact joints between materials 'patin' and 'dohyo' will only be created for the 10 deepest contact points instead of all the 16 contact points.
WARNING: Contact joints between materials 'patin' and 'dohyo' will only be created for the 10 deepest contact points instead of all the 24 contact points.
WARNING: Contact joints between materials 'patin' and 'dohyo' will only be created for the 10 deepest contact points instead of all the 26 contact points.
WARNING: Contact joints between materials 'patin' and 'dohyo' will only be created for the 10 deepest contact points instead of all the 24 contact points.
WARNING: Contact joints between materials 'patin' and 'dohyo' will only be created for the 10 deepest contact points instead of all the 26 contact points.
WARNING: Contact joints between materials 'patin' and 'dohyo' will only be created for the 10 deepest contact points instead of all the 17 contact points.
WARNING: Contact joints between materials 'patin' and 'dohyo' will only be created for the 10 deepest contact points instead of all the 13 contact points.
WARNING: Contact joints between materials 'patin' and 'dohyo' will only be created for the 10 deepest contact points instead of all the 26 contact points.
WARNING: Contact joints between materials 'patin' and 'dohyo' will only be created for the 10 deepest contact points instead of all the 20 contact points.
WARNING: Contact joints between materials 'patin' and 'dohyo' will only be created for the 10 deepest contact points instead of all the 28 contact points.
WARNING: Contact joints between materials 'patin' and 'dohyo' will only be created for the 10 deepest contact points instead of all the 26 contact points.
WARNING: Contact joints between materials 'patin' and 'dohyo' will only be created for the 10 deepest contact points instead of all the 26 contact points.
WARNING: Contact joints between materials 'patin' and 'dohyo' will only be created for the 10 deepest contact points instead of all the 26 contact points.
WARNING: Contact joints between materials 'patin' and 'dohyo' will only be created for the 10 deepest contact points instead of all the 26 contact points.
WARNING: Contact joints between materials 'patin' and 'dohyo' will only be created for the 10 deepest contact points instead of all the 26 contact points.
WARNING: Contact joints between materials 'patin' and 'dohyo' will only be created for the 10 deepest contact points instead of all the 26 contact points.
WARNING: Contact joints between materials 'patin' and 'dohyo' will only be created for the 10 deepest contact points instead of all the 28 contact points.
WARNING: Contact joints between materials 'patin' and 'dohyo' will only be created for the 10 deepest contact points instead of all the 26 contact points.
WARNING: Contact joints between materials 'patin' and 'dohyo' will only be created for the 10 deepest contact points instead of all the 26 contact points.
WARNING: Contact joints between materials 'patin' and 'dohyo' will only be created for the 10 deepest contact points instead of all the 26 contact points.
WARNING: Contact joints between materials 'patin' and 'dohyo' will only be created for the 10 deepest contact points instead of all the 28 contact points.
WARNING: Contact joints between materials 'patin' and 'dohyo' will only be created for the 10 deepest contact points instead of all the 28 contact points.
WARNING: Contact joints between materials 'patin' and 'dohyo' will only be created for the 10 deepest contact points instead of all the 26 contact points.
WARNING: Contact joints between materials 'patin' and 'dohyo' will only be created for the 10 deepest contact points instead of all the 26 contact points.
WARNING: Contact joints between materials 'patin' and 'dohyo' will only be created for the 10 deepest contact points instead of all the 11 contact points.
WARNING: Contact joints between materials 'patin' and 'dohyo' will only be created for the 10 deepest contact points instead of all the 26 contact points.
WARNING: Contact joints between materials 'patin' and 'dohyo' will only be created for the 10 deepest contact points instead of all the 21 contact points.
WARNING: Contact joints between materials 'patin' and 'dohyo' will only be created for the 10 deepest contact points instead of all the 28 contact points.
WARNING: Contact joints between materials 'patin' and 'dohyo' will only be created for the 10 deepest contact points instead of all the 26 contact points.
WARNING: Contact joints between materials 'patin' and 'dohyo' will only be created for the 10 deepest contact points instead of all the 12 contact points.
WARNING: Contact joints between materials 'patin' and 'dohyo' will only be created for the 10 deepest contact points instead of all the 26 contact points.
WARNING: Contact joints between materials 'patin' and 'dohyo' will only be created for the 10 deepest contact points instead of all the 12 contact points.
WARNING: Contact joints between materials 'patin' and 'dohyo' will only be created for the 10 deepest contact points instead of all the 28 contact points.
WARNING: Contact joints between materials 'patin' and 'dohyo' will only be created for the 10 deepest contact points instead of all the 21 contact points.
WARNING: Contact joints between materials 'patin' and 'dohyo' will only be created for the 10 deepest contact points instead of all the 28 contact points.
WARNING: Contact joints between materials 'patin' and 'dohyo' will only be created for the 10 deepest contact points instead of all the 20 contact points.
WARNING: Contact joints between materials 'patin' and 'dohyo' will only be created for the 10 deepest contact points instead of all the 28 contact points.
WARNING: Contact joints between materials 'patin' and 'dohyo' will only be created for the 10 deepest contact points instead of all the 14 contact points.
WARNING: Contact joints between materials 'patin' and 'dohyo' will only be created for the 10 deepest contact points instead of all the 26 contact points.
WARNING: Contact joints between materials 'patin' and 'dohyo' will only be created for the 10 deepest contact points instead of all the 28 contact points.
WARNING: Contact joints between materials 'patin' and 'dohyo' will only be created for the 10 deepest contact points instead of all the 26 contact points.
WARNING: Contact joints between materials 'patin' and 'dohyo' will only be created for the 10 deepest contact points instead of all the 28 contact points.
WARNING: Contact joints between materials 'patin' and 'dohyo' will only be created for the 10 deepest contact points instead of all the 28 contact points.
WARNING: Contact joints between materials 'patin' and 'dohyo' will only be created for the 10 deepest contact points instead of all the 28 contact points.
WARNING: Contact joints between materials 'patin' and 'dohyo' will only be created for the 10 deepest contact points instead of all the 28 contact points.
WARNING: Contact joints between materials 'patin' and 'dohyo' will only be created for the 10 deepest contact points instead of all the 26 contact points.
WARNING: Contact joints between materials 'patin' and 'dohyo' will only be created for the 10 deepest contact points instead of all the 19 contact points.
WARNING: Contact joints between materials 'patin' and 'dohyo' will only be created for the 10 deepest contact points instead of all the 28 contact points.
WARNING: Contact joints between materials 'patin' and 'dohyo' will only be created for the 10 deepest contact points instead of all the 28 contact points.
WARNING: Contact joints between materials 'patin' and 'dohyo' will only be created for the 10 deepest contact points instead of all the 28 contact points.
WARNING: Contact joints between materials 'patin' and 'dohyo' will only be created for the 10 deepest contact points instead of all the 11 contact points.
WARNING: Contact joints between materials 'patin' and 'dohyo' will only be created for the 10 deepest contact points instead of all the 26 contact points.
WARNING: Contact joints between materials 'patin' and 'dohyo' will only be created for the 10 deepest contact points instead of all the 12 contact points.
WARNING: Contact joints between materials 'patin' and 'dohyo' will only be created for the 10 deepest contact points instead of all the 28 contact points.
WARNING: Contact joints between materials 'patin' and 'dohyo' will only be created for the 10 deepest contact points instead of all the 28 contact points.
WARNING: Contact joints between materials 'patin' and 'dohyo' will only be created for the 10 deepest contact points instead of all the 26 contact points.
WARNING: Contact joints between materials 'patin' and 'dohyo' will only be created for the 10 deepest contact points instead of all the 27 contact points.
WARNING: Contact joints between materials 'patin' and 'dohyo' will only be created for the 10 deepest contact points instead of all the 28 contact points.
WARNING: Contact joints between materials 'patin' and 'dohyo' will only be created for the 10 deepest contact points instead of all the 28 contact points.
[arbitro] asalto  5/30  lado     tiempo agotado  +0  60.01 s
[planta] asalto=5 mu=1.1 slip=0.0005 aleatorio=0
[gelatina] fin de asalto motor={"battery_v":7.4,"resistance_ohm":[4,4],"bridge_ohm":[0.5,0.5],"omega_rad_s":[-23.1097922,0.198533328],"current_a":[-1.22882137,-0.589928115],"torque_nm":[-0.0521928099,-0.0299625168],"applied_pwm":[-0.995007634,-0.356611669],"over_1_2a_samples":19202,"over_3_2a_samples":0}
[rival] fin de asalto motor={"battery_v":7.4,"resistance_ohm":[4,4],"bridge_ohm":[0.5,0.5],"omega_rad_s":[-0.137329582,0.164909933],"current_a":[-0.819801174,0.819314947],"torque_nm":[-0.0386711773,0.0384520191],"applied_pwm":[-0.5,0.5],"over_1_2a_samples":36,"over_3_2a_samples":0}
[planta] gelatina ciclo=7 rueda=0 V=7.4 R=4 Rpuente=0.5 I0=0.15 Ke=0.0793326178 Kt=0.0483794733
[planta] gelatina ciclo=7 rueda=1 V=7.4 R=4 Rpuente=0.5 I0=0.15 Ke=0.0793326178 Kt=0.0483794733
[sensores] gelatina ToF alcance=1200 minimo=30 sigma_rel=0.07
[gelatina] pulsador recibido: permiso previsto 286888 ms
[arranque] pulsador=281888 permiso=286888 ms
[planta] rival ciclo=7 rueda=0 V=7.4 R=4 Rpuente=0.5 I0=0.15 Ke=0.0793326178 Kt=0.0483794733
[planta] rival ciclo=7 rueda=1 V=7.4 R=4 Rpuente=0.5 I0=0.15 Ke=0.0793326178 Kt=0.0483794733
[sensores] rival ToF alcance=1200 minimo=30 sigma_rel=0.07
[gelatina] permiso de arranque a los 286888 ms
WARNING: Contact joints between materials 'patin' and 'dohyo' will only be created for the 10 deepest contact points instead of all the 28 contact points.
WARNING: Contact joints between materials 'patin' and 'dohyo' will only be created for the 10 deepest contact points instead of all the 76 contact points.
WARNING: Contact joints between materials 'patin' and 'dohyo' will only be created for the 10 deepest contact points instead of all the 92 contact points.
WARNING: Contact joints between materials 'patin' and 'dohyo' will only be created for the 10 deepest contact points instead of all the 12 contact points.
WARNING: Contact joints between materials 'patin' and 'dohyo' will only be created for the 10 deepest contact points instead of all the 11 contact points.
WARNING: Contact joints between materials 'patin' and 'dohyo' will only be created for the 10 deepest contact points instead of all the 11 contact points.
[arbitro] asalto  6/30  espalda  rival fuera     +1  15.18 s
[planta] asalto=6 mu=1.1 slip=0.0005 aleatorio=0
[gelatina] fin de asalto motor={"battery_v":7.4,"resistance_ohm":[4,4],"bridge_ohm":[0.5,0.5],"omega_rad_s":[-33.2907448,1.05947496],"current_a":[-0.903587366,-0.0186779827],"torque_nm":[-0.0364581599,-0.00660367264],"applied_pwm":[-0.906376362,0],"over_1_2a_samples":19711,"over_3_2a_samples":0}
[rival] fin de asalto motor={"battery_v":7.4,"resistance_ohm":[4,4],"bridge_ohm":[0.5,0.5],"omega_rad_s":[-30.716117,-14.7997779],"current_a":[-0.445157785,-0.725754416],"torque_nm":[-0.0142795782,-0.0278546954],"applied_pwm":[-0.6,-0.6],"over_1_2a_samples":42,"over_3_2a_samples":0}
[planta] gelatina ciclo=8 rueda=0 V=7.4 R=4 Rpuente=0.5 I0=0.15 Ke=0.0793326178 Kt=0.0483794733
[planta] gelatina ciclo=8 rueda=1 V=7.4 R=4 Rpuente=0.5 I0=0.15 Ke=0.0793326178 Kt=0.0483794733
[sensores] gelatina ToF alcance=1200 minimo=30 sigma_rel=0.07
[gelatina] pulsador recibido: permiso previsto 307384 ms
[arranque] pulsador=302384 permiso=307384 ms
[planta] rival ciclo=8 rueda=0 V=7.4 R=4 Rpuente=0.5 I0=0.15 Ke=0.0793326178 Kt=0.0483794733
[planta] rival ciclo=8 rueda=1 V=7.4 R=4 Rpuente=0.5 I0=0.15 Ke=0.0793326178 Kt=0.0483794733
[sensores] rival ToF alcance=1200 minimo=30 sigma_rel=0.07
[gelatina] permiso de arranque a los 307384 ms
WARNING: Contact joints between materials 'patin' and 'dohyo' will only be created for the 10 deepest contact points instead of all the 11 contact points.
WARNING: Contact joints between materials 'patin' and 'dohyo' will only be created for the 10 deepest contact points instead of all the 14 contact points.
WARNING: Contact joints between materials 'patin' and 'dohyo' will only be created for the 10 deepest contact points instead of all the 18 contact points.
WARNING: Contact joints between materials 'patin' and 'dohyo' will only be created for the 10 deepest contact points instead of all the 22 contact points.
WARNING: Contact joints between materials 'patin' and 'dohyo' will only be created for the 10 deepest contact points instead of all the 24 contact points.
WARNING: Contact joints between materials 'patin' and 'dohyo' will only be created for the 10 deepest contact points instead of all the 22 contact points.
WARNING: Contact joints between materials 'patin' and 'dohyo' will only be created for the 10 deepest contact points instead of all the 25 contact points.
WARNING: Contact joints between materials 'patin' and 'dohyo' will only be created for the 10 deepest contact points instead of all the 27 contact points.
WARNING: Contact joints between materials 'patin' and 'dohyo' will only be created for the 10 deepest contact points instead of all the 39 contact points.
WARNING: Contact joints between materials 'patin' and 'dohyo' will only be created for the 10 deepest contact points instead of all the 37 contact points.
WARNING: Contact joints between materials 'patin' and 'dohyo' will only be created for the 10 deepest contact points instead of all the 31 contact points.
WARNING: Contact joints between materials 'patin' and 'dohyo' will only be created for the 10 deepest contact points instead of all the 31 contact points.
WARNING: Contact joints between materials 'patin' and 'dohyo' will only be created for the 10 deepest contact points instead of all the 37 contact points.
WARNING: Contact joints between materials 'patin' and 'dohyo' will only be created for the 10 deepest contact points instead of all the 38 contact points.
WARNING: Contact joints between materials 'patin' and 'dohyo' will only be created for the 10 deepest contact points instead of all the 33 contact points.
WARNING: Contact joints between materials 'patin' and 'dohyo' will only be created for the 10 deepest contact points instead of all the 29 contact points.
WARNING: Contact joints between materials 'patin' and 'dohyo' will only be created for the 10 deepest contact points instead of all the 22 contact points.
WARNING: Contact joints between materials 'patin' and 'dohyo' will only be created for the 10 deepest contact points instead of all the 22 contact points.
WARNING: Contact joints between materials 'patin' and 'dohyo' will only be created for the 10 deepest contact points instead of all the 12 contact points.
WARNING: Contact joints between materials 'patin' and 'dohyo' will only be created for the 10 deepest contact points instead of all the 12 contact points.
WARNING: Contact joints between materials 'patin' and 'dohyo' will only be created for the 10 deepest contact points instead of all the 13 contact points.
WARNING: Contact joints between materials 'patin' and 'dohyo' will only be created for the 10 deepest contact points instead of all the 12 contact points.
WARNING: Contact joints between materials 'patin' and 'dohyo' will only be created for the 10 deepest contact points instead of all the 17 contact points.
WARNING: Contact joints between materials 'patin' and 'dohyo' will only be created for the 10 deepest contact points instead of all the 17 contact points.
WARNING: Contact joints between materials 'rueda' and 'dohyo' will only be created for the 10 deepest contact points instead of all the 11 contact points.
WARNING: Contact joints between materials 'patin' and 'dohyo' will only be created for the 10 deepest contact points instead of all the 23 contact points.
WARNING: Contact joints between materials 'patin' and 'dohyo' will only be created for the 10 deepest contact points instead of all the 24 contact points.
WARNING: Contact joints between materials 'patin' and 'dohyo' will only be created for the 10 deepest contact points instead of all the 24 contact points.
WARNING: Contact joints between materials 'patin' and 'dohyo' will only be created for the 10 deepest contact points instead of all the 22 contact points.
WARNING: Contact joints between materials 'rueda' and 'dohyo' will only be created for the 10 deepest contact points instead of all the 11 contact points.
WARNING: Contact joints between materials 'patin' and 'dohyo' will only be created for the 10 deepest contact points instead of all the 28 contact points.
WARNING: Contact joints between materials 'patin' and 'dohyo' will only be created for the 10 deepest contact points instead of all the 29 contact points.
WARNING: Contact joints between materials 'patin' and 'dohyo' will only be created for the 10 deepest contact points instead of all the 19 contact points.
WARNING: Contact joints between materials 'patin' and 'dohyo' will only be created for the 10 deepest contact points instead of all the 18 contact points.
WARNING: Contact joints between materials 'patin' and 'dohyo' will only be created for the 10 deepest contact points instead of all the 19 contact points.
WARNING: Contact joints between materials 'rueda' and 'dohyo' will only be created for the 10 deepest contact points instead of all the 17 contact points.
WARNING: Contact joints between materials 'patin' and 'dohyo' will only be created for the 10 deepest contact points instead of all the 16 contact points.
WARNING: Contact joints between materials 'patin' and 'dohyo' will only be created for the 10 deepest contact points instead of all the 26 contact points.
WARNING: Contact joints between materials 'patin' and 'dohyo' will only be created for the 10 deepest contact points instead of all the 24 contact points.
WARNING: Contact joints between materials 'patin' and 'dohyo' will only be created for the 10 deepest contact points instead of all the 25 contact points.
WARNING: Contact joints between materials 'patin' and 'dohyo' will only be created for the 10 deepest contact points instead of all the 28 contact points.
WARNING: Contact joints between materials 'patin' and 'dohyo' will only be created for the 10 deepest contact points instead of all the 26 contact points.
WARNING: Contact joints between materials 'patin' and 'dohyo' will only be created for the 10 deepest contact points instead of all the 25 contact points.
WARNING: Contact joints between materials 'patin' and 'dohyo' will only be created for the 10 deepest contact points instead of all the 26 contact points.
WARNING: Contact joints between materials 'patin' and 'dohyo' will only be created for the 10 deepest contact points instead of all the 26 contact points.
WARNING: Contact joints between materials 'patin' and 'dohyo' will only be created for the 10 deepest contact points instead of all the 29 contact points.
WARNING: Contact joints between materials 'patin' and 'dohyo' will only be created for the 10 deepest contact points instead of all the 16 contact points.
WARNING: Contact joints between materials 'patin' and 'dohyo' will only be created for the 10 deepest contact points instead of all the 16 contact points.
WARNING: Contact joints between materials 'patin' and 'dohyo' will only be created for the 10 deepest contact points instead of all the 15 contact points.
WARNING: Contact joints between materials 'patin' and 'dohyo' will only be created for the 10 deepest contact points instead of all the 13 contact points.
WARNING: Contact joints between materials 'patin' and 'dohyo' will only be created for the 10 deepest contact points instead of all the 14 contact points.
WARNING: Contact joints between materials 'patin' and 'dohyo' will only be created for the 10 deepest contact points instead of all the 16 contact points.
WARNING: Contact joints between materials 'patin' and 'dohyo' will only be created for the 10 deepest contact points instead of all the 18 contact points.
WARNING: Contact joints between materials 'patin' and 'dohyo' will only be created for the 10 deepest contact points instead of all the 23 contact points.
WARNING: Contact joints between materials 'patin' and 'dohyo' will only be created for the 10 deepest contact points instead of all the 13 contact points.
WARNING: Contact joints between materials 'patin' and 'dohyo' will only be created for the 10 deepest contact points instead of all the 13 contact points.
WARNING: Contact joints between materials 'patin' and 'dohyo' will only be created for the 10 deepest contact points instead of all the 25 contact points.
WARNING: Contact joints between materials 'patin' and 'dohyo' will only be created for the 10 deepest contact points instead of all the 24 contact points.
WARNING: Contact joints between materials 'patin' and 'dohyo' will only be created for the 10 deepest contact points instead of all the 21 contact points.
WARNING: Contact joints between materials 'patin' and 'dohyo' will only be created for the 10 deepest contact points instead of all the 20 contact points.
[arbitro] asalto  7/30  frente   tiempo agotado  +0  60.00 s
[planta] asalto=7 mu=1.1 slip=0.0005 aleatorio=0
[gelatina] fin de asalto motor={"battery_v":7.4,"resistance_ohm":[4,4],"bridge_ohm":[0.5,0.5],"omega_rad_s":[-29.43295,-7.80439349],"current_a":[-1.03417533,-1.02189448],"torque_nm":[-0.0427759367,-0.0421817979],"applied_pwm":[-0.944429994,-0.705090284],"over_1_2a_samples":19733,"over_3_2a_samples":0}
[rival] fin de asalto motor={"battery_v":7.4,"resistance_ohm":[4,4],"bridge_ohm":[0.5,0.5],"omega_rad_s":[-0.0928231881,-0.0406869879],"current_a":[-0.820585799,0.822939512],"torque_nm":[-0.0390278262,0.0401084796],"applied_pwm":[-0.5,0.5],"over_1_2a_samples":42,"over_3_2a_samples":0}
[planta] gelatina ciclo=9 rueda=0 V=7.4 R=4 Rpuente=0.5 I0=0.15 Ke=0.0793326178 Kt=0.0483794733
[planta] gelatina ciclo=9 rueda=1 V=7.4 R=4 Rpuente=0.5 I0=0.15 Ke=0.0793326178 Kt=0.0483794733
[sensores] gelatina ToF alcance=1200 minimo=30 sigma_rel=0.07
[gelatina] pulsador recibido: permiso previsto 372696 ms
[arranque] pulsador=367696 permiso=372696 ms
[planta] rival ciclo=9 rueda=0 V=7.4 R=4 Rpuente=0.5 I0=0.15 Ke=0.0793326178 Kt=0.0483794733
[planta] rival ciclo=9 rueda=1 V=7.4 R=4 Rpuente=0.5 I0=0.15 Ke=0.0793326178 Kt=0.0483794733
[sensores] rival ToF alcance=1200 minimo=30 sigma_rel=0.07
[gelatina] permiso de arranque a los 372696 ms
WARNING: Contact joints between materials 'patin' and 'dohyo' will only be created for the 10 deepest contact points instead of all the 23 contact points.
WARNING: Contact joints between materials 'rueda' and 'dohyo' will only be created for the 10 deepest contact points instead of all the 31 contact points.
[arbitro] asalto  8/30  lado     tiempo agotado  +0  60.00 s
[planta] asalto=8 mu=1.1 slip=0.0005 aleatorio=0
[gelatina] fin de asalto motor={"battery_v":7.4,"resistance_ohm":[4,4],"bridge_ohm":[0.5,0.5],"omega_rad_s":[-35.5155358,-2.51707766],"current_a":[-0.962606462,-0.973425145],"torque_nm":[-0.0393134727,-0.0399307731],"applied_pwm":[-0.966117501,-0.618932366],"over_1_2a_samples":19820,"over_3_2a_samples":0}
[rival] fin de asalto motor={"battery_v":7.4,"resistance_ohm":[4,4],"bridge_ohm":[0.5,0.5],"omega_rad_s":[-0.0770805367,-0.0399469358],"current_a":[-0.820863333,0.822926466],"torque_nm":[-0.0391546736,0.0401024867],"applied_pwm":[-0.5,0.5],"over_1_2a_samples":43,"over_3_2a_samples":0}
WARNING: Contact joints between materials 'patin' and 'dohyo' will only be created for the 10 deepest contact points instead of all the 20 contact points.
[planta] gelatina ciclo=10 rueda=0 V=7.4 R=4 Rpuente=0.5 I0=0.15 Ke=0.0793326178 Kt=0.0483794733
[planta] gelatina ciclo=10 rueda=1 V=7.4 R=4 Rpuente=0.5 I0=0.15 Ke=0.0793326178 Kt=0.0483794733
[sensores] gelatina ToF alcance=1200 minimo=30 sigma_rel=0.07
[gelatina] pulsador recibido: permiso previsto 438008 ms
[arranque] pulsador=433008 permiso=438008 ms
[planta] rival ciclo=10 rueda=0 V=7.4 R=4 Rpuente=0.5 I0=0.15 Ke=0.0793326178 Kt=0.0483794733
[planta] rival ciclo=10 rueda=1 V=7.4 R=4 Rpuente=0.5 I0=0.15 Ke=0.0793326178 Kt=0.0483794733
[sensores] rival ToF alcance=1200 minimo=30 sigma_rel=0.07
[gelatina] permiso de arranque a los 438008 ms
WARNING: Contact joints between materials 'patin' and 'dohyo' will only be created for the 10 deepest contact points instead of all the 30 contact points.
WARNING: Contact joints between materials 'patin' and 'dohyo' will only be created for the 10 deepest contact points instead of all the 31 contact points.
WARNING: Contact joints between materials 'patin' and 'dohyo' will only be created for the 10 deepest contact points instead of all the 23 contact points.
WARNING: Contact joints between materials 'patin' and 'dohyo' will only be created for the 10 deepest contact points instead of all the 25 contact points.
WARNING: Contact joints between materials 'patin' and 'dohyo' will only be created for the 10 deepest contact points instead of all the 38 contact points.
WARNING: Contact joints between materials 'patin' and 'dohyo' will only be created for the 10 deepest contact points instead of all the 35 contact points.
WARNING: Contact joints between materials 'patin' and 'dohyo' will only be created for the 10 deepest contact points instead of all the 35 contact points.
WARNING: Contact joints between materials 'patin' and 'dohyo' will only be created for the 10 deepest contact points instead of all the 34 contact points.
WARNING: Contact joints between materials 'patin' and 'dohyo' will only be created for the 10 deepest contact points instead of all the 27 contact points.
WARNING: Contact joints between materials 'patin' and 'dohyo' will only be created for the 10 deepest contact points instead of all the 20 contact points.
WARNING: Contact joints between materials 'patin' and 'dohyo' will only be created for the 10 deepest contact points instead of all the 14 contact points.
WARNING: Contact joints between materials 'patin' and 'dohyo' will only be created for the 10 deepest contact points instead of all the 11 contact points.
WARNING: Contact joints between materials 'patin' and 'dohyo' will only be created for the 10 deepest contact points instead of all the 15 contact points.
WARNING: Contact joints between materials 'patin' and 'dohyo' will only be created for the 10 deepest contact points instead of all the 18 contact points.
WARNING: Contact joints between materials 'patin' and 'dohyo' will only be created for the 10 deepest contact points instead of all the 30 contact points.
WARNING: Contact joints between materials 'patin' and 'dohyo' will only be created for the 10 deepest contact points instead of all the 28 contact points.
WARNING: Contact joints between materials 'patin' and 'dohyo' will only be created for the 10 deepest contact points instead of all the 26 contact points.
WARNING: Contact joints between materials 'patin' and 'dohyo' will only be created for the 10 deepest contact points instead of all the 19 contact points.
WARNING: Contact joints between materials 'patin' and 'dohyo' will only be created for the 10 deepest contact points instead of all the 15 contact points.
WARNING: Contact joints between materials 'patin' and 'dohyo' will only be created for the 10 deepest contact points instead of all the 15 contact points.
WARNING: Contact joints between materials 'patin' and 'dohyo' will only be created for the 10 deepest contact points instead of all the 23 contact points.
WARNING: Contact joints between materials 'patin' and 'dohyo' will only be created for the 10 deepest contact points instead of all the 22 contact points.
WARNING: Contact joints between materials 'patin' and 'dohyo' will only be created for the 10 deepest contact points instead of all the 21 contact points.
WARNING: Contact joints between materials 'patin' and 'dohyo' will only be created for the 10 deepest contact points instead of all the 20 contact points.
WARNING: Contact joints between materials 'patin' and 'dohyo' will only be created for the 10 deepest contact points instead of all the 20 contact points.
WARNING: Contact joints between materials 'patin' and 'dohyo' will only be created for the 10 deepest contact points instead of all the 18 contact points.
WARNING: Contact joints between materials 'patin' and 'dohyo' will only be created for the 10 deepest contact points instead of all the 13 contact points.
WARNING: Contact joints between materials 'patin' and 'dohyo' will only be created for the 10 deepest contact points instead of all the 11 contact points.
WARNING: Contact joints between materials 'patin' and 'dohyo' will only be created for the 10 deepest contact points instead of all the 15 contact points.
WARNING: Contact joints between materials 'patin' and 'dohyo' will only be created for the 10 deepest contact points instead of all the 14 contact points.
WARNING: Contact joints between materials 'patin' and 'dohyo' will only be created for the 10 deepest contact points instead of all the 11 contact points.
WARNING: Contact joints between materials 'patin' and 'dohyo' will only be created for the 10 deepest contact points instead of all the 11 contact points.
WARNING: Contact joints between materials 'patin' and 'dohyo' will only be created for the 10 deepest contact points instead of all the 12 contact points.
WARNING: Contact joints between materials 'patin' and 'dohyo' will only be created for the 10 deepest contact points instead of all the 11 contact points.
WARNING: Contact joints between materials 'patin' and 'dohyo' will only be created for the 10 deepest contact points instead of all the 12 contact points.
WARNING: Contact joints between materials 'patin' and 'dohyo' will only be created for the 10 deepest contact points instead of all the 12 contact points.
WARNING: Contact joints between materials 'patin' and 'dohyo' will only be created for the 10 deepest contact points instead of all the 11 contact points.
WARNING: Contact joints between materials 'patin' and 'dohyo' will only be created for the 10 deepest contact points instead of all the 12 contact points.
WARNING: Contact joints between materials 'patin' and 'dohyo' will only be created for the 10 deepest contact points instead of all the 12 contact points.
WARNING: Contact joints between materials 'patin' and 'dohyo' will only be created for the 10 deepest contact points instead of all the 12 contact points.
[arbitro] asalto  9/30  espalda  tiempo agotado  +0  60.00 s
[planta] asalto=9 mu=1.1 slip=0.0005 aleatorio=0
[gelatina] fin de asalto motor={"battery_v":7.4,"resistance_ohm":[4,4],"bridge_ohm":[0.5,0.5],"omega_rad_s":[-31.9428902,-1.42874152],"current_a":[-1.02013569,-1.02000667],"torque_nm":[-0.0420967066,-0.0428785052],"applied_pwm":[-0.962800503,-0.635591328],"over_1_2a_samples":19878,"over_3_2a_samples":0}
[rival] fin de asalto motor={"battery_v":7.4,"resistance_ohm":[4,4],"bridge_ohm":[0.5,0.5],"omega_rad_s":[-0.0591854064,-0.0720301507],"current_a":[-0.821178815,0.823492076],"torque_nm":[-0.0392991956,0.0403619279],"applied_pwm":[-0.5,0.5],"over_1_2a_samples":45,"over_3_2a_samples":0}
WARNING: Contact joints between materials 'patin' and 'dohyo' will only be created for the 10 deepest contact points instead of all the 46 contact points.
[planta] gelatina ciclo=11 rueda=0 V=7.4 R=4 Rpuente=0.5 I0=0.15 Ke=0.0793326178 Kt=0.0483794733
[planta] gelatina ciclo=11 rueda=1 V=7.4 R=4 Rpuente=0.5 I0=0.15 Ke=0.0793326178 Kt=0.0483794733
[sensores] gelatina ToF alcance=1200 minimo=30 sigma_rel=0.07
[gelatina] pulsador recibido: permiso previsto 503320 ms
[planta] rival ciclo=11 rueda=0 V=7.4 R=4 Rpuente=0.5 I0=0.15 Ke=0.0793326178 Kt=0.0483794733
[planta] rival ciclo=11 rueda=1 V=7.4 R=4 Rpuente=0.5 I0=0.15 Ke=0.0793326178 Kt=0.0483794733
[sensores] rival ToF alcance=1200 minimo=30 sigma_rel=0.07
[arranque] pulsador=498320 permiso=503320 ms
[gelatina] permiso de arranque a los 503320 ms
WARNING: Contact joints between materials 'patin' and 'dohyo' will only be created for the 10 deepest contact points instead of all the 11 contact points.
WARNING: Contact joints between materials 'patin' and 'dohyo' will only be created for the 10 deepest contact points instead of all the 11 contact points.
WARNING: Contact joints between materials 'patin' and 'dohyo' will only be created for the 10 deepest contact points instead of all the 46 contact points.
WARNING: Contact joints between materials 'patin' and 'dohyo' will only be created for the 10 deepest contact points instead of all the 22 contact points.
WARNING: Contact joints between materials 'patin' and 'dohyo' will only be created for the 10 deepest contact points instead of all the 14 contact points.
WARNING: Contact joints between materials 'patin' and 'dohyo' will only be created for the 10 deepest contact points instead of all the 17 contact points.
WARNING: Contact joints between materials 'patin' and 'dohyo' will only be created for the 10 deepest contact points instead of all the 17 contact points.
[arbitro] asalto 10/30  frente   auto-salida     -1   7.06 s
[planta] asalto=10 mu=1.1 slip=0.0005 aleatorio=0
[gelatina] fin de asalto motor={"battery_v":7.4,"resistance_ohm":[4,4],"bridge_ohm":[0.5,0.5],"omega_rad_s":[-71.8964417,-32.6074655],"current_a":[-0.374502823,-0.488371826],"torque_nm":[-0.0108613283,-0.0163702507],"applied_pwm":[-0.998512924,-0.646555245],"over_1_2a_samples":20173,"over_3_2a_samples":1}
[rival] fin de asalto motor={"battery_v":7.4,"resistance_ohm":[4,4],"bridge_ohm":[0.5,0.5],"omega_rad_s":[-37.5419045,30.1200785],"current_a":[-0.160378319,0.291221183],"torque_nm":[-0.000502097613,0.00683220647],"applied_pwm":[-0.5,0.5],"over_1_2a_samples":47,"over_3_2a_samples":0}
[planta] gelatina ciclo=12 rueda=0 V=7.4 R=4 Rpuente=0.5 I0=0.15 Ke=0.0793326178 Kt=0.0483794733
[planta] gelatina ciclo=12 rueda=1 V=7.4 R=4 Rpuente=0.5 I0=0.15 Ke=0.0793326178 Kt=0.0483794733
[sensores] gelatina ToF alcance=1200 minimo=30 sigma_rel=0.07
[gelatina] pulsador recibido: permiso previsto 515696 ms
[arranque] pulsador=510696 permiso=515696 ms
[planta] rival ciclo=12 rueda=0 V=7.4 R=4 Rpuente=0.5 I0=0.15 Ke=0.0793326178 Kt=0.0483794733
[planta] rival ciclo=12 rueda=1 V=7.4 R=4 Rpuente=0.5 I0=0.15 Ke=0.0793326178 Kt=0.0483794733
[sensores] rival ToF alcance=1200 minimo=30 sigma_rel=0.07
[gelatina] permiso de arranque a los 515696 ms
WARNING: Contact joints between materials 'patin' and 'dohyo' will only be created for the 10 deepest contact points instead of all the 24 contact points.
WARNING: Contact joints between materials 'patin' and 'dohyo' will only be created for the 10 deepest contact points instead of all the 27 contact points.
WARNING: Contact joints between materials 'patin' and 'dohyo' will only be created for the 10 deepest contact points instead of all the 42 contact points.
WARNING: Contact joints between materials 'patin' and 'dohyo' will only be created for the 10 deepest contact points instead of all the 16 contact points.
WARNING: Contact joints between materials 'rueda' and 'dohyo' will only be created for the 10 deepest contact points instead of all the 51 contact points.
WARNING: Contact joints between materials 'rueda' and 'dohyo' will only be created for the 10 deepest contact points instead of all the 21 contact points.
WARNING: Contact joints between materials 'patin' and 'dohyo' will only be created for the 10 deepest contact points instead of all the 28 contact points.
WARNING: Contact joints between materials 'patin' and 'dohyo' will only be created for the 10 deepest contact points instead of all the 22 contact points.
WARNING: Contact joints between materials 'patin' and 'dohyo' will only be created for the 10 deepest contact points instead of all the 19 contact points.
WARNING: Contact joints between materials 'patin' and 'dohyo' will only be created for the 10 deepest contact points instead of all the 17 contact points.
WARNING: Contact joints between materials 'patin' and 'dohyo' will only be created for the 10 deepest contact points instead of all the 11 contact points.
WARNING: Contact joints between materials 'patin' and 'dohyo' will only be created for the 10 deepest contact points instead of all the 13 contact points.
WARNING: Contact joints between materials 'patin' and 'dohyo' will only be created for the 10 deepest contact points instead of all the 12 contact points.
WARNING: Contact joints between materials 'patin' and 'dohyo' will only be created for the 10 deepest contact points instead of all the 11 contact points.
WARNING: Contact joints between materials 'patin' and 'dohyo' will only be created for the 10 deepest contact points instead of all the 12 contact points.
WARNING: Contact joints between materials 'patin' and 'dohyo' will only be created for the 10 deepest contact points instead of all the 11 contact points.
WARNING: Contact joints between materials 'patin' and 'dohyo' will only be created for the 10 deepest contact points instead of all the 11 contact points.
WARNING: Contact joints between materials 'patin' and 'dohyo' will only be created for the 10 deepest contact points instead of all the 11 contact points.
WARNING: Contact joints between materials 'patin' and 'dohyo' will only be created for the 10 deepest contact points instead of all the 11 contact points.
WARNING: Contact joints between materials 'patin' and 'dohyo' will only be created for the 10 deepest contact points instead of all the 11 contact points.
WARNING: Contact joints between materials 'patin' and 'dohyo' will only be created for the 10 deepest contact points instead of all the 13 contact points.
WARNING: Contact joints between materials 'patin' and 'dohyo' will only be created for the 10 deepest contact points instead of all the 12 contact points.
WARNING: Contact joints between materials 'patin' and 'dohyo' will only be created for the 10 deepest contact points instead of all the 14 contact points.
WARNING: Contact joints between materials 'patin' and 'dohyo' will only be created for the 10 deepest contact points instead of all the 12 contact points.
WARNING: Contact joints between materials 'patin' and 'dohyo' will only be created for the 10 deepest contact points instead of all the 20 contact points.
WARNING: Contact joints between materials 'patin' and 'dohyo' will only be created for the 10 deepest contact points instead of all the 13 contact points.
WARNING: Contact joints between materials 'patin' and 'dohyo' will only be created for the 10 deepest contact points instead of all the 13 contact points.
WARNING: Contact joints between materials 'patin' and 'dohyo' will only be created for the 10 deepest contact points instead of all the 22 contact points.
WARNING: Contact joints between materials 'patin' and 'dohyo' will only be created for the 10 deepest contact points instead of all the 12 contact points.
[arbitro] asalto 11/30  lado     expulsado       -1  37.81 s
[planta] asalto=11 mu=1.1 slip=0.0005 aleatorio=0
[gelatina] fin de asalto motor={"battery_v":7.4,"resistance_ohm":[4,4],"bridge_ohm":[0.5,0.5],"omega_rad_s":[71.3409809,32.3469929],"current_a":[0.386176828,0.732151787],"torque_nm":[0.0114261106,0.0281641968],"applied_pwm":[0.999657094,0.792007387],"over_1_2a_samples":21377,"over_3_2a_samples":1}
[rival] fin de asalto motor={"battery_v":7.4,"resistance_ohm":[4,4],"bridge_ohm":[0.5,0.5],"omega_rad_s":[-41.4513063,-16.9962093],"current_a":[-0.255902081,-0.687032495],"torque_nm":[-0.00512348689,-0.0259813493],"applied_pwm":[-0.6,-0.6],"over_1_2a_samples":99,"over_3_2a_samples":0}
[planta] gelatina ciclo=13 rueda=0 V=7.4 R=4 Rpuente=0.5 I0=0.15 Ke=0.0793326178 Kt=0.0483794733
[planta] gelatina ciclo=13 rueda=1 V=7.4 R=4 Rpuente=0.5 I0=0.15 Ke=0.0793326178 Kt=0.0483794733
[sensores] gelatina ToF alcance=1200 minimo=30 sigma_rel=0.07
[gelatina] pulsador recibido: permiso previsto 558816 ms
[arranque] pulsador=553816 permiso=558816 ms
[planta] rival ciclo=13 rueda=0 V=7.4 R=4 Rpuente=0.5 I0=0.15 Ke=0.0793326178 Kt=0.0483794733
[planta] rival ciclo=13 rueda=1 V=7.4 R=4 Rpuente=0.5 I0=0.15 Ke=0.0793326178 Kt=0.0483794733
[sensores] rival ToF alcance=1200 minimo=30 sigma_rel=0.07
[gelatina] permiso de arranque a los 558816 ms
WARNING: Contact joints between materials 'rueda' and 'dohyo' will only be created for the 10 deepest contact points instead of all the 29 contact points.
WARNING: Contact joints between materials 'rueda' and 'dohyo' will only be created for the 10 deepest contact points instead of all the 11 contact points.
WARNING: Contact joints between materials 'rueda' and 'dohyo' will only be created for the 10 deepest contact points instead of all the 12 contact points.
WARNING: Contact joints between materials 'rueda' and 'dohyo' will only be created for the 10 deepest contact points instead of all the 12 contact points.
WARNING: Contact joints between materials 'patin' and 'dohyo' will only be created for the 10 deepest contact points instead of all the 37 contact points.
WARNING: Contact joints between materials 'rueda' and 'dohyo' will only be created for the 10 deepest contact points instead of all the 12 contact points.
WARNING: Contact joints between materials 'patin' and 'dohyo' will only be created for the 10 deepest contact points instead of all the 32 contact points.
WARNING: Contact joints between materials 'rueda' and 'dohyo' will only be created for the 10 deepest contact points instead of all the 13 contact points.
WARNING: Contact joints between materials 'patin' and 'dohyo' will only be created for the 10 deepest contact points instead of all the 13 contact points.
WARNING: Contact joints between materials 'patin' and 'dohyo' will only be created for the 10 deepest contact points instead of all the 13 contact points.
WARNING: Contact joints between materials 'rueda' and 'dohyo' will only be created for the 10 deepest contact points instead of all the 11 contact points.
[arbitro] asalto 12/30  espalda  rival fuera     +1  12.79 s
[planta] asalto=12 mu=1.1 slip=0.0005 aleatorio=0
[gelatina] fin de asalto motor={"battery_v":7.4,"resistance_ohm":[4,4],"bridge_ohm":[0.5,0.5],"omega_rad_s":[23.51634,-29.5575295],"current_a":[0.892774104,0.926035031],"torque_nm":[0.0359350199,0.0520580081],"applied_pwm":[0.795013011,0.24625425],"over_1_2a_samples":21780,"over_3_2a_samples":1}
[rival] fin de asalto motor={"battery_v":7.4,"resistance_ohm":[4,4],"bridge_ohm":[0.5,0.5],"omega_rad_s":[-28.1938292,-6.34250695],"current_a":[-0.325179938,0.934037262],"torque_nm":[-0.00847511315,0.0524451069],"applied_pwm":[-0.5,0.5],"over_1_2a_samples":109,"over_3_2a_samples":0}
[planta] gelatina ciclo=14 rueda=0 V=7.4 R=4 Rpuente=0.5 I0=0.15 Ke=0.0793326178 Kt=0.0483794733
[planta] gelatina ciclo=14 rueda=1 V=7.4 R=4 Rpuente=0.5 I0=0.15 Ke=0.0793326178 Kt=0.0483794733
[sensores] gelatina ToF alcance=1200 minimo=30 sigma_rel=0.07
[gelatina] pulsador recibido: permiso previsto 576920 ms
[arranque] pulsador=571920 permiso=576920 ms
[planta] rival ciclo=14 rueda=0 V=7.4 R=4 Rpuente=0.5 I0=0.15 Ke=0.0793326178 Kt=0.0483794733
[planta] rival ciclo=14 rueda=1 V=7.4 R=4 Rpuente=0.5 I0=0.15 Ke=0.0793326178 Kt=0.0483794733
[sensores] rival ToF alcance=1200 minimo=30 sigma_rel=0.07
[gelatina] permiso de arranque a los 576920 ms
WARNING: Contact joints between materials 'patin' and 'dohyo' will only be created for the 10 deepest contact points instead of all the 21 contact points.
WARNING: Contact joints between materials 'rueda' and 'dohyo' will only be created for the 10 deepest contact points instead of all the 12 contact points.
WARNING: Contact joints between materials 'patin' and 'dohyo' will only be created for the 10 deepest contact points instead of all the 16 contact points.
WARNING: Contact joints between materials 'patin' and 'dohyo' will only be created for the 10 deepest contact points instead of all the 82 contact points.
WARNING: Contact joints between materials 'patin' and 'dohyo' will only be created for the 10 deepest contact points instead of all the 96 contact points.
WARNING: Contact joints between materials 'patin' and 'dohyo' will only be created for the 10 deepest contact points instead of all the 48 contact points.
WARNING: Contact joints between materials 'patin' and 'dohyo' will only be created for the 10 deepest contact points instead of all the 60 contact points.
WARNING: Contact joints between materials 'patin' and 'dohyo' will only be created for the 10 deepest contact points instead of all the 11 contact points.
WARNING: Contact joints between materials 'patin' and 'dohyo' will only be created for the 10 deepest contact points instead of all the 58 contact points.
WARNING: Contact joints between materials 'patin' and 'dohyo' will only be created for the 10 deepest contact points instead of all the 58 contact points.
WARNING: Contact joints between materials 'patin' and 'dohyo' will only be created for the 10 deepest contact points instead of all the 58 contact points.
WARNING: Contact joints between materials 'patin' and 'dohyo' will only be created for the 10 deepest contact points instead of all the 60 contact points.
WARNING: Contact joints between materials 'patin' and 'dohyo' will only be created for the 10 deepest contact points instead of all the 62 contact points.
WARNING: Contact joints between materials 'patin' and 'dohyo' will only be created for the 10 deepest contact points instead of all the 62 contact points.
WARNING: Contact joints between materials 'patin' and 'dohyo' will only be created for the 10 deepest contact points instead of all the 62 contact points.
WARNING: Contact joints between materials 'patin' and 'dohyo' will only be created for the 10 deepest contact points instead of all the 62 contact points.
WARNING: Contact joints between materials 'patin' and 'dohyo' will only be created for the 10 deepest contact points instead of all the 64 contact points.
WARNING: Contact joints between materials 'patin' and 'dohyo' will only be created for the 10 deepest contact points instead of all the 64 contact points.
WARNING: Contact joints between materials 'patin' and 'dohyo' will only be created for the 10 deepest contact points instead of all the 64 contact points.
WARNING: Contact joints between materials 'patin' and 'dohyo' will only be created for the 10 deepest contact points instead of all the 62 contact points.
WARNING: Contact joints between materials 'patin' and 'dohyo' will only be created for the 10 deepest contact points instead of all the 62 contact points.
WARNING: Contact joints between materials 'patin' and 'dohyo' will only be created for the 10 deepest contact points instead of all the 60 contact points.
WARNING: Contact joints between materials 'patin' and 'dohyo' will only be created for the 10 deepest contact points instead of all the 62 contact points.
WARNING: Contact joints between materials 'patin' and 'dohyo' will only be created for the 10 deepest contact points instead of all the 68 contact points.
WARNING: Contact joints between materials 'patin' and 'dohyo' will only be created for the 10 deepest contact points instead of all the 72 contact points.
WARNING: Contact joints between materials 'patin' and 'dohyo' will only be created for the 10 deepest contact points instead of all the 74 contact points.
WARNING: Contact joints between materials 'patin' and 'dohyo' will only be created for the 10 deepest contact points instead of all the 74 contact points.
WARNING: Contact joints between materials 'patin' and 'dohyo' will only be created for the 10 deepest contact points instead of all the 76 contact points.
WARNING: Contact joints between materials 'patin' and 'dohyo' will only be created for the 10 deepest contact points instead of all the 78 contact points.
WARNING: Contact joints between materials 'patin' and 'dohyo' will only be created for the 10 deepest contact points instead of all the 78 contact points.
WARNING: Contact joints between materials 'patin' and 'dohyo' will only be created for the 10 deepest contact points instead of all the 78 contact points.
WARNING: Contact joints between materials 'patin' and 'dohyo' will only be created for the 10 deepest contact points instead of all the 80 contact points.
WARNING: Contact joints between materials 'patin' and 'dohyo' will only be created for the 10 deepest contact points instead of all the 88 contact points.
WARNING: Contact joints between materials 'patin' and 'dohyo' will only be created for the 10 deepest contact points instead of all the 100 contact points.
WARNING: Contact joints between materials 'patin' and 'dohyo' will only be created for the 10 deepest contact points instead of all the 94 contact points.
WARNING: Contact joints between materials 'patin' and 'dohyo' will only be created for the 10 deepest contact points instead of all the 94 contact points.
WARNING: Contact joints between materials 'patin' and 'dohyo' will only be created for the 10 deepest contact points instead of all the 94 contact points.
WARNING: Contact joints between materials 'patin' and 'dohyo' will only be created for the 10 deepest contact points instead of all the 92 contact points.
WARNING: Contact joints between materials 'patin' and 'dohyo' will only be created for the 10 deepest contact points instead of all the 49 contact points.
WARNING: Contact joints between materials 'patin' and 'dohyo' will only be created for the 10 deepest contact points instead of all the 90 contact points.
WARNING: Contact joints between materials 'patin' and 'dohyo' will only be created for the 10 deepest contact points instead of all the 90 contact points.
WARNING: Contact joints between materials 'patin' and 'dohyo' will only be created for the 10 deepest contact points instead of all the 90 contact points.
WARNING: Contact joints between materials 'patin' and 'dohyo' will only be created for the 10 deepest contact points instead of all the 90 contact points.
WARNING: Contact joints between materials 'patin' and 'dohyo' will only be created for the 10 deepest contact points instead of all the 88 contact points.
WARNING: Contact joints between materials 'patin' and 'dohyo' will only be created for the 10 deepest contact points instead of all the 88 contact points.
WARNING: Contact joints between materials 'patin' and 'dohyo' will only be created for the 10 deepest contact points instead of all the 88 contact points.
WARNING: Contact joints between materials 'patin' and 'dohyo' will only be created for the 10 deepest contact points instead of all the 88 contact points.
WARNING: Contact joints between materials 'patin' and 'dohyo' will only be created for the 10 deepest contact points instead of all the 88 contact points.
WARNING: Contact joints between materials 'patin' and 'dohyo' will only be created for the 10 deepest contact points instead of all the 88 contact points.
WARNING: Contact joints between materials 'patin' and 'dohyo' will only be created for the 10 deepest contact points instead of all the 88 contact points.
WARNING: Contact joints between materials 'patin' and 'dohyo' will only be created for the 10 deepest contact points instead of all the 86 contact points.
[arbitro] asalto 13/30  frente   tiempo agotado  +0  60.00 s
[planta] asalto=13 mu=1.1 slip=0.0005 aleatorio=0
[gelatina] fin de asalto motor={"battery_v":7.4,"resistance_ohm":[4,4],"bridge_ohm":[0.5,0.5],"omega_rad_s":[-11.1065832,0.452515679],"current_a":[-1.39441695,-0.419308329],"torque_nm":[-0.0602042367,-0.0233625945],"applied_pwm":[-0.967025757,-0.250133544],"over_1_2a_samples":28900,"over_3_2a_samples":1}
[rival] fin de asalto motor={"battery_v":7.4,"resistance_ohm":[4,4],"bridge_ohm":[0.5,0.5],"omega_rad_s":[0.00467803676,0.00435278056],"current_a":[-0.822304694,0.822145485],"torque_nm":[-0.0398166159,0.039743378],"applied_pwm":[-0.5,0.5],"over_1_2a_samples":112,"over_3_2a_samples":0}
[planta] gelatina ciclo=15 rueda=0 V=7.4 R=4 Rpuente=0.5 I0=0.15 Ke=0.0793326178 Kt=0.0483794733
[planta] gelatina ciclo=15 rueda=1 V=7.4 R=4 Rpuente=0.5 I0=0.15 Ke=0.0793326178 Kt=0.0483794733
[sensores] gelatina ToF alcance=1200 minimo=30 sigma_rel=0.07
[gelatina] pulsador recibido: permiso previsto 642232 ms
[arranque] pulsador=637232 permiso=642232 ms
[planta] rival ciclo=15 rueda=0 V=7.4 R=4 Rpuente=0.5 I0=0.15 Ke=0.0793326178 Kt=0.0483794733
[planta] rival ciclo=15 rueda=1 V=7.4 R=4 Rpuente=0.5 I0=0.15 Ke=0.0793326178 Kt=0.0483794733
[sensores] rival ToF alcance=1200 minimo=30 sigma_rel=0.07
[gelatina] permiso de arranque a los 642232 ms
WARNING: Contact joints between materials 'patin' and 'dohyo' will only be created for the 10 deepest contact points instead of all the 26 contact points.
WARNING: Contact joints between materials 'patin' and 'dohyo' will only be created for the 10 deepest contact points instead of all the 24 contact points.
WARNING: Contact joints between materials 'patin' and 'dohyo' will only be created for the 10 deepest contact points instead of all the 24 contact points.
WARNING: Contact joints between materials 'patin' and 'dohyo' will only be created for the 10 deepest contact points instead of all the 26 contact points.
WARNING: Contact joints between materials 'patin' and 'dohyo' will only be created for the 10 deepest contact points instead of all the 26 contact points.
WARNING: Contact joints between materials 'patin' and 'dohyo' will only be created for the 10 deepest contact points instead of all the 26 contact points.
WARNING: Contact joints between materials 'patin' and 'dohyo' will only be created for the 10 deepest contact points instead of all the 26 contact points.
WARNING: Contact joints between materials 'patin' and 'dohyo' will only be created for the 10 deepest contact points instead of all the 30 contact points.
WARNING: Contact joints between materials 'patin' and 'dohyo' will only be created for the 10 deepest contact points instead of all the 15 contact points.
WARNING: Contact joints between materials 'patin' and 'dohyo' will only be created for the 10 deepest contact points instead of all the 11 contact points.
WARNING: Contact joints between materials 'patin' and 'dohyo' will only be created for the 10 deepest contact points instead of all the 26 contact points.
WARNING: Contact joints between materials 'patin' and 'dohyo' will only be created for the 10 deepest contact points instead of all the 26 contact points.
WARNING: Contact joints between materials 'patin' and 'dohyo' will only be created for the 10 deepest contact points instead of all the 26 contact points.
WARNING: Contact joints between materials 'patin' and 'dohyo' will only be created for the 10 deepest contact points instead of all the 28 contact points.
WARNING: Contact joints between materials 'patin' and 'dohyo' will only be created for the 10 deepest contact points instead of all the 18 contact points.
WARNING: Contact joints between materials 'patin' and 'dohyo' will only be created for the 10 deepest contact points instead of all the 26 contact points.
WARNING: Contact joints between materials 'patin' and 'dohyo' will only be created for the 10 deepest contact points instead of all the 26 contact points.
WARNING: Contact joints between materials 'patin' and 'dohyo' will only be created for the 10 deepest contact points instead of all the 26 contact points.
WARNING: Contact joints between materials 'patin' and 'dohyo' will only be created for the 10 deepest contact points instead of all the 28 contact points.
WARNING: Contact joints between materials 'patin' and 'dohyo' will only be created for the 10 deepest contact points instead of all the 26 contact points.
WARNING: Contact joints between materials 'patin' and 'dohyo' will only be created for the 10 deepest contact points instead of all the 16 contact points.
WARNING: Contact joints between materials 'patin' and 'dohyo' will only be created for the 10 deepest contact points instead of all the 12 contact points.
WARNING: Contact joints between materials 'patin' and 'dohyo' will only be created for the 10 deepest contact points instead of all the 26 contact points.
WARNING: Contact joints between materials 'patin' and 'dohyo' will only be created for the 10 deepest contact points instead of all the 12 contact points.
WARNING: Contact joints between materials 'patin' and 'dohyo' will only be created for the 10 deepest contact points instead of all the 28 contact points.
WARNING: Contact joints between materials 'patin' and 'dohyo' will only be created for the 10 deepest contact points instead of all the 26 contact points.
WARNING: Contact joints between materials 'patin' and 'dohyo' will only be created for the 10 deepest contact points instead of all the 26 contact points.
WARNING: Contact joints between materials 'patin' and 'dohyo' will only be created for the 10 deepest contact points instead of all the 26 contact points.
WARNING: Contact joints between materials 'patin' and 'dohyo' will only be created for the 10 deepest contact points instead of all the 17 contact points.
WARNING: Contact joints between materials 'patin' and 'dohyo' will only be created for the 10 deepest contact points instead of all the 26 contact points.
WARNING: Contact joints between materials 'patin' and 'dohyo' will only be created for the 10 deepest contact points instead of all the 28 contact points.
WARNING: Contact joints between materials 'patin' and 'dohyo' will only be created for the 10 deepest contact points instead of all the 26 contact points.
WARNING: Contact joints between materials 'patin' and 'dohyo' will only be created for the 10 deepest contact points instead of all the 28 contact points.
WARNING: Contact joints between materials 'patin' and 'dohyo' will only be created for the 10 deepest contact points instead of all the 13 contact points.
WARNING: Contact joints between materials 'patin' and 'dohyo' will only be created for the 10 deepest contact points instead of all the 28 contact points.
WARNING: Contact joints between materials 'patin' and 'dohyo' will only be created for the 10 deepest contact points instead of all the 28 contact points.
WARNING: Contact joints between materials 'patin' and 'dohyo' will only be created for the 10 deepest contact points instead of all the 26 contact points.
WARNING: Contact joints between materials 'patin' and 'dohyo' will only be created for the 10 deepest contact points instead of all the 28 contact points.
WARNING: Contact joints between materials 'patin' and 'dohyo' will only be created for the 10 deepest contact points instead of all the 26 contact points.
WARNING: Contact joints between materials 'patin' and 'dohyo' will only be created for the 10 deepest contact points instead of all the 28 contact points.
WARNING: Contact joints between materials 'patin' and 'dohyo' will only be created for the 10 deepest contact points instead of all the 28 contact points.
WARNING: Contact joints between materials 'patin' and 'dohyo' will only be created for the 10 deepest contact points instead of all the 26 contact points.
WARNING: Contact joints between materials 'patin' and 'dohyo' will only be created for the 10 deepest contact points instead of all the 28 contact points.
WARNING: Contact joints between materials 'patin' and 'dohyo' will only be created for the 10 deepest contact points instead of all the 27 contact points.
WARNING: Contact joints between materials 'patin' and 'dohyo' will only be created for the 10 deepest contact points instead of all the 28 contact points.
WARNING: Contact joints between materials 'patin' and 'dohyo' will only be created for the 10 deepest contact points instead of all the 26 contact points.
WARNING: Contact joints between materials 'patin' and 'dohyo' will only be created for the 10 deepest contact points instead of all the 28 contact points.
WARNING: Contact joints between materials 'patin' and 'dohyo' will only be created for the 10 deepest contact points instead of all the 28 contact points.
WARNING: Contact joints between materials 'patin' and 'dohyo' will only be created for the 10 deepest contact points instead of all the 28 contact points.
WARNING: Contact joints between materials 'patin' and 'dohyo' will only be created for the 10 deepest contact points instead of all the 28 contact points.
WARNING: Contact joints between materials 'patin' and 'dohyo' will only be created for the 10 deepest contact points instead of all the 28 contact points.
WARNING: Contact joints between materials 'patin' and 'dohyo' will only be created for the 10 deepest contact points instead of all the 28 contact points.
WARNING: Contact joints between materials 'patin' and 'dohyo' will only be created for the 10 deepest contact points instead of all the 28 contact points.
WARNING: Contact joints between materials 'patin' and 'dohyo' will only be created for the 10 deepest contact points instead of all the 11 contact points.
WARNING: Contact joints between materials 'patin' and 'dohyo' will only be created for the 10 deepest contact points instead of all the 28 contact points.
WARNING: Contact joints between materials 'patin' and 'dohyo' will only be created for the 10 deepest contact points instead of all the 28 contact points.
WARNING: Contact joints between materials 'patin' and 'dohyo' will only be created for the 10 deepest contact points instead of all the 26 contact points.
WARNING: Contact joints between materials 'patin' and 'dohyo' will only be created for the 10 deepest contact points instead of all the 28 contact points.
WARNING: Contact joints between materials 'patin' and 'dohyo' will only be created for the 10 deepest contact points instead of all the 28 contact points.
[arbitro] asalto 14/30  lado     tiempo agotado  +0  60.00 s
[planta] asalto=14 mu=1.1 slip=0.0005 aleatorio=0
[gelatina] fin de asalto motor={"battery_v":7.4,"resistance_ohm":[4,4],"bridge_ohm":[0.5,0.5],"omega_rad_s":[-14.3941257,-0.516303948],"current_a":[-1.38191448,-0.248437019],"torque_nm":[-0.0595993739,-0.00857335866],"applied_pwm":[-0.994667411,-0.156611666],"over_1_2a_samples":34731,"over_3_2a_samples":1}
[rival] fin de asalto motor={"battery_v":7.4,"resistance_ohm":[4,4],"bridge_ohm":[0.5,0.5],"omega_rad_s":[0.2460928,-0.251398949],"current_a":[-0.826560708,0.826654253],"torque_nm":[-0.0417392483,0.0417799926],"applied_pwm":[-0.5,0.5],"over_1_2a_samples":112,"over_3_2a_samples":0}
[planta] gelatina ciclo=16 rueda=0 V=7.4 R=4 Rpuente=0.5 I0=0.15 Ke=0.0793326178 Kt=0.0483794733
[planta] gelatina ciclo=16 rueda=1 V=7.4 R=4 Rpuente=0.5 I0=0.15 Ke=0.0793326178 Kt=0.0483794733
[sensores] gelatina ToF alcance=1200 minimo=30 sigma_rel=0.07
[gelatina] pulsador recibido: permiso previsto 707544 ms
[arranque] pulsador=702544 permiso=707544 ms
[planta] rival ciclo=16 rueda=0 V=7.4 R=4 Rpuente=0.5 I0=0.15 Ke=0.0793326178 Kt=0.0483794733
[planta] rival ciclo=16 rueda=1 V=7.4 R=4 Rpuente=0.5 I0=0.15 Ke=0.0793326178 Kt=0.0483794733
[sensores] rival ToF alcance=1200 minimo=30 sigma_rel=0.07
[gelatina] permiso de arranque a los 707544 ms
WARNING: Contact joints between materials 'patin' and 'dohyo' will only be created for the 10 deepest contact points instead of all the 29 contact points.
WARNING: Contact joints between materials 'patin' and 'dohyo' will only be created for the 10 deepest contact points instead of all the 49 contact points.
WARNING: Contact joints between materials 'patin' and 'dohyo' will only be created for the 10 deepest contact points instead of all the 58 contact points.
WARNING: Contact joints between materials 'patin' and 'dohyo' will only be created for the 10 deepest contact points instead of all the 63 contact points.
WARNING: Contact joints between materials 'patin' and 'dohyo' will only be created for the 10 deepest contact points instead of all the 58 contact points.
WARNING: Contact joints between materials 'patin' and 'dohyo' will only be created for the 10 deepest contact points instead of all the 58 contact points.
WARNING: Contact joints between materials 'patin' and 'dohyo' will only be created for the 10 deepest contact points instead of all the 62 contact points.
WARNING: Contact joints between materials 'patin' and 'dohyo' will only be created for the 10 deepest contact points instead of all the 62 contact points.
WARNING: Contact joints between materials 'patin' and 'dohyo' will only be created for the 10 deepest contact points instead of all the 64 contact points.
WARNING: Contact joints between materials 'patin' and 'dohyo' will only be created for the 10 deepest contact points instead of all the 64 contact points.
WARNING: Contact joints between materials 'patin' and 'dohyo' will only be created for the 10 deepest contact points instead of all the 62 contact points.
WARNING: Contact joints between materials 'patin' and 'dohyo' will only be created for the 10 deepest contact points instead of all the 54 contact points.
WARNING: Contact joints between materials 'patin' and 'dohyo' will only be created for the 10 deepest contact points instead of all the 44 contact points.
WARNING: Contact joints between materials 'patin' and 'dohyo' will only be created for the 10 deepest contact points instead of all the 20 contact points.
WARNING: Contact joints between materials 'rueda' and 'dohyo' will only be created for the 10 deepest contact points instead of all the 11 contact points.
WARNING: Contact joints between materials 'patin' and 'dohyo' will only be created for the 10 deepest contact points instead of all the 14 contact points.
WARNING: Contact joints between materials 'patin' and 'dohyo' will only be created for the 10 deepest contact points instead of all the 14 contact points.
WARNING: Contact joints between materials 'patin' and 'dohyo' will only be created for the 10 deepest contact points instead of all the 12 contact points.
WARNING: Contact joints between materials 'patin' and 'dohyo' will only be created for the 10 deepest contact points instead of all the 17 contact points.
[arbitro] asalto 15/30  espalda  auto-salida     -1  19.17 s
[planta] asalto=15 mu=1.1 slip=0.0005 aleatorio=0
[gelatina] fin de asalto motor={"battery_v":7.4,"resistance_ohm":[4,4],"bridge_ohm":[0.5,0.5],"omega_rad_s":[84.0108049,72.4837593],"current_a":[0.163114763,-0.0320575022],"torque_nm":[0.000634485342,-0.00880784607],"applied_pwm":[0.999839664,0.757576704],"over_1_2a_samples":35457,"over_3_2a_samples":1}
[rival] fin de asalto motor={"battery_v":7.4,"resistance_ohm":[4,4],"bridge_ohm":[0.5,0.5],"omega_rad_s":[-38.4207841,30.8622854],"current_a":[-0.144884139,0.278136469],"torque_nm":[0.00024750268,0.00619917488],"applied_pwm":[-0.5,0.5],"over_1_2a_samples":115,"over_3_2a_samples":0}
[planta] gelatina ciclo=17 rueda=0 V=7.4 R=4 Rpuente=0.5 I0=0.15 Ke=0.0793326178 Kt=0.0483794733
[planta] gelatina ciclo=17 rueda=1 V=7.4 R=4 Rpuente=0.5 I0=0.15 Ke=0.0793326178 Kt=0.0483794733
[sensores] gelatina ToF alcance=1200 minimo=30 sigma_rel=0.07
[gelatina] pulsador recibido: permiso previsto 732024 ms
[planta] rival ciclo=17 rueda=0 V=7.4 R=4 Rpuente=0.5 I0=0.15 Ke=0.0793326178 Kt=0.0483794733
[planta] rival ciclo=17 rueda=1 V=7.4 R=4 Rpuente=0.5 I0=0.15 Ke=0.0793326178 Kt=0.0483794733
[sensores] rival ToF alcance=1200 minimo=30 sigma_rel=0.07
[arranque] pulsador=727024 permiso=732024 ms
[gelatina] permiso de arranque a los 732024 ms
WARNING: Contact joints between materials 'rueda' and 'dohyo' will only be created for the 10 deepest contact points instead of all the 12 contact points.
WARNING: Contact joints between materials 'patin' and 'dohyo' will only be created for the 10 deepest contact points instead of all the 14 contact points.
WARNING: Contact joints between materials 'patin' and 'dohyo' will only be created for the 10 deepest contact points instead of all the 12 contact points.
WARNING: Contact joints between materials 'patin' and 'dohyo' will only be created for the 10 deepest contact points instead of all the 11 contact points.
WARNING: Contact joints between materials 'patin' and 'dohyo' will only be created for the 10 deepest contact points instead of all the 13 contact points.
WARNING: Contact joints between materials 'patin' and 'dohyo' will only be created for the 10 deepest contact points instead of all the 18 contact points.
WARNING: Contact joints between materials 'patin' and 'dohyo' will only be created for the 10 deepest contact points instead of all the 13 contact points.
WARNING: Contact joints between materials 'rueda' and 'dohyo' will only be created for the 10 deepest contact points instead of all the 29 contact points.
WARNING: Contact joints between materials 'patin' and 'dohyo' will only be created for the 10 deepest contact points instead of all the 16 contact points.
WARNING: Contact joints between materials 'patin' and 'dohyo' will only be created for the 10 deepest contact points instead of all the 23 contact points.
WARNING: Contact joints between materials 'rueda' and 'dohyo' will only be created for the 10 deepest contact points instead of all the 12 contact points.
WARNING: Contact joints between materials 'patin' and 'dohyo' will only be created for the 10 deepest contact points instead of all the 15 contact points.
WARNING: Contact joints between materials 'patin' and 'dohyo' will only be created for the 10 deepest contact points instead of all the 11 contact points.
WARNING: Contact joints between materials 'patin' and 'dohyo' will only be created for the 10 deepest contact points instead of all the 12 contact points.
WARNING: Contact joints between materials 'patin' and 'dohyo' will only be created for the 10 deepest contact points instead of all the 23 contact points.
WARNING: Contact joints between materials 'patin' and 'dohyo' will only be created for the 10 deepest contact points instead of all the 11 contact points.
WARNING: Contact joints between materials 'patin' and 'dohyo' will only be created for the 10 deepest contact points instead of all the 28 contact points.
WARNING: Contact joints between materials 'patin' and 'dohyo' will only be created for the 10 deepest contact points instead of all the 20 contact points.
WARNING: Contact joints between materials 'patin' and 'dohyo' will only be created for the 10 deepest contact points instead of all the 16 contact points.
WARNING: Contact joints between materials 'patin' and 'dohyo' will only be created for the 10 deepest contact points instead of all the 28 contact points.
[arbitro] asalto 16/30  frente   expulsado       -1  25.61 s
[planta] asalto=16 mu=1.1 slip=0.0005 aleatorio=0
[gelatina] fin de asalto motor={"battery_v":7.4,"resistance_ohm":[4,4],"bridge_ohm":[0.5,0.5],"omega_rad_s":[-67.2169447,-70.4627128],"current_a":[-0.28845654,-0.399182275],"torque_nm":[-0.00669845446,-0.0120553072],"applied_pwm":[-0.896020353,-0.998150229],"over_1_2a_samples":35583,"over_3_2a_samples":1}
[rival] fin de asalto motor={"battery_v":7.4,"resistance_ohm":[4,4],"bridge_ohm":[0.5,0.5],"omega_rad_s":[-38.3810202,29.0232828],"current_a":[-0.145585154,0.310557111],"torque_nm":[0.000213587916,0.00776766846],"applied_pwm":[-0.5,0.5],"over_1_2a_samples":129,"over_3_2a_samples":0}
[planta] gelatina ciclo=18 rueda=0 V=7.4 R=4 Rpuente=0.5 I0=0.15 Ke=0.0793326178 Kt=0.0483794733
[planta] gelatina ciclo=18 rueda=1 V=7.4 R=4 Rpuente=0.5 I0=0.15 Ke=0.0793326178 Kt=0.0483794733
[sensores] gelatina ToF alcance=1200 minimo=30 sigma_rel=0.07
[gelatina] pulsador recibido: permiso previsto 762944 ms
[arranque] pulsador=757944 permiso=762944 ms
[planta] rival ciclo=18 rueda=0 V=7.4 R=4 Rpuente=0.5 I0=0.15 Ke=0.0793326178 Kt=0.0483794733
[planta] rival ciclo=18 rueda=1 V=7.4 R=4 Rpuente=0.5 I0=0.15 Ke=0.0793326178 Kt=0.0483794733
[sensores] rival ToF alcance=1200 minimo=30 sigma_rel=0.07
[gelatina] permiso de arranque a los 762944 ms
WARNING: Contact joints between materials 'patin' and 'dohyo' will only be created for the 10 deepest contact points instead of all the 21 contact points.
WARNING: Contact joints between materials 'rueda' and 'dohyo' will only be created for the 10 deepest contact points instead of all the 15 contact points.
WARNING: Contact joints between materials 'rueda' and 'dohyo' will only be created for the 10 deepest contact points instead of all the 11 contact points.
WARNING: Contact joints between materials 'patin' and 'dohyo' will only be created for the 10 deepest contact points instead of all the 15 contact points.
WARNING: Contact joints between materials 'patin' and 'dohyo' will only be created for the 10 deepest contact points instead of all the 11 contact points.
WARNING: Contact joints between materials 'patin' and 'dohyo' will only be created for the 10 deepest contact points instead of all the 14 contact points.
WARNING: Contact joints between materials 'patin' and 'dohyo' will only be created for the 10 deepest contact points instead of all the 74 contact points.
WARNING: Contact joints between materials 'patin' and 'dohyo' will only be created for the 10 deepest contact points instead of all the 26 contact points.
WARNING: Contact joints between materials 'patin' and 'dohyo' will only be created for the 10 deepest contact points instead of all the 14 contact points.
WARNING: Contact joints between materials 'patin' and 'dohyo' will only be created for the 10 deepest contact points instead of all the 12 contact points.
WARNING: Contact joints between materials 'patin' and 'dohyo' will only be created for the 10 deepest contact points instead of all the 24 contact points.
WARNING: Contact joints between materials 'patin' and 'dohyo' will only be created for the 10 deepest contact points instead of all the 24 contact points.
WARNING: Contact joints between materials 'patin' and 'dohyo' will only be created for the 10 deepest contact points instead of all the 12 contact points.
WARNING: Contact joints between materials 'patin' and 'dohyo' will only be created for the 10 deepest contact points instead of all the 18 contact points.
WARNING: Contact joints between materials 'patin' and 'dohyo' will only be created for the 10 deepest contact points instead of all the 18 contact points.
WARNING: Contact joints between materials 'patin' and 'dohyo' will only be created for the 10 deepest contact points instead of all the 18 contact points.
WARNING: Contact joints between materials 'patin' and 'dohyo' will only be created for the 10 deepest contact points instead of all the 24 contact points.
WARNING: Contact joints between materials 'patin' and 'dohyo' will only be created for the 10 deepest contact points instead of all the 20 contact points.
WARNING: Contact joints between materials 'patin' and 'dohyo' will only be created for the 10 deepest contact points instead of all the 26 contact points.
WARNING: Contact joints between materials 'patin' and 'dohyo' will only be created for the 10 deepest contact points instead of all the 17 contact points.
WARNING: Contact joints between materials 'patin' and 'dohyo' will only be created for the 10 deepest contact points instead of all the 20 contact points.
WARNING: Contact joints between materials 'rueda' and 'dohyo' will only be created for the 10 deepest contact points instead of all the 11 contact points.
WARNING: Contact joints between materials 'patin' and 'dohyo' will only be created for the 10 deepest contact points instead of all the 36 contact points.
WARNING: Contact joints between materials 'patin' and 'dohyo' will only be created for the 10 deepest contact points instead of all the 22 contact points.
WARNING: Contact joints between materials 'patin' and 'dohyo' will only be created for the 10 deepest contact points instead of all the 12 contact points.
WARNING: Contact joints between materials 'patin' and 'dohyo' will only be created for the 10 deepest contact points instead of all the 12 contact points.
[arbitro] asalto 17/30  lado     rival fuera     +1  28.25 s
[planta] asalto=17 mu=1.1 slip=0.0005 aleatorio=0
[gelatina] fin de asalto motor={"battery_v":7.4,"resistance_ohm":[4,4],"bridge_ohm":[0.5,0.5],"omega_rad_s":[41.3506728,-44.915748],"current_a":[0.855229581,-0.571517278],"torque_nm":[0.0341186357,-0.0203927839],"applied_pwm":[0.963377059,-0.829069138],"over_1_2a_samples":36045,"over_3_2a_samples":1}
[rival] fin de asalto motor={"battery_v":7.4,"resistance_ohm":[4,4],"bridge_ohm":[0.5,0.5],"omega_rad_s":[-47.6827552,-32.377917],"current_a":[-0.146044934,-0.41586113],"torque_nm":[0.000191344006,-0.0128622215],"applied_pwm":[-0.6,-0.6],"over_1_2a_samples":147,"over_3_2a_samples":0}
[planta] gelatina ciclo=19 rueda=0 V=7.4 R=4 Rpuente=0.5 I0=0.15 Ke=0.0793326178 Kt=0.0483794733
[planta] gelatina ciclo=19 rueda=1 V=7.4 R=4 Rpuente=0.5 I0=0.15 Ke=0.0793326178 Kt=0.0483794733
[sensores] gelatina ToF alcance=1200 minimo=30 sigma_rel=0.07
[gelatina] pulsador recibido: permiso previsto 796504 ms
[arranque] pulsador=791504 permiso=796504 ms
[planta] rival ciclo=19 rueda=0 V=7.4 R=4 Rpuente=0.5 I0=0.15 Ke=0.0793326178 Kt=0.0483794733
[planta] rival ciclo=19 rueda=1 V=7.4 R=4 Rpuente=0.5 I0=0.15 Ke=0.0793326178 Kt=0.0483794733
[sensores] rival ToF alcance=1200 minimo=30 sigma_rel=0.07
[gelatina] permiso de arranque a los 796504 ms
WARNING: Contact joints between materials 'patin' and 'dohyo' will only be created for the 10 deepest contact points instead of all the 30 contact points.
WARNING: Contact joints between materials 'patin' and 'dohyo' will only be created for the 10 deepest contact points instead of all the 11 contact points.
WARNING: Contact joints between materials 'patin' and 'dohyo' will only be created for the 10 deepest contact points instead of all the 17 contact points.
[arbitro] asalto 18/30  espalda  expulsado       -1   2.34 s
[planta] asalto=18 mu=1.1 slip=0.0005 aleatorio=0
[gelatina] fin de asalto motor={"battery_v":7.4,"resistance_ohm":[4,4],"bridge_ohm":[0.5,0.5],"omega_rad_s":[23.5717293,12.9732935],"current_a":[1.22229631,0.21847958],"torque_nm":[0.0518771308,0.00331300604],"applied_pwm":[0.995991945,0.271941006],"over_1_2a_samples":36234,"over_3_2a_samples":1}
[rival] fin de asalto motor={"battery_v":7.4,"resistance_ohm":[4,4],"bridge_ohm":[0.5,0.5],"omega_rad_s":[-38.2980733,28.6768571],"current_a":[-0.147047464,0.316664413],"torque_nm":[0.000142842138,0.00806313654],"applied_pwm":[-0.5,0.5],"over_1_2a_samples":150,"over_3_2a_samples":0}
[planta] gelatina ciclo=20 rueda=0 V=7.4 R=4 Rpuente=0.5 I0=0.15 Ke=0.0793326178 Kt=0.0483794733
[planta] gelatina ciclo=20 rueda=1 V=7.4 R=4 Rpuente=0.5 I0=0.15 Ke=0.0793326178 Kt=0.0483794733
[sensores] gelatina ToF alcance=1200 minimo=30 sigma_rel=0.07
[gelatina] pulsador recibido: permiso previsto 804152 ms
[arranque] pulsador=799152 permiso=804152 ms
[planta] rival ciclo=20 rueda=0 V=7.4 R=4 Rpuente=0.5 I0=0.15 Ke=0.0793326178 Kt=0.0483794733
[planta] rival ciclo=20 rueda=1 V=7.4 R=4 Rpuente=0.5 I0=0.15 Ke=0.0793326178 Kt=0.0483794733
[sensores] rival ToF alcance=1200 minimo=30 sigma_rel=0.07
[gelatina] permiso de arranque a los 804152 ms
WARNING: Contact joints between materials 'patin' and 'dohyo' will only be created for the 10 deepest contact points instead of all the 17 contact points.
WARNING: Contact joints between materials 'patin' and 'dohyo' will only be created for the 10 deepest contact points instead of all the 14 contact points.
WARNING: Contact joints between materials 'patin' and 'dohyo' will only be created for the 10 deepest contact points instead of all the 18 contact points.
WARNING: Contact joints between materials 'patin' and 'dohyo' will only be created for the 10 deepest contact points instead of all the 18 contact points.
WARNING: Contact joints between materials 'patin' and 'dohyo' will only be created for the 10 deepest contact points instead of all the 18 contact points.
WARNING: Contact joints between materials 'patin' and 'dohyo' will only be created for the 10 deepest contact points instead of all the 18 contact points.
WARNING: Contact joints between materials 'patin' and 'dohyo' will only be created for the 10 deepest contact points instead of all the 18 contact points.
WARNING: Contact joints between materials 'patin' and 'dohyo' will only be created for the 10 deepest contact points instead of all the 18 contact points.
WARNING: Contact joints between materials 'patin' and 'dohyo' will only be created for the 10 deepest contact points instead of all the 18 contact points.
WARNING: Contact joints between materials 'patin' and 'dohyo' will only be created for the 10 deepest contact points instead of all the 18 contact points.
WARNING: Contact joints between materials 'patin' and 'dohyo' will only be created for the 10 deepest contact points instead of all the 18 contact points.
WARNING: Contact joints between materials 'patin' and 'dohyo' will only be created for the 10 deepest contact points instead of all the 18 contact points.
WARNING: Contact joints between materials 'patin' and 'dohyo' will only be created for the 10 deepest contact points instead of all the 18 contact points.
WARNING: Contact joints between materials 'patin' and 'dohyo' will only be created for the 10 deepest contact points instead of all the 16 contact points.
WARNING: Contact joints between materials 'patin' and 'dohyo' will only be created for the 10 deepest contact points instead of all the 16 contact points.
WARNING: Contact joints between materials 'patin' and 'dohyo' will only be created for the 10 deepest contact points instead of all the 18 contact points.
WARNING: Contact joints between materials 'patin' and 'dohyo' will only be created for the 10 deepest contact points instead of all the 16 contact points.
WARNING: Contact joints between materials 'patin' and 'dohyo' will only be created for the 10 deepest contact points instead of all the 15 contact points.
WARNING: Contact joints between materials 'patin' and 'dohyo' will only be created for the 10 deepest contact points instead of all the 11 contact points.
WARNING: Contact joints between materials 'patin' and 'dohyo' will only be created for the 10 deepest contact points instead of all the 16 contact points.
WARNING: Contact joints between materials 'patin' and 'dohyo' will only be created for the 10 deepest contact points instead of all the 13 contact points.
WARNING: Contact joints between materials 'patin' and 'dohyo' will only be created for the 10 deepest contact points instead of all the 12 contact points.
WARNING: Contact joints between materials 'patin' and 'dohyo' will only be created for the 10 deepest contact points instead of all the 12 contact points.
WARNING: Contact joints between materials 'patin' and 'dohyo' will only be created for the 10 deepest contact points instead of all the 13 contact points.
WARNING: Contact joints between materials 'patin' and 'dohyo' will only be created for the 10 deepest contact points instead of all the 12 contact points.
[arbitro] asalto 19/30  frente   rival fuera     +1  26.67 s
[planta] asalto=19 mu=1.1 slip=0.0005 aleatorio=0
[gelatina] fin de asalto motor={"battery_v":7.4,"resistance_ohm":[4,4],"bridge_ohm":[0.5,0.5],"omega_rad_s":[-6.46808801,-29.8241987],"current_a":[-0.18596931,-0.225511256],"torque_nm":[-0.00174021123,-0.0036531948],"applied_pwm":[-0.182431385,-0.456869245],"over_1_2a_samples":37705,"over_3_2a_samples":1}
[rival] fin de asalto motor={"battery_v":7.4,"resistance_ohm":[4,4],"bridge_ohm":[0.5,0.5],"omega_rad_s":[-49.8081449,-22.5316206],"current_a":[-0.10857544,-0.589446124],"torque_nm":[0.00200409842,-0.021260172],"applied_pwm":[-0.6,-0.6],"over_1_2a_samples":162,"over_3_2a_samples":0}
[planta] gelatina ciclo=21 rueda=0 V=7.4 R=4 Rpuente=0.5 I0=0.15 Ke=0.0793326178 Kt=0.0483794733
[planta] gelatina ciclo=21 rueda=1 V=7.4 R=4 Rpuente=0.5 I0=0.15 Ke=0.0793326178 Kt=0.0483794733
[sensores] gelatina ToF alcance=1200 minimo=30 sigma_rel=0.07
[gelatina] pulsador recibido: permiso previsto 836136 ms
[planta] rival ciclo=21 rueda=0 V=7.4 R=4 Rpuente=0.5 I0=0.15 Ke=0.0793326178 Kt=0.0483794733
[planta] rival ciclo=21 rueda=1 V=7.4 R=4 Rpuente=0.5 I0=0.15 Ke=0.0793326178 Kt=0.0483794733
[sensores] rival ToF alcance=1200 minimo=30 sigma_rel=0.07
[arranque] pulsador=831136 permiso=836136 ms
[gelatina] permiso de arranque a los 836136 ms
WARNING: Contact joints between materials 'patin' and 'dohyo' will only be created for the 10 deepest contact points instead of all the 28 contact points.
WARNING: Contact joints between materials 'patin' and 'dohyo' will only be created for the 10 deepest contact points instead of all the 34 contact points.
WARNING: Contact joints between materials 'rueda' and 'dohyo' will only be created for the 10 deepest contact points instead of all the 18 contact points.
WARNING: Contact joints between materials 'rueda' and 'dohyo' will only be created for the 10 deepest contact points instead of all the 12 contact points.
WARNING: Contact joints between materials 'patin' and 'dohyo' will only be created for the 10 deepest contact points instead of all the 13 contact points.
WARNING: Contact joints between materials 'patin' and 'dohyo' will only be created for the 10 deepest contact points instead of all the 17 contact points.
WARNING: Contact joints between materials 'patin' and 'dohyo' will only be created for the 10 deepest contact points instead of all the 16 contact points.
WARNING: Contact joints between materials 'rueda' and 'dohyo' will only be created for the 10 deepest contact points instead of all the 11 contact points.
WARNING: Contact joints between materials 'patin' and 'dohyo' will only be created for the 10 deepest contact points instead of all the 12 contact points.
WARNING: Contact joints between materials 'rueda' and 'dohyo' will only be created for the 10 deepest contact points instead of all the 12 contact points.
WARNING: Contact joints between materials 'rueda' and 'dohyo' will only be created for the 10 deepest contact points instead of all the 12 contact points.
WARNING: Contact joints between materials 'patin' and 'dohyo' will only be created for the 10 deepest contact points instead of all the 28 contact points.
WARNING: Contact joints between materials 'patin' and 'dohyo' will only be created for the 10 deepest contact points instead of all the 14 contact points.
WARNING: Contact joints between materials 'rueda' and 'dohyo' will only be created for the 10 deepest contact points instead of all the 12 contact points.
WARNING: Contact joints between materials 'rueda' and 'dohyo' will only be created for the 10 deepest contact points instead of all the 11 contact points.
WARNING: Contact joints between materials 'rueda' and 'dohyo' will only be created for the 10 deepest contact points instead of all the 16 contact points.
WARNING: Contact joints between materials 'patin' and 'dohyo' will only be created for the 10 deepest contact points instead of all the 11 contact points.
WARNING: Contact joints between materials 'patin' and 'dohyo' will only be created for the 10 deepest contact points instead of all the 11 contact points.
WARNING: Contact joints between materials 'patin' and 'dohyo' will only be created for the 10 deepest contact points instead of all the 15 contact points.
WARNING: Contact joints between materials 'rueda' and 'dohyo' will only be created for the 10 deepest contact points instead of all the 12 contact points.
WARNING: Contact joints between materials 'patin' and 'dohyo' will only be created for the 10 deepest contact points instead of all the 14 contact points.
WARNING: Contact joints between materials 'rueda' and 'dohyo' will only be created for the 10 deepest contact points instead of all the 13 contact points.
WARNING: Contact joints between materials 'patin' and 'dohyo' will only be created for the 10 deepest contact points instead of all the 18 contact points.
WARNING: Contact joints between materials 'rueda' and 'dohyo' will only be created for the 10 deepest contact points instead of all the 16 contact points.
WARNING: Contact joints between materials 'rueda' and 'dohyo' will only be created for the 10 deepest contact points instead of all the 12 contact points.
WARNING: Contact joints between materials 'rueda' and 'dohyo' will only be created for the 10 deepest contact points instead of all the 13 contact points.
WARNING: Contact joints between materials 'patin' and 'dohyo' will only be created for the 10 deepest contact points instead of all the 11 contact points.
WARNING: Contact joints between materials 'rueda' and 'dohyo' will only be created for the 10 deepest contact points instead of all the 14 contact points.
WARNING: Contact joints between materials 'patin' and 'dohyo' will only be created for the 10 deepest contact points instead of all the 11 contact points.
WARNING: Contact joints between materials 'rueda' and 'dohyo' will only be created for the 10 deepest contact points instead of all the 11 contact points.
WARNING: Contact joints between materials 'patin' and 'dohyo' will only be created for the 10 deepest contact points instead of all the 13 contact points.
WARNING: Contact joints between materials 'patin' and 'dohyo' will only be created for the 10 deepest contact points instead of all the 15 contact points.
WARNING: Contact joints between materials 'patin' and 'dohyo' will only be created for the 10 deepest contact points instead of all the 11 contact points.
WARNING: Contact joints between materials 'rueda' and 'dohyo' will only be created for the 10 deepest contact points instead of all the 14 contact points.
WARNING: Contact joints between materials 'patin' and 'dohyo' will only be created for the 10 deepest contact points instead of all the 12 contact points.
WARNING: Contact joints between materials 'rueda' and 'dohyo' will only be created for the 10 deepest contact points instead of all the 13 contact points.
WARNING: Contact joints between materials 'patin' and 'dohyo' will only be created for the 10 deepest contact points instead of all the 15 contact points.
WARNING: Contact joints between materials 'patin' and 'dohyo' will only be created for the 10 deepest contact points instead of all the 26 contact points.
WARNING: Contact joints between materials 'patin' and 'dohyo' will only be created for the 10 deepest contact points instead of all the 18 contact points.
WARNING: Contact joints between materials 'rueda' and 'dohyo' will only be created for the 10 deepest contact points instead of all the 11 contact points.
WARNING: Contact joints between materials 'patin' and 'dohyo' will only be created for the 10 deepest contact points instead of all the 13 contact points.
WARNING: Contact joints between materials 'rueda' and 'dohyo' will only be created for the 10 deepest contact points instead of all the 11 contact points.
[arbitro] asalto 20/30  lado     tiempo agotado  +0  60.00 s
[planta] asalto=20 mu=1.1 slip=0.0005 aleatorio=0
[gelatina] fin de asalto motor={"battery_v":7.4,"resistance_ohm":[4,4],"bridge_ohm":[0.5,0.5],"omega_rad_s":[-16.0144062,-6.27871251],"current_a":[-0.18538682,-0.324818223],"torque_nm":[-0.00171199569,-0.00845766464],"applied_pwm":[-0.284419656,-0.264836311],"over_1_2a_samples":37710,"over_3_2a_samples":1}
[rival] fin de asalto motor={"battery_v":7.4,"resistance_ohm":[4,4],"bridge_ohm":[0.5,0.5],"omega_rad_s":[-5.92497568,4.67357811],"current_a":[-0.717768038,0.739829514],"torque_nm":[-0.0274684222,0.0285369069],"applied_pwm":[-0.5,0.5],"over_1_2a_samples":162,"over_3_2a_samples":0}
WARNING: Contact joints between materials 'patin' and 'dohyo' will only be created for the 10 deepest contact points instead of all the 27 contact points.
[planta] gelatina ciclo=22 rueda=0 V=7.4 R=4 Rpuente=0.5 I0=0.15 Ke=0.0793326178 Kt=0.0483794733
[planta] gelatina ciclo=22 rueda=1 V=7.4 R=4 Rpuente=0.5 I0=0.15 Ke=0.0793326178 Kt=0.0483794733
[sensores] gelatina ToF alcance=1200 minimo=30 sigma_rel=0.07
[gelatina] pulsador recibido: permiso previsto 901448 ms
[planta] rival ciclo=22 rueda=0 V=7.4 R=4 Rpuente=0.5 I0=0.15 Ke=0.0793326178 Kt=0.0483794733
[planta] rival ciclo=22 rueda=1 V=7.4 R=4 Rpuente=0.5 I0=0.15 Ke=0.0793326178 Kt=0.0483794733
[sensores] rival ToF alcance=1200 minimo=30 sigma_rel=0.07
[arranque] pulsador=896448 permiso=901448 ms
[gelatina] permiso de arranque a los 901448 ms
WARNING: Contact joints between materials 'patin' and 'dohyo' will only be created for the 10 deepest contact points instead of all the 28 contact points.
WARNING: Contact joints between materials 'patin' and 'dohyo' will only be created for the 10 deepest contact points instead of all the 72 contact points.
WARNING: Contact joints between materials 'patin' and 'dohyo' will only be created for the 10 deepest contact points instead of all the 70 contact points.
WARNING: Contact joints between materials 'patin' and 'dohyo' will only be created for the 10 deepest contact points instead of all the 44 contact points.
WARNING: Contact joints between materials 'patin' and 'dohyo' will only be created for the 10 deepest contact points instead of all the 80 contact points.
WARNING: Contact joints between materials 'patin' and 'dohyo' will only be created for the 10 deepest contact points instead of all the 82 contact points.
WARNING: Contact joints between materials 'patin' and 'dohyo' will only be created for the 10 deepest contact points instead of all the 84 contact points.
WARNING: Contact joints between materials 'patin' and 'dohyo' will only be created for the 10 deepest contact points instead of all the 97 contact points.
WARNING: Contact joints between materials 'patin' and 'dohyo' will only be created for the 10 deepest contact points instead of all the 36 contact points.
WARNING: Contact joints between materials 'patin' and 'dohyo' will only be created for the 10 deepest contact points instead of all the 12 contact points.
WARNING: Contact joints between materials 'patin' and 'dohyo' will only be created for the 10 deepest contact points instead of all the 28 contact points.
WARNING: DEF RIVAL GelatinaNuclear > HingeJoint "rueda_der" > RotationalMotor "motor_der": The requested motor torque 0.776921 exceeds 'maxTorque' = 0.25
WARNING: DEF RIVAL GelatinaNuclear > HingeJoint "rueda_der" > RotationalMotor "motor_der": The requested motor torque -0.353085 exceeds 'maxTorque' = 0.25
[arbitro] asalto 21/30  espalda  rival fuera     +1  11.75 s
[planta] asalto=21 mu=1.1 slip=0.0005 aleatorio=0
[gelatina] fin de asalto motor={"battery_v":7.4,"resistance_ohm":[4,4],"bridge_ohm":[0.5,0.5],"omega_rad_s":[-30.5856857,18.6591783],"current_a":[0.158029472,0.266269901],"torque_nm":[0.0149023036,0.00562507658],"applied_pwm":[-0.231798634,0.361958921],"over_1_2a_samples":38248,"over_3_2a_samples":1}
[rival] fin de asalto motor={"battery_v":7.4,"resistance_ohm":[4,4],"bridge_ohm":[0.5,0.5],"omega_rad_s":[-59.2988242,-41.2060035],"current_a":[0.0587402115,-0.260226638],"torque_nm":[0.0100987415,-0.0053327067],"applied_pwm":[-0.6,-0.6],"over_1_2a_samples":179,"over_3_2a_samples":4}
[arranque] pulsador=913512 permiso=918512 ms
[planta] gelatina ciclo=23 rueda=0 V=7.4 R=4 Rpuente=0.5 I0=0.15 Ke=0.0793326178 Kt=0.0483794733
[planta] gelatina ciclo=23 rueda=1 V=7.4 R=4 Rpuente=0.5 I0=0.15 Ke=0.0793326178 Kt=0.0483794733
[sensores] gelatina ToF alcance=1200 minimo=30 sigma_rel=0.07
[gelatina] pulsador recibido: permiso previsto 918512 ms
[planta] rival ciclo=23 rueda=0 V=7.4 R=4 Rpuente=0.5 I0=0.15 Ke=0.0793326178 Kt=0.0483794733
[planta] rival ciclo=23 rueda=1 V=7.4 R=4 Rpuente=0.5 I0=0.15 Ke=0.0793326178 Kt=0.0483794733
[sensores] rival ToF alcance=1200 minimo=30 sigma_rel=0.07
[gelatina] permiso de arranque a los 918512 ms
WARNING: Contact joints between materials 'patin' and 'dohyo' will only be created for the 10 deepest contact points instead of all the 22 contact points.
WARNING: Contact joints between materials 'patin' and 'dohyo' will only be created for the 10 deepest contact points instead of all the 19 contact points.
WARNING: Contact joints between materials 'patin' and 'dohyo' will only be created for the 10 deepest contact points instead of all the 40 contact points.
WARNING: Contact joints between materials 'patin' and 'dohyo' will only be created for the 10 deepest contact points instead of all the 36 contact points.
WARNING: Contact joints between materials 'patin' and 'dohyo' will only be created for the 10 deepest contact points instead of all the 34 contact points.
WARNING: Contact joints between materials 'patin' and 'dohyo' will only be created for the 10 deepest contact points instead of all the 34 contact points.
WARNING: Contact joints between materials 'patin' and 'dohyo' will only be created for the 10 deepest contact points instead of all the 34 contact points.
WARNING: Contact joints between materials 'patin' and 'dohyo' will only be created for the 10 deepest contact points instead of all the 34 contact points.
WARNING: Contact joints between materials 'patin' and 'dohyo' will only be created for the 10 deepest contact points instead of all the 34 contact points.
WARNING: Contact joints between materials 'patin' and 'dohyo' will only be created for the 10 deepest contact points instead of all the 34 contact points.
WARNING: Contact joints between materials 'patin' and 'dohyo' will only be created for the 10 deepest contact points instead of all the 34 contact points.
WARNING: Contact joints between materials 'patin' and 'dohyo' will only be created for the 10 deepest contact points instead of all the 34 contact points.
WARNING: Contact joints between materials 'patin' and 'dohyo' will only be created for the 10 deepest contact points instead of all the 34 contact points.
WARNING: Contact joints between materials 'patin' and 'dohyo' will only be created for the 10 deepest contact points instead of all the 34 contact points.
WARNING: Contact joints between materials 'patin' and 'dohyo' will only be created for the 10 deepest contact points instead of all the 34 contact points.
WARNING: Contact joints between materials 'patin' and 'dohyo' will only be created for the 10 deepest contact points instead of all the 34 contact points.
WARNING: Contact joints between materials 'patin' and 'dohyo' will only be created for the 10 deepest contact points instead of all the 34 contact points.
WARNING: Contact joints between materials 'patin' and 'dohyo' will only be created for the 10 deepest contact points instead of all the 36 contact points.
WARNING: Contact joints between materials 'patin' and 'dohyo' will only be created for the 10 deepest contact points instead of all the 36 contact points.
WARNING: Contact joints between materials 'patin' and 'dohyo' will only be created for the 10 deepest contact points instead of all the 36 contact points.
WARNING: Contact joints between materials 'patin' and 'dohyo' will only be created for the 10 deepest contact points instead of all the 36 contact points.
WARNING: Contact joints between materials 'patin' and 'dohyo' will only be created for the 10 deepest contact points instead of all the 36 contact points.
WARNING: Contact joints between materials 'patin' and 'dohyo' will only be created for the 10 deepest contact points instead of all the 36 contact points.
WARNING: Contact joints between materials 'patin' and 'dohyo' will only be created for the 10 deepest contact points instead of all the 36 contact points.
WARNING: Contact joints between materials 'patin' and 'dohyo' will only be created for the 10 deepest contact points instead of all the 36 contact points.
WARNING: Contact joints between materials 'patin' and 'dohyo' will only be created for the 10 deepest contact points instead of all the 36 contact points.
WARNING: Contact joints between materials 'patin' and 'dohyo' will only be created for the 10 deepest contact points instead of all the 36 contact points.
WARNING: Contact joints between materials 'patin' and 'dohyo' will only be created for the 10 deepest contact points instead of all the 36 contact points.
WARNING: Contact joints between materials 'patin' and 'dohyo' will only be created for the 10 deepest contact points instead of all the 36 contact points.
WARNING: Contact joints between materials 'patin' and 'dohyo' will only be created for the 10 deepest contact points instead of all the 36 contact points.
WARNING: Contact joints between materials 'patin' and 'dohyo' will only be created for the 10 deepest contact points instead of all the 36 contact points.
WARNING: Contact joints between materials 'patin' and 'dohyo' will only be created for the 10 deepest contact points instead of all the 36 contact points.
WARNING: Contact joints between materials 'patin' and 'dohyo' will only be created for the 10 deepest contact points instead of all the 36 contact points.
WARNING: Contact joints between materials 'patin' and 'dohyo' will only be created for the 10 deepest contact points instead of all the 36 contact points.
WARNING: Contact joints between materials 'patin' and 'dohyo' will only be created for the 10 deepest contact points instead of all the 36 contact points.
WARNING: Contact joints between materials 'patin' and 'dohyo' will only be created for the 10 deepest contact points instead of all the 38 contact points.
WARNING: Contact joints between materials 'patin' and 'dohyo' will only be created for the 10 deepest contact points instead of all the 36 contact points.
WARNING: Contact joints between materials 'patin' and 'dohyo' will only be created for the 10 deepest contact points instead of all the 36 contact points.
WARNING: Contact joints between materials 'patin' and 'dohyo' will only be created for the 10 deepest contact points instead of all the 36 contact points.
WARNING: Contact joints between materials 'patin' and 'dohyo' will only be created for the 10 deepest contact points instead of all the 36 contact points.
WARNING: Contact joints between materials 'patin' and 'dohyo' will only be created for the 10 deepest contact points instead of all the 36 contact points.
WARNING: Contact joints between materials 'patin' and 'dohyo' will only be created for the 10 deepest contact points instead of all the 37 contact points.
WARNING: Contact joints between materials 'patin' and 'dohyo' will only be created for the 10 deepest contact points instead of all the 38 contact points.
WARNING: Contact joints between materials 'patin' and 'dohyo' will only be created for the 10 deepest contact points instead of all the 38 contact points.
WARNING: Contact joints between materials 'patin' and 'dohyo' will only be created for the 10 deepest contact points instead of all the 36 contact points.
WARNING: Contact joints between materials 'patin' and 'dohyo' will only be created for the 10 deepest contact points instead of all the 38 contact points.
WARNING: Contact joints between materials 'patin' and 'dohyo' will only be created for the 10 deepest contact points instead of all the 38 contact points.
WARNING: Contact joints between materials 'patin' and 'dohyo' will only be created for the 10 deepest contact points instead of all the 38 contact points.
WARNING: Contact joints between materials 'patin' and 'dohyo' will only be created for the 10 deepest contact points instead of all the 38 contact points.
WARNING: Contact joints between materials 'patin' and 'dohyo' will only be created for the 10 deepest contact points instead of all the 38 contact points.
WARNING: Contact joints between materials 'patin' and 'dohyo' will only be created for the 10 deepest contact points instead of all the 36 contact points.
WARNING: Contact joints between materials 'patin' and 'dohyo' will only be created for the 10 deepest contact points instead of all the 38 contact points.
WARNING: Contact joints between materials 'patin' and 'dohyo' will only be created for the 10 deepest contact points instead of all the 38 contact points.
WARNING: Contact joints between materials 'patin' and 'dohyo' will only be created for the 10 deepest contact points instead of all the 40 contact points.
WARNING: Contact joints between materials 'patin' and 'dohyo' will only be created for the 10 deepest contact points instead of all the 40 contact points.
WARNING: Contact joints between materials 'patin' and 'dohyo' will only be created for the 10 deepest contact points instead of all the 38 contact points.
WARNING: Contact joints between materials 'patin' and 'dohyo' will only be created for the 10 deepest contact points instead of all the 38 contact points.
WARNING: Contact joints between materials 'patin' and 'dohyo' will only be created for the 10 deepest contact points instead of all the 38 contact points.
WARNING: Contact joints between materials 'patin' and 'dohyo' will only be created for the 10 deepest contact points instead of all the 38 contact points.
[arbitro] asalto 22/30  frente   tiempo agotado  +0  60.00 s
[planta] asalto=22 mu=1.1 slip=0.0005 aleatorio=0
[gelatina] fin de asalto motor={"battery_v":7.4,"resistance_ohm":[4,4],"bridge_ohm":[0.5,0.5],"omega_rad_s":[-17.2995927,0.149266853],"current_a":[-1.3312528,-0.588623988],"torque_nm":[-0.0571483884,-0.0295525624],"applied_pwm":[-0.995008051,-0.356346786],"over_1_2a_samples":42956,"over_3_2a_samples":1}
[rival] fin de asalto motor={"battery_v":7.4,"resistance_ohm":[4,4],"bridge_ohm":[0.5,0.5],"omega_rad_s":[-0.123527482,0.133079057],"current_a":[-0.820044498,0.819876109],"torque_nm":[-0.0387814236,0.0387050912],"applied_pwm":[-0.5,0.5],"over_1_2a_samples":179,"over_3_2a_samples":4}
[planta] gelatina ciclo=24 rueda=0 V=7.4 R=4 Rpuente=0.5 I0=0.15 Ke=0.0793326178 Kt=0.0483794733
[planta] gelatina ciclo=24 rueda=1 V=7.4 R=4 Rpuente=0.5 I0=0.15 Ke=0.0793326178 Kt=0.0483794733
[sensores] gelatina ToF alcance=1200 minimo=30 sigma_rel=0.07
[gelatina] pulsador recibido: permiso previsto 983824 ms
[arranque] pulsador=978824 permiso=983824 ms
[planta] rival ciclo=24 rueda=0 V=7.4 R=4 Rpuente=0.5 I0=0.15 Ke=0.0793326178 Kt=0.0483794733
[planta] rival ciclo=24 rueda=1 V=7.4 R=4 Rpuente=0.5 I0=0.15 Ke=0.0793326178 Kt=0.0483794733
[sensores] rival ToF alcance=1200 minimo=30 sigma_rel=0.07
[gelatina] permiso de arranque a los 983824 ms
WARNING: Contact joints between materials 'patin' and 'dohyo' will only be created for the 10 deepest contact points instead of all the 25 contact points.
WARNING: Contact joints between materials 'patin' and 'dohyo' will only be created for the 10 deepest contact points instead of all the 26 contact points.
WARNING: Contact joints between materials 'patin' and 'dohyo' will only be created for the 10 deepest contact points instead of all the 21 contact points.
WARNING: Contact joints between materials 'patin' and 'dohyo' will only be created for the 10 deepest contact points instead of all the 17 contact points.
WARNING: Contact joints between materials 'patin' and 'dohyo' will only be created for the 10 deepest contact points instead of all the 16 contact points.
WARNING: Contact joints between materials 'patin' and 'dohyo' will only be created for the 10 deepest contact points instead of all the 11 contact points.
WARNING: Contact joints between materials 'patin' and 'dohyo' will only be created for the 10 deepest contact points instead of all the 15 contact points.
WARNING: Contact joints between materials 'patin' and 'dohyo' will only be created for the 10 deepest contact points instead of all the 28 contact points.
WARNING: Contact joints between materials 'patin' and 'dohyo' will only be created for the 10 deepest contact points instead of all the 20 contact points.
WARNING: Contact joints between materials 'patin' and 'dohyo' will only be created for the 10 deepest contact points instead of all the 18 contact points.
WARNING: Contact joints between materials 'patin' and 'dohyo' will only be created for the 10 deepest contact points instead of all the 14 contact points.
[arbitro] asalto 23/30  lado     rival fuera     +1  10.45 s
[planta] asalto=23 mu=1.1 slip=0.0005 aleatorio=0
[gelatina] fin de asalto motor={"battery_v":7.4,"resistance_ohm":[4,4],"bridge_ohm":[0.5,0.5],"omega_rad_s":[31.7122652,-47.3742181],"current_a":[-0.559070448,-0.64437552],"torque_nm":[-0.0343044548,-0.0239176273],"applied_pwm":[0,-0.899731159],"over_1_2a_samples":44012,"over_3_2a_samples":1}
[rival] fin de asalto motor={"battery_v":7.4,"resistance_ohm":[4,4],"bridge_ohm":[0.5,0.5],"omega_rad_s":[-48.2532773,-45.8001354],"current_a":[-0.135986933,-0.179234526],"torque_nm":[0.000677944801,-0.00141435096],"applied_pwm":[-0.6,-0.6],"over_1_2a_samples":184,"over_3_2a_samples":4}
[planta] gelatina ciclo=25 rueda=0 V=7.4 R=4 Rpuente=0.5 I0=0.15 Ke=0.0793326178 Kt=0.0483794733
[planta] gelatina ciclo=25 rueda=1 V=7.4 R=4 Rpuente=0.5 I0=0.15 Ke=0.0793326178 Kt=0.0483794733
[sensores] gelatina ToF alcance=1200 minimo=30 sigma_rel=0.07
[gelatina] pulsador recibido: permiso previsto 999584 ms
[planta] rival ciclo=25 rueda=0 V=7.4 R=4 Rpuente=0.5 I0=0.15 Ke=0.0793326178 Kt=0.0483794733
[planta] rival ciclo=25 rueda=1 V=7.4 R=4 Rpuente=0.5 I0=0.15 Ke=0.0793326178 Kt=0.0483794733
[sensores] rival ToF alcance=1200 minimo=30 sigma_rel=0.07
[arranque] pulsador=994584 permiso=999584 ms
[gelatina] permiso de arranque a los 999584 ms
WARNING: Contact joints between materials 'patin' and 'dohyo' will only be created for the 10 deepest contact points instead of all the 11 contact points.
WARNING: Contact joints between materials 'patin' and 'dohyo' will only be created for the 10 deepest contact points instead of all the 58 contact points.
WARNING: Contact joints between materials 'patin' and 'dohyo' will only be created for the 10 deepest contact points instead of all the 12 contact points.
[arbitro] asalto 24/30  espalda  expulsado       -1   2.52 s
[planta] asalto=24 mu=1.1 slip=0.0005 aleatorio=0
[gelatina] fin de asalto motor={"battery_v":7.4,"resistance_ohm":[4,4],"bridge_ohm":[0.5,0.5],"omega_rad_s":[-49.7992053,35.9962837],"current_a":[0.127462051,-0.0265262791],"torque_nm":[0.0134234679,-0.00854024841],"applied_pwm":[-0.45636785,0.369771779],"over_1_2a_samples":44209,"over_3_2a_samples":1}
[rival] fin de asalto motor={"battery_v":7.4,"resistance_ohm":[4,4],"bridge_ohm":[0.5,0.5],"omega_rad_s":[-26.359199,33.0447694],"current_a":[-0.357523497,0.23966043],"torque_nm":[-0.0100398775,0.00433772441],"applied_pwm":[-0.5,0.5],"over_1_2a_samples":186,"over_3_2a_samples":4}
[planta] gelatina ciclo=26 rueda=0 V=7.4 R=4 Rpuente=0.5 I0=0.15 Ke=0.0793326178 Kt=0.0483794733
[planta] gelatina ciclo=26 rueda=1 V=7.4 R=4 Rpuente=0.5 I0=0.15 Ke=0.0793326178 Kt=0.0483794733
[sensores] gelatina ToF alcance=1200 minimo=30 sigma_rel=0.07
[gelatina] pulsador recibido: permiso previsto 1007416 ms
[planta] rival ciclo=26 rueda=0 V=7.4 R=4 Rpuente=0.5 I0=0.15 Ke=0.0793326178 Kt=0.0483794733
[planta] rival ciclo=26 rueda=1 V=7.4 R=4 Rpuente=0.5 I0=0.15 Ke=0.0793326178 Kt=0.0483794733
[sensores] rival ToF alcance=1200 minimo=30 sigma_rel=0.07
[arranque] pulsador=1002416 permiso=1007416 ms
[gelatina] permiso de arranque a los 1007416 ms
WARNING: Contact joints between materials 'rueda' and 'dohyo' will only be created for the 10 deepest contact points instead of all the 12 contact points.
WARNING: Contact joints between materials 'rueda' and 'dohyo' will only be created for the 10 deepest contact points instead of all the 13 contact points.
WARNING: Contact joints between materials 'patin' and 'dohyo' will only be created for the 10 deepest contact points instead of all the 15 contact points.
WARNING: Contact joints between materials 'patin' and 'dohyo' will only be created for the 10 deepest contact points instead of all the 16 contact points.
WARNING: Contact joints between materials 'patin' and 'dohyo' will only be created for the 10 deepest contact points instead of all the 12 contact points.
WARNING: Contact joints between materials 'rueda' and 'dohyo' will only be created for the 10 deepest contact points instead of all the 12 contact points.
WARNING: Contact joints between materials 'patin' and 'dohyo' will only be created for the 10 deepest contact points instead of all the 16 contact points.
WARNING: Contact joints between materials 'patin' and 'dohyo' will only be created for the 10 deepest contact points instead of all the 14 contact points.
WARNING: Contact joints between materials 'patin' and 'dohyo' will only be created for the 10 deepest contact points instead of all the 21 contact points.
WARNING: Contact joints between materials 'rueda' and 'dohyo' will only be created for the 10 deepest contact points instead of all the 14 contact points.
WARNING: Contact joints between materials 'patin' and 'dohyo' will only be created for the 10 deepest contact points instead of all the 14 contact points.
WARNING: Contact joints between materials 'patin' and 'dohyo' will only be created for the 10 deepest contact points instead of all the 12 contact points.
WARNING: Contact joints between materials 'patin' and 'dohyo' will only be created for the 10 deepest contact points instead of all the 12 contact points.
WARNING: Contact joints between materials 'patin' and 'dohyo' will only be created for the 10 deepest contact points instead of all the 14 contact points.
WARNING: Contact joints between materials 'rueda' and 'dohyo' will only be created for the 10 deepest contact points instead of all the 15 contact points.
WARNING: Contact joints between materials 'patin' and 'dohyo' will only be created for the 10 deepest contact points instead of all the 45 contact points.
WARNING: Contact joints between materials 'patin' and 'dohyo' will only be created for the 10 deepest contact points instead of all the 12 contact points.
WARNING: Contact joints between materials 'patin' and 'dohyo' will only be created for the 10 deepest contact points instead of all the 14 contact points.
WARNING: Contact joints between materials 'rueda' and 'dohyo' will only be created for the 10 deepest contact points instead of all the 14 contact points.
WARNING: Contact joints between materials 'patin' and 'dohyo' will only be created for the 10 deepest contact points instead of all the 15 contact points.
WARNING: Contact joints between materials 'patin' and 'dohyo' will only be created for the 10 deepest contact points instead of all the 22 contact points.
WARNING: Contact joints between materials 'patin' and 'dohyo' will only be created for the 10 deepest contact points instead of all the 15 contact points.
[arbitro] asalto 25/30  frente   rival fuera     +1  27.33 s
[planta] asalto=25 mu=1.1 slip=0.0005 aleatorio=0
[gelatina] fin de asalto motor={"battery_v":7.4,"resistance_ohm":[4,4],"bridge_ohm":[0.5,0.5],"omega_rad_s":[23.3136405,-4.26431009],"current_a":[0.823707148,0.529644438],"torque_nm":[0.032593597,0.0328779707],"applied_pwm":[0.75083977,0.276365012],"over_1_2a_samples":44358,"over_3_2a_samples":1}
[rival] fin de asalto motor={"battery_v":7.4,"resistance_ohm":[4,4],"bridge_ohm":[0.5,0.5],"omega_rad_s":[-39.6543355,17.919094],"current_a":[-0.12313728,0.506318081],"torque_nm":[0.00129960424,0.0172384811],"applied_pwm":[-0.5,0.5],"over_1_2a_samples":194,"over_3_2a_samples":4}
WARNING: Contact joints between materials 'patin' and 'dohyo' will only be created for the 10 deepest contact points instead of all the 17 contact points.
[planta] gelatina ciclo=27 rueda=0 V=7.4 R=4 Rpuente=0.5 I0=0.15 Ke=0.0793326178 Kt=0.0483794733
[planta] gelatina ciclo=27 rueda=1 V=7.4 R=4 Rpuente=0.5 I0=0.15 Ke=0.0793326178 Kt=0.0483794733
[sensores] gelatina ToF alcance=1200 minimo=30 sigma_rel=0.07
[gelatina] pulsador recibido: permiso previsto 1040056 ms
[planta] rival ciclo=27 rueda=0 V=7.4 R=4 Rpuente=0.5 I0=0.15 Ke=0.0793326178 Kt=0.0483794733
[planta] rival ciclo=27 rueda=1 V=7.4 R=4 Rpuente=0.5 I0=0.15 Ke=0.0793326178 Kt=0.0483794733
[sensores] rival ToF alcance=1200 minimo=30 sigma_rel=0.07
[arranque] pulsador=1035056 permiso=1040056 ms
[gelatina] permiso de arranque a los 1040056 ms
WARNING: Contact joints between materials 'patin' and 'dohyo' will only be created for the 10 deepest contact points instead of all the 22 contact points.
WARNING: Contact joints between materials 'rueda' and 'dohyo' will only be created for the 10 deepest contact points instead of all the 12 contact points.
WARNING: Contact joints between materials 'patin' and 'dohyo' will only be created for the 10 deepest contact points instead of all the 14 contact points.
WARNING: Contact joints between materials 'patin' and 'dohyo' will only be created for the 10 deepest contact points instead of all the 11 contact points.
WARNING: Contact joints between materials 'patin' and 'dohyo' will only be created for the 10 deepest contact points instead of all the 11 contact points.
WARNING: Contact joints between materials 'patin' and 'dohyo' will only be created for the 10 deepest contact points instead of all the 12 contact points.
WARNING: Contact joints between materials 'patin' and 'dohyo' will only be created for the 10 deepest contact points instead of all the 11 contact points.
WARNING: Contact joints between materials 'patin' and 'dohyo' will only be created for the 10 deepest contact points instead of all the 11 contact points.
WARNING: Contact joints between materials 'patin' and 'dohyo' will only be created for the 10 deepest contact points instead of all the 12 contact points.
WARNING: Contact joints between materials 'rueda' and 'dohyo' will only be created for the 10 deepest contact points instead of all the 14 contact points.
WARNING: Contact joints between materials 'rueda' and 'dohyo' will only be created for the 10 deepest contact points instead of all the 18 contact points.
WARNING: Contact joints between materials 'rueda' and 'dohyo' will only be created for the 10 deepest contact points instead of all the 12 contact points.
WARNING: Contact joints between materials 'patin' and 'dohyo' will only be created for the 10 deepest contact points instead of all the 12 contact points.
WARNING: Contact joints between materials 'patin' and 'dohyo' will only be created for the 10 deepest contact points instead of all the 11 contact points.
WARNING: Contact joints between materials 'patin' and 'dohyo' will only be created for the 10 deepest contact points instead of all the 12 contact points.
WARNING: Contact joints between materials 'patin' and 'dohyo' will only be created for the 10 deepest contact points instead of all the 11 contact points.
WARNING: Contact joints between materials 'patin' and 'dohyo' will only be created for the 10 deepest contact points instead of all the 14 contact points.
WARNING: Contact joints between materials 'patin' and 'dohyo' will only be created for the 10 deepest contact points instead of all the 13 contact points.
WARNING: Contact joints between materials 'patin' and 'dohyo' will only be created for the 10 deepest contact points instead of all the 17 contact points.
WARNING: Contact joints between materials 'patin' and 'dohyo' will only be created for the 10 deepest contact points instead of all the 20 contact points.
WARNING: Contact joints between materials 'patin' and 'dohyo' will only be created for the 10 deepest contact points instead of all the 11 contact points.
WARNING: Contact joints between materials 'patin' and 'dohyo' will only be created for the 10 deepest contact points instead of all the 14 contact points.
WARNING: Contact joints between materials 'patin' and 'dohyo' will only be created for the 10 deepest contact points instead of all the 31 contact points.
WARNING: Contact joints between materials 'patin' and 'dohyo' will only be created for the 10 deepest contact points instead of all the 28 contact points.
WARNING: Contact joints between materials 'patin' and 'dohyo' will only be created for the 10 deepest contact points instead of all the 13 contact points.
[arbitro] asalto 26/30  lado     rival fuera     +1  28.10 s
[planta] asalto=26 mu=1.1 slip=0.0005 aleatorio=0
[gelatina] fin de asalto motor={"battery_v":7.4,"resistance_ohm":[4,4],"bridge_ohm":[0.5,0.5],"omega_rad_s":[-41.7227727,-15.8907062],"current_a":[-0.786285764,-0.0996882219],"torque_nm":[-0.0307831701,0.00243405733],"applied_pwm":[-0.925440907,-0.230979502],"over_1_2a_samples":45091,"over_3_2a_samples":1}
[rival] fin de asalto motor={"battery_v":7.4,"resistance_ohm":[4,4],"bridge_ohm":[0.5,0.5],"omega_rad_s":[-29.6928938,-15.752492],"current_a":[-0.463196667,-0.708958571],"torque_nm":[-0.0151522898,-0.0270421213],"applied_pwm":[-0.6,-0.6],"over_1_2a_samples":217,"over_3_2a_samples":4}
[arranque] pulsador=1068472 permiso=1073472 ms
[planta] gelatina ciclo=28 rueda=0 V=7.4 R=4 Rpuente=0.5 I0=0.15 Ke=0.0793326178 Kt=0.0483794733
[planta] gelatina ciclo=28 rueda=1 V=7.4 R=4 Rpuente=0.5 I0=0.15 Ke=0.0793326178 Kt=0.0483794733
[sensores] gelatina ToF alcance=1200 minimo=30 sigma_rel=0.07
[gelatina] pulsador recibido: permiso previsto 1073472 ms
[planta] rival ciclo=28 rueda=0 V=7.4 R=4 Rpuente=0.5 I0=0.15 Ke=0.0793326178 Kt=0.0483794733
[planta] rival ciclo=28 rueda=1 V=7.4 R=4 Rpuente=0.5 I0=0.15 Ke=0.0793326178 Kt=0.0483794733
[sensores] rival ToF alcance=1200 minimo=30 sigma_rel=0.07
[gelatina] permiso de arranque a los 1073472 ms
WARNING: Contact joints between materials 'patin' and 'dohyo' will only be created for the 10 deepest contact points instead of all the 25 contact points.
WARNING: Contact joints between materials 'patin' and 'dohyo' will only be created for the 10 deepest contact points instead of all the 70 contact points.
WARNING: Contact joints between materials 'patin' and 'dohyo' will only be created for the 10 deepest contact points instead of all the 34 contact points.
WARNING: Contact joints between materials 'patin' and 'dohyo' will only be created for the 10 deepest contact points instead of all the 22 contact points.
WARNING: Contact joints between materials 'patin' and 'dohyo' will only be created for the 10 deepest contact points instead of all the 18 contact points.
WARNING: Contact joints between materials 'patin' and 'dohyo' will only be created for the 10 deepest contact points instead of all the 12 contact points.
WARNING: Contact joints between materials 'patin' and 'dohyo' will only be created for the 10 deepest contact points instead of all the 12 contact points.
WARNING: Contact joints between materials 'patin' and 'dohyo' will only be created for the 10 deepest contact points instead of all the 11 contact points.
WARNING: Contact joints between materials 'patin' and 'dohyo' will only be created for the 10 deepest contact points instead of all the 29 contact points.
[arbitro] asalto 27/30  espalda  rival fuera     +1  13.78 s
[planta] asalto=27 mu=1.1 slip=0.0005 aleatorio=0
[gelatina] fin de asalto motor={"battery_v":7.4,"resistance_ohm":[4,4],"bridge_ohm":[0.5,0.5],"omega_rad_s":[66.7005989,-71.279603],"current_a":[0.0590135823,0.188021084],"torque_nm":[-0.00440187497,0.016353282],"applied_pwm":[0.750958681,-0.649824679],"over_1_2a_samples":45513,"over_3_2a_samples":1}
[rival] fin de asalto motor={"battery_v":7.4,"resistance_ohm":[4,4],"bridge_ohm":[0.5,0.5],"omega_rad_s":[-48.1286176,-45.6515916],"current_a":[-0.138184616,-0.181853274],"torque_nm":[0.000571622048,-0.00154104464],"applied_pwm":[-0.6,-0.6],"over_1_2a_samples":224,"over_3_2a_samples":4}
[planta] gelatina ciclo=29 rueda=0 V=7.4 R=4 Rpuente=0.5 I0=0.15 Ke=0.0793326178 Kt=0.0483794733
[planta] gelatina ciclo=29 rueda=1 V=7.4 R=4 Rpuente=0.5 I0=0.15 Ke=0.0793326178 Kt=0.0483794733
[sensores] gelatina ToF alcance=1200 minimo=30 sigma_rel=0.07
[gelatina] pulsador recibido: permiso previsto 1092568 ms
[arranque] pulsador=1087568 permiso=1092568 ms
[planta] rival ciclo=29 rueda=0 V=7.4 R=4 Rpuente=0.5 I0=0.15 Ke=0.0793326178 Kt=0.0483794733
[planta] rival ciclo=29 rueda=1 V=7.4 R=4 Rpuente=0.5 I0=0.15 Ke=0.0793326178 Kt=0.0483794733
[sensores] rival ToF alcance=1200 minimo=30 sigma_rel=0.07
[gelatina] permiso de arranque a los 1092568 ms
WARNING: Contact joints between materials 'patin' and 'dohyo' will only be created for the 10 deepest contact points instead of all the 14 contact points.
WARNING: Contact joints between materials 'rueda' and 'dohyo' will only be created for the 10 deepest contact points instead of all the 12 contact points.
WARNING: Contact joints between materials 'rueda' and 'dohyo' will only be created for the 10 deepest contact points instead of all the 11 contact points.
WARNING: Contact joints between materials 'rueda' and 'dohyo' will only be created for the 10 deepest contact points instead of all the 21 contact points.
WARNING: Contact joints between materials 'patin' and 'dohyo' will only be created for the 10 deepest contact points instead of all the 16 contact points.
WARNING: Contact joints between materials 'patin' and 'dohyo' will only be created for the 10 deepest contact points instead of all the 13 contact points.
WARNING: Contact joints between materials 'rueda' and 'dohyo' will only be created for the 10 deepest contact points instead of all the 36 contact points.
WARNING: Contact joints between materials 'patin' and 'dohyo' will only be created for the 10 deepest contact points instead of all the 34 contact points.
WARNING: Contact joints between materials 'patin' and 'dohyo' will only be created for the 10 deepest contact points instead of all the 11 contact points.
[arbitro] asalto 28/30  frente   rival fuera     +1   9.35 s
[planta] asalto=28 mu=1.1 slip=0.0005 aleatorio=0
[gelatina] fin de asalto motor={"battery_v":7.4,"resistance_ohm":[4,4],"bridge_ohm":[0.5,0.5],"omega_rad_s":[55.0140403,-52.4402629],"current_a":[0.638443715,0.602640267],"torque_nm":[0.0236306497,0.0364123397],"applied_pwm":[0.978027642,-0.195721909],"over_1_2a_samples":45575,"over_3_2a_samples":1}
[rival] fin de asalto motor={"battery_v":7.4,"resistance_ohm":[4,4],"bridge_ohm":[0.5,0.5],"omega_rad_s":[-41.5855037,-7.93705033],"current_a":[-0.253536252,-0.846740671],"torque_nm":[-0.00500902934,-0.0337079486],"applied_pwm":[-0.6,-0.6],"over_1_2a_samples":233,"over_3_2a_samples":4}
[arranque] pulsador=1102232 permiso=1107232 ms
[planta] gelatina ciclo=30 rueda=0 V=7.4 R=4 Rpuente=0.5 I0=0.15 Ke=0.0793326178 Kt=0.0483794733
[planta] gelatina ciclo=30 rueda=1 V=7.4 R=4 Rpuente=0.5 I0=0.15 Ke=0.0793326178 Kt=0.0483794733
[sensores] gelatina ToF alcance=1200 minimo=30 sigma_rel=0.07
[gelatina] pulsador recibido: permiso previsto 1107232 ms
[planta] rival ciclo=30 rueda=0 V=7.4 R=4 Rpuente=0.5 I0=0.15 Ke=0.0793326178 Kt=0.0483794733
[planta] rival ciclo=30 rueda=1 V=7.4 R=4 Rpuente=0.5 I0=0.15 Ke=0.0793326178 Kt=0.0483794733
[sensores] rival ToF alcance=1200 minimo=30 sigma_rel=0.07
[gelatina] permiso de arranque a los 1107232 ms
WARNING: Contact joints between materials 'patin' and 'dohyo' will only be created for the 10 deepest contact points instead of all the 26 contact points.
WARNING: Contact joints between materials 'patin' and 'dohyo' will only be created for the 10 deepest contact points instead of all the 42 contact points.
WARNING: Contact joints between materials 'patin' and 'dohyo' will only be created for the 10 deepest contact points instead of all the 74 contact points.
WARNING: Contact joints between materials 'patin' and 'dohyo' will only be created for the 10 deepest contact points instead of all the 73 contact points.
WARNING: Contact joints between materials 'patin' and 'dohyo' will only be created for the 10 deepest contact points instead of all the 24 contact points.
WARNING: Contact joints between materials 'patin' and 'dohyo' will only be created for the 10 deepest contact points instead of all the 14 contact points.
[arbitro] asalto 29/30  lado     rival fuera     +1   6.14 s
[planta] asalto=29 mu=1.1 slip=0.0005 aleatorio=0
[gelatina] fin de asalto motor={"battery_v":7.4,"resistance_ohm":[4,4],"bridge_ohm":[0.5,0.5],"omega_rad_s":[-0.330202008,-24.0695272],"current_a":[-0.191007331,-0.450537012],"torque_nm":[-0.00692803681,-0.0145398224],"applied_pwm":[-0.119693078,-0.532015562],"over_1_2a_samples":46016,"over_3_2a_samples":1}
[rival] fin de asalto motor={"battery_v":7.4,"resistance_ohm":[4,4],"bridge_ohm":[0.5,0.5],"omega_rad_s":[-46.927972,-45.6471237],"current_a":[-0.159351362,-0.18193204],"torque_nm":[-0.000452413983,-0.00154485527],"applied_pwm":[-0.6,-0.6],"over_1_2a_samples":237,"over_3_2a_samples":4}
[planta] gelatina ciclo=31 rueda=0 V=7.4 R=4 Rpuente=0.5 I0=0.15 Ke=0.0793326178 Kt=0.0483794733
[planta] gelatina ciclo=31 rueda=1 V=7.4 R=4 Rpuente=0.5 I0=0.15 Ke=0.0793326178 Kt=0.0483794733
[sensores] gelatina ToF alcance=1200 minimo=30 sigma_rel=0.07
[gelatina] pulsador recibido: permiso previsto 1118688 ms
[arranque] pulsador=1113688 permiso=1118688 ms
[planta] rival ciclo=31 rueda=0 V=7.4 R=4 Rpuente=0.5 I0=0.15 Ke=0.0793326178 Kt=0.0483794733
[planta] rival ciclo=31 rueda=1 V=7.4 R=4 Rpuente=0.5 I0=0.15 Ke=0.0793326178 Kt=0.0483794733
[sensores] rival ToF alcance=1200 minimo=30 sigma_rel=0.07
[gelatina] permiso de arranque a los 1118688 ms
WARNING: Contact joints between materials 'patin' and 'dohyo' will only be created for the 10 deepest contact points instead of all the 28 contact points.
WARNING: Contact joints between materials 'patin' and 'dohyo' will only be created for the 10 deepest contact points instead of all the 42 contact points.
WARNING: Contact joints between materials 'patin' and 'dohyo' will only be created for the 10 deepest contact points instead of all the 52 contact points.
WARNING: Contact joints between materials 'patin' and 'dohyo' will only be created for the 10 deepest contact points instead of all the 64 contact points.
WARNING: Contact joints between materials 'patin' and 'dohyo' will only be created for the 10 deepest contact points instead of all the 64 contact points.
WARNING: Contact joints between materials 'patin' and 'dohyo' will only be created for the 10 deepest contact points instead of all the 66 contact points.
WARNING: Contact joints between materials 'patin' and 'dohyo' will only be created for the 10 deepest contact points instead of all the 66 contact points.
WARNING: Contact joints between materials 'patin' and 'dohyo' will only be created for the 10 deepest contact points instead of all the 39 contact points.
WARNING: Contact joints between materials 'patin' and 'dohyo' will only be created for the 10 deepest contact points instead of all the 36 contact points.
WARNING: Contact joints between materials 'patin' and 'dohyo' will only be created for the 10 deepest contact points instead of all the 68 contact points.
WARNING: Contact joints between materials 'patin' and 'dohyo' will only be created for the 10 deepest contact points instead of all the 64 contact points.
WARNING: Contact joints between materials 'patin' and 'dohyo' will only be created for the 10 deepest contact points instead of all the 37 contact points.
WARNING: Contact joints between materials 'patin' and 'dohyo' will only be created for the 10 deepest contact points instead of all the 35 contact points.
WARNING: Contact joints between materials 'patin' and 'dohyo' will only be created for the 10 deepest contact points instead of all the 20 contact points.
WARNING: Contact joints between materials 'patin' and 'dohyo' will only be created for the 10 deepest contact points instead of all the 21 contact points.
WARNING: Contact joints between materials 'patin' and 'dohyo' will only be created for the 10 deepest contact points instead of all the 13 contact points.
WARNING: Contact joints between materials 'patin' and 'dohyo' will only be created for the 10 deepest contact points instead of all the 18 contact points.
WARNING: Contact joints between materials 'patin' and 'dohyo' will only be created for the 10 deepest contact points instead of all the 22 contact points.
WARNING: Contact joints between materials 'rueda' and 'dohyo' will only be created for the 10 deepest contact points instead of all the 11 contact points.
WARNING: Contact joints between materials 'patin' and 'dohyo' will only be created for the 10 deepest contact points instead of all the 15 contact points.
WARNING: Contact joints between materials 'rueda' and 'dohyo' will only be created for the 10 deepest contact points instead of all the 11 contact points.
WARNING: Contact joints between materials 'patin' and 'dohyo' will only be created for the 10 deepest contact points instead of all the 11 contact points.
WARNING: Contact joints between materials 'rueda' and 'dohyo' will only be created for the 10 deepest contact points instead of all the 11 contact points.
WARNING: Contact joints between materials 'rueda' and 'dohyo' will only be created for the 10 deepest contact points instead of all the 11 contact points.
WARNING: Contact joints between materials 'rueda' and 'dohyo' will only be created for the 10 deepest contact points instead of all the 11 contact points.
WARNING: Contact joints between materials 'rueda' and 'dohyo' will only be created for the 10 deepest contact points instead of all the 11 contact points.
WARNING: Contact joints between materials 'patin' and 'dohyo' will only be created for the 10 deepest contact points instead of all the 15 contact points.
WARNING: Contact joints between materials 'rueda' and 'dohyo' will only be created for the 10 deepest contact points instead of all the 11 contact points.
WARNING: Contact joints between materials 'rueda' and 'dohyo' will only be created for the 10 deepest contact points instead of all the 11 contact points.
WARNING: Contact joints between materials 'patin' and 'dohyo' will only be created for the 10 deepest contact points instead of all the 11 contact points.
WARNING: Contact joints between materials 'patin' and 'dohyo' will only be created for the 10 deepest contact points instead of all the 11 contact points.
WARNING: Contact joints between materials 'patin' and 'dohyo' will only be created for the 10 deepest contact points instead of all the 11 contact points.
WARNING: Contact joints between materials 'patin' and 'dohyo' will only be created for the 10 deepest contact points instead of all the 12 contact points.
WARNING: Contact joints between materials 'patin' and 'dohyo' will only be created for the 10 deepest contact points instead of all the 11 contact points.
WARNING: Contact joints between materials 'patin' and 'dohyo' will only be created for the 10 deepest contact points instead of all the 11 contact points.
WARNING: Contact joints between materials 'patin' and 'dohyo' will only be created for the 10 deepest contact points instead of all the 12 contact points.
WARNING: Contact joints between materials 'patin' and 'dohyo' will only be created for the 10 deepest contact points instead of all the 11 contact points.
WARNING: Contact joints between materials 'patin' and 'dohyo' will only be created for the 10 deepest contact points instead of all the 12 contact points.
WARNING: Contact joints between materials 'patin' and 'dohyo' will only be created for the 10 deepest contact points instead of all the 12 contact points.
WARNING: Contact joints between materials 'patin' and 'dohyo' will only be created for the 10 deepest contact points instead of all the 20 contact points.
WARNING: Contact joints between materials 'patin' and 'dohyo' will only be created for the 10 deepest contact points instead of all the 11 contact points.
[arbitro] asalto 30/30  espalda  tiempo agotado  +0  60.00 s

[arbitro] RESULTADO  12W 6L 12D  win rate 40.0%  auto-salidas 2  t medio de victoria 17.07 s

[arbitro]   frente   3W 2L 5D
[arbitro]   lado     4W 1L 5D
[arbitro]   espalda  5W 3L 2D
[arbitro]   combate: gana 62.1%  jueces 12.6%  pierde 25.3%
[arbitro] resultados -> ../../../../result.json
INFO: 'arbitro' controller exited successfully.
INFO: medido: Terminating.
INFO: oponente: Terminating.
