WARNING: Contact joints between materials 'patin' and 'dohyo' will only be created for the 10 deepest contact points instead of all the 12 contact points.
INFO: medido: Starting controller: $LAB_ROOT/Mini-Sumo-real/runs/real/20260913T170801650074Z_v22_v0.3.0_reglamento_v0.3.0_s0_r1/project/webots/controllers/medido/medido
INFO: contrario: Starting controller: $LAB_ROOT/Mini-Sumo-real/runs/real/20260913T170801650074Z_v22_v0.3.0_reglamento_v0.3.0_s0_r1/project/webots/controllers/contrario/contrario
INFO: arbitro: Starting controller: $LAB_ROOT/Mini-Sumo-real/runs/real/20260913T170801650074Z_v22_v0.3.0_reglamento_v0.3.0_s0_r1/project/webots/controllers/arbitro/arbitro --rounds 30 --rival v0.3.0 --version v0.3.0 --colocacion reglamento --out ../../../../result.json
[planta] gelatina ciclo=1 rueda=0 V=7.36485623 R=4.25602584 Rpuente=0.612744129 I0=0.126091683 Ke=0.092558592 Kt=0.0483794733
[planta] gelatina ciclo=1 rueda=1 V=7.36485623 R=3.87064724 Rpuente=0.5311391 I0=0.129181051 Ke=0.0852744683 Kt=0.0483794733
[sensores] gelatina ToF alcance=1418.63086 minimo=21.0914713 sigma_rel=0.0961221409
[gelatina] HAL Webots listo: paso 8 ms, umbral de linea 400
[gelatina] estrategia v0.3.0 en linea
[planta] rival ciclo=1 rueda=0 V=7.3310377 R=3.8954165 Rpuente=0.600848401 I0=0.180732483 Ke=0.0948581567 Kt=0.0483794733
[planta] rival ciclo=1 rueda=1 V=7.3310377 R=3.89561467 Rpuente=0.654952586 I0=0.158428279 Ke=0.0980418484 Kt=0.0483794733
[sensores] rival ToF alcance=1467.89725 minimo=45.1080084 sigma_rel=0.0588060713
[rival] HAL Webots listo: paso 8 ms, umbral de linea 400
[rival] estrategia v0.3.0 en linea

[arbitro] 30 asaltos contra 'v0.3.0', colocacion reglamento, limite 60 s por asalto
[gelatina] t=    0 ms  WAIT         rival=no d=9999 mm rumbo=   +0 cdeg  linea=0x0
[rival] t=    0 ms  WAIT         rival=no d=9999 mm rumbo=   +0 cdeg  linea=0x0
[inercia] asalto=0 robot=GELATINA rueda=0 rotor=2.26145341e-05
[inercia] asalto=0 robot=GELATINA rueda=1 rotor=2.80318469e-05
[inercia] asalto=0 robot=RIVAL rueda=0 rotor=1.03646774e-05
[inercia] asalto=0 robot=RIVAL rueda=1 rotor=1.89769952e-05
[planta] asalto=0 mu=0.8364555 slip=0.000738541245 aleatorio=1
[planta] gelatina ciclo=2 rueda=0 V=7.40084512 R=4.10688725 Rpuente=0.572406459 I0=0.0936607003 Ke=0.0698853006 Kt=0.0483794733
[planta] gelatina ciclo=2 rueda=1 V=7.40084512 R=3.83835459 Rpuente=0.552155244 I0=0.199625596 Ke=0.0697456861 Kt=0.0483794733
[sensores] gelatina ToF alcance=1249.04298 minimo=21.2930501 sigma_rel=0.0465027428
[gelatina] pulsador recibido: permiso previsto 5312 ms
[planta] rival ciclo=2 rueda=0 V=7.99534413 R=3.71403046 Rpuente=0.594484353 I0=0.0934002846 Ke=0.0948363984 Kt=0.0483794733
[planta] rival ciclo=2 rueda=1 V=7.99534413 R=3.6196208 Rpuente=0.585172546 I0=0.147359303 Ke=0.0827417612 Kt=0.0483794733
[sensores] rival ToF alcance=757.486892 minimo=42.2123063 sigma_rel=0.084336791
[rival] pulsador recibido: permiso previsto 5312 ms
[arranque] pulsador=312 permiso=5312 ms
[gelatina] permiso de arranque a los 5312 ms
[gelatina] t=    0 ms  TRACK        rival=si d=  71 mm rumbo=+1494 cdeg  linea=0x0
[rival] permiso de arranque a los 5312 ms
[rival] t=    0 ms  TRACK        rival=si d=  68 mm rumbo=+1513 cdeg  linea=0x0
[gelatina] t=    8 ms  ATTACK       rival=si d=  71 mm rumbo=+1494 cdeg  linea=0x0
[rival] t=    8 ms  ATTACK       rival=si d=  68 mm rumbo=+1513 cdeg  linea=0x0
WARNING: Contact joints between materials 'patin' and 'dohyo' will only be created for the 10 deepest contact points instead of all the 100 contact points.
[rival] t=  384 ms  SEARCH       rival=no d=9999 mm rumbo=+1495 cdeg  linea=0x0
[rival] t=  520 ms  TRACK        rival=si d=  45 mm rumbo=   +0 cdeg  linea=0x0
[rival] t=  528 ms  ATTACK       rival=si d=  45 mm rumbo=   +0 cdeg  linea=0x0
WARNING: Contact joints between materials 'patin' and 'dohyo' will only be created for the 10 deepest contact points instead of all the 13 contact points.
[rival] t= 1176 ms  SEARCH       rival=no d=9999 mm rumbo=+3000 cdeg  linea=0x0
[rival] t= 1216 ms  TRACK        rival=si d=  49 mm rumbo=+3000 cdeg  linea=0x0
[rival] t= 1224 ms  ATTACK       rival=si d=  49 mm rumbo=+3000 cdeg  linea=0x0
[rival] t= 1264 ms  EDGE_ESCAPE  rival=si d=  49 mm rumbo=+3000 cdeg  linea=0x4
[gelatina] t= 1352 ms  EDGE_ESCAPE  rival=si d=  25 mm rumbo=-6000 cdeg  linea=0x1
[arbitro] asalto  1/30  frente   rival fuera     +1   1.35 s
[inercia] asalto=1 robot=GELATINA rueda=0 rotor=9.44531643e-06
[inercia] asalto=1 robot=GELATINA rueda=1 rotor=2.62596416e-05
[inercia] asalto=1 robot=RIVAL rueda=0 rotor=1.57621794e-05
[inercia] asalto=1 robot=RIVAL rueda=1 rotor=2.04041997e-05
[planta] asalto=1 mu=1.37476293 slip=0.00111237705 aleatorio=1
[gelatina] fin de asalto motor={"battery_v":7.40084512,"resistance_ohm":[4.10688725,3.83835459],"bridge_ohm":[0.572406459,0.552155244],"omega_rad_s":[68.2896847,42.9048908],"current_a":[0.245385547,-0.344438865],"torque_nm":[0.00734036819,-0.0263215521],"applied_pwm":[0.800000012,0.199999973],"over_1_2a_samples":16,"over_3_2a_samples":0}
[gelatina] t=    0 ms  WAIT         rival=no d=9999 mm rumbo=-6000 cdeg  linea=0x3
[rival] fin de asalto motor={"battery_v":7.99534413,"resistance_ohm":[3.71403046,3.6196208],"bridge_ohm":[0.594484353,0.585172546],"omega_rad_s":[75.9193406,52.9837036],"current_a":[0.184617515,0.288427093],"torque_nm":[0.00441304154,0.00682478541],"applied_pwm":[1,0.700000048],"over_1_2a_samples":10,"over_3_2a_samples":0}
[rival] t=    0 ms  WAIT         rival=no d=9999 mm rumbo=+3000 cdeg  linea=0x4
[planta] gelatina ciclo=3 rueda=0 V=7.43466365 R=3.66749654 Rpuente=0.584302187 I0=0.189019892 Ke=0.0942266868 Kt=0.0483794733
[planta] gelatina ciclo=3 rueda=1 V=7.43466365 R=3.81338716 Rpuente=0.628341758 I0=0.170378369 Ke=0.0931979847 Kt=0.0483794733
[sensores] gelatina ToF alcance=1199.77666 minimo=27.276513 sigma_rel=0.0838188124
[gelatina] pulsador recibido: permiso previsto 11976 ms
[planta] rival ciclo=3 rueda=0 V=7.74568462 R=3.91137171 Rpuente=0.649971557 I0=0.121402636 Ke=0.0779893475 Kt=0.0483794733
[planta] rival ciclo=3 rueda=1 V=7.74568462 R=4.37315912 Rpuente=0.634254229 I0=0.20344854 Ke=0.0803429839 Kt=0.0483794733
[sensores] rival ToF alcance=1696.55499 minimo=23.2455051 sigma_rel=0.0747795963
[rival] pulsador recibido: permiso previsto 11976 ms
[arranque] pulsador=6976 permiso=11976 ms
[gelatina] permiso de arranque a los 11976 ms
[gelatina] t=    0 ms  OPENING      rival=no d=9999 mm rumbo=-6000 cdeg  linea=0x0
[rival] permiso de arranque a los 11976 ms
[rival] t=    0 ms  OPENING      rival=no d=9999 mm rumbo=+3000 cdeg  linea=0x0
WARNING: Contact joints between materials 'rueda' and 'dohyo' will only be created for the 10 deepest contact points instead of all the 12 contact points.
[gelatina] t=  424 ms  SEARCH       rival=no d=9999 mm rumbo=-6000 cdeg  linea=0x0
[rival] t=  424 ms  SEARCH       rival=no d=9999 mm rumbo=+3000 cdeg  linea=0x0
[rival] t=  432 ms  EDGE_ESCAPE  rival=no d=9999 mm rumbo=+3000 cdeg  linea=0x1
[gelatina] t=  456 ms  EDGE_ESCAPE  rival=no d=9999 mm rumbo=-6000 cdeg  linea=0x3
[arbitro] asalto  2/30  lado     rival fuera     +1   0.52 s
[inercia] asalto=2 robot=GELATINA rueda=0 rotor=1.53470491e-05
[inercia] asalto=2 robot=GELATINA rueda=1 rotor=3.54828401e-05
[inercia] asalto=2 robot=RIVAL rueda=0 rotor=3.22439504e-05
[inercia] asalto=2 robot=RIVAL rueda=1 rotor=1.78256371e-05
[planta] asalto=2 mu=1.1906902 slip=0.00167386723 aleatorio=1
[gelatina] fin de asalto motor={"battery_v":7.43466365,"resistance_ohm":[3.66749654,3.81338716],"bridge_ohm":[0.584302187,0.628341758],"omega_rad_s":[-60.7496629,-24.4325396],"current_a":[-0.402282493,-0.659022987],"torque_nm":[-0.0103175324,-0.0236403693],"applied_pwm":[-1,-0.700000048],"over_1_2a_samples":27,"over_3_2a_samples":0}
[gelatina] t=    0 ms  WAIT         rival=si d=  26 mm rumbo=  -82 cdeg  linea=0x0
[rival] fin de asalto motor={"battery_v":7.74568462,"resistance_ohm":[3.91137171,4.37315912],"bridge_ohm":[0.649971557,0.634254229],"omega_rad_s":[-43.7236654,1.46120816],"current_a":[-0.441098018,-1.57028827],"torque_nm":[-0.0154666942,-0.0848073816],"applied_pwm":[-0.700000048,-1],"over_1_2a_samples":21,"over_3_2a_samples":0}
[rival] t=    0 ms  WAIT         rival=si d=  60 mm rumbo= +977 cdeg  linea=0x0
[planta] gelatina ciclo=4 rueda=0 V=7.47065254 R=4.31835794 Rpuente=0.543964529 I0=0.156588909 Ke=0.0685665134 Kt=0.0483794733
[planta] gelatina ciclo=4 rueda=1 V=7.47065254 R=3.78109455 Rpuente=0.649357903 I0=0.0908229142 Ke=0.0832451824 Kt=0.0483794733
[sensores] gelatina ToF alcance=1030.18878 minimo=27.4780917 sigma_rel=0.114199414
[gelatina] pulsador recibido: permiso previsto 17808 ms
[planta] rival ciclo=4 rueda=0 V=7.00999113 R=3.72998562 Rpuente=0.643607509 I0=0.184070438 Ke=0.0712029904 Kt=0.0483794733
[planta] rival ciclo=4 rueda=1 V=7.00999113 R=4.0971653 Rpuente=0.564474189 I0=0.192379564 Ke=0.069703396 Kt=0.0483794733
[sensores] rival ToF alcance=986.144626 minimo=20.3498012 sigma_rel=0.100310316
[rival] pulsador recibido: permiso previsto 17808 ms
[arranque] pulsador=12808 permiso=17808 ms
[gelatina] permiso de arranque a los 17808 ms
[gelatina] t=    0 ms  OPENING      rival=no d=9999 mm rumbo=-1509 cdeg  linea=0x0
[rival] permiso de arranque a los 17808 ms
[rival] t=    0 ms  OPENING      rival=no d=9999 mm rumbo=-1096 cdeg  linea=0x0
WARNING: Contact joints between materials 'patin' and 'dohyo' will only be created for the 10 deepest contact points instead of all the 15 contact points.
[gelatina] t=  368 ms  EDGE_ESCAPE  rival=no d=9999 mm rumbo=-1509 cdeg  linea=0x1
[rival] t=  392 ms  EDGE_ESCAPE  rival=no d=9999 mm rumbo=-1096 cdeg  linea=0x3
[arbitro] asalto  3/30  espalda  auto-salida     -1   0.44 s
[inercia] asalto=3 robot=GELATINA rueda=0 rotor=1.48304331e-05
[inercia] asalto=3 robot=GELATINA rueda=1 rotor=1.18224236e-05
[inercia] asalto=3 robot=RIVAL rueda=0 rotor=1.09047171e-05
[inercia] asalto=3 robot=RIVAL rueda=1 rotor=1.76097783e-05
[planta] asalto=3 mu=1.2826027 slip=0.00106291819 aleatorio=1
WARNING: DEF GELATINA GelatinaNuclear > HingeJoint "rueda_der" > Solid "rueda_der": Webots has detected that this solid is light and oblong according to its inertia matrix. This belongs in the physics edge cases, and can imply weird physical results. Increasing the weight of the object or reducing its eccentricity are recommended.
WARNING: DEF RIVAL GelatinaNuclear > HingeJoint "rueda_izq" > Solid "rueda_izq": Webots has detected that this solid is light and oblong according to its inertia matrix. This belongs in the physics edge cases, and can imply weird physical results. Increasing the weight of the object or reducing its eccentricity are recommended.
[gelatina] fin de asalto motor={"battery_v":7.47065254,"resistance_ohm":[4.31835794,3.78109455],"bridge_ohm":[0.543964529,0.649357903],"omega_rad_s":[-36.8571519,-12.5635136],"current_a":[-0.555761316,-1.45014547],"torque_nm":[-0.0193117508,-0.0657633094],"applied_pwm":[-0.700000048,-1],"over_1_2a_samples":35,"over_3_2a_samples":0}
[gelatina] t=    0 ms  WAIT         rival=si d=  70 mm rumbo=   +0 cdeg  linea=0x0
[rival] fin de asalto motor={"battery_v":7.00999113,"resistance_ohm":[3.72998562,4.0971653],"bridge_ohm":[0.643607509,0.564474189],"omega_rad_s":[12.864851,-0.786216071],"current_a":[-1.17112181,-0.890500544],"torque_nm":[-0.0655634872,-0.0369739888],"applied_pwm":[-0.599999964,-0.599999964],"over_1_2a_samples":23,"over_3_2a_samples":0}
[rival] t=    0 ms  WAIT         rival=si d=  63 mm rumbo=-1468 cdeg  linea=0x0
[planta] gelatina ciclo=5 rueda=0 V=7.50447108 R=3.87896729 Rpuente=0.555860245 I0=0.101948109 Ke=0.0693291847 Kt=0.0483794733
[planta] gelatina ciclo=5 rueda=1 V=7.50447108 R=3.75612712 Rpuente=0.525544417 I0=0.211575678 Ke=0.0671260551 Kt=0.0483794733
[sensores] gelatina ToF alcance=980.922455 minimo=33.4615546 sigma_rel=0.0715154839
[gelatina] pulsador recibido: permiso previsto 23560 ms
[planta] rival ciclo=5 rueda=0 V=7.33795099 R=4.30922918 Rpuente=0.586078012 I0=0.119217575 Ke=0.0873178988 Kt=0.0483794733
[planta] rival ciclo=5 rueda=1 V=7.33795099 R=4.35173435 Rpuente=0.508019018 I0=0.164089081 Ke=0.0656203404 Kt=0.0483794733
[sensores] rival ToF alcance=1634.49379 minimo=42.0335317 sigma_rel=0.0726668024
[rival] pulsador recibido: permiso previsto 23560 ms
[arranque] pulsador=18560 permiso=23560 ms
[gelatina] permiso de arranque a los 23560 ms
[gelatina] t=    0 ms  TRACK        rival=si d=  82 mm rumbo=   +0 cdeg  linea=0x0
[rival] permiso de arranque a los 23560 ms
[rival] t=    0 ms  TRACK        rival=si d=  73 mm rumbo=-1474 cdeg  linea=0x0
[gelatina] t=    8 ms  ATTACK       rival=si d=  82 mm rumbo=   +0 cdeg  linea=0x0
[rival] t=    8 ms  ATTACK       rival=si d=  73 mm rumbo=-1474 cdeg  linea=0x0
WARNING: Contact joints between materials 'patin' and 'dohyo' will only be created for the 10 deepest contact points instead of all the 40 contact points.
[rival] t=  384 ms  SEARCH       rival=no d=9999 mm rumbo=  -40 cdeg  linea=0x0
[rival] t=  592 ms  TRACK        rival=si d=  46 mm rumbo=+6000 cdeg  linea=0x0
[rival] t=  600 ms  ATTACK       rival=si d=  46 mm rumbo=+6000 cdeg  linea=0x0
[gelatina] t=  616 ms  EDGE_ESCAPE  rival=si d=  46 mm rumbo=+4511 cdeg  linea=0x8
[rival] t=  824 ms  EDGE_ESCAPE  rival=si d=  46 mm rumbo=+6000 cdeg  linea=0x4
[arbitro] asalto  4/30  frente   rival fuera     +1   1.05 s
[inercia] asalto=4 robot=GELATINA rueda=0 rotor=2.47379504e-05
[inercia] asalto=4 robot=GELATINA rueda=1 rotor=1.92414347e-05
[inercia] asalto=4 robot=RIVAL rueda=0 rotor=1.60995954e-05
[inercia] asalto=4 robot=RIVAL rueda=1 rotor=2.92744263e-05
[planta] asalto=4 mu=0.729815042 slip=0.00141449273 aleatorio=1
[gelatina] fin de asalto motor={"battery_v":7.50447108,"resistance_ohm":[3.87896729,3.75612712],"bridge_ohm":[0.555860245,0.525544417],"omega_rad_s":[-48.1986416,57.0848095],"current_a":[-0.684858215,0.594843044],"torque_nm":[-0.0282008839,0.0185422733],"applied_pwm":[-0.850000024,0.850000024],"over_1_2a_samples":53,"over_3_2a_samples":0}
[gelatina] t=    0 ms  WAIT         rival=no d=9999 mm rumbo=-6000 cdeg  linea=0x0
[rival] fin de asalto motor={"battery_v":7.33795099,"resistance_ohm":[4.30922918,4.35173435],"bridge_ohm":[0.586078012,0.508019018],"omega_rad_s":[69.4720475,57.8365924],"current_a":[0.259799381,0.276003547],"torque_nm":[0.00680127377,0.00541436292],"applied_pwm":[1,0.700000048],"over_1_2a_samples":40,"over_3_2a_samples":0}
[rival] t=    0 ms  WAIT         rival=si d= 492 mm rumbo=-4382 cdeg  linea=0x4
WARNING: Contact joints between materials 'rueda' and 'dohyo' will only be created for the 10 deepest contact points instead of all the 12 contact points.
[planta] gelatina ciclo=6 rueda=0 V=7.54045988 R=3.72982864 Rpuente=0.515522587 I0=0.219517127 Ke=0.0691407664 Kt=0.0483794733
[planta] gelatina ciclo=6 rueda=1 V=7.54045988 R=3.72383447 Rpuente=0.546560562 I0=0.132020223 Ke=0.0905072248 Kt=0.0483794733
[sensores] gelatina ToF alcance=811.334574 minimo=33.6631316 sigma_rel=0.101896091
[gelatina] pulsador recibido: permiso previsto 29920 ms
[planta] rival ciclo=6 rueda=0 V=8.00225742 R=4.12784314 Rpuente=0.579713964 I0=0.181885377 Ke=0.0788056002 Kt=0.0483794733
[planta] rival ciclo=6 rueda=1 V=8.00225742 R=4.07574048 Rpuente=0.63823899 I0=0.153020105 Ke=0.0833654349 Kt=0.0483794733
[sensores] rival ToF alcance=924.083501 minimo=39.1378278 sigma_rel=0.0981975222
[rival] pulsador recibido: permiso previsto 29920 ms
[arranque] pulsador=24920 permiso=29920 ms
[gelatina] permiso de arranque a los 29920 ms
[gelatina] t=    0 ms  OPENING      rival=no d=9999 mm rumbo=-6000 cdeg  linea=0x0
[rival] permiso de arranque a los 29920 ms
[rival] t=    0 ms  OPENING      rival=no d=9999 mm rumbo=-4382 cdeg  linea=0x0
WARNING: Contact joints between materials 'rueda' and 'dohyo' will only be created for the 10 deepest contact points instead of all the 12 contact points.
[gelatina] t=  424 ms  SEARCH       rival=no d=9999 mm rumbo=-6000 cdeg  linea=0x0
[rival] t=  424 ms  SEARCH       rival=no d=9999 mm rumbo=-4382 cdeg  linea=0x0
[gelatina] t=  448 ms  EDGE_ESCAPE  rival=no d=9999 mm rumbo=-6000 cdeg  linea=0x1
[rival] t=  448 ms  EDGE_ESCAPE  rival=no d=9999 mm rumbo=-4382 cdeg  linea=0x1
[arbitro] asalto  5/30  lado     rival fuera     +1   0.53 s
[inercia] asalto=5 robot=GELATINA rueda=0 rotor=1.80220778e-05
[inercia] asalto=5 robot=GELATINA rueda=1 rotor=3.55475205e-05
[inercia] asalto=5 robot=RIVAL rueda=0 rotor=1.94917926e-05
[inercia] asalto=5 robot=RIVAL rueda=1 rotor=2.37972724e-05
[planta] asalto=5 mu=1.5307009 slip=0.000354548097 aleatorio=1
[gelatina] fin de asalto motor={"battery_v":7.54045988,"resistance_ohm":[3.72982864,3.72383447],"bridge_ohm":[0.515522587,0.546560562],"omega_rad_s":[-34.0393556,-23.848298],"current_a":[-0.688945386,-1.26030884],"torque_nm":[-0.0227106919,-0.0545860091],"applied_pwm":[-0.700000048,-1],"over_1_2a_samples":63,"over_3_2a_samples":0}
[gelatina] t=    0 ms  WAIT         rival=si d=  57 mm rumbo= +348 cdeg  linea=0x0
[rival] fin de asalto motor={"battery_v":8.00225742,"resistance_ohm":[4.12784314,4.07574048],"bridge_ohm":[0.579713964,0.63823899],"omega_rad_s":[-40.2690109,-39.2969219],"current_a":[-0.515799797,-1.00260353],"torque_nm":[-0.0161546038,-0.0411023984],"applied_pwm":[-0.700000048,-1],"over_1_2a_samples":51,"over_3_2a_samples":0}
[rival] t=    0 ms  WAIT         rival=si d=  28 mm rumbo=  +78 cdeg  linea=0x0
[planta] gelatina ciclo=7 rueda=0 V=7.5742785 R=4.09043798 Rpuente=0.527418315 I0=0.164876327 Ke=0.0681605179 Kt=0.0483794733
[planta] gelatina ciclo=7 rueda=1 V=7.5742785 R=3.69886703 Rpuente=0.622747076 I0=0.102772996 Ke=0.0797648297 Kt=0.0483794733
[sensores] gelatina ToF alcance=762.068176 minimo=39.6465945 sigma_rel=0.0592121553
[gelatina] pulsador recibido: permiso previsto 35760 ms
[planta] rival ciclo=7 rueda=0 V=7.75259792 R=4.32518439 Rpuente=0.635201168 I0=0.209887719 Ke=0.0654142189 Kt=0.0483794733
[planta] rival ciclo=7 rueda=1 V=7.75259792 R=4.0292788 Rpuente=0.687320662 I0=0.209109342 Ke=0.0831461469 Kt=0.0483794733
[sensores] rival ToF alcance=1863.15152 minimo=20.1710284 sigma_rel=0.0886403275
[rival] pulsador recibido: permiso previsto 35760 ms
[arranque] pulsador=30760 permiso=35760 ms
[gelatina] permiso de arranque a los 35760 ms
[gelatina] t=    0 ms  OPENING      rival=no d=9999 mm rumbo=-1172 cdeg  linea=0x0
[rival] permiso de arranque a los 35760 ms
[rival] t=    0 ms  OPENING      rival=no d=9999 mm rumbo=-1398 cdeg  linea=0x0
[gelatina] t=  352 ms  EDGE_ESCAPE  rival=no d=9999 mm rumbo=-1172 cdeg  linea=0x3
[rival] t=  368 ms  EDGE_ESCAPE  rival=no d=9999 mm rumbo=-1398 cdeg  linea=0x3
[arbitro] asalto  6/30  espalda  auto-salida     -1   0.41 s
[inercia] asalto=6 robot=GELATINA rueda=0 rotor=3.26262665e-05
[inercia] asalto=6 robot=GELATINA rueda=1 rotor=2.82080197e-05
[inercia] asalto=6 robot=RIVAL rueda=0 rotor=3.48587131e-05
[inercia] asalto=6 robot=RIVAL rueda=1 rotor=3.53247898e-05
[planta] asalto=6 mu=1.06612322 slip=0.00198867857 aleatorio=1
WARNING: DEF GELATINA GelatinaNuclear > HingeJoint "rueda_der" > Solid "rueda_der": Webots has detected that this solid is light and oblong according to its inertia matrix. This belongs in the physics edge cases, and can imply weird physical results. Increasing the weight of the object or reducing its eccentricity are recommended.
[gelatina] fin de asalto motor={"battery_v":7.5742785,"resistance_ohm":[4.09043798,3.69886703],"bridge_ohm":[0.527418315,0.622747076],"omega_rad_s":[-22.1535446,-2.2727128],"current_a":[-0.985181232,-1.18490745],"torque_nm":[-0.0396859193,-0.0524575504],"applied_pwm":[-0.799999952,-0.700000048],"over_1_2a_samples":71,"over_3_2a_samples":0}
[gelatina] t=    0 ms  WAIT         rival=si d=  69 mm rumbo=   +0 cdeg  linea=0x0
[rival] fin de asalto motor={"battery_v":7.75259792,"resistance_ohm":[4.32518439,4.0292788],"bridge_ohm":[0.635201168,0.687320662],"omega_rad_s":[28.2477,24.7612407],"current_a":[-0.997672489,-1.09397475],"torque_nm":[-0.0584211269,-0.0630425222],"applied_pwm":[-0.399999976,-0.399999976],"over_1_2a_samples":53,"over_3_2a_samples":0}
[rival] t=    0 ms  WAIT         rival=si d=  69 mm rumbo=-1464 cdeg  linea=0xC
WARNING: Contact joints between materials 'patin' and 'dohyo' will only be created for the 10 deepest contact points instead of all the 68 contact points.
[planta] gelatina ciclo=8 rueda=0 V=7.61026731 R=3.94129934 Rpuente=0.687080646 I0=0.132445344 Ke=0.0758400655 Kt=0.0483794733
[planta] gelatina ciclo=8 rueda=1 V=7.61026731 R=3.66657438 Rpuente=0.64376322 I0=0.173217541 Ke=0.0662343072 Kt=0.0483794733
[sensores] gelatina ToF alcance=1892.4803 minimo=39.8481733 sigma_rel=0.089592762
[gelatina] pulsador recibido: permiso previsto 41480 ms
[planta] rival ciclo=8 rueda=0 V=7.8170812 R=3.61420321 Rpuente=0.551313353 I0=0.080521971 Ke=0.0779089017 Kt=0.0483794733
[planta] rival ciclo=8 rueda=1 V=7.8170812 R=3.76878104 Rpuente=0.622384787 I0=0.21851036 Ke=0.0682264983 Kt=0.0483794733
[sensores] rival ToF alcance=1243.96493 minimo=22.8506535 sigma_rel=0.0766100645
[rival] pulsador recibido: permiso previsto 41480 ms
[arranque] pulsador=36480 permiso=41480 ms
[gelatina] permiso de arranque a los 41480 ms
[gelatina] t=    0 ms  OPENING      rival=no d=9999 mm rumbo=   +0 cdeg  linea=0x0
[rival] permiso de arranque a los 41480 ms
[rival] t=    0 ms  TRACK        rival=si d=  77 mm rumbo=-1465 cdeg  linea=0x0
[rival] t=    7 ms  ATTACK       rival=si d=  77 mm rumbo=-1465 cdeg  linea=0x0
[gelatina] t=   31 ms  TRACK        rival=si d=  71 mm rumbo=+1445 cdeg  linea=0x0
[gelatina] t=   39 ms  ATTACK       rival=si d=  71 mm rumbo=+1445 cdeg  linea=0x0
WARNING: Contact joints between materials 'patin' and 'dohyo' will only be created for the 10 deepest contact points instead of all the 101 contact points.
[gelatina] t=  143 ms  EDGE_ESCAPE  rival=si d=  43 mm rumbo=-1495 cdeg  linea=0x1
[rival] t=  735 ms  EDGE_ESCAPE  rival=si d=  38 mm rumbo=-6000 cdeg  linea=0x1
[rival] t=  783 ms  ATTACK       rival=si d=  34 mm rumbo= +153 cdeg  linea=0x4
[gelatina] t=  808 ms  SEARCH       rival=si d=  72 mm rumbo=+6000 cdeg  linea=0x4
[gelatina] t=  815 ms  TRACK        rival=si d=  72 mm rumbo=+6000 cdeg  linea=0x0
[arbitro] asalto  7/30  frente   rival fuera     +1   0.81 s
[inercia] asalto=7 robot=GELATINA rueda=0 rotor=2.75264398e-05
[inercia] asalto=7 robot=GELATINA rueda=1 rotor=1.34157057e-05
[inercia] asalto=7 robot=RIVAL rueda=0 rotor=2.22894117e-05
[inercia] asalto=7 robot=RIVAL rueda=1 rotor=1.36951441e-05
[planta] asalto=7 mu=0.754957771 slip=0.000744550467 aleatorio=1
WARNING: DEF GELATINA GelatinaNuclear > HingeJoint "rueda_izq" > Solid "rueda_izq": Webots has detected that this solid is light and oblong according to its inertia matrix. This belongs in the physics edge cases, and can imply weird physical results. Increasing the weight of the object or reducing its eccentricity are recommended.
WARNING: DEF RIVAL GelatinaNuclear > HingeJoint "rueda_izq" > Solid "rueda_izq": Webots has detected that this solid is light and oblong according to its inertia matrix. This belongs in the physics edge cases, and can imply weird physical results. Increasing the weight of the object or reducing its eccentricity are recommended.
WARNING: DEF RIVAL GelatinaNuclear > HingeJoint "rueda_der" > Solid "rueda_der": Webots has detected that this solid is light and oblong according to its inertia matrix. This belongs in the physics edge cases, and can imply weird physical results. Increasing the weight of the object or reducing its eccentricity are recommended.
[gelatina] fin de asalto motor={"battery_v":7.61026731,"resistance_ohm":[3.94129934,3.66657438],"bridge_ohm":[0.687080646,0.64376322],"omega_rad_s":[54.3293346,-61.8848678],"current_a":[0.507388568,-0.549800564],"torque_nm":[0.0181395557,-0.0182188883],"applied_pwm":[0.850000024,-0.850000024],"over_1_2a_samples":94,"over_3_2a_samples":0}
[gelatina] t=    0 ms  WAIT         rival=no d=9999 mm rumbo=+6000 cdeg  linea=0x2
[rival] fin de asalto motor={"battery_v":7.8170812,"resistance_ohm":[3.61420321,3.76878104],"bridge_ohm":[0.551313353,0.622384787],"omega_rad_s":[36.2500393,3.49443544],"current_a":[0.447975211,-0.0542938033],"torque_nm":[0.0177771942,-0.0131786441],"applied_pwm":[0.600000024,0],"over_1_2a_samples":64,"over_3_2a_samples":0}
[rival] t=    0 ms  WAIT         rival=si d=  93 mm rumbo=+6000 cdeg  linea=0x0
[planta] gelatina ciclo=9 rueda=0 V=7.64408584 R=4.30190868 Rpuente=0.698976374 I0=0.0778045356 Ke=0.0751103081 Kt=0.0483794733
[planta] gelatina ciclo=9 rueda=1 V=7.64408584 R=3.641607 Rpuente=0.519949734 I0=0.143970314 Ke=0.0864147125 Kt=0.0483794733
[sensores] gelatina ToF alcance=1843.21398 minimo=45.8316362 sigma_rel=0.0469088268
[gelatina] pulsador recibido: permiso previsto 47600 ms
[planta] rival ciclo=9 rueda=0 V=7.5674217 R=3.81154442 Rpuente=0.606800556 I0=0.108524323 Ke=0.097516376 Kt=0.0483794733
[planta] rival ciclo=9 rueda=1 V=7.5674217 R=3.72231936 Rpuente=0.671466458 I0=0.124599597 Ke=0.075415294 Kt=0.0483794733
[sensores] rival ToF alcance=883.033025 minimo=33.8838542 sigma_rel=0.0670528698
[rival] pulsador recibido: permiso previsto 47600 ms
[arranque] pulsador=42600 permiso=47600 ms
[gelatina] permiso de arranque a los 47600 ms
[gelatina] t=    0 ms  OPENING      rival=no d=9999 mm rumbo=+6000 cdeg  linea=0x0
[rival] permiso de arranque a los 47600 ms
[rival] t=    0 ms  OPENING      rival=no d=9999 mm rumbo=+6000 cdeg  linea=0x0
WARNING: Contact joints between materials 'rueda' and 'dohyo' will only be created for the 10 deepest contact points instead of all the 12 contact points.
[gelatina] t=  424 ms  SEARCH       rival=no d=9999 mm rumbo=+6000 cdeg  linea=0x0
[rival] t=  424 ms  SEARCH       rival=no d=9999 mm rumbo=+6000 cdeg  linea=0x0
[rival] t=  432 ms  EDGE_ESCAPE  rival=no d=9999 mm rumbo=+6000 cdeg  linea=0x2
[gelatina] t=  488 ms  TRACK        rival=si d= 560 mm rumbo=+2647 cdeg  linea=0x4
[arbitro] asalto  8/30  lado     auto-salida     -1   0.50 s
[inercia] asalto=8 robot=GELATINA rueda=0 rotor=1.79272499e-05
[inercia] asalto=8 robot=GELATINA rueda=1 rotor=9.51810461e-06
[inercia] asalto=8 robot=RIVAL rueda=0 rotor=3.46787792e-05
[inercia] asalto=8 robot=RIVAL rueda=1 rotor=1.52327709e-05
[planta] asalto=8 mu=1.19211463 slip=0.00174366271 aleatorio=1
[gelatina] fin de asalto motor={"battery_v":7.64408584,"resistance_ohm":[4.30190868,3.641607],"bridge_ohm":[0.698976374,0.519949734],"omega_rad_s":[-8.76330307,56.3337473],"current_a":[0.0284426242,0.667063178],"torque_nm":[0.00514018145,0.0253069573],"applied_pwm":[-0.0675000399,1],"over_1_2a_samples":96,"over_3_2a_samples":0}
[gelatina] t=    0 ms  WAIT         rival=no d=9999 mm rumbo=+2647 cdeg  linea=0x0
[rival] fin de asalto motor={"battery_v":7.5674217,"resistance_ohm":[3.81154442,3.72231936],"bridge_ohm":[0.606800556,0.671466458],"omega_rad_s":[-5.58719187,-42.1303887],"current_a":[-1.58941392,-0.482481393],"torque_nm":[-0.071644806,-0.0173141328],"applied_pwm":[-1,-0.700000048],"over_1_2a_samples":68,"over_3_2a_samples":0}
[rival] t=    0 ms  WAIT         rival=si d= 179 mm rumbo=-4496 cdeg  linea=0x0
[planta] gelatina ciclo=10 rueda=0 V=7.68007473 R=4.15277009 Rpuente=0.658638716 I0=0.195373553 Ke=0.074630988 Kt=0.0483794733
[planta] gelatina ciclo=10 rueda=1 V=7.68007473 R=3.60931435 Rpuente=0.540965879 I0=0.214414859 Ke=0.0707102202 Kt=0.0483794733
[sensores] gelatina ToF alcance=1673.6261 minimo=46.0332131 sigma_rel=0.0772894335
[gelatina] pulsador recibido: permiso previsto 53416 ms
[planta] rival ciclo=10 rueda=0 V=7.05552305 R=3.81149516 Rpuente=0.69326303 I0=0.0777789295 Ke=0.0794629481 Kt=0.0483794733
[planta] rival ciclo=10 rueda=1 V=7.05552305 R=4.06926346 Rpuente=0.545976555 I0=0.21167028 Ke=0.0728582793 Kt=0.0483794733
[sensores] rival ToF alcance=1193.1313 minimo=34.9402601 sigma_rel=0.0501820707
[rival] pulsador recibido: permiso previsto 53416 ms
[arranque] pulsador=48416 permiso=53416 ms
[gelatina] permiso de arranque a los 53416 ms
[gelatina] t=    0 ms  OPENING      rival=no d=9999 mm rumbo=+2647 cdeg  linea=0x0
[rival] permiso de arranque a los 53416 ms
[rival] t=    0 ms  OPENING      rival=no d=9999 mm rumbo=-4496 cdeg  linea=0x0
[rival] t=  375 ms  EDGE_ESCAPE  rival=no d=9999 mm rumbo=-4496 cdeg  linea=0x3
[gelatina] t=  423 ms  TRACK        rival=si d= 353 mm rumbo=-3195 cdeg  linea=0x0
[arbitro] asalto  9/30  espalda  auto-salida     -1   0.43 s
[inercia] asalto=9 robot=GELATINA rueda=0 rotor=1.93642069e-05
[inercia] asalto=9 robot=GELATINA rueda=1 rotor=1.02621617e-05
[inercia] asalto=9 robot=RIVAL rueda=0 rotor=1.83291403e-05
[inercia] asalto=9 robot=RIVAL rueda=1 rotor=1.2540775e-05
[planta] asalto=9 mu=1.43153319 slip=5.18010855e-05 aleatorio=1
WARNING: DEF RIVAL GelatinaNuclear > HingeJoint "rueda_izq" > Solid "rueda_izq": Webots has detected that this solid is light and oblong according to its inertia matrix. This belongs in the physics edge cases, and can imply weird physical results. Increasing the weight of the object or reducing its eccentricity are recommended.
[gelatina] fin de asalto motor={"battery_v":7.68007473,"resistance_ohm":[4.15277009,3.60931435],"bridge_ohm":[0.658638716,0.540965879],"omega_rad_s":[59.899401,70.8562003],"current_a":[0.667106742,-0.0969121309],"torque_nm":[0.0228222032,-0.0150618358],"applied_pwm":[1,0.600000024],"over_1_2a_samples":98,"over_3_2a_samples":0}
[gelatina] t=    0 ms  WAIT         rival=si d= 353 mm rumbo=-3195 cdeg  linea=0x0
[rival] fin de asalto motor={"battery_v":7.05552305,"resistance_ohm":[3.81149516,4.06926346],"bridge_ohm":[0.69326303,0.545976555],"omega_rad_s":[5.58879585,-21.5216514],"current_a":[-1.19495175,-0.883244988],"torque_nm":[-0.0615739345,-0.0324904307],"applied_pwm":[-0.700000048,-0.799999952],"over_1_2a_samples":73,"over_3_2a_samples":0}
[rival] t=    0 ms  WAIT         rival=si d= 642 mm rumbo= +314 cdeg  linea=0x0
WARNING: Contact joints between materials 'patin' and 'dohyo' will only be created for the 10 deepest contact points instead of all the 69 contact points.
[planta] gelatina ciclo=11 rueda=0 V=7.71389326 R=3.71337938 Rpuente=0.670534432 I0=0.140732753 Ke=0.0753222627 Kt=0.0483794733
[planta] gelatina ciclo=11 rueda=1 V=7.71389326 R=4.38434691 Rpuente=0.617152393 I0=0.185167623 Ke=0.0921916795 Kt=0.0483794733
[sensores] gelatina ToF alcance=1624.35977 minimo=22.0166779 sigma_rel=0.114605503
[gelatina] pulsador recibido: permiso previsto 59160 ms
[planta] rival ciclo=11 rueda=0 V=8.34476242 R=4.18496747 Rpuente=0.605813777 I0=0.177209732 Ke=0.0724899875 Kt=0.0483794733
[planta] rival ciclo=11 rueda=1 V=8.34476242 R=4.35398736 Rpuente=0.664154279 I0=0.198033249 Ke=0.0690945462 Kt=0.0483794733
[sensores] rival ToF alcance=931.619328 minimo=35.9328008 sigma_rel=0.076755271
[rival] pulsador recibido: permiso previsto 59160 ms
[arranque] pulsador=54160 permiso=59160 ms
[gelatina] permiso de arranque a los 59160 ms
[gelatina] t=    0 ms  TRACK        rival=si d=  83 mm rumbo=   +0 cdeg  linea=0x0
[rival] permiso de arranque a los 59160 ms
[rival] t=    0 ms  TRACK        rival=si d=  64 mm rumbo=-1472 cdeg  linea=0x0
[gelatina] t=    7 ms  ATTACK       rival=si d=  83 mm rumbo=   +0 cdeg  linea=0x0
[rival] t=    7 ms  ATTACK       rival=si d=  64 mm rumbo=-1472 cdeg  linea=0x0
WARNING: Contact joints between materials 'patin' and 'dohyo' will only be created for the 10 deepest contact points instead of all the 101 contact points.
[rival] t=  143 ms  EDGE_ESCAPE  rival=si d= 272 mm rumbo=-3319 cdeg  linea=0x2
[rival] t=  815 ms  SEARCH       rival=si d=  41 mm rumbo=-2588 cdeg  linea=0x2
[rival] t=  823 ms  TRACK        rival=si d= 189 mm rumbo=-4415 cdeg  linea=0x2
[rival] t=  832 ms  ATTACK       rival=si d= 189 mm rumbo=-4415 cdeg  linea=0x2
[rival] t=  960 ms  EDGE_ESCAPE  rival=si d= 186 mm rumbo=-4402 cdeg  linea=0x2
WARNING: Contact joints between materials 'patin' and 'dohyo' will only be created for the 10 deepest contact points instead of all the 101 contact points.
[rival] t= 1448 ms  ATTACK       rival=si d=  46 mm rumbo=-1337 cdeg  linea=0x2
[rival] t= 1479 ms  EDGE_ESCAPE  rival=si d=  50 mm rumbo=-2575 cdeg  linea=0x2
[rival] t= 1847 ms  ATTACK       rival=si d=  49 mm rumbo=-1308 cdeg  linea=0x3
[rival] t= 1911 ms  EDGE_ESCAPE  rival=si d= 201 mm rumbo=-4342 cdeg  linea=0x3
[rival] t= 1943 ms  ATTACK       rival=si d=  38 mm rumbo=-2494 cdeg  linea=0x3
[rival] t= 1975 ms  EDGE_ESCAPE  rival=si d= 226 mm rumbo=-4360 cdeg  linea=0x3
[rival] t= 2007 ms  ATTACK       rival=si d=  36 mm rumbo=-2374 cdeg  linea=0x3
[rival] t= 2039 ms  EDGE_ESCAPE  rival=si d=  36 mm rumbo=-2526 cdeg  linea=0x3
WARNING: Contact joints between materials 'rueda' and 'dohyo' will only be created for the 10 deepest contact points instead of all the 11 contact points.
[rival] t= 2704 ms  SEARCH       rival=si d= 210 mm rumbo=-1472 cdeg  linea=0x1
[rival] t= 2711 ms  TRACK        rival=si d= 210 mm rumbo=-1472 cdeg  linea=0x1
[rival] t= 2719 ms  ATTACK       rival=si d= 210 mm rumbo=-1472 cdeg  linea=0x1
[rival] t= 2847 ms  EDGE_ESCAPE  rival=si d= 188 mm rumbo=-2748 cdeg  linea=0x1
WARNING: Contact joints between materials 'patin' and 'dohyo' will only be created for the 10 deepest contact points instead of all the 102 contact points.
[rival] t= 3512 ms  SEARCH       rival=si d=  47 mm rumbo=-1288 cdeg  linea=0x1
[rival] t= 3519 ms  TRACK        rival=si d=  47 mm rumbo=-1288 cdeg  linea=0x1
[rival] t= 3527 ms  ATTACK       rival=si d=  42 mm rumbo=-1323 cdeg  linea=0x1
[rival] t= 3655 ms  EDGE_ESCAPE  rival=si d=  44 mm rumbo=-1295 cdeg  linea=0x1
[rival] t= 3735 ms  ATTACK       rival=si d=  35 mm rumbo=-1295 cdeg  linea=0x1
WARNING: Contact joints between materials 'patin' and 'dohyo' will only be created for the 10 deepest contact points instead of all the 101 contact points.
[rival] t= 4207 ms  EDGE_ESCAPE  rival=si d= 242 mm rumbo=-3098 cdeg  linea=0x1
[rival] t= 4287 ms  ATTACK       rival=si d=  47 mm rumbo=-1326 cdeg  linea=0x1
[rival] t= 4455 ms  EDGE_ESCAPE  rival=si d=  37 mm rumbo=-2560 cdeg  linea=0x1
[rival] t= 4487 ms  ATTACK       rival=si d=  44 mm rumbo=-2378 cdeg  linea=0x1
[rival] t= 4599 ms  EDGE_ESCAPE  rival=si d= 250 mm rumbo=-3359 cdeg  linea=0x1
[rival] t= 4615 ms  ATTACK       rival=si d=  43 mm rumbo=-1483 cdeg  linea=0x1
[rival] t= 4751 ms  EDGE_ESCAPE  rival=si d=  37 mm rumbo=-2522 cdeg  linea=0x1
[rival] t= 4919 ms  ATTACK       rival=si d=  29 mm rumbo=-1333 cdeg  linea=0x2
[rival] t= 4943 ms  EDGE_ESCAPE  rival=si d=  35 mm rumbo=-2539 cdeg  linea=0x2
[rival] t= 4975 ms  ATTACK       rival=si d=  32 mm rumbo=-1244 cdeg  linea=0x1
WARNING: Contact joints between materials 'patin' and 'dohyo' will only be created for the 10 deepest contact points instead of all the 101 contact points.
[rival] t= 5735 ms  EDGE_ESCAPE  rival=si d= 206 mm rumbo=-2900 cdeg  linea=0x3
WARNING: Contact joints between materials 'patin' and 'dohyo' will only be created for the 10 deepest contact points instead of all the 101 contact points.
[rival] t= 6399 ms  SEARCH       rival=si d= 221 mm rumbo=-1419 cdeg  linea=0x0
[rival] t= 6407 ms  TRACK        rival=si d= 221 mm rumbo=-1419 cdeg  linea=0x0
[rival] t= 6416 ms  ATTACK       rival=si d= 221 mm rumbo=-1419 cdeg  linea=0x0
[rival] t= 7071 ms  EDGE_ESCAPE  rival=si d= 203 mm rumbo=-1465 cdeg  linea=0x2
WARNING: Contact joints between materials 'patin' and 'dohyo' will only be created for the 10 deepest contact points instead of all the 101 contact points.
[rival] t= 7735 ms  SEARCH       rival=si d= 239 mm rumbo=-1513 cdeg  linea=0x0
[rival] t= 7743 ms  TRACK        rival=si d= 239 mm rumbo=-1513 cdeg  linea=0x0
[rival] t= 7751 ms  ATTACK       rival=si d= 241 mm rumbo=-1485 cdeg  linea=0x0
[rival] t= 7879 ms  EDGE_ESCAPE  rival=si d= 180 mm rumbo=-2913 cdeg  linea=0x2
WARNING: Contact joints between materials 'patin' and 'dohyo' will only be created for the 10 deepest contact points instead of all the 101 contact points.
[rival] t= 8544 ms  SEARCH       rival=si d= 187 mm rumbo=-2885 cdeg  linea=0x2
[rival] t= 8551 ms  TRACK        rival=si d= 187 mm rumbo=-2885 cdeg  linea=0x2
[rival] t= 8559 ms  ATTACK       rival=si d= 187 mm rumbo=-2885 cdeg  linea=0x2
[rival] t= 8687 ms  EDGE_ESCAPE  rival=si d= 176 mm rumbo=-2895 cdeg  linea=0x2
WARNING: Contact joints between materials 'patin' and 'dohyo' will only be created for the 10 deepest contact points instead of all the 101 contact points.
[rival] t= 9351 ms  SEARCH       rival=si d= 249 mm rumbo=-1437 cdeg  linea=0x0
[rival] t= 9359 ms  TRACK        rival=si d= 249 mm rumbo=-1437 cdeg  linea=0x0
[rival] t= 9367 ms  ATTACK       rival=si d= 256 mm rumbo=-1474 cdeg  linea=0x0
[rival] t= 9583 ms  EDGE_ESCAPE  rival=si d= 252 mm rumbo=-1476 cdeg  linea=0x2
WARNING: Contact joints between materials 'patin' and 'dohyo' will only be created for the 10 deepest contact points instead of all the 101 contact points.
[rival] t=10247 ms  SEARCH       rival=si d= 229 mm rumbo=-1411 cdeg  linea=0x0
[rival] t=10255 ms  TRACK        rival=si d= 221 mm rumbo=   +0 cdeg  linea=0x0
[rival] t=10263 ms  ATTACK       rival=si d= 221 mm rumbo=   +0 cdeg  linea=0x0
[rival] t=10911 ms  EDGE_ESCAPE  rival=si d= 224 mm rumbo=-1501 cdeg  linea=0x3
WARNING: DEF RIVAL GelatinaNuclear > HingeJoint "rueda_izq" > RotationalMotor "motor_izq": The requested motor torque -0.3052 exceeds 'maxTorque' = 0.25
WARNING: Contact joints between materials 'patin' and 'dohyo' will only be created for the 10 deepest contact points instead of all the 102 contact points.
[gelatina] t=11423 ms  EDGE_ESCAPE  rival=si d=  27 mm rumbo=   +0 cdeg  linea=0x8
[rival] t=11575 ms  SEARCH       rival=si d= 743 mm rumbo=-6000 cdeg  linea=0x4
[rival] t=11583 ms  TRACK        rival=si d= 743 mm rumbo=-6000 cdeg  linea=0x4
[rival] t=11719 ms  EDGE_ESCAPE  rival=si d= 743 mm rumbo=-6000 cdeg  linea=0x4
[arbitro] asalto 10/30  frente   rival fuera     +1  12.02 s
[inercia] asalto=10 robot=GELATINA rueda=0 rotor=1.29774204e-05
[inercia] asalto=10 robot=GELATINA rueda=1 rotor=2.5496477e-05
[inercia] asalto=10 robot=RIVAL rueda=0 rotor=3.04455067e-05
[inercia] asalto=10 robot=RIVAL rueda=1 rotor=3.42000178e-05
[planta] asalto=10 mu=1.40963463 slip=0.000815753222 aleatorio=1
[gelatina] fin de asalto motor={"battery_v":7.71389326,"resistance_ohm":[3.71337938,4.38434691],"bridge_ohm":[0.670534432,0.617152393],"omega_rad_s":[-62.2986016,54.5624955],"current_a":[-0.425267899,0.305228744],"torque_nm":[-0.0137656605,0.00580849381],"applied_pwm":[-0.850000024,0.850000024],"over_1_2a_samples":131,"over_3_2a_samples":0}
[gelatina] t=    0 ms  WAIT         rival=no d=9999 mm rumbo=-6000 cdeg  linea=0x0
[rival] fin de asalto motor={"battery_v":8.34476242,"resistance_ohm":[4.18496747,4.35398736],"bridge_ohm":[0.605813777,0.664154279],"omega_rad_s":[90.5608726,58.5219171],"current_a":[0.371548147,0.35825788],"torque_nm":[0.00940199019,0.00775158326],"applied_pwm":[1,0.700000048],"over_1_2a_samples":901,"over_3_2a_samples":1}
[rival] t=    0 ms  WAIT         rival=si d= 651 mm rumbo=+3443 cdeg  linea=0x0
[planta] gelatina ciclo=12 rueda=0 V=7.74988215 R=4.36424079 Rpuente=0.630196774 I0=0.108301771 Ke=0.0827230054 Kt=0.0483794733
[planta] gelatina ciclo=12 rueda=1 V=7.74988215 R=4.35205426 Rpuente=0.638168538 I0=0.105612168 Ke=0.0829160018 Kt=0.0483794733
[sensores] gelatina ToF alcance=1454.77189 minimo=22.2182548 sigma_rel=0.064986105
[gelatina] pulsador recibido: permiso previsto 76488 ms
[planta] rival ciclo=12 rueda=0 V=7.47017006 R=3.82745032 Rpuente=0.542386186 I0=0.168449083 Ke=0.0899085413 Kt=0.0483794733
[planta] rival ciclo=12 rueda=1 V=7.47017006 R=3.74680791 Rpuente=0.525278199 I0=0.106690541 Ke=0.0706816333 Kt=0.0483794733
[sensores] rival ToF alcance=1421.78903 minimo=43.077755 sigma_rel=0.0661555958
[rival] pulsador recibido: permiso previsto 76488 ms
[arranque] pulsador=71488 permiso=76488 ms
[gelatina] permiso de arranque a los 76488 ms
[gelatina] t=    0 ms  TRACK        rival=si d=  81 mm rumbo=-6000 cdeg  linea=0x0
[rival] permiso de arranque a los 76488 ms
[rival] t=    0 ms  OPENING      rival=no d=9999 mm rumbo=+3443 cdeg  linea=0x0
[gelatina] t=    8 ms  ATTACK       rival=si d=  81 mm rumbo=-6000 cdeg  linea=0x0
WARNING: Contact joints between materials 'rueda' and 'dohyo' will only be created for the 10 deepest contact points instead of all the 12 contact points.
[rival] t=  424 ms  SEARCH       rival=no d=9999 mm rumbo=+3443 cdeg  linea=0x2
[rival] t=  488 ms  TRACK        rival=si d=  79 mm rumbo=-1885 cdeg  linea=0x0
[rival] t=  496 ms  ATTACK       rival=si d=  79 mm rumbo=-1885 cdeg  linea=0x0
[arbitro] asalto 11/30  lado     rival fuera     +1   0.50 s
[inercia] asalto=11 robot=GELATINA rueda=0 rotor=3.59326755e-05
[inercia] asalto=11 robot=GELATINA rueda=1 rotor=3.07028105e-05
[inercia] asalto=11 robot=RIVAL rueda=0 rotor=2.12941518e-05
[inercia] asalto=11 robot=RIVAL rueda=1 rotor=1.95678381e-05
[planta] asalto=11 mu=0.611160374 slip=6.14310503e-05 aleatorio=1
WARNING: DEF RIVAL GelatinaNuclear > HingeJoint "rueda_der" > Solid "rueda_der": Webots has detected that this solid is light and oblong according to its inertia matrix. This belongs in the physics edge cases, and can imply weird physical results. Increasing the weight of the object or reducing its eccentricity are recommended.
[gelatina] fin de asalto motor={"battery_v":7.74988215,"resistance_ohm":[4.36424079,4.35205426],"bridge_ohm":[0.630196774,0.638168538],"omega_rad_s":[43.4177767,54.6968895],"current_a":[0.530407234,0.64418662],"torque_nm":[0.02042124,0.0260559484],"applied_pwm":[0.805268347,1],"over_1_2a_samples":135,"over_3_2a_samples":0}
[gelatina] t=    0 ms  WAIT         rival=si d= 206 mm rumbo=+1449 cdeg  linea=0x0
[rival] fin de asalto motor={"battery_v":7.47017006,"resistance_ohm":[3.82745032,3.74680791],"bridge_ohm":[0.542386186,0.525278199],"omega_rad_s":[-5.02788147,63.1792278],"current_a":[-0.695736611,0.0606896696],"torque_nm":[-0.0255105927,-0.00222549793],"applied_pwm":[-0.467500031,0.632499993],"over_1_2a_samples":905,"over_3_2a_samples":1}
[rival] t=    0 ms  WAIT         rival=si d=  79 mm rumbo=-1885 cdeg  linea=0x0
[planta] gelatina ciclo=13 rueda=0 V=7.78370068 R=3.92485013 Rpuente=0.642092502 I0=0.203660962 Ke=0.0742814305 Kt=0.0483794733
[planta] gelatina ciclo=13 rueda=1 V=7.78370068 R=4.32708683 Rpuente=0.514355052 I0=0.0763649404 Ke=0.0741961264 Kt=0.0483794733
[sensores] gelatina ToF alcance=1405.5055 minimo=28.2017177 sigma_rel=0.102302175
[gelatina] pulsador recibido: permiso previsto 82296 ms
[planta] rival ciclo=13 rueda=0 V=7.35940934 R=4.20092268 Rpuente=0.654936934 I0=0.117879885 Ke=0.0912495989 Kt=0.0483794733
[planta] rival ciclo=13 rueda=1 V=7.35940934 R=4.03153186 Rpuente=0.643455923 I0=0.0930535108 Ke=0.100742583 Kt=0.0483794733
[sensores] rival ToF alcance=1160.27706 minimo=44.0702975 sigma_rel=0.092728796
[rival] pulsador recibido: permiso previsto 82296 ms
[arranque] pulsador=77296 permiso=82296 ms
[gelatina] permiso de arranque a los 82296 ms
[gelatina] t=    0 ms  OPENING      rival=no d=9999 mm rumbo=+1449 cdeg  linea=0x0
[rival] permiso de arranque a los 82296 ms
[rival] t=    0 ms  OPENING      rival=no d=9999 mm rumbo=-4490 cdeg  linea=0x0
[gelatina] t=  424 ms  SEARCH       rival=no d=9999 mm rumbo=+1449 cdeg  linea=0x0
[rival] t=  424 ms  SEARCH       rival=no d=9999 mm rumbo=-4490 cdeg  linea=0x3
[arbitro] asalto 12/30  espalda  auto-salida     -1   0.46 s
[inercia] asalto=12 robot=GELATINA rueda=0 rotor=2.88082981e-05
[inercia] asalto=12 robot=GELATINA rueda=1 rotor=2.21846125e-05
[inercia] asalto=12 robot=RIVAL rueda=0 rotor=2.02228593e-05
[inercia] asalto=12 robot=RIVAL rueda=1 rotor=1.29426815e-05
[planta] asalto=12 mu=1.27170733 slip=0.00193049967 aleatorio=1
WARNING: DEF GELATINA GelatinaNuclear > HingeJoint "rueda_izq" > Solid "rueda_izq": Webots has detected that this solid is light and oblong according to its inertia matrix. This belongs in the physics edge cases, and can imply weird physical results. Increasing the weight of the object or reducing its eccentricity are recommended.
WARNING: DEF GELATINA GelatinaNuclear > HingeJoint "rueda_der" > Solid "rueda_der": Webots has detected that this solid is light and oblong according to its inertia matrix. This belongs in the physics edge cases, and can imply weird physical results. Increasing the weight of the object or reducing its eccentricity are recommended.
[gelatina] fin de asalto motor={"battery_v":7.78370068,"resistance_ohm":[3.92485013,4.32708683],"bridge_ohm":[0.642092502,0.514355052],"omega_rad_s":[42.3599537,57.3786572],"current_a":[-0.688985653,0.137545083],"torque_nm":[-0.0431857731,0.00295986307],"applied_pwm":[0,0.632499993],"over_1_2a_samples":138,"over_3_2a_samples":0}
[gelatina] t=    0 ms  WAIT         rival=no d=9999 mm rumbo=+1449 cdeg  linea=0x0
[rival] fin de asalto motor={"battery_v":7.35940934,"resistance_ohm":[4.20092268,4.03153186],"bridge_ohm":[0.654936934,0.643455923],"omega_rad_s":[49.3913236,41.8984251],"current_a":[0.0304555534,-0.902880559],"torque_nm":[-0.00422954314,-0.0481827658],"applied_pwm":[0.632499993,0],"over_1_2a_samples":906,"over_3_2a_samples":1}
[rival] t=    0 ms  WAIT         rival=no d=9999 mm rumbo=-4490 cdeg  linea=0x4
[planta] gelatina ciclo=14 rueda=0 V=7.81968949 R=3.77571149 Rpuente=0.601754832 I0=0.171229979 Ke=0.0835035964 Kt=0.0483794733
[planta] gelatina ciclo=14 rueda=1 V=7.81968949 R=4.29479418 Rpuente=0.535371196 I0=0.146809486 Ke=0.0898969561 Kt=0.0483794733
[sensores] gelatina ToF alcance=1235.91762 minimo=28.4032965 sigma_rel=0.0526827812
[gelatina] pulsador recibido: permiso previsto 88064 ms
[planta] rival ciclo=14 rueda=0 V=7.06243634 R=4.2253078 Rpuente=0.678492641 I0=0.166264021 Ke=0.0672468628 Kt=0.0483794733
[planta] rival ciclo=14 rueda=1 V=7.06243634 R=3.72538314 Rpuente=0.599042988 I0=0.217331082 Ke=0.0752747108 Kt=0.0483794733
[sensores] rival ToF alcance=1359.72791 minimo=31.8657815 sigma_rel=0.0640428019
[rival] pulsador recibido: permiso previsto 88064 ms
[arranque] pulsador=83064 permiso=88064 ms
[gelatina] permiso de arranque a los 88064 ms
[gelatina] t=    0 ms  TRACK        rival=si d=  78 mm rumbo=-1462 cdeg  linea=0x0
[rival] permiso de arranque a los 88064 ms
[rival] t=    0 ms  TRACK        rival=si d=  83 mm rumbo=   +0 cdeg  linea=0x0
[gelatina] t=    8 ms  ATTACK       rival=si d=  78 mm rumbo=-1462 cdeg  linea=0x0
[rival] t=    8 ms  ATTACK       rival=si d=  83 mm rumbo=   +0 cdeg  linea=0x0
WARNING: Contact joints between materials 'patin' and 'dohyo' will only be created for the 10 deepest contact points instead of all the 18 contact points.
[gelatina] t=  384 ms  SEARCH       rival=no d=9999 mm rumbo=  -26 cdeg  linea=0x0
[rival] t=  384 ms  SEARCH       rival=no d=9999 mm rumbo=  -26 cdeg  linea=0x0
[rival] t=  488 ms  TRACK        rival=si d=  46 mm rumbo=-3000 cdeg  linea=0x0
[rival] t=  496 ms  ATTACK       rival=si d=  46 mm rumbo=-3000 cdeg  linea=0x0
[gelatina] t=  520 ms  TRACK        rival=si d=  47 mm rumbo=   +0 cdeg  linea=0x0
[gelatina] t=  528 ms  ATTACK       rival=si d=  47 mm rumbo=   +0 cdeg  linea=0x0
[gelatina] t= 1064 ms  EDGE_ESCAPE  rival=si d=  78 mm rumbo=-4697 cdeg  linea=0x8
[arbitro] asalto 13/30  frente   expulsado       -1   1.24 s
[inercia] asalto=13 robot=GELATINA rueda=0 rotor=2.61794023e-05
[inercia] asalto=13 robot=GELATINA rueda=1 rotor=2.46104581e-05
[inercia] asalto=13 robot=RIVAL rueda=0 rotor=2.3552737e-05
[inercia] asalto=13 robot=RIVAL rueda=1 rotor=1.04106477e-05
[planta] asalto=13 mu=1.50209305 slip=0.0014939425 aleatorio=1
[gelatina] fin de asalto motor={"battery_v":7.81968949,"resistance_ohm":[3.77571149,4.29479418],"bridge_ohm":[0.601754832,0.535371196],"omega_rad_s":[45.1980226,54.7786139],"current_a":[0.388257832,0.599411949],"torque_nm":[0.0104996932,0.0218966688],"applied_pwm":[0.700000048,1],"over_1_2a_samples":167,"over_3_2a_samples":0}
[gelatina] t=    0 ms  WAIT         rival=si d= 114 mm rumbo=-5081 cdeg  linea=0x9
[rival] fin de asalto motor={"battery_v":7.06243634,"resistance_ohm":[4.2253078,3.72538314],"bridge_ohm":[0.678492641,0.599042988],"omega_rad_s":[32.0657402,50.5653025],"current_a":[1.00047218,0.752966458],"torque_nm":[0.0403585513,0.0259137574],"applied_pwm":[1,1],"over_1_2a_samples":922,"over_3_2a_samples":1}
[rival] t=    0 ms  WAIT         rival=no d=9999 mm rumbo=   +0 cdeg  linea=0x1
WARNING: Contact joints between materials 'patin' and 'dohyo' will only be created for the 10 deepest contact points instead of all the 21 contact points.
[planta] gelatina ciclo=15 rueda=0 V=7.8535081 R=4.13632083 Rpuente=0.61365056 I0=0.11658918 Ke=0.0819797387 Kt=0.0483794733
[planta] gelatina ciclo=15 rueda=1 V=7.8535081 R=4.26982679 Rpuente=0.61155771 I0=0.117562258 Ke=0.0793098335 Kt=0.0483794733
[sensores] gelatina ToF alcance=1186.6513 minimo=34.3867594 sigma_rel=0.0899988461
[gelatina] pulsador recibido: permiso previsto 94616 ms
[planta] rival ciclo=15 rueda=0 V=7.79608055 R=3.89425573 Rpuente=0.562789214 I0=0.12998102 Ke=0.0820266753 Kt=0.0483794733
[planta] rival ciclo=15 rueda=1 V=7.79608055 R=4.28536472 Rpuente=0.640836501 I0=0.182599112 Ke=0.0697131144 Kt=0.0483794733
[sensores] rival ToF alcance=700.536126 minimo=43.0209565 sigma_rel=0.106094422
[rival] pulsador recibido: permiso previsto 94616 ms
[arranque] pulsador=89616 permiso=94616 ms
[gelatina] permiso de arranque a los 94616 ms
[gelatina] t=    0 ms  OPENING      rival=no d=9999 mm rumbo=-5081 cdeg  linea=0x0
[rival] permiso de arranque a los 94616 ms
[rival] t=    0 ms  OPENING      rival=no d=9999 mm rumbo=   +0 cdeg  linea=0x0
WARNING: Contact joints between materials 'rueda' and 'dohyo' will only be created for the 10 deepest contact points instead of all the 12 contact points.
[gelatina] t=  424 ms  SEARCH       rival=no d=9999 mm rumbo=-5081 cdeg  linea=0x3
[rival] t=  424 ms  SEARCH       rival=no d=9999 mm rumbo=   +0 cdeg  linea=0x0
[arbitro] asalto 14/30  lado     rival fuera     +1   0.46 s
[inercia] asalto=14 robot=GELATINA rueda=0 rotor=3.45519821e-05
[inercia] asalto=14 robot=GELATINA rueda=1 rotor=1.80819447e-05
[inercia] asalto=14 robot=RIVAL rueda=0 rotor=2.99833326e-05
[inercia] asalto=14 robot=RIVAL rueda=1 rotor=1.6403885e-05
[planta] asalto=14 mu=1.02143929 slip=0.00112669098 aleatorio=1
[gelatina] fin de asalto motor={"battery_v":7.8535081,"resistance_ohm":[4.13632083,4.26982679],"bridge_ohm":[0.61365056,0.61155771],"omega_rad_s":[55.2516434,47.0125268],"current_a":[0.0921749828,-0.763831587],"torque_nm":[-0.00118114598,-0.04264137],"applied_pwm":[0.632499993,0],"over_1_2a_samples":171,"over_3_2a_samples":0}
[gelatina] t=    0 ms  WAIT         rival=no d=9999 mm rumbo=-5081 cdeg  linea=0xC
[rival] fin de asalto motor={"battery_v":7.79608055,"resistance_ohm":[3.89425573,4.28536472],"bridge_ohm":[0.562789214,0.640836501],"omega_rad_s":[37.1437818,56.0035948],"current_a":[-0.683587661,0.208443756],"torque_nm":[-0.0393600243,0.00125035025],"applied_pwm":[0,0.632499993],"over_1_2a_samples":926,"over_3_2a_samples":1}
[rival] t=    0 ms  WAIT         rival=no d=9999 mm rumbo=   +0 cdeg  linea=0x0
[planta] gelatina ciclo=16 rueda=0 V=7.88949691 R=3.98718219 Rpuente=0.573312902 I0=0.084158197 Ke=0.0922485782 Kt=0.0483794733
[planta] gelatina ciclo=16 rueda=1 V=7.88949691 R=4.23753414 Rpuente=0.632573855 I0=0.188006803 Ke=0.0651499959 Kt=0.0483794733
[sensores] gelatina ToF alcance=1017.06342 minimo=34.5883363 sigma_rel=0.0403794527
[gelatina] pulsador recibido: permiso previsto 100384 ms
[planta] rival ciclo=16 rueda=0 V=7.74781677 R=3.87866006 Rpuente=0.517816639 I0=0.143965557 Ke=0.0764131643 Kt=0.0483794733
[planta] rival ciclo=16 rueda=1 V=7.74781677 R=3.68229089 Rpuente=0.565757143 I0=0.131612831 Ke=0.0819868945 Kt=0.0483794733
[sensores] rival ToF alcance=1355.56148 minimo=42.1142519 sigma_rel=0.0523576927
[rival] pulsador recibido: permiso previsto 100384 ms
[arranque] pulsador=95384 permiso=100384 ms
[gelatina] permiso de arranque a los 100384 ms
[gelatina] t=    0 ms  OPENING      rival=no d=9999 mm rumbo=-5081 cdeg  linea=0x0
[rival] permiso de arranque a los 100384 ms
[rival] t=    0 ms  OPENING      rival=no d=9999 mm rumbo=   +0 cdeg  linea=0x0
[arbitro] asalto 15/30  espalda  rival fuera     +1   0.42 s
[gelatina] t=  424 ms  TRACK        rival=si d= 284 mm rumbo=-2415 cdeg  linea=0x0
[rival] t=  424 ms  TRACK        rival=si d= 656 mm rumbo= -222 cdeg  linea=0xC
[inercia] asalto=15 robot=GELATINA rueda=0 rotor=2.06654978e-05
[inercia] asalto=15 robot=GELATINA rueda=1 rotor=2.06563488e-05
[inercia] asalto=15 robot=RIVAL rueda=0 rotor=1.85423936e-05
[inercia] asalto=15 robot=RIVAL rueda=1 rotor=9.56614619e-06
[planta] asalto=15 mu=1.51105968 slip=0.00188252878 aleatorio=1
WARNING: DEF GELATINA GelatinaNuclear > HingeJoint "rueda_izq" > Solid "rueda_izq": Webots has detected that this solid is light and oblong according to its inertia matrix. This belongs in the physics edge cases, and can imply weird physical results. Increasing the weight of the object or reducing its eccentricity are recommended.
[gelatina] fin de asalto motor={"battery_v":7.88949691,"resistance_ohm":[3.98718219,4.23753414],"bridge_ohm":[0.573312902,0.632573855],"omega_rad_s":[54.6750982,71.5704414],"current_a":[0.278017523,0.338551766],"torque_nm":[0.0093788121,0.00728328599],"applied_pwm":[0.800000012,0.800000012],"over_1_2a_samples":173,"over_3_2a_samples":0}
[gelatina] t=    0 ms  WAIT         rival=si d= 284 mm rumbo=-2415 cdeg  linea=0x0
[rival] fin de asalto motor={"battery_v":7.74781677,"resistance_ohm":[3.87866006,3.68229089],"bridge_ohm":[0.517816639,0.565757143],"omega_rad_s":[63.2102441,63.506093],"current_a":[0.311194355,0.233421598],"torque_nm":[0.00809044118,0.00492545451],"applied_pwm":[0.800000012,0.800000012],"over_1_2a_samples":928,"over_3_2a_samples":1}
[rival] t=    0 ms  WAIT         rival=si d= 656 mm rumbo= -222 cdeg  linea=0x0
[planta] gelatina ciclo=17 rueda=0 V=7.92331553 R=4.34779153 Rpuente=0.585208619 I0=0.179517388 Ke=0.0807976665 Kt=0.0483794733
[planta] gelatina ciclo=17 rueda=1 V=7.92331553 R=4.21256671 Rpuente=0.508760369 I0=0.158759567 Ke=0.085664474 Kt=0.0483794733
[sensores] gelatina ToF alcance=967.797095 minimo=40.5717993 sigma_rel=0.0776955175
[gelatina] pulsador recibido: permiso previsto 106112 ms
[planta] rival ciclo=17 rueda=0 V=7.29594277 R=3.91814804 Rpuente=0.694918168 I0=0.0852664769 Ke=0.0773898613 Kt=0.0483794733
[planta] rival ciclo=17 rueda=1 V=7.29594277 R=4.23928041 Rpuente=0.518798161 I0=0.120392793 Ke=0.0784267202 Kt=0.0483794733
[sensores] rival ToF alcance=1742.14522 minimo=20.0355053 sigma_rel=0.0591262054
[rival] pulsador recibido: permiso previsto 106112 ms
[arranque] pulsador=101112 permiso=106112 ms
[gelatina] permiso de arranque a los 106112 ms
[gelatina] t=    0 ms  TRACK        rival=si d=  72 mm rumbo=-1475 cdeg  linea=0x0
[gelatina] t=    7 ms  ATTACK       rival=si d=  72 mm rumbo=-1475 cdeg  linea=0x0
[rival] permiso de arranque a los 106112 ms
[rival] t=    0 ms  TRACK        rival=si d=  74 mm rumbo=   +0 cdeg  linea=0x0
[rival] t=    7 ms  ATTACK       rival=si d=  74 mm rumbo=   +0 cdeg  linea=0x0
WARNING: Contact joints between materials 'patin' and 'dohyo' will only be created for the 10 deepest contact points instead of all the 98 contact points.
[gelatina] t=  384 ms  SEARCH       rival=no d=9999 mm rumbo=  +33 cdeg  linea=0x0
[gelatina] t=  592 ms  TRACK        rival=si d= 112 mm rumbo=-6000 cdeg  linea=0x0
[gelatina] t=  599 ms  ATTACK       rival=si d= 112 mm rumbo=-6000 cdeg  linea=0x0
[gelatina] t=  879 ms  SEARCH       rival=no d=9999 mm rumbo=-6000 cdeg  linea=0x0
[gelatina] t=  951 ms  EDGE_ESCAPE  rival=no d=9999 mm rumbo=-6000 cdeg  linea=0x2
WARNING: Contact joints between materials 'patin' and 'dohyo' will only be created for the 10 deepest contact points instead of all the 22 contact points.
[arbitro] asalto 16/30  frente   rival fuera     +1   1.26 s
[inercia] asalto=16 robot=GELATINA rueda=0 rotor=2.09316995e-05
[inercia] asalto=16 robot=GELATINA rueda=1 rotor=2.24916315e-05
[inercia] asalto=16 robot=RIVAL rueda=0 rotor=3.16966429e-05
[inercia] asalto=16 robot=RIVAL rueda=1 rotor=1.66253652e-05
[planta] asalto=16 mu=1.26236883 slip=0.00149793386 aleatorio=1
[gelatina] fin de asalto motor={"battery_v":7.92331553,"resistance_ohm":[4.34779153,4.21256671],"bridge_ohm":[0.585208619,0.508760369],"omega_rad_s":[-53.6976979,-20.8222313],"current_a":[-0.48574288,-0.46129673],"torque_nm":[-0.014815028,-0.0146365886],"applied_pwm":[-0.850000024,-0.50000006],"over_1_2a_samples":214,"over_3_2a_samples":0}
[gelatina] t=    0 ms  WAIT         rival=no d=9999 mm rumbo=-6000 cdeg  linea=0x0
[rival] fin de asalto motor={"battery_v":7.29594277,"resistance_ohm":[3.91814804,4.23928041],"bridge_ohm":[0.694918168,0.518798161],"omega_rad_s":[35.9608253,69.7465244],"current_a":[0.97829488,-0.0271483752],"torque_nm":[0.0432042438,-0.00713796403],"applied_pwm":[0.99999994,0.732025623],"over_1_2a_samples":937,"over_3_2a_samples":1}
[rival] t=    0 ms  WAIT         rival=no d=9999 mm rumbo=-1994 cdeg  linea=0x0
[planta] gelatina ciclo=18 rueda=0 V=7.95930433 R=4.19865294 Rpuente=0.544870961 I0=0.147086406 Ke=0.0916978946 Kt=0.0483794733
[planta] gelatina ciclo=18 rueda=1 V=7.95930433 R=4.18027406 Rpuente=0.529776514 I0=0.0792041212 Ke=0.0778942518 Kt=0.0483794733
[sensores] gelatina ToF alcance=798.209214 minimo=40.773378 sigma_rel=0.108076124
[gelatina] pulsador recibido: permiso previsto 112688 ms
[planta] rival ciclo=18 rueda=0 V=7.81246369 R=3.69461522 Rpuente=0.516939795 I0=0.197135711 Ke=0.0663764302 Kt=0.0483794733
[planta] rival ciclo=18 rueda=1 V=7.81246369 R=3.95983534 Rpuente=0.695058787 I0=0.139133093 Ke=0.0787810917 Kt=0.0483794733
[sensores] rival ToF alcance=1259.21922 minimo=42.7517486 sigma_rel=0.0483312178
[rival] pulsador recibido: permiso previsto 112688 ms
[arranque] pulsador=107688 permiso=112688 ms
[gelatina] permiso de arranque a los 112688 ms
[gelatina] t=    0 ms  OPENING      rival=no d=9999 mm rumbo=-6000 cdeg  linea=0x0
[rival] permiso de arranque a los 112688 ms
[rival] t=    0 ms  OPENING      rival=no d=9999 mm rumbo=-1994 cdeg  linea=0x0
WARNING: Contact joints between materials 'rueda' and 'dohyo' will only be created for the 10 deepest contact points instead of all the 12 contact points.
[gelatina] t=  424 ms  SEARCH       rival=no d=9999 mm rumbo=-6000 cdeg  linea=0x0
[rival] t=  424 ms  SEARCH       rival=no d=9999 mm rumbo=-1994 cdeg  linea=0x0
[gelatina] t=  488 ms  TRACK        rival=si d= 290 mm rumbo=-2559 cdeg  linea=0xC
[rival] t=  488 ms  TRACK        rival=si d= 313 mm rumbo=+3292 cdeg  linea=0x4
[arbitro] asalto 17/30  lado     auto-salida     -1   0.49 s
[inercia] asalto=17 robot=GELATINA rueda=0 rotor=2.68466882e-05
[inercia] asalto=17 robot=GELATINA rueda=1 rotor=1.11827908e-05
[inercia] asalto=17 robot=RIVAL rueda=0 rotor=1.69576362e-05
[inercia] asalto=17 robot=RIVAL rueda=1 rotor=1.48041093e-05
[planta] asalto=17 mu=0.6016011 slip=0.000702346206 aleatorio=1
WARNING: DEF RIVAL GelatinaNuclear > HingeJoint "rueda_izq" > Solid "rueda_izq": Webots has detected that this solid is light and oblong according to its inertia matrix. This belongs in the physics edge cases, and can imply weird physical results. Increasing the weight of the object or reducing its eccentricity are recommended.
[gelatina] fin de asalto motor={"battery_v":7.95930433,"resistance_ohm":[4.19865294,4.18027406],"bridge_ohm":[0.544870961,0.529776514],"omega_rad_s":[45.3547442,-8.72386374],"current_a":[0.184530615,-0.645733233],"torque_nm":[0.0018115311,-0.0274083803],"applied_pwm":[0.632499993,-0.467500031],"over_1_2a_samples":217,"over_3_2a_samples":0}
[gelatina] t=    0 ms  WAIT         rival=si d= 290 mm rumbo=-2559 cdeg  linea=0x4
[rival] fin de asalto motor={"battery_v":7.81246369,"resistance_ohm":[3.69461522,3.95983534],"bridge_ohm":[0.516939795,0.695058787],"omega_rad_s":[53.7720098,27.7114197],"current_a":[0.325815328,-1.25361883],"torque_nm":[0.00622545209,-0.0673806043],"applied_pwm":[0.632499993,-0.467500031],"over_1_2a_samples":944,"over_3_2a_samples":1}
[rival] t=    0 ms  WAIT         rival=si d= 313 mm rumbo=+3292 cdeg  linea=0x0
[planta] gelatina ciclo=19 rueda=0 V=7.99312286 R=3.75926223 Rpuente=0.556766689 I0=0.092445606 Ke=0.0913266611 Kt=0.0483794733
[planta] gelatina ciclo=19 rueda=1 V=7.99312286 R=4.15530663 Rpuente=0.605963027 I0=0.199956885 Ke=0.0937386803 Kt=0.0483794733
[sensores] gelatina ToF alcance=748.942816 minimo=46.7568409 sigma_rel=0.0653921938
[gelatina] pulsador recibido: permiso previsto 118488 ms
[planta] rival ciclo=19 rueda=0 V=7.5843847 R=3.91543999 Rpuente=0.586867845 I0=0.195023435 Ke=0.0806786317 Kt=0.0483794733
[planta] rival ciclo=19 rueda=1 V=7.5843847 R=4.33976283 Rpuente=0.592389929 I0=0.0760527223 Ke=0.0980154323 Kt=0.0483794733
[sensores] rival ToF alcance=1366.31159 minimo=24.62511 sigma_rel=0.0926982117
[rival] pulsador recibido: permiso previsto 118488 ms
[arranque] pulsador=113488 permiso=118488 ms
[gelatina] permiso de arranque a los 118488 ms
[gelatina] t=    0 ms  OPENING      rival=no d=9999 mm rumbo=-4570 cdeg  linea=0x0
[rival] permiso de arranque a los 118488 ms
[rival] t=    0 ms  OPENING      rival=no d=9999 mm rumbo=+3292 cdeg  linea=0x0
[gelatina] t=  424 ms  SEARCH       rival=no d=9999 mm rumbo=-4570 cdeg  linea=0x1
[rival] t=  424 ms  SEARCH       rival=no d=9999 mm rumbo=+3292 cdeg  linea=0x3
[gelatina] t=  488 ms  TRACK        rival=si d= 247 mm rumbo=+2276 cdeg  linea=0x0
[rival] t=  488 ms  TRACK        rival=si d= 222 mm rumbo=+1823 cdeg  linea=0xC
[arbitro] asalto 18/30  espalda  rival fuera     +1   0.49 s
[gelatina] t=  496 ms  ATTACK       rival=si d= 247 mm rumbo=+2276 cdeg  linea=0x0
[rival] t=  496 ms  ATTACK       rival=si d= 222 mm rumbo=+1823 cdeg  linea=0x0
[inercia] asalto=18 robot=GELATINA rueda=0 rotor=2.25404198e-05
[inercia] asalto=18 robot=GELATINA rueda=1 rotor=2.56114295e-05
[inercia] asalto=18 robot=RIVAL rueda=0 rotor=2.46049333e-05
[inercia] asalto=18 robot=RIVAL rueda=1 rotor=3.5543922e-05
[planta] asalto=18 mu=0.844635224 slip=0.00154555714 aleatorio=1
[gelatina] fin de asalto motor={"battery_v":7.99312286,"resistance_ohm":[3.75926223,4.15530663],"bridge_ohm":[0.556766689,0.605963027],"omega_rad_s":[49.1510872,-19.0351763],"current_a":[0.131334956,-0.410069797],"torque_nm":[0.00188144628,-0.010165152],"applied_pwm":[0.632499993,-0.467500031],"over_1_2a_samples":219,"over_3_2a_samples":0}
[gelatina] t=    0 ms  WAIT         rival=si d= 247 mm rumbo=+2276 cdeg  linea=0x0
[rival] fin de asalto motor={"battery_v":7.5843847,"resistance_ohm":[3.91543999,4.33976283],"bridge_ohm":[0.586867845,0.592389929],"omega_rad_s":[-22.4206684,43.40711],"current_a":[-0.385764656,0.110004017],"torque_nm":[-0.00922795981,0.00164254576],"applied_pwm":[-0.467500031,0.632499993],"over_1_2a_samples":944,"over_3_2a_samples":1}
[rival] t=    0 ms  WAIT         rival=si d= 222 mm rumbo=+1823 cdeg  linea=0x0
[planta] gelatina ciclo=20 rueda=0 V=8.02911175 R=3.61012363 Rpuente=0.516429031 I0=0.210014623 Ke=0.0936193282 Kt=0.0483794733
[planta] gelatina ciclo=20 rueda=1 V=8.02911175 R=4.12301402 Rpuente=0.626979172 I0=0.12040143 Ke=0.0837847377 Kt=0.0483794733
[sensores] gelatina ToF alcance=1879.35494 minimo=46.9584197 sigma_rel=0.0957727957
[gelatina] pulsador recibido: permiso previsto 124288 ms
[planta] rival ciclo=20 rueda=0 V=7.18980441 R=4.06803827 Rpuente=0.515953016 I0=0.11582112 Ke=0.0819734825 Kt=0.0483794733
[planta] rival ciclo=20 rueda=1 V=7.18980441 R=3.79150333 Rpuente=0.687746608 I0=0.212566745 Ke=0.0740779743 Kt=0.0483794733
[sensores] rival ToF alcance=1307.80552 minimo=44.8006952 sigma_rel=0.0580336189
[rival] pulsador recibido: permiso previsto 124288 ms
[arranque] pulsador=119288 permiso=124288 ms
[gelatina] permiso de arranque a los 124288 ms
[gelatina] t=    0 ms  TRACK        rival=si d=  67 mm rumbo=-1466 cdeg  linea=0x0
[rival] permiso de arranque a los 124288 ms
[rival] t=    0 ms  TRACK        rival=si d=  71 mm rumbo=+1463 cdeg  linea=0x0
[gelatina] t=    8 ms  ATTACK       rival=si d=  67 mm rumbo=-1466 cdeg  linea=0x0
[rival] t=    8 ms  ATTACK       rival=si d=  71 mm rumbo=+1463 cdeg  linea=0x0
WARNING: Contact joints between materials 'patin' and 'dohyo' will only be created for the 10 deepest contact points instead of all the 53 contact points.
[gelatina] t=  384 ms  SEARCH       rival=no d=9999 mm rumbo=  -56 cdeg  linea=0x0
[gelatina] t=  528 ms  TRACK        rival=si d=  51 mm rumbo=-3000 cdeg  linea=0x0
[gelatina] t=  536 ms  ATTACK       rival=si d=  51 mm rumbo=-3000 cdeg  linea=0x0
[gelatina] t=  816 ms  SEARCH       rival=no d=9999 mm rumbo=-3000 cdeg  linea=0x0
[gelatina] t= 1016 ms  TRACK        rival=si d=  50 mm rumbo=-3000 cdeg  linea=0x0
[gelatina] t= 1024 ms  ATTACK       rival=si d=  50 mm rumbo=-3000 cdeg  linea=0x0
WARNING: Contact joints between materials 'patin' and 'dohyo' will only be created for the 10 deepest contact points instead of all the 102 contact points.
[gelatina] t= 1312 ms  SEARCH       rival=no d=9999 mm rumbo=-3000 cdeg  linea=0x0
[gelatina] t= 1544 ms  TRACK        rival=si d=  71 mm rumbo=   +0 cdeg  linea=0x0
[gelatina] t= 1552 ms  ATTACK       rival=si d=  71 mm rumbo=   +0 cdeg  linea=0x0
[gelatina] t= 1832 ms  SEARCH       rival=no d=9999 mm rumbo=   +0 cdeg  linea=0x0
[gelatina] t= 2136 ms  TRACK        rival=si d= 182 mm rumbo=+6000 cdeg  linea=0x0
[gelatina] t= 2144 ms  ATTACK       rival=si d= 182 mm rumbo=+6000 cdeg  linea=0x0
WARNING: Contact joints between materials 'patin' and 'dohyo' will only be created for the 10 deepest contact points instead of all the 102 contact points.
[gelatina] t= 2528 ms  SEARCH       rival=no d=9999 mm rumbo=-6000 cdeg  linea=0x0
[gelatina] t= 2536 ms  TRACK        rival=si d= 222 mm rumbo=-6000 cdeg  linea=0x0
[gelatina] t= 2544 ms  ATTACK       rival=si d= 222 mm rumbo=-6000 cdeg  linea=0x0
WARNING: Contact joints between materials 'patin' and 'dohyo' will only be created for the 10 deepest contact points instead of all the 102 contact points.
[gelatina] t= 3616 ms  SEARCH       rival=no d=9999 mm rumbo=+3000 cdeg  linea=0x0
[gelatina] t= 3824 ms  TRACK        rival=si d=  44 mm rumbo=   +0 cdeg  linea=0x0
[gelatina] t= 3832 ms  ATTACK       rival=si d=  44 mm rumbo=   +0 cdeg  linea=0x0
WARNING: Contact joints between materials 'patin' and 'dohyo' will only be created for the 10 deepest contact points instead of all the 102 contact points.
[gelatina] t= 4608 ms  SEARCH       rival=no d=9999 mm rumbo=+3000 cdeg  linea=0x0
[gelatina] t= 4816 ms  TRACK        rival=si d=  48 mm rumbo=-6000 cdeg  linea=0x0
[gelatina] t= 4824 ms  ATTACK       rival=si d=  48 mm rumbo=-6000 cdeg  linea=0x0
[gelatina] t= 5104 ms  SEARCH       rival=no d=9999 mm rumbo=-6000 cdeg  linea=0x0
WARNING: Contact joints between materials 'patin' and 'dohyo' will only be created for the 10 deepest contact points instead of all the 102 contact points.
[gelatina] t= 5208 ms  TRACK        rival=si d= 142 mm rumbo=-6000 cdeg  linea=0x0
[gelatina] t= 5215 ms  ATTACK       rival=si d= 142 mm rumbo=-6000 cdeg  linea=0x0
[gelatina] t= 6032 ms  EDGE_ESCAPE  rival=si d=  51 mm rumbo=-6000 cdeg  linea=0x8
[rival] t= 6160 ms  SEARCH       rival=no d=9999 mm rumbo=+6000 cdeg  linea=0xA
[rival] t= 6232 ms  TRACK        rival=si d= 432 mm rumbo=+6000 cdeg  linea=0x0
WARNING: Contact joints between materials 'patin' and 'dohyo' will only be created for the 10 deepest contact points instead of all the 18 contact points.
[arbitro] asalto 19/30  frente   rival fuera     +1   6.38 s
[inercia] asalto=19 robot=GELATINA rueda=0 rotor=3.56502855e-05
[inercia] asalto=19 robot=GELATINA rueda=1 rotor=2.84224543e-05
[inercia] asalto=19 robot=RIVAL rueda=0 rotor=2.59446371e-05
[inercia] asalto=19 robot=RIVAL rueda=1 rotor=2.11662378e-05
[planta] asalto=19 mu=1.07916555 slip=0.000595489621 aleatorio=1
WARNING: DEF RIVAL GelatinaNuclear > HingeJoint "rueda_der" > Solid "rueda_der": Webots has detected that this solid is light and oblong according to its inertia matrix. This belongs in the physics edge cases, and can imply weird physical results. Increasing the weight of the object or reducing its eccentricity are recommended.
[gelatina] fin de asalto motor={"battery_v":8.02911175,"resistance_ohm":[3.61012363,4.12301402],"bridge_ohm":[0.516429031,0.626979172],"omega_rad_s":[6.9856107,68.4738784],"current_a":[-0.742198531,0.228985431],"torque_nm":[-0.0460675535,0.00525323677],"applied_pwm":[-0.299999952,0.850000024],"over_1_2a_samples":267,"over_3_2a_samples":0}
[gelatina] t=    0 ms  WAIT         rival=no d=9999 mm rumbo=-6000 cdeg  linea=0x0
[rival] fin de asalto motor={"battery_v":7.18980441,"resistance_ohm":[4.06803827,3.79150333],"bridge_ohm":[0.515953016,0.687746608],"omega_rad_s":[-6.31354669,80.0453807],"current_a":[-0.0909973653,0.281342809],"torque_nm":[0.00120092341,0.00332734974],"applied_pwm":[-0.129999995,1],"over_1_2a_samples":1284,"over_3_2a_samples":1}
[rival] t=    0 ms  WAIT         rival=no d=9999 mm rumbo=+6000 cdeg  linea=0x0
[planta] gelatina ciclo=21 rueda=0 V=8.06293029 R=3.97073298 Rpuente=0.528324747 I0=0.155373824 Ke=0.0909510855 Kt=0.0483794733
[planta] gelatina ciclo=21 rueda=1 V=8.06293029 R=4.09804659 Rpuente=0.503165686 I0=0.0911542028 Ke=0.0747389617 Kt=0.0483794733
[sensores] gelatina ToF alcance=1830.08862 minimo=22.9418826 sigma_rel=0.0530888653
[gelatina] pulsador recibido: permiso previsto 135976 ms
[planta] rival ciclo=21 rueda=0 V=7.15712184 R=4.22095814 Rpuente=0.644258213 I0=0.12137703 Ke=0.0816681165 Kt=0.0483794733
[planta] rival ciclo=21 rueda=1 V=7.15712184 R=4.00081563 Rpuente=0.660281038 I0=0.121148506 Ke=0.0779330288 Kt=0.0483794733
[sensores] rival ToF alcance=1046.47231 minimo=42.354129 sigma_rel=0.0780528402
[rival] pulsador recibido: permiso previsto 135976 ms
[arranque] pulsador=130976 permiso=135976 ms
[gelatina] permiso de arranque a los 135976 ms
[gelatina] t=    0 ms  OPENING      rival=no d=9999 mm rumbo=-6000 cdeg  linea=0x0
[rival] permiso de arranque a los 135976 ms
[rival] t=    0 ms  OPENING      rival=no d=9999 mm rumbo=+6000 cdeg  linea=0x0
WARNING: Contact joints between materials 'rueda' and 'dohyo' will only be created for the 10 deepest contact points instead of all the 12 contact points.
[gelatina] t=  424 ms  SEARCH       rival=no d=9999 mm rumbo=-6000 cdeg  linea=0x2
[rival] t=  424 ms  SEARCH       rival=no d=9999 mm rumbo=+6000 cdeg  linea=0x0
[gelatina] t=  488 ms  TRACK        rival=si d= 106 mm rumbo=-1879 cdeg  linea=0x0
[rival] t=  488 ms  TRACK        rival=si d= 719 mm rumbo= -864 cdeg  linea=0xC
[gelatina] t=  496 ms  ATTACK       rival=si d= 106 mm rumbo=-1879 cdeg  linea=0x0
[arbitro] asalto 20/30  lado     auto-salida     -1   0.49 s
[inercia] asalto=20 robot=GELATINA rueda=0 rotor=3.43606977e-05
[inercia] asalto=20 robot=GELATINA rueda=1 rotor=3.12603291e-05
[inercia] asalto=20 robot=RIVAL rueda=0 rotor=9.26263064e-06
[inercia] asalto=20 robot=RIVAL rueda=1 rotor=1.42282911e-05
[planta] asalto=20 mu=1.20134381 slip=0.000236595631 aleatorio=1
WARNING: DEF GELATINA GelatinaNuclear > HingeJoint "rueda_izq" > Solid "rueda_izq": Webots has detected that this solid is light and oblong according to its inertia matrix. This belongs in the physics edge cases, and can imply weird physical results. Increasing the weight of the object or reducing its eccentricity are recommended.
[gelatina] fin de asalto motor={"battery_v":8.06293029,"resistance_ohm":[3.97073298,4.09804659],"bridge_ohm":[0.528324747,0.503165686],"omega_rad_s":[56.3379453,6.73715976],"current_a":[-0.00537755602,-0.928657108],"torque_nm":[-0.00777706709,-0.0493379217],"applied_pwm":[0.632499993,-0.467500031],"over_1_2a_samples":270,"over_3_2a_samples":0}
[gelatina] t=    0 ms  WAIT         rival=si d= 106 mm rumbo=-1879 cdeg  linea=0x0
[rival] fin de asalto motor={"battery_v":7.15712184,"resistance_ohm":[4.22095814,4.00081563],"bridge_ohm":[0.644258213,0.660281038],"omega_rad_s":[-2.49368478,49.4172637],"current_a":[-0.645870587,0.144953543],"torque_nm":[-0.0254543173,0.00115167517],"applied_pwm":[-0.467500031,0.632499993],"over_1_2a_samples":1285,"over_3_2a_samples":1}
[rival] t=    0 ms  WAIT         rival=si d= 719 mm rumbo= -864 cdeg  linea=0xC
[planta] gelatina ciclo=22 rueda=0 V=8.09891918 R=3.82159433 Rpuente=0.687987089 I0=0.122942841 Ke=0.0686880602 Kt=0.0483794733
[planta] gelatina ciclo=22 rueda=1 V=8.09891918 R=4.06575394 Rpuente=0.524181831 I0=0.161598748 Ke=0.0911811254 Kt=0.0483794733
[sensores] gelatina ToF alcance=1660.50074 minimo=23.1434596 sigma_rel=0.0834694672
[gelatina] pulsador recibido: permiso previsto 141776 ms
[planta] rival ciclo=22 rueda=0 V=7.89076605 R=3.88990607 Rpuente=0.528554785 I0=0.0850940287 Ke=0.102339163 Kt=0.0483794733
[planta] rival ciclo=22 rueda=1 V=7.89076605 R=3.76079721 Rpuente=0.502074564 I0=0.0864165455 Ke=0.074028238 Kt=0.0483794733
[sensores] rival ToF alcance=1687.28053 minimo=23.5093021 sigma_rel=0.0401044607
[rival] pulsador recibido: permiso previsto 141776 ms
[arranque] pulsador=136776 permiso=141776 ms
[gelatina] permiso de arranque a los 141776 ms
[gelatina] t=    0 ms  OPENING      rival=no d=9999 mm rumbo=-4516 cdeg  linea=0x0
[rival] permiso de arranque a los 141776 ms
[rival] t=    0 ms  OPENING      rival=no d=9999 mm rumbo=-3000 cdeg  linea=0x0
WARNING: Contact joints between materials 'patin' and 'dohyo' will only be created for the 10 deepest contact points instead of all the 16 contact points.
[arbitro] asalto 21/30  espalda  rival fuera     +1   0.42 s
[gelatina] t=  424 ms  TRACK        rival=si d= 158 mm rumbo=+1974 cdeg  linea=0x0
[rival] t=  424 ms  TRACK        rival=si d=  80 mm rumbo=-1872 cdeg  linea=0x0
[inercia] asalto=21 robot=GELATINA rueda=0 rotor=2.41761752e-05
[inercia] asalto=21 robot=GELATINA rueda=1 rotor=2.18299767e-05
[inercia] asalto=21 robot=RIVAL rueda=0 rotor=2.12558225e-05
[inercia] asalto=21 robot=RIVAL rueda=1 rotor=2.09447334e-05
[planta] asalto=21 mu=1.16233686 slip=3.54218483e-05 aleatorio=1
WARNING: DEF GELATINA GelatinaNuclear > HingeJoint "rueda_izq" > Solid "rueda_izq": Webots has detected that this solid is light and oblong according to its inertia matrix. This belongs in the physics edge cases, and can imply weird physical results. Increasing the weight of the object or reducing its eccentricity are recommended.
WARNING: DEF GELATINA GelatinaNuclear > HingeJoint "rueda_der" > Solid "rueda_der": Webots has detected that this solid is light and oblong according to its inertia matrix. This belongs in the physics edge cases, and can imply weird physical results. Increasing the weight of the object or reducing its eccentricity are recommended.
[gelatina] fin de asalto motor={"battery_v":8.09891918,"resistance_ohm":[3.82159433,4.06575394],"bridge_ohm":[0.687987089,0.524181831],"omega_rad_s":[73.2458542,53.8467014],"current_a":[0.321098493,0.341907312],"torque_nm":[0.00958666606,0.00872323338],"applied_pwm":[0.800000012,0.800000012],"over_1_2a_samples":273,"over_3_2a_samples":0}
[gelatina] t=    0 ms  WAIT         rival=si d= 158 mm rumbo=+1974 cdeg  linea=0x0
[rival] fin de asalto motor={"battery_v":7.89076605,"resistance_ohm":[3.88990607,3.76079721],"bridge_ohm":[0.528554785,0.502074564],"omega_rad_s":[54.2151083,75.2356146],"current_a":[0.172975193,0.174308068],"torque_nm":[0.00425164444,0.00425214558],"applied_pwm":[0.800000012,0.800000012],"over_1_2a_samples":1286,"over_3_2a_samples":1}
[rival] t=    0 ms  WAIT         rival=si d=  80 mm rumbo=-1872 cdeg  linea=0x0
[planta] gelatina ciclo=23 rueda=0 V=8.13273771 R=4.18220367 Rpuente=0.699882805 I0=0.218302032 Ke=0.090068279 Kt=0.0483794733
[planta] gelatina ciclo=23 rueda=1 V=8.13273771 R=4.0407865 Rpuente=0.600368345 I0=0.132351521 Ke=0.0801447784 Kt=0.0483794733
[sensores] gelatina ToF alcance=1611.23441 minimo=29.1269225 sigma_rel=0.0407855368
[gelatina] pulsador recibido: permiso previsto 147504 ms
[planta] rival ciclo=23 rueda=0 V=8.38062681 R=4.06832638 Rpuente=0.606924069 I0=0.108852911 Ke=0.0858912756 Kt=0.0483794733
[planta] rival ciclo=23 rueda=1 V=8.38062681 R=3.66455526 Rpuente=0.623745346 I0=0.135405868 Ke=0.0937291894 Kt=0.0483794733
[sensores] rival ToF alcance=885.067499 minimo=32.9394126 sigma_rel=0.108723536
[rival] pulsador recibido: permiso previsto 147504 ms
[arranque] pulsador=142504 permiso=147504 ms
[gelatina] permiso de arranque a los 147504 ms
[gelatina] t=    0 ms  TRACK        rival=si d=  70 mm rumbo=+1505 cdeg  linea=0x0
[rival] permiso de arranque a los 147504 ms
[rival] t=    0 ms  TRACK        rival=si d=  71 mm rumbo=+1469 cdeg  linea=0x0
[gelatina] t=    8 ms  ATTACK       rival=si d=  70 mm rumbo=+1505 cdeg  linea=0x0
[rival] t=    8 ms  ATTACK       rival=si d=  71 mm rumbo=+1469 cdeg  linea=0x0
WARNING: Contact joints between materials 'patin' and 'dohyo' will only be created for the 10 deepest contact points instead of all the 291 contact points.
[rival] t=  384 ms  SEARCH       rival=no d=9999 mm rumbo=-1488 cdeg  linea=0x0
[rival] t=  456 ms  TRACK        rival=si d=  45 mm rumbo=+3000 cdeg  linea=0x0
[rival] t=  464 ms  ATTACK       rival=si d=  45 mm rumbo=+3000 cdeg  linea=0x0
[rival] t=  776 ms  SEARCH       rival=no d=9999 mm rumbo=+6000 cdeg  linea=0x0
[rival] t=  856 ms  TRACK        rival=si d= 206 mm rumbo=+6000 cdeg  linea=0x0
[rival] t=  864 ms  ATTACK       rival=si d= 206 mm rumbo=+6000 cdeg  linea=0x0
WARNING: Contact joints between materials 'rueda' and 'dohyo' will only be created for the 10 deepest contact points instead of all the 32 contact points.
[arbitro] asalto 22/30  frente   auto-salida     -1   1.45 s
[inercia] asalto=22 robot=GELATINA rueda=0 rotor=3.47288454e-05
[inercia] asalto=22 robot=GELATINA rueda=1 rotor=2.88815353e-05
[inercia] asalto=22 robot=RIVAL rueda=0 rotor=2.26690709e-05
[inercia] asalto=22 robot=RIVAL rueda=1 rotor=3.08220808e-05
[planta] asalto=22 mu=0.619500673 slip=0.00136060154 aleatorio=1
[gelatina] fin de asalto motor={"battery_v":8.13273771,"resistance_ohm":[4.18220367,4.0407865],"bridge_ohm":[0.699882805,0.600368345],"omega_rad_s":[71.4407933,86.2318766],"current_a":[0.347840707,-0.24124192],"torque_nm":[0.00626701284,-0.0180742539],"applied_pwm":[1,0.712108731],"over_1_2a_samples":306,"over_3_2a_samples":1}
[gelatina] t=    0 ms  WAIT         rival=si d= 155 mm rumbo=-6000 cdeg  linea=0x0
[rival] fin de asalto motor={"battery_v":8.38062681,"resistance_ohm":[4.06832638,3.66455526],"bridge_ohm":[0.606924069,0.623745346],"omega_rad_s":[26.8911054,72.9295099],"current_a":[0.222991086,0.360283269],"torque_nm":[0.00552194481,0.0108794502],"applied_pwm":[0.399999976,1],"over_1_2a_samples":1305,"over_3_2a_samples":1}
[rival] t=    0 ms  WAIT         rival=no d=9999 mm rumbo=+6000 cdeg  linea=0x0
[planta] gelatina ciclo=24 rueda=0 V=8.16872652 R=4.03306503 Rpuente=0.659545147 I0=0.18587105 Ke=0.0674814979 Kt=0.0483794733
[planta] gelatina ciclo=24 rueda=1 V=8.16872652 R=4.00849385 Rpuente=0.62138449 I0=0.202796066 Ke=0.0658805613 Kt=0.0483794733
[sensores] gelatina ToF alcance=1441.64653 minimo=29.3285012 sigma_rel=0.0711661434
[gelatina] pulsador recibido: permiso previsto 154264 ms
[planta] rival ciclo=24 rueda=0 V=7.43880427 R=3.66269288 Rpuente=0.615391648 I0=0.176589221 Ke=0.067912769 Kt=0.0483794733
[planta] rival ciclo=24 rueda=1 V=7.43880427 R=4.27961082 Rpuente=0.657067728 I0=0.0886220098 Ke=0.0838948678 Kt=0.0483794733
[sensores] rival ToF alcance=814.122832 minimo=37.7100253 sigma_rel=0.0649522638
[rival] pulsador recibido: permiso previsto 154264 ms
[arranque] pulsador=149264 permiso=154264 ms
[gelatina] permiso de arranque a los 154264 ms
[gelatina] t=    0 ms  OPENING      rival=no d=9999 mm rumbo=-6000 cdeg  linea=0x0
[rival] permiso de arranque a los 154264 ms
[rival] t=    0 ms  OPENING      rival=no d=9999 mm rumbo=+6000 cdeg  linea=0x0
WARNING: Contact joints between materials 'rueda' and 'dohyo' will only be created for the 10 deepest contact points instead of all the 12 contact points.
[gelatina] t=  424 ms  SEARCH       rival=no d=9999 mm rumbo=-6000 cdeg  linea=0x1
[rival] t=  424 ms  SEARCH       rival=no d=9999 mm rumbo=+6000 cdeg  linea=0x0
[gelatina] t=  488 ms  TRACK        rival=si d= 363 mm rumbo=+2507 cdeg  linea=0x0
[arbitro] asalto 23/30  lado     auto-salida     -1   0.49 s
[inercia] asalto=23 robot=GELATINA rueda=0 rotor=3.50999542e-05
[inercia] asalto=23 robot=GELATINA rueda=1 rotor=1.70414917e-05
[inercia] asalto=23 robot=RIVAL rueda=0 rotor=3.00675711e-05
[inercia] asalto=23 robot=RIVAL rueda=1 rotor=2.47809886e-05
[planta] asalto=23 mu=0.949570215 slip=0.00127460468 aleatorio=1
WARNING: DEF GELATINA GelatinaNuclear > HingeJoint "rueda_izq" > Solid "rueda_izq": Webots has detected that this solid is light and oblong according to its inertia matrix. This belongs in the physics edge cases, and can imply weird physical results. Increasing the weight of the object or reducing its eccentricity are recommended.
WARNING: DEF RIVAL GelatinaNuclear > HingeJoint "rueda_der" > Solid "rueda_der": Webots has detected that this solid is light and oblong according to its inertia matrix. This belongs in the physics edge cases, and can imply weird physical results. Increasing the weight of the object or reducing its eccentricity are recommended.
[gelatina] fin de asalto motor={"battery_v":8.16872652,"resistance_ohm":[4.03306503,4.00849385],"bridge_ohm":[0.659545147,0.62138449],"omega_rad_s":[57.2119466,3.57986459],"current_a":[0.278303877,-0.875773204],"torque_nm":[0.00447185152,-0.0521653733],"applied_pwm":[0.632499993,-0.467500031],"over_1_2a_samples":310,"over_3_2a_samples":1}
[gelatina] t=    0 ms  WAIT         rival=si d= 363 mm rumbo=+2507 cdeg  linea=0x0
[rival] fin de asalto motor={"battery_v":7.43880427,"resistance_ohm":[3.66269288,4.27961082],"bridge_ohm":[0.615391648,0.657067728],"omega_rad_s":[15.2966359,53.7741382],"current_a":[-1.05572438,0.0392307152],"torque_nm":[-0.0596186828,-0.00238952482],"applied_pwm":[-0.467500031,0.632499993],"over_1_2a_samples":1309,"over_3_2a_samples":1}
[rival] t=    0 ms  WAIT         rival=no d=9999 mm rumbo=+6000 cdeg  linea=0x2
[planta] gelatina ciclo=25 rueda=0 V=8.20254513 R=4.39367437 Rpuente=0.671440876 I0=0.13123025 Ke=0.0669557527 Kt=0.0483794733
[planta] gelatina ciclo=25 rueda=1 V=8.20254513 R=3.98352647 Rpuente=0.697571003 I0=0.17354883 Ke=0.0868823042 Kt=0.0483794733
[sensores] gelatina ToF alcance=1392.38014 minimo=35.3119642 sigma_rel=0.108482208
[gelatina] pulsador recibido: permiso previsto 160064 ms
[planta] rival ciclo=25 rueda=0 V=7.96421191 R=4.10517569 Rpuente=0.551964056 I0=0.167828563 Ke=0.0806549315 Kt=0.0483794733
[planta] rival ciclo=25 rueda=1 V=7.96421191 R=3.67243137 Rpuente=0.518191636 I0=0.147279301 Ke=0.0759574003 Kt=0.0483794733
[sensores] rival ToF alcance=1304.29261 minimo=44.8549813 sigma_rel=0.0543525887
[rival] pulsador recibido: permiso previsto 160064 ms
[arranque] pulsador=155064 permiso=160064 ms
[gelatina] permiso de arranque a los 160064 ms
[gelatina] t=    0 ms  OPENING      rival=no d=9999 mm rumbo=-3000 cdeg  linea=0x0
[rival] permiso de arranque a los 160064 ms
[rival] t=    0 ms  OPENING      rival=no d=9999 mm rumbo=+6000 cdeg  linea=0x0
[gelatina] t=  424 ms  SEARCH       rival=no d=9999 mm rumbo=-3000 cdeg  linea=0x4
[rival] t=  424 ms  SEARCH       rival=no d=9999 mm rumbo=+6000 cdeg  linea=0x8
[arbitro] asalto 24/30  espalda  auto-salida     -1   0.43 s
[inercia] asalto=24 robot=GELATINA rueda=0 rotor=9.69655949e-06
[inercia] asalto=24 robot=GELATINA rueda=1 rotor=2.4212451e-05
[inercia] asalto=24 robot=RIVAL rueda=0 rotor=3.15720313e-05
[inercia] asalto=24 robot=RIVAL rueda=1 rotor=1.12083823e-05
[planta] asalto=24 mu=1.17989329 slip=0.000279034257 aleatorio=1
WARNING: DEF GELATINA GelatinaNuclear > HingeJoint "rueda_izq" > Solid "rueda_izq": Webots has detected that this solid is light and oblong according to its inertia matrix. This belongs in the physics edge cases, and can imply weird physical results. Increasing the weight of the object or reducing its eccentricity are recommended.
[gelatina] fin de asalto motor={"battery_v":8.20254513,"resistance_ohm":[4.39367437,3.98352647],"bridge_ohm":[0.671440876,0.697571003],"omega_rad_s":[70.0177441,60.4346412],"current_a":[0.0987181829,-0.0703197507],"torque_nm":[-0.00157291668,-0.0117982335],"applied_pwm":[0.632499993,0.600000024],"over_1_2a_samples":312,"over_3_2a_samples":1}
[gelatina] t=    0 ms  WAIT         rival=no d=9999 mm rumbo=-3000 cdeg  linea=0x0
[rival] fin de asalto motor={"battery_v":7.96421191,"resistance_ohm":[4.10517569,3.67243137],"bridge_ohm":[0.551964056,0.518191636],"omega_rad_s":[57.5965402,68.3828373],"current_a":[0.0285759794,-0.0374213021],"torque_nm":[-0.00673696665,-0.00893571792],"applied_pwm":[0.600000024,0.632499993],"over_1_2a_samples":1311,"over_3_2a_samples":1}
[rival] t=    0 ms  WAIT         rival=no d=9999 mm rumbo=+6000 cdeg  linea=0x0
WARNING: Contact joints between materials 'patin' and 'dohyo' will only be created for the 10 deepest contact points instead of all the 66 contact points.
[planta] gelatina ciclo=26 rueda=0 V=8.23853394 R=4.24453578 Rpuente=0.631103218 I0=0.0987992674 Ke=0.0743115635 Kt=0.0483794733
[planta] gelatina ciclo=26 rueda=1 V=8.23853394 R=3.95123382 Rpuente=0.518587148 I0=0.0939933747 Ke=0.0785624439 Kt=0.0483794733
[sensores] gelatina ToF alcance=1222.79226 minimo=35.5135429 sigma_rel=0.0588628149
[gelatina] pulsador recibido: permiso previsto 165808 ms
[planta] rival ciclo=26 rueda=0 V=7.85345128 R=3.67864804 Rpuente=0.664514804 I0=0.117259365 Ke=0.0835980642 Kt=0.0483794733
[planta] rival ciclo=26 rueda=1 V=7.85345128 R=3.95715528 Rpuente=0.636369371 I0=0.133642271 Ke=0.0722743059 Kt=0.0483794733
[sensores] rival ToF alcance=1042.78057 minimo=45.847522 sigma_rel=0.0809257889
[rival] pulsador recibido: permiso previsto 165808 ms
[arranque] pulsador=160808 permiso=165808 ms
[gelatina] permiso de arranque a los 165808 ms
[gelatina] t=    0 ms  TRACK        rival=si d=  78 mm rumbo=   +0 cdeg  linea=0x0
[rival] permiso de arranque a los 165808 ms
[rival] t=    0 ms  TRACK        rival=si d=  72 mm rumbo=-1504 cdeg  linea=0x0
[gelatina] t=    8 ms  ATTACK       rival=si d=  78 mm rumbo=   +0 cdeg  linea=0x0
[rival] t=    8 ms  ATTACK       rival=si d=  72 mm rumbo=-1504 cdeg  linea=0x0
WARNING: Contact joints between materials 'patin' and 'dohyo' will only be created for the 10 deepest contact points instead of all the 104 contact points.
[gelatina] t=  384 ms  SEARCH       rival=no d=9999 mm rumbo=+1500 cdeg  linea=0x0
[gelatina] t=  528 ms  TRACK        rival=si d=  46 mm rumbo=-3000 cdeg  linea=0x0
[gelatina] t=  536 ms  ATTACK       rival=si d=  46 mm rumbo=-3000 cdeg  linea=0x0
[gelatina] t=  848 ms  SEARCH       rival=no d=9999 mm rumbo=-6000 cdeg  linea=0x0
[gelatina] t=  856 ms  TRACK        rival=si d= 120 mm rumbo=-6000 cdeg  linea=0x0
[gelatina] t=  864 ms  ATTACK       rival=si d= 120 mm rumbo=-6000 cdeg  linea=0x0
[gelatina] t=  952 ms  EDGE_ESCAPE  rival=si d=  89 mm rumbo=+1553 cdeg  linea=0x4
WARNING: Contact joints between materials 'patin' and 'dohyo' will only be created for the 10 deepest contact points instead of all the 11 contact points.
[arbitro] asalto 25/30  frente   expulsado       -1   1.38 s
[inercia] asalto=25 robot=GELATINA rueda=0 rotor=1.51063374e-05
[inercia] asalto=25 robot=GELATINA rueda=1 rotor=1.77277225e-05
[inercia] asalto=25 robot=RIVAL rueda=0 rotor=1.69141039e-05
[inercia] asalto=25 robot=RIVAL rueda=1 rotor=2.07750269e-05
[planta] asalto=25 mu=0.640810823 slip=0.00191908431 aleatorio=1
WARNING: DEF RIVAL GelatinaNuclear > HingeJoint "rueda_izq" > Solid "rueda_izq": Webots has detected that this solid is light and oblong according to its inertia matrix. This belongs in the physics edge cases, and can imply weird physical results. Increasing the weight of the object or reducing its eccentricity are recommended.
[gelatina] fin de asalto motor={"battery_v":8.23853394,"resistance_ohm":[4.24453578,3.95123382],"bridge_ohm":[0.631103218,0.518587148],"omega_rad_s":[90.6234854,-70.5475518],"current_a":[0.0550453303,-0.32671688],"torque_nm":[-0.00211679243,-0.0112590406],"applied_pwm":[0.850000024,-0.850000024],"over_1_2a_samples":341,"over_3_2a_samples":1}
[gelatina] t=    0 ms  WAIT         rival=si d=  61 mm rumbo=+1479 cdeg  linea=0x0
[rival] fin de asalto motor={"battery_v":7.85345128,"resistance_ohm":[3.67864804,3.95715528],"bridge_ohm":[0.664514804,0.636369371],"omega_rad_s":[85.9779563,9.39787307],"current_a":[0.153312365,0.870222375],"torque_nm":[0.00174422515,0.0356353576],"applied_pwm":[1,0.595485032],"over_1_2a_samples":1321,"over_3_2a_samples":1}
[rival] t=    0 ms  WAIT         rival=si d=  53 mm rumbo=-3010 cdeg  linea=0x8
[planta] gelatina ciclo=27 rueda=0 V=8.27235247 R=3.80514512 Rpuente=0.642998934 I0=0.194158459 Ke=0.0671985495 Kt=0.0483794733
[planta] gelatina ciclo=27 rueda=1 V=8.27235247 R=3.92626638 Rpuente=0.594773662 I0=0.214746147 Ke=0.0634773829 Kt=0.0483794733
[sensores] gelatina ToF alcance=1173.52594 minimo=41.4970058 sigma_rel=0.0961788797
[gelatina] pulsador recibido: permiso previsto 172504 ms
[planta] rival ciclo=27 rueda=0 V=8.37885891 R=4.1211309 Rpuente=0.601087213 I0=0.108498716 Ke=0.0686697177 Kt=0.0483794733
[planta] rival ciclo=27 rueda=1 V=8.37885891 R=4.14997587 Rpuente=0.697493279 I0=0.192299563 Ke=0.0645617259 Kt=0.0483794733
[sensores] rival ToF alcance=1532.95035 minimo=22.9924762 sigma_rel=0.0703261137
[rival] pulsador recibido: permiso previsto 172504 ms
[arranque] pulsador=167504 permiso=172504 ms
[gelatina] permiso de arranque a los 172504 ms
[gelatina] t=    0 ms  OPENING      rival=no d=9999 mm rumbo=+1479 cdeg  linea=0x0
[rival] permiso de arranque a los 172504 ms
[rival] t=    0 ms  OPENING      rival=no d=9999 mm rumbo=-3010 cdeg  linea=0x0
WARNING: Contact joints between materials 'rueda' and 'dohyo' will only be created for the 10 deepest contact points instead of all the 12 contact points.
[gelatina] t=  424 ms  SEARCH       rival=no d=9999 mm rumbo=+1479 cdeg  linea=0x0
[rival] t=  424 ms  SEARCH       rival=no d=9999 mm rumbo=-3010 cdeg  linea=0x0
[rival] t=  488 ms  TRACK        rival=si d= 648 mm rumbo=+3317 cdeg  linea=0x4
[arbitro] asalto 26/30  lado     rival fuera     +1   0.50 s
[inercia] asalto=26 robot=GELATINA rueda=0 rotor=1.54931517e-05
[inercia] asalto=26 robot=GELATINA rueda=1 rotor=1.17622864e-05
[inercia] asalto=26 robot=RIVAL rueda=0 rotor=2.777028e-05
[inercia] asalto=26 robot=RIVAL rueda=1 rotor=2.71616879e-05
[planta] asalto=26 mu=1.35029093 slip=0.000660977721 aleatorio=1
[gelatina] fin de asalto motor={"battery_v":8.27235247,"resistance_ohm":[3.80514512,3.92626638],"bridge_ohm":[0.642998934,0.594773662],"omega_rad_s":[-9.08904649,66.2603269],"current_a":[-0.732115295,0.226989968],"torque_nm":[-0.0260260686,0.000592349579],"applied_pwm":[-0.467500031,0.632499993],"over_1_2a_samples":347,"over_3_2a_samples":1}
[gelatina] t=    0 ms  WAIT         rival=no d=9999 mm rumbo=+1479 cdeg  linea=0x0
[rival] fin de asalto motor={"battery_v":8.37885891,"resistance_ohm":[4.1211309,4.14997587],"bridge_ohm":[0.601087213,0.697493279],"omega_rad_s":[65.0152484,-12.7007343],"current_a":[-0.178035451,-0.293217708],"torque_nm":[-0.0138623721,-0.00488236672],"applied_pwm":[0.432500005,-0.267500043],"over_1_2a_samples":1325,"over_3_2a_samples":1}
[rival] t=    0 ms  WAIT         rival=si d= 648 mm rumbo=+3317 cdeg  linea=0x0
[planta] gelatina ciclo=28 rueda=0 V=8.30834136 R=3.65600648 Rpuente=0.602661276 I0=0.161727476 Ke=0.0747151705 Kt=0.0483794733
[planta] gelatina ciclo=28 rueda=1 V=8.30834136 R=3.89397373 Rpuente=0.615789807 I0=0.135190693 Ke=0.0847888796 Kt=0.0483794733
[sensores] gelatina ToF alcance=1003.93806 minimo=41.6985828 sigma_rel=0.0465594864
[gelatina] pulsador recibido: permiso previsto 178312 ms
[planta] rival ciclo=28 rueda=0 V=7.09189321 R=3.87593999 Rpuente=0.606464481 I0=0.114516324 Ke=0.0853337899 Kt=0.0483794733
[planta] rival ciclo=28 rueda=1 V=7.09189321 R=4.25763769 Rpuente=0.55996114 I0=0.126802191 Ke=0.0776055521 Kt=0.0483794733
[arranque] pulsador=173312 permiso=178312 ms
[sensores] rival ToF alcance=991.946936 minimo=27.9371268 sigma_rel=0.0544977999
[rival] pulsador recibido: permiso previsto 178312 ms
[gelatina] permiso de arranque a los 178312 ms
[gelatina] t=    0 ms  OPENING      rival=no d=9999 mm rumbo=+1479 cdeg  linea=0x0
[rival] permiso de arranque a los 178312 ms
[rival] t=    0 ms  OPENING      rival=no d=9999 mm rumbo=+3317 cdeg  linea=0x0
WARNING: Contact joints between materials 'patin' and 'dohyo' will only be created for the 10 deepest contact points instead of all the 14 contact points.
[gelatina] t=  392 ms  TRACK        rival=si d= 529 mm rumbo=+3267 cdeg  linea=0x0
[arbitro] asalto 27/30  espalda  auto-salida     -1   0.39 s
[inercia] asalto=27 robot=GELATINA rueda=0 rotor=1.94309714e-05
[inercia] asalto=27 robot=GELATINA rueda=1 rotor=9.35624832e-06
[inercia] asalto=27 robot=RIVAL rueda=0 rotor=2.79407188e-05
[inercia] asalto=27 robot=RIVAL rueda=1 rotor=1.12463045e-05
[planta] asalto=27 mu=1.12337044 slip=0.00097377944 aleatorio=1
[gelatina] fin de asalto motor={"battery_v":8.30834136,"resistance_ohm":[3.65600648,3.89397373],"bridge_ohm":[0.602661276,0.615789807],"omega_rad_s":[75.129402,65.3508274],"current_a":[0.242650322,0.245168009],"torque_nm":[0.00391500468,0.00532064465],"applied_pwm":[0.800000012,0.800000012],"over_1_2a_samples":349,"over_3_2a_samples":1}
[gelatina] t=    0 ms  WAIT         rival=si d= 529 mm rumbo=+3267 cdeg  linea=0x8
[rival] fin de asalto motor={"battery_v":7.09189321,"resistance_ohm":[3.87593999,4.25763769],"bridge_ohm":[0.606464481,0.55996114],"omega_rad_s":[53.8270657,54.5015822],"current_a":[0.240997247,0.299711396],"torque_nm":[0.00611908044,0.00836525625],"applied_pwm":[0.800000012,0.800000012],"over_1_2a_samples":1325,"over_3_2a_samples":1}
[rival] t=    0 ms  WAIT         rival=no d=9999 mm rumbo=+3317 cdeg  linea=0x0
[planta] gelatina ciclo=29 rueda=0 V=8.34215989 R=4.01661582 Rpuente=0.614556992 I0=0.107086676 Ke=0.0736885814 Kt=0.0483794733
[planta] gelatina ciclo=29 rueda=1 V=8.34215989 R=3.8690063 Rpuente=0.691976321 I0=0.105943465 Ke=0.0753897349 Kt=0.0483794733
[sensores] gelatina ToF alcance=954.671735 minimo=47.6820457 sigma_rel=0.083875556
[gelatina] pulsador recibido: permiso previsto 184016 ms
[planta] rival ciclo=29 rueda=0 V=7.20060447 R=3.79002953 Rpuente=0.571846259 I0=0.191470322 Ke=0.0936401875 Kt=0.0483794733
[planta] rival ciclo=29 rueda=1 V=7.20060447 R=4.25690155 Rpuente=0.61379689 I0=0.094638285 Ke=0.0993166171 Kt=0.0483794733
[sensores] rival ToF alcance=1183.85692 minimo=35.2040571 sigma_rel=0.0955069351
[rival] pulsador recibido: permiso previsto 184016 ms
[arranque] pulsador=179016 permiso=184016 ms
[gelatina] permiso de arranque a los 184016 ms
[gelatina] t=    0 ms  TRACK        rival=si d=  62 mm rumbo=+1462 cdeg  linea=0x0
[rival] permiso de arranque a los 184016 ms
[rival] t=    0 ms  TRACK        rival=si d=  73 mm rumbo=-1472 cdeg  linea=0x0
[gelatina] t=    8 ms  ATTACK       rival=si d=  62 mm rumbo=+1462 cdeg  linea=0x0
[rival] t=    8 ms  ATTACK       rival=si d=  73 mm rumbo=-1472 cdeg  linea=0x0
WARNING: Contact joints between materials 'patin' and 'dohyo' will only be created for the 10 deepest contact points instead of all the 102 contact points.
[gelatina] t=  352 ms  SEARCH       rival=no d=9999 mm rumbo=  -25 cdeg  linea=0x0
[rival] t=  384 ms  SEARCH       rival=no d=9999 mm rumbo=-3000 cdeg  linea=0x0
[rival] t=  488 ms  TRACK        rival=si d=  44 mm rumbo=   +0 cdeg  linea=0x0
[rival] t=  496 ms  ATTACK       rival=si d=  44 mm rumbo=   +0 cdeg  linea=0x0
[gelatina] t=  520 ms  TRACK        rival=si d=  50 mm rumbo=   +0 cdeg  linea=0x0
[gelatina] t=  528 ms  ATTACK       rival=si d=  50 mm rumbo=   +0 cdeg  linea=0x0
[rival] t=  880 ms  SEARCH       rival=no d=9999 mm rumbo=+6000 cdeg  linea=0x0
[rival] t=  952 ms  TRACK        rival=si d=  88 mm rumbo=+6000 cdeg  linea=0x0
[rival] t=  960 ms  ATTACK       rival=si d=  88 mm rumbo=+6000 cdeg  linea=0x0
[gelatina] t= 1072 ms  EDGE_ESCAPE  rival=si d=  78 mm rumbo=+3000 cdeg  linea=0x4
WARNING: Contact joints between materials 'patin' and 'dohyo' will only be created for the 10 deepest contact points instead of all the 12 contact points.
[arbitro] asalto 28/30  frente   expulsado       -1   1.62 s
[inercia] asalto=28 robot=GELATINA rueda=0 rotor=2.55414689e-05
[inercia] asalto=28 robot=GELATINA rueda=1 rotor=2.19878901e-05
[inercia] asalto=28 robot=RIVAL rueda=0 rotor=2.79932778e-05
[inercia] asalto=28 robot=RIVAL rueda=1 rotor=1.5502732e-05
[planta] asalto=28 mu=1.46634105 slip=0.00129893672 aleatorio=1
[gelatina] fin de asalto motor={"battery_v":8.34215989,"resistance_ohm":[4.01661582,3.8690063],"bridge_ohm":[0.614556992,0.691976321],"omega_rad_s":[35.8007796,-87.6808232],"current_a":[0.961468644,-0.105372488],"torque_nm":[0.0413345496,2.76235598e-05],"applied_pwm":[0.850000024,-0.850000024],"over_1_2a_samples":360,"over_3_2a_samples":1}
[gelatina] t=    0 ms  WAIT         rival=si d= 289 mm rumbo=-6000 cdeg  linea=0x8
[rival] fin de asalto motor={"battery_v":7.20060447,"resistance_ohm":[3.79002953,4.25690155],"bridge_ohm":[0.571846259,0.61379689],"omega_rad_s":[38.8030136,61.4301552],"current_a":[0.152229838,0.225751868],"torque_nm":[-0.00189843394,0.00634320609],"applied_pwm":[0.596828938,1],"over_1_2a_samples":1341,"over_3_2a_samples":1}
[rival] t=    0 ms  WAIT         rival=no d=9999 mm rumbo=+3000 cdeg  linea=0x1
[planta] gelatina ciclo=30 rueda=0 V=8.37814878 R=3.86747718 Rpuente=0.574219334 I0=0.224655694 Ke=0.0736339521 Kt=0.0483794733
[planta] gelatina ciclo=30 rueda=1 V=8.37814878 R=3.83671365 Rpuente=0.512992465 I0=0.17638801 Ke=0.0926337765 Kt=0.0483794733
[sensores] gelatina ToF alcance=785.083777 minimo=47.8836244 sigma_rel=0.114256158
[gelatina] pulsador recibido: permiso previsto 190952 ms
[planta] rival ciclo=30 rueda=0 V=8.35094497 R=3.98737073 Rpuente=0.627333462 I0=0.219472674 Ke=0.0758553078 Kt=0.0483794733
[planta] rival ciclo=30 rueda=1 V=8.35094497 R=4.21043987 Rpuente=0.662878561 I0=0.150727522 Ke=0.0661402564 Kt=0.0483794733
[sensores] rival ToF alcance=822.924936 minimo=46.2372559 sigma_rel=0.0859497404
[rival] pulsador recibido: permiso previsto 190952 ms
[arranque] pulsador=185952 permiso=190952 ms
[gelatina] permiso de arranque a los 190952 ms
[gelatina] t=    0 ms  OPENING      rival=no d=9999 mm rumbo=-6000 cdeg  linea=0x0
[rival] permiso de arranque a los 190952 ms
[rival] t=    0 ms  OPENING      rival=no d=9999 mm rumbo=+3000 cdeg  linea=0x0
WARNING: Contact joints between materials 'rueda' and 'dohyo' will only be created for the 10 deepest contact points instead of all the 12 contact points.
[gelatina] t=  424 ms  SEARCH       rival=no d=9999 mm rumbo=-6000 cdeg  linea=0x1
[rival] t=  424 ms  SEARCH       rival=no d=9999 mm rumbo=+3000 cdeg  linea=0x1
[arbitro] asalto 29/30  lado     rival fuera     +1   0.46 s
[inercia] asalto=29 robot=GELATINA rueda=0 rotor=1.93387651e-05
[inercia] asalto=29 robot=GELATINA rueda=1 rotor=2.56285785e-05
[inercia] asalto=29 robot=RIVAL rueda=0 rotor=2.94294961e-05
[inercia] asalto=29 robot=RIVAL rueda=1 rotor=3.0536506e-05
[planta] asalto=29 mu=1.28143648 slip=0.000702222109 aleatorio=1
[gelatina] fin de asalto motor={"battery_v":8.37814878,"resistance_ohm":[3.86747718,3.83671365],"bridge_ohm":[0.574219334,0.512992465],"omega_rad_s":[59.3842557,51.6246624],"current_a":[0.208587327,-1.09942771],"torque_nm":[-0.000777379135,-0.0617232927],"applied_pwm":[0.632499993,0],"over_1_2a_samples":366,"over_3_2a_samples":1}
[gelatina] t=    0 ms  WAIT         rival=no d=9999 mm rumbo=-6000 cdeg  linea=0x4
[rival] fin de asalto motor={"battery_v":8.35094497,"resistance_ohm":[3.98737073,4.21043987],"bridge_ohm":[0.627333462,0.662878561],"omega_rad_s":[42.171431,66.2737006],"current_a":[-0.69320302,0.184394493],"torque_nm":[-0.0441547694,0.0016287903],"applied_pwm":[0,0.632499993],"over_1_2a_samples":1345,"over_3_2a_samples":1}
[rival] t=    0 ms  WAIT         rival=no d=9999 mm rumbo=+3000 cdeg  linea=0x4
[arranque] pulsador=191720 permiso=196720 ms
[planta] gelatina ciclo=31 rueda=0 V=7.01196731 R=4.22808652 Rpuente=0.586115062 I0=0.170014885 Ke=0.072463821 Kt=0.0483794733
[planta] gelatina ciclo=31 rueda=1 V=7.01196731 R=3.81174626 Rpuente=0.589178979 I0=0.147140774 Ke=0.0811089341 Kt=0.0483794733
[sensores] gelatina ToF alcance=735.817456 minimo=23.8670874 sigma_rel=0.0715722275
[gelatina] pulsador recibido: permiso previsto 196720 ms
[planta] rival ciclo=31 rueda=0 V=7.05026116 R=3.70891438 Rpuente=0.630490899 I0=0.0937249482 Ke=0.0711979099 Kt=0.0483794733
[planta] rival ciclo=31 rueda=1 V=7.05026116 R=3.90925069 Rpuente=0.636213768 I0=0.128782082 Ke=0.0974377837 Kt=0.0483794733
[sensores] rival ToF alcance=1096.08399 minimo=42.1623528 sigma_rel=0.0406015539
[rival] pulsador recibido: permiso previsto 196720 ms
[gelatina] permiso de arranque a los 196720 ms
[gelatina] t=    0 ms  OPENING      rival=no d=9999 mm rumbo=-6000 cdeg  linea=0x0
[rival] permiso de arranque a los 196720 ms
[rival] t=    0 ms  OPENING      rival=no d=9999 mm rumbo=+3000 cdeg  linea=0x0
WARNING: Contact joints between materials 'patin' and 'dohyo' will only be created for the 10 deepest contact points instead of all the 13 contact points.
[gelatina] t=  424 ms  SEARCH       rival=no d=9999 mm rumbo=-6000 cdeg  linea=0x0
[rival] t=  424 ms  SEARCH       rival=no d=9999 mm rumbo=+3000 cdeg  linea=0x6
[arbitro] asalto 30/30  espalda  auto-salida     -1   0.45 s

[arbitro] RESULTADO  15W 15L 0D  win rate 50.0%  auto-salidas 12  t medio de victoria 1.81 s

[arbitro]   frente   6W 4L 0D
[arbitro]   lado     6W 4L 0D
[arbitro]   espalda  3W 7L 0D
[arbitro]   combate: gana 50.4%  jueces 0.0%  pierde 49.6%
[arbitro] resultados -> ../../../../result.json
INFO: 'arbitro' controller exited successfully.
INFO: medido: Terminating.
INFO: contrario: Terminating.
