WARNING: Contact joints between materials 'patin' and 'dohyo' will only be created for the 10 deepest contact points instead of all the 12 contact points.
INFO: medido: Starting controller: $LAB_ROOT/Mini-Sumo-real/runs/real/20260913T171117736821Z_v22_nn_reglamento_charger_s0_r0/project/webots/controllers/medido/medido
INFO: oponente: Starting controller: $LAB_ROOT/Mini-Sumo-real/runs/real/20260913T171117736821Z_v22_nn_reglamento_charger_s0_r0/project/webots/controllers/oponente/oponente charger
INFO: arbitro: Starting controller: $LAB_ROOT/Mini-Sumo-real/runs/real/20260913T171117736821Z_v22_nn_reglamento_charger_s0_r0/project/webots/controllers/arbitro/arbitro --rounds 30 --rival charger --version nn --colocacion reglamento --out ../../../../result.json
[planta] gelatina ciclo=1 rueda=0 V=7.4 R=4 Rpuente=0.5 I0=0.15 Ke=0.0793326178 Kt=0.0483794733
[planta] gelatina ciclo=1 rueda=1 V=7.4 R=4 Rpuente=0.5 I0=0.15 Ke=0.0793326178 Kt=0.0483794733
[sensores] gelatina ToF alcance=1200 minimo=30 sigma_rel=0.07
[gelatina] HAL Webots listo: paso 8 ms, umbral de linea 400
[planta] rival ciclo=1 rueda=0 V=7.4 R=4 Rpuente=0.5 I0=0.15 Ke=0.0793326178 Kt=0.0483794733
[planta] rival ciclo=1 rueda=1 V=7.4 R=4 Rpuente=0.5 I0=0.15 Ke=0.0793326178 Kt=0.0483794733
[sensores] rival ToF alcance=1200 minimo=30 sigma_rel=0.07
[rival] comportamiento: charger

[arbitro] 30 asaltos contra 'charger', colocacion reglamento, limite 60 s por asalto
[planta] asalto=0 mu=1.1 slip=0.0005 aleatorio=0
[arranque] pulsador=312 permiso=5312 ms
[planta] gelatina ciclo=2 rueda=0 V=7.4 R=4 Rpuente=0.5 I0=0.15 Ke=0.0793326178 Kt=0.0483794733
[planta] gelatina ciclo=2 rueda=1 V=7.4 R=4 Rpuente=0.5 I0=0.15 Ke=0.0793326178 Kt=0.0483794733
[sensores] gelatina ToF alcance=1200 minimo=30 sigma_rel=0.07
[gelatina] pulsador recibido: permiso previsto 5312 ms
[planta] rival ciclo=2 rueda=0 V=7.4 R=4 Rpuente=0.5 I0=0.15 Ke=0.0793326178 Kt=0.0483794733
[planta] rival ciclo=2 rueda=1 V=7.4 R=4 Rpuente=0.5 I0=0.15 Ke=0.0793326178 Kt=0.0483794733
[sensores] rival ToF alcance=1200 minimo=30 sigma_rel=0.07
[gelatina] permiso de arranque a los 5312 ms
WARNING: Contact joints between materials 'rueda' and 'dohyo' will only be created for the 10 deepest contact points instead of all the 12 contact points.
WARNING: Contact joints between materials 'patin' and 'dohyo' will only be created for the 10 deepest contact points instead of all the 14 contact points.
WARNING: Contact joints between materials 'patin' and 'dohyo' will only be created for the 10 deepest contact points instead of all the 11 contact points.
WARNING: Contact joints between materials 'patin' and 'dohyo' will only be created for the 10 deepest contact points instead of all the 11 contact points.
WARNING: Contact joints between materials 'patin' and 'dohyo' will only be created for the 10 deepest contact points instead of all the 14 contact points.
WARNING: Contact joints between materials 'patin' and 'dohyo' will only be created for the 10 deepest contact points instead of all the 11 contact points.
WARNING: Contact joints between materials 'patin' and 'dohyo' will only be created for the 10 deepest contact points instead of all the 13 contact points.
WARNING: Contact joints between materials 'patin' and 'dohyo' will only be created for the 10 deepest contact points instead of all the 14 contact points.
WARNING: Contact joints between materials 'patin' and 'dohyo' will only be created for the 10 deepest contact points instead of all the 14 contact points.
WARNING: Contact joints between materials 'patin' and 'dohyo' will only be created for the 10 deepest contact points instead of all the 13 contact points.
WARNING: Contact joints between materials 'patin' and 'dohyo' will only be created for the 10 deepest contact points instead of all the 11 contact points.
WARNING: Contact joints between materials 'patin' and 'dohyo' will only be created for the 10 deepest contact points instead of all the 11 contact points.
WARNING: Contact joints between materials 'patin' and 'dohyo' will only be created for the 10 deepest contact points instead of all the 12 contact points.
WARNING: Contact joints between materials 'patin' and 'dohyo' will only be created for the 10 deepest contact points instead of all the 11 contact points.
WARNING: Contact joints between materials 'patin' and 'dohyo' will only be created for the 10 deepest contact points instead of all the 14 contact points.
WARNING: Contact joints between materials 'patin' and 'dohyo' will only be created for the 10 deepest contact points instead of all the 11 contact points.
WARNING: Contact joints between materials 'patin' and 'dohyo' will only be created for the 10 deepest contact points instead of all the 13 contact points.
WARNING: Contact joints between materials 'patin' and 'dohyo' will only be created for the 10 deepest contact points instead of all the 12 contact points.
WARNING: Contact joints between materials 'patin' and 'dohyo' will only be created for the 10 deepest contact points instead of all the 11 contact points.
WARNING: Contact joints between materials 'patin' and 'dohyo' will only be created for the 10 deepest contact points instead of all the 11 contact points.
WARNING: Contact joints between materials 'patin' and 'dohyo' will only be created for the 10 deepest contact points instead of all the 12 contact points.
WARNING: Contact joints between materials 'patin' and 'dohyo' will only be created for the 10 deepest contact points instead of all the 12 contact points.
WARNING: Contact joints between materials 'patin' and 'dohyo' will only be created for the 10 deepest contact points instead of all the 11 contact points.
WARNING: Contact joints between materials 'patin' and 'dohyo' will only be created for the 10 deepest contact points instead of all the 11 contact points.
WARNING: Contact joints between materials 'patin' and 'dohyo' will only be created for the 10 deepest contact points instead of all the 14 contact points.
WARNING: Contact joints between materials 'patin' and 'dohyo' will only be created for the 10 deepest contact points instead of all the 11 contact points.
WARNING: Contact joints between materials 'patin' and 'dohyo' will only be created for the 10 deepest contact points instead of all the 12 contact points.
WARNING: Contact joints between materials 'patin' and 'dohyo' will only be created for the 10 deepest contact points instead of all the 12 contact points.
WARNING: Contact joints between materials 'patin' and 'dohyo' will only be created for the 10 deepest contact points instead of all the 14 contact points.
WARNING: Contact joints between materials 'patin' and 'dohyo' will only be created for the 10 deepest contact points instead of all the 11 contact points.
WARNING: Contact joints between materials 'patin' and 'dohyo' will only be created for the 10 deepest contact points instead of all the 24 contact points.
WARNING: Contact joints between materials 'patin' and 'dohyo' will only be created for the 10 deepest contact points instead of all the 11 contact points.
WARNING: Contact joints between materials 'patin' and 'dohyo' will only be created for the 10 deepest contact points instead of all the 11 contact points.
WARNING: Contact joints between materials 'patin' and 'dohyo' will only be created for the 10 deepest contact points instead of all the 11 contact points.
WARNING: Contact joints between materials 'patin' and 'dohyo' will only be created for the 10 deepest contact points instead of all the 11 contact points.
WARNING: Contact joints between materials 'patin' and 'dohyo' will only be created for the 10 deepest contact points instead of all the 11 contact points.
WARNING: Contact joints between materials 'patin' and 'dohyo' will only be created for the 10 deepest contact points instead of all the 14 contact points.
WARNING: Contact joints between materials 'patin' and 'dohyo' will only be created for the 10 deepest contact points instead of all the 13 contact points.
WARNING: Contact joints between materials 'patin' and 'dohyo' will only be created for the 10 deepest contact points instead of all the 14 contact points.
[arbitro] asalto  1/30  frente   tiempo agotado  +0  60.00 s
[planta] asalto=1 mu=1.1 slip=0.0005 aleatorio=0
[gelatina] fin de asalto motor={"battery_v":7.4,"resistance_ohm":[4,4],"bridge_ohm":[0.5,0.5],"omega_rad_s":[-36.1004247,-2.61299282],"current_a":[-0.956399427,-1.10058193],"torque_nm":[-0.0390131796,-0.046066249],"applied_pwm":[-0.968613327,-0.697285712],"over_1_2a_samples":238,"over_3_2a_samples":0}
[rival] fin de asalto motor={"battery_v":7.4,"resistance_ohm":[4,4],"bridge_ohm":[0.5,0.5],"omega_rad_s":[-0.0447086318,-0.0383532618],"current_a":[-0.73921181,0.740676148],"torque_nm":[-0.0354384471,0.0361117121],"applied_pwm":[-0.45,0.45],"over_1_2a_samples":13,"over_3_2a_samples":0}
WARNING: Contact joints between materials 'patin' and 'dohyo' will only be created for the 10 deepest contact points instead of all the 14 contact points.
[planta] gelatina ciclo=3 rueda=0 V=7.4 R=4 Rpuente=0.5 I0=0.15 Ke=0.0793326178 Kt=0.0483794733
[planta] gelatina ciclo=3 rueda=1 V=7.4 R=4 Rpuente=0.5 I0=0.15 Ke=0.0793326178 Kt=0.0483794733
[sensores] gelatina ToF alcance=1200 minimo=30 sigma_rel=0.07
[gelatina] pulsador recibido: permiso previsto 70624 ms
[planta] rival ciclo=3 rueda=0 V=7.4 R=4 Rpuente=0.5 I0=0.15 Ke=0.0793326178 Kt=0.0483794733
[planta] rival ciclo=3 rueda=1 V=7.4 R=4 Rpuente=0.5 I0=0.15 Ke=0.0793326178 Kt=0.0483794733
[sensores] rival ToF alcance=1200 minimo=30 sigma_rel=0.07
[arranque] pulsador=65624 permiso=70624 ms
[gelatina] permiso de arranque a los 70624 ms
WARNING: Contact joints between materials 'patin' and 'dohyo' will only be created for the 10 deepest contact points instead of all the 26 contact points.
WARNING: Contact joints between materials 'patin' and 'dohyo' will only be created for the 10 deepest contact points instead of all the 17 contact points.
WARNING: Contact joints between materials 'rueda' and 'dohyo' will only be created for the 10 deepest contact points instead of all the 14 contact points.
WARNING: Contact joints between materials 'patin' and 'dohyo' will only be created for the 10 deepest contact points instead of all the 72 contact points.
WARNING: Contact joints between materials 'patin' and 'dohyo' will only be created for the 10 deepest contact points instead of all the 74 contact points.
WARNING: Contact joints between materials 'patin' and 'dohyo' will only be created for the 10 deepest contact points instead of all the 36 contact points.
WARNING: Contact joints between materials 'patin' and 'dohyo' will only be created for the 10 deepest contact points instead of all the 14 contact points.
WARNING: Contact joints between materials 'patin' and 'dohyo' will only be created for the 10 deepest contact points instead of all the 19 contact points.
WARNING: Contact joints between materials 'patin' and 'dohyo' will only be created for the 10 deepest contact points instead of all the 24 contact points.
WARNING: Contact joints between materials 'patin' and 'dohyo' will only be created for the 10 deepest contact points instead of all the 22 contact points.
WARNING: Contact joints between materials 'patin' and 'dohyo' will only be created for the 10 deepest contact points instead of all the 24 contact points.
WARNING: Contact joints between materials 'patin' and 'dohyo' will only be created for the 10 deepest contact points instead of all the 21 contact points.
WARNING: Contact joints between materials 'rueda' and 'dohyo' will only be created for the 10 deepest contact points instead of all the 16 contact points.
WARNING: Contact joints between materials 'patin' and 'dohyo' will only be created for the 10 deepest contact points instead of all the 34 contact points.
WARNING: Contact joints between materials 'patin' and 'dohyo' will only be created for the 10 deepest contact points instead of all the 50 contact points.
WARNING: Contact joints between materials 'patin' and 'dohyo' will only be created for the 10 deepest contact points instead of all the 68 contact points.
WARNING: Contact joints between materials 'patin' and 'dohyo' will only be created for the 10 deepest contact points instead of all the 60 contact points.
WARNING: Contact joints between materials 'patin' and 'dohyo' will only be created for the 10 deepest contact points instead of all the 14 contact points.
WARNING: Contact joints between materials 'patin' and 'dohyo' will only be created for the 10 deepest contact points instead of all the 20 contact points.
WARNING: Contact joints between materials 'patin' and 'dohyo' will only be created for the 10 deepest contact points instead of all the 23 contact points.
WARNING: Contact joints between materials 'patin' and 'dohyo' will only be created for the 10 deepest contact points instead of all the 26 contact points.
WARNING: Contact joints between materials 'patin' and 'dohyo' will only be created for the 10 deepest contact points instead of all the 24 contact points.
WARNING: Contact joints between materials 'patin' and 'dohyo' will only be created for the 10 deepest contact points instead of all the 26 contact points.
WARNING: Contact joints between materials 'rueda' and 'dohyo' will only be created for the 10 deepest contact points instead of all the 24 contact points.
WARNING: Contact joints between materials 'rueda' and 'dohyo' will only be created for the 10 deepest contact points instead of all the 13 contact points.
WARNING: Contact joints between materials 'patin' and 'dohyo' will only be created for the 10 deepest contact points instead of all the 94 contact points.
WARNING: Contact joints between materials 'patin' and 'dohyo' will only be created for the 10 deepest contact points instead of all the 76 contact points.
WARNING: Contact joints between materials 'patin' and 'dohyo' will only be created for the 10 deepest contact points instead of all the 11 contact points.
WARNING: Contact joints between materials 'patin' and 'dohyo' will only be created for the 10 deepest contact points instead of all the 22 contact points.
WARNING: Contact joints between materials 'patin' and 'dohyo' will only be created for the 10 deepest contact points instead of all the 18 contact points.
WARNING: Contact joints between materials 'patin' and 'dohyo' will only be created for the 10 deepest contact points instead of all the 19 contact points.
WARNING: Contact joints between materials 'patin' and 'dohyo' will only be created for the 10 deepest contact points instead of all the 28 contact points.
WARNING: Contact joints between materials 'rueda' and 'dohyo' will only be created for the 10 deepest contact points instead of all the 26 contact points.
WARNING: Contact joints between materials 'rueda' and 'dohyo' will only be created for the 10 deepest contact points instead of all the 49 contact points.
WARNING: Contact joints between materials 'patin' and 'dohyo' will only be created for the 10 deepest contact points instead of all the 52 contact points.
WARNING: Contact joints between materials 'patin' and 'dohyo' will only be created for the 10 deepest contact points instead of all the 62 contact points.
WARNING: Contact joints between materials 'patin' and 'dohyo' will only be created for the 10 deepest contact points instead of all the 76 contact points.
WARNING: Contact joints between materials 'patin' and 'dohyo' will only be created for the 10 deepest contact points instead of all the 18 contact points.
WARNING: Contact joints between materials 'patin' and 'dohyo' will only be created for the 10 deepest contact points instead of all the 18 contact points.
WARNING: Contact joints between materials 'patin' and 'dohyo' will only be created for the 10 deepest contact points instead of all the 12 contact points.
WARNING: Contact joints between materials 'patin' and 'dohyo' will only be created for the 10 deepest contact points instead of all the 24 contact points.
WARNING: Contact joints between materials 'patin' and 'dohyo' will only be created for the 10 deepest contact points instead of all the 32 contact points.
WARNING: Contact joints between materials 'patin' and 'dohyo' will only be created for the 10 deepest contact points instead of all the 30 contact points.
WARNING: Contact joints between materials 'patin' and 'dohyo' will only be created for the 10 deepest contact points instead of all the 26 contact points.
WARNING: Contact joints between materials 'patin' and 'dohyo' will only be created for the 10 deepest contact points instead of all the 32 contact points.
WARNING: Contact joints between materials 'rueda' and 'dohyo' will only be created for the 10 deepest contact points instead of all the 11 contact points.
WARNING: Contact joints between materials 'patin' and 'dohyo' will only be created for the 10 deepest contact points instead of all the 100 contact points.
WARNING: Contact joints between materials 'patin' and 'dohyo' will only be created for the 10 deepest contact points instead of all the 66 contact points.
WARNING: Contact joints between materials 'patin' and 'dohyo' will only be created for the 10 deepest contact points instead of all the 12 contact points.
WARNING: Contact joints between materials 'patin' and 'dohyo' will only be created for the 10 deepest contact points instead of all the 16 contact points.
WARNING: Contact joints between materials 'patin' and 'dohyo' will only be created for the 10 deepest contact points instead of all the 13 contact points.
WARNING: Contact joints between materials 'patin' and 'dohyo' will only be created for the 10 deepest contact points instead of all the 22 contact points.
WARNING: Contact joints between materials 'patin' and 'dohyo' will only be created for the 10 deepest contact points instead of all the 26 contact points.
WARNING: Contact joints between materials 'patin' and 'dohyo' will only be created for the 10 deepest contact points instead of all the 28 contact points.
WARNING: Contact joints between materials 'rueda' and 'dohyo' will only be created for the 10 deepest contact points instead of all the 16 contact points.
WARNING: Contact joints between materials 'patin' and 'dohyo' will only be created for the 10 deepest contact points instead of all the 19 contact points.
WARNING: Contact joints between materials 'patin' and 'dohyo' will only be created for the 10 deepest contact points instead of all the 24 contact points.
WARNING: Contact joints between materials 'patin' and 'dohyo' will only be created for the 10 deepest contact points instead of all the 46 contact points.
WARNING: Contact joints between materials 'patin' and 'dohyo' will only be created for the 10 deepest contact points instead of all the 62 contact points.
[arbitro] asalto  2/30  lado     tiempo agotado  +0  60.00 s
[planta] asalto=2 mu=1.1 slip=0.0005 aleatorio=0
[gelatina] fin de asalto motor={"battery_v":7.4,"resistance_ohm":[4,4],"bridge_ohm":[0.5,0.5],"omega_rad_s":[-5.38459094,-3.87436665],"current_a":[-1.54074889,-0.188635506],"torque_nm":[-0.0672840041,-0.00187542238],"applied_pwm":[-0.994668067,-0.156246409],"over_1_2a_samples":7058,"over_3_2a_samples":0}
[rival] fin de asalto motor={"battery_v":7.4,"resistance_ohm":[4,4],"bridge_ohm":[0.5,0.5],"omega_rad_s":[0.719825196,13.0352008],"current_a":[-0.752690137,0.51019631],"torque_nm":[-0.0408908286,0.0174261078],"applied_pwm":[-0.45,0.45],"over_1_2a_samples":428,"over_3_2a_samples":0}
[planta] gelatina ciclo=4 rueda=0 V=7.4 R=4 Rpuente=0.5 I0=0.15 Ke=0.0793326178 Kt=0.0483794733
[planta] gelatina ciclo=4 rueda=1 V=7.4 R=4 Rpuente=0.5 I0=0.15 Ke=0.0793326178 Kt=0.0483794733
[sensores] gelatina ToF alcance=1200 minimo=30 sigma_rel=0.07
[gelatina] pulsador recibido: permiso previsto 135936 ms
[arranque] pulsador=130936 permiso=135936 ms
[planta] rival ciclo=4 rueda=0 V=7.4 R=4 Rpuente=0.5 I0=0.15 Ke=0.0793326178 Kt=0.0483794733
[planta] rival ciclo=4 rueda=1 V=7.4 R=4 Rpuente=0.5 I0=0.15 Ke=0.0793326178 Kt=0.0483794733
[sensores] rival ToF alcance=1200 minimo=30 sigma_rel=0.07
[gelatina] permiso de arranque a los 135936 ms
WARNING: Contact joints between materials 'patin' and 'dohyo' will only be created for the 10 deepest contact points instead of all the 28 contact points.
WARNING: Contact joints between materials 'patin' and 'dohyo' will only be created for the 10 deepest contact points instead of all the 66 contact points.
WARNING: Contact joints between materials 'patin' and 'dohyo' will only be created for the 10 deepest contact points instead of all the 30 contact points.
[arbitro] asalto  3/30  espalda  rival fuera     +1   2.97 s
[planta] asalto=3 mu=1.1 slip=0.0005 aleatorio=0
[gelatina] fin de asalto motor={"battery_v":7.4,"resistance_ohm":[4,4],"bridge_ohm":[0.5,0.5],"omega_rad_s":[-35.770944,-28.1749337],"current_a":[0.630622805,0.496709165],"torque_nm":[0.0377661202,0.0312874488],"applied_pwm":[0,0],"over_1_2a_samples":7306,"over_3_2a_samples":0}
[rival] fin de asalto motor={"battery_v":7.4,"resistance_ohm":[4,4],"bridge_ohm":[0.5,0.5],"omega_rad_s":[-46.4586052,-22.2435038],"current_a":[-0.167626051,1.37880786],"torque_nm":[-0.000852739048,0.0739629193],"applied_pwm":[-0.6,0.6],"over_1_2a_samples":435,"over_3_2a_samples":0}
[planta] gelatina ciclo=5 rueda=0 V=7.4 R=4 Rpuente=0.5 I0=0.15 Ke=0.0793326178 Kt=0.0483794733
[planta] gelatina ciclo=5 rueda=1 V=7.4 R=4 Rpuente=0.5 I0=0.15 Ke=0.0793326178 Kt=0.0483794733
[sensores] gelatina ToF alcance=1200 minimo=30 sigma_rel=0.07
[gelatina] pulsador recibido: permiso previsto 144216 ms
[arranque] pulsador=139216 permiso=144216 ms
[planta] rival ciclo=5 rueda=0 V=7.4 R=4 Rpuente=0.5 I0=0.15 Ke=0.0793326178 Kt=0.0483794733
[planta] rival ciclo=5 rueda=1 V=7.4 R=4 Rpuente=0.5 I0=0.15 Ke=0.0793326178 Kt=0.0483794733
[sensores] rival ToF alcance=1200 minimo=30 sigma_rel=0.07
[gelatina] permiso de arranque a los 144216 ms
WARNING: Contact joints between materials 'patin' and 'dohyo' will only be created for the 10 deepest contact points instead of all the 18 contact points.
WARNING: Contact joints between materials 'patin' and 'dohyo' will only be created for the 10 deepest contact points instead of all the 12 contact points.
WARNING: Contact joints between materials 'patin' and 'dohyo' will only be created for the 10 deepest contact points instead of all the 14 contact points.
WARNING: Contact joints between materials 'patin' and 'dohyo' will only be created for the 10 deepest contact points instead of all the 14 contact points.
WARNING: Contact joints between materials 'patin' and 'dohyo' will only be created for the 10 deepest contact points instead of all the 14 contact points.
WARNING: Contact joints between materials 'patin' and 'dohyo' will only be created for the 10 deepest contact points instead of all the 14 contact points.
WARNING: Contact joints between materials 'patin' and 'dohyo' will only be created for the 10 deepest contact points instead of all the 14 contact points.
WARNING: Contact joints between materials 'patin' and 'dohyo' will only be created for the 10 deepest contact points instead of all the 14 contact points.
WARNING: Contact joints between materials 'patin' and 'dohyo' will only be created for the 10 deepest contact points instead of all the 14 contact points.
WARNING: Contact joints between materials 'patin' and 'dohyo' will only be created for the 10 deepest contact points instead of all the 11 contact points.
WARNING: Contact joints between materials 'patin' and 'dohyo' will only be created for the 10 deepest contact points instead of all the 11 contact points.
WARNING: Contact joints between materials 'patin' and 'dohyo' will only be created for the 10 deepest contact points instead of all the 11 contact points.
WARNING: Contact joints between materials 'patin' and 'dohyo' will only be created for the 10 deepest contact points instead of all the 13 contact points.
WARNING: Contact joints between materials 'patin' and 'dohyo' will only be created for the 10 deepest contact points instead of all the 14 contact points.
WARNING: Contact joints between materials 'patin' and 'dohyo' will only be created for the 10 deepest contact points instead of all the 11 contact points.
WARNING: Contact joints between materials 'patin' and 'dohyo' will only be created for the 10 deepest contact points instead of all the 11 contact points.
WARNING: Contact joints between materials 'patin' and 'dohyo' will only be created for the 10 deepest contact points instead of all the 11 contact points.
WARNING: Contact joints between materials 'patin' and 'dohyo' will only be created for the 10 deepest contact points instead of all the 11 contact points.
WARNING: Contact joints between materials 'patin' and 'dohyo' will only be created for the 10 deepest contact points instead of all the 15 contact points.
WARNING: Contact joints between materials 'patin' and 'dohyo' will only be created for the 10 deepest contact points instead of all the 14 contact points.
WARNING: Contact joints between materials 'patin' and 'dohyo' will only be created for the 10 deepest contact points instead of all the 11 contact points.
WARNING: Contact joints between materials 'patin' and 'dohyo' will only be created for the 10 deepest contact points instead of all the 11 contact points.
WARNING: Contact joints between materials 'patin' and 'dohyo' will only be created for the 10 deepest contact points instead of all the 11 contact points.
WARNING: Contact joints between materials 'patin' and 'dohyo' will only be created for the 10 deepest contact points instead of all the 24 contact points.
WARNING: Contact joints between materials 'patin' and 'dohyo' will only be created for the 10 deepest contact points instead of all the 22 contact points.
WARNING: Contact joints between materials 'patin' and 'dohyo' will only be created for the 10 deepest contact points instead of all the 22 contact points.
[arbitro] asalto  4/30  frente   tiempo agotado  +0  60.00 s
[planta] asalto=4 mu=1.1 slip=0.0005 aleatorio=0
[gelatina] fin de asalto motor={"battery_v":7.4,"resistance_ohm":[4,4],"bridge_ohm":[0.5,0.5],"omega_rad_s":[-0.537853914,-0.09070515],"current_a":[-0.392081168,-0.108071584],"torque_nm":[-0.0154029071,-0.00457200548],"applied_pwm":[-0.244193867,-0.0666916221],"over_1_2a_samples":7308,"over_3_2a_samples":0}
[rival] fin de asalto motor={"battery_v":7.4,"resistance_ohm":[4,4],"bridge_ohm":[0.5,0.5],"omega_rad_s":[-0.23166095,0.650983289],"current_a":[-0.73591594,0.728523509],"torque_nm":[-0.0339515224,0.0310922189],"applied_pwm":[-0.45,0.45],"over_1_2a_samples":455,"over_3_2a_samples":0}
[planta] gelatina ciclo=6 rueda=0 V=7.4 R=4 Rpuente=0.5 I0=0.15 Ke=0.0793326178 Kt=0.0483794733
[planta] gelatina ciclo=6 rueda=1 V=7.4 R=4 Rpuente=0.5 I0=0.15 Ke=0.0793326178 Kt=0.0483794733
[sensores] gelatina ToF alcance=1200 minimo=30 sigma_rel=0.07
[gelatina] pulsador recibido: permiso previsto 209528 ms
[arranque] pulsador=204528 permiso=209528 ms
[planta] rival ciclo=6 rueda=0 V=7.4 R=4 Rpuente=0.5 I0=0.15 Ke=0.0793326178 Kt=0.0483794733
[planta] rival ciclo=6 rueda=1 V=7.4 R=4 Rpuente=0.5 I0=0.15 Ke=0.0793326178 Kt=0.0483794733
[sensores] rival ToF alcance=1200 minimo=30 sigma_rel=0.07
[gelatina] permiso de arranque a los 209528 ms
WARNING: Contact joints between materials 'patin' and 'dohyo' will only be created for the 10 deepest contact points instead of all the 21 contact points.
WARNING: Contact joints between materials 'patin' and 'dohyo' will only be created for the 10 deepest contact points instead of all the 26 contact points.
WARNING: Contact joints between materials 'rueda' and 'dohyo' will only be created for the 10 deepest contact points instead of all the 23 contact points.
WARNING: Contact joints between materials 'patin' and 'dohyo' will only be created for the 10 deepest contact points instead of all the 20 contact points.
WARNING: Contact joints between materials 'patin' and 'dohyo' will only be created for the 10 deepest contact points instead of all the 26 contact points.
WARNING: Contact joints between materials 'patin' and 'dohyo' will only be created for the 10 deepest contact points instead of all the 28 contact points.
WARNING: Contact joints between materials 'patin' and 'dohyo' will only be created for the 10 deepest contact points instead of all the 58 contact points.
WARNING: Contact joints between materials 'patin' and 'dohyo' will only be created for the 10 deepest contact points instead of all the 36 contact points.
WARNING: Contact joints between materials 'patin' and 'dohyo' will only be created for the 10 deepest contact points instead of all the 12 contact points.
WARNING: Contact joints between materials 'patin' and 'dohyo' will only be created for the 10 deepest contact points instead of all the 14 contact points.
WARNING: Contact joints between materials 'patin' and 'dohyo' will only be created for the 10 deepest contact points instead of all the 14 contact points.
WARNING: Contact joints between materials 'patin' and 'dohyo' will only be created for the 10 deepest contact points instead of all the 24 contact points.
WARNING: Contact joints between materials 'patin' and 'dohyo' will only be created for the 10 deepest contact points instead of all the 13 contact points.
WARNING: Contact joints between materials 'patin' and 'dohyo' will only be created for the 10 deepest contact points instead of all the 16 contact points.
WARNING: Contact joints between materials 'patin' and 'dohyo' will only be created for the 10 deepest contact points instead of all the 24 contact points.
WARNING: Contact joints between materials 'patin' and 'dohyo' will only be created for the 10 deepest contact points instead of all the 20 contact points.
WARNING: Contact joints between materials 'patin' and 'dohyo' will only be created for the 10 deepest contact points instead of all the 11 contact points.
WARNING: Contact joints between materials 'patin' and 'dohyo' will only be created for the 10 deepest contact points instead of all the 50 contact points.
WARNING: Contact joints between materials 'patin' and 'dohyo' will only be created for the 10 deepest contact points instead of all the 40 contact points.
WARNING: Contact joints between materials 'patin' and 'dohyo' will only be created for the 10 deepest contact points instead of all the 14 contact points.
WARNING: Contact joints between materials 'patin' and 'dohyo' will only be created for the 10 deepest contact points instead of all the 14 contact points.
WARNING: Contact joints between materials 'patin' and 'dohyo' will only be created for the 10 deepest contact points instead of all the 14 contact points.
WARNING: Contact joints between materials 'patin' and 'dohyo' will only be created for the 10 deepest contact points instead of all the 18 contact points.
WARNING: Contact joints between materials 'patin' and 'dohyo' will only be created for the 10 deepest contact points instead of all the 15 contact points.
WARNING: Contact joints between materials 'patin' and 'dohyo' will only be created for the 10 deepest contact points instead of all the 22 contact points.
WARNING: Contact joints between materials 'patin' and 'dohyo' will only be created for the 10 deepest contact points instead of all the 22 contact points.
WARNING: Contact joints between materials 'patin' and 'dohyo' will only be created for the 10 deepest contact points instead of all the 18 contact points.
WARNING: Contact joints between materials 'patin' and 'dohyo' will only be created for the 10 deepest contact points instead of all the 14 contact points.
WARNING: Contact joints between materials 'patin' and 'dohyo' will only be created for the 10 deepest contact points instead of all the 16 contact points.
WARNING: Contact joints between materials 'patin' and 'dohyo' will only be created for the 10 deepest contact points instead of all the 52 contact points.
WARNING: Contact joints between materials 'patin' and 'dohyo' will only be created for the 10 deepest contact points instead of all the 18 contact points.
WARNING: Contact joints between materials 'patin' and 'dohyo' will only be created for the 10 deepest contact points instead of all the 12 contact points.
WARNING: Contact joints between materials 'patin' and 'dohyo' will only be created for the 10 deepest contact points instead of all the 12 contact points.
WARNING: Contact joints between materials 'patin' and 'dohyo' will only be created for the 10 deepest contact points instead of all the 14 contact points.
WARNING: Contact joints between materials 'patin' and 'dohyo' will only be created for the 10 deepest contact points instead of all the 23 contact points.
WARNING: Contact joints between materials 'patin' and 'dohyo' will only be created for the 10 deepest contact points instead of all the 17 contact points.
WARNING: Contact joints between materials 'patin' and 'dohyo' will only be created for the 10 deepest contact points instead of all the 22 contact points.
WARNING: Contact joints between materials 'patin' and 'dohyo' will only be created for the 10 deepest contact points instead of all the 13 contact points.
WARNING: Contact joints between materials 'patin' and 'dohyo' will only be created for the 10 deepest contact points instead of all the 14 contact points.
WARNING: Contact joints between materials 'patin' and 'dohyo' will only be created for the 10 deepest contact points instead of all the 11 contact points.
WARNING: Contact joints between materials 'patin' and 'dohyo' will only be created for the 10 deepest contact points instead of all the 35 contact points.
WARNING: Contact joints between materials 'patin' and 'dohyo' will only be created for the 10 deepest contact points instead of all the 12 contact points.
WARNING: Contact joints between materials 'patin' and 'dohyo' will only be created for the 10 deepest contact points instead of all the 20 contact points.
WARNING: Contact joints between materials 'patin' and 'dohyo' will only be created for the 10 deepest contact points instead of all the 13 contact points.
WARNING: Contact joints between materials 'patin' and 'dohyo' will only be created for the 10 deepest contact points instead of all the 26 contact points.
WARNING: Contact joints between materials 'patin' and 'dohyo' will only be created for the 10 deepest contact points instead of all the 24 contact points.
WARNING: Contact joints between materials 'rueda' and 'dohyo' will only be created for the 10 deepest contact points instead of all the 74 contact points.
WARNING: Contact joints between materials 'patin' and 'dohyo' will only be created for the 10 deepest contact points instead of all the 32 contact points.
WARNING: Contact joints between materials 'patin' and 'dohyo' will only be created for the 10 deepest contact points instead of all the 44 contact points.
WARNING: Contact joints between materials 'patin' and 'dohyo' will only be created for the 10 deepest contact points instead of all the 69 contact points.
WARNING: Contact joints between materials 'patin' and 'dohyo' will only be created for the 10 deepest contact points instead of all the 56 contact points.
WARNING: Contact joints between materials 'patin' and 'dohyo' will only be created for the 10 deepest contact points instead of all the 12 contact points.
WARNING: Contact joints between materials 'patin' and 'dohyo' will only be created for the 10 deepest contact points instead of all the 14 contact points.
WARNING: Contact joints between materials 'patin' and 'dohyo' will only be created for the 10 deepest contact points instead of all the 18 contact points.
WARNING: Contact joints between materials 'patin' and 'dohyo' will only be created for the 10 deepest contact points instead of all the 21 contact points.
WARNING: Contact joints between materials 'patin' and 'dohyo' will only be created for the 10 deepest contact points instead of all the 54 contact points.
WARNING: Contact joints between materials 'patin' and 'dohyo' will only be created for the 10 deepest contact points instead of all the 19 contact points.
WARNING: Contact joints between materials 'rueda' and 'dohyo' will only be created for the 10 deepest contact points instead of all the 12 contact points.
[arbitro] asalto  5/30  lado     tiempo agotado  +0  60.00 s
[planta] asalto=5 mu=1.1 slip=0.0005 aleatorio=0
[gelatina] fin de asalto motor={"battery_v":7.4,"resistance_ohm":[4,4],"bridge_ohm":[0.5,0.5],"omega_rad_s":[-16.6295064,-1.14319861],"current_a":[-1.34250727,-0.236641939],"torque_nm":[-0.0576928739,-0.00553067778],"applied_pwm":[-0.994668245,-0.156159684],"over_1_2a_samples":14211,"over_3_2a_samples":0}
[rival] fin de asalto motor={"battery_v":7.4,"resistance_ohm":[4,4],"bridge_ohm":[0.5,0.5],"omega_rad_s":[16.3720672,24.5765193],"current_a":[0.821369123,1.21117342],"torque_nm":[0.0324804846,0.0513390112],"applied_pwm":[0.675,1],"over_1_2a_samples":873,"over_3_2a_samples":0}
WARNING: Contact joints between materials 'patin' and 'dohyo' will only be created for the 10 deepest contact points instead of all the 22 contact points.
[planta] gelatina ciclo=7 rueda=0 V=7.4 R=4 Rpuente=0.5 I0=0.15 Ke=0.0793326178 Kt=0.0483794733
[planta] gelatina ciclo=7 rueda=1 V=7.4 R=4 Rpuente=0.5 I0=0.15 Ke=0.0793326178 Kt=0.0483794733
[sensores] gelatina ToF alcance=1200 minimo=30 sigma_rel=0.07
[gelatina] pulsador recibido: permiso previsto 274840 ms
[arranque] pulsador=269840 permiso=274840 ms
[planta] rival ciclo=7 rueda=0 V=7.4 R=4 Rpuente=0.5 I0=0.15 Ke=0.0793326178 Kt=0.0483794733
[planta] rival ciclo=7 rueda=1 V=7.4 R=4 Rpuente=0.5 I0=0.15 Ke=0.0793326178 Kt=0.0483794733
[sensores] rival ToF alcance=1200 minimo=30 sigma_rel=0.07
[gelatina] permiso de arranque a los 274840 ms
WARNING: Contact joints between materials 'patin' and 'dohyo' will only be created for the 10 deepest contact points instead of all the 28 contact points.
WARNING: Contact joints between materials 'patin' and 'dohyo' will only be created for the 10 deepest contact points instead of all the 82 contact points.
WARNING: Contact joints between materials 'patin' and 'dohyo' will only be created for the 10 deepest contact points instead of all the 32 contact points.
WARNING: Contact joints between materials 'patin' and 'dohyo' will only be created for the 10 deepest contact points instead of all the 20 contact points.
[arbitro] asalto  6/30  espalda  expulsado       -1   3.53 s
[planta] asalto=6 mu=1.1 slip=0.0005 aleatorio=0
[gelatina] fin de asalto motor={"battery_v":7.4,"resistance_ohm":[4,4],"bridge_ohm":[0.5,0.5],"omega_rad_s":[10.4149033,-21.3724648],"current_a":[-0.451325669,-0.679242272],"torque_nm":[-0.0290918191,-0.0256044624],"applied_pwm":[-0.162800536,-0.642178893],"over_1_2a_samples":14536,"over_3_2a_samples":0}
[rival] fin de asalto motor={"battery_v":7.4,"resistance_ohm":[4,4],"bridge_ohm":[0.5,0.5],"omega_rad_s":[-49.4445626,20.9528741],"current_a":[-0.114985203,0.617278588],"torque_nm":[0.00169399744,0.022606692],"applied_pwm":[-0.6,0.6],"over_1_2a_samples":890,"over_3_2a_samples":0}
[planta] gelatina ciclo=8 rueda=0 V=7.4 R=4 Rpuente=0.5 I0=0.15 Ke=0.0793326178 Kt=0.0483794733
[planta] gelatina ciclo=8 rueda=1 V=7.4 R=4 Rpuente=0.5 I0=0.15 Ke=0.0793326178 Kt=0.0483794733
[sensores] gelatina ToF alcance=1200 minimo=30 sigma_rel=0.07
[gelatina] pulsador recibido: permiso previsto 283680 ms
[arranque] pulsador=278680 permiso=283680 ms
[planta] rival ciclo=8 rueda=0 V=7.4 R=4 Rpuente=0.5 I0=0.15 Ke=0.0793326178 Kt=0.0483794733
[planta] rival ciclo=8 rueda=1 V=7.4 R=4 Rpuente=0.5 I0=0.15 Ke=0.0793326178 Kt=0.0483794733
[sensores] rival ToF alcance=1200 minimo=30 sigma_rel=0.07
[gelatina] permiso de arranque a los 283680 ms
WARNING: Contact joints between materials 'rueda' and 'dohyo' will only be created for the 10 deepest contact points instead of all the 11 contact points.
WARNING: Contact joints between materials 'patin' and 'dohyo' will only be created for the 10 deepest contact points instead of all the 21 contact points.
[arbitro] asalto  7/30  frente   rival fuera     +1   1.83 s
[planta] asalto=7 mu=1.1 slip=0.0005 aleatorio=0
[gelatina] fin de asalto motor={"battery_v":7.4,"resistance_ohm":[4,4],"bridge_ohm":[0.5,0.5],"omega_rad_s":[50.3817736,-8.82044299],"current_a":[0.753662612,0.067887717],"torque_nm":[0.0292048792,0.0105412927],"applied_pwm":[0.998432398,-0.0532775819],"over_1_2a_samples":14540,"over_3_2a_samples":0}
[rival] fin de asalto motor={"battery_v":7.4,"resistance_ohm":[4,4],"bridge_ohm":[0.5,0.5],"omega_rad_s":[-55.5968877,-24.4509123],"current_a":[-0.00652296848,1.41772331],"torque_nm":[0.00694134322,0.0758456279],"applied_pwm":[-0.6,0.6],"over_1_2a_samples":932,"over_3_2a_samples":0}
[planta] gelatina ciclo=9 rueda=0 V=7.4 R=4 Rpuente=0.5 I0=0.15 Ke=0.0793326178 Kt=0.0483794733
[planta] gelatina ciclo=9 rueda=1 V=7.4 R=4 Rpuente=0.5 I0=0.15 Ke=0.0793326178 Kt=0.0483794733
[sensores] gelatina ToF alcance=1200 minimo=30 sigma_rel=0.07
[gelatina] pulsador recibido: permiso previsto 290824 ms
[arranque] pulsador=285824 permiso=290824 ms
[planta] rival ciclo=9 rueda=0 V=7.4 R=4 Rpuente=0.5 I0=0.15 Ke=0.0793326178 Kt=0.0483794733
[planta] rival ciclo=9 rueda=1 V=7.4 R=4 Rpuente=0.5 I0=0.15 Ke=0.0793326178 Kt=0.0483794733
[sensores] rival ToF alcance=1200 minimo=30 sigma_rel=0.07
[gelatina] permiso de arranque a los 290824 ms
WARNING: Contact joints between materials 'patin' and 'dohyo' will only be created for the 10 deepest contact points instead of all the 18 contact points.
WARNING: Contact joints between materials 'patin' and 'dohyo' will only be created for the 10 deepest contact points instead of all the 11 contact points.
WARNING: Contact joints between materials 'rueda' and 'dohyo' will only be created for the 10 deepest contact points instead of all the 14 contact points.
WARNING: Contact joints between materials 'patin' and 'dohyo' will only be created for the 10 deepest contact points instead of all the 12 contact points.
WARNING: Contact joints between materials 'patin' and 'dohyo' will only be created for the 10 deepest contact points instead of all the 12 contact points.
WARNING: Contact joints between materials 'patin' and 'dohyo' will only be created for the 10 deepest contact points instead of all the 16 contact points.
WARNING: Contact joints between materials 'patin' and 'dohyo' will only be created for the 10 deepest contact points instead of all the 11 contact points.
WARNING: Contact joints between materials 'patin' and 'dohyo' will only be created for the 10 deepest contact points instead of all the 14 contact points.
WARNING: Contact joints between materials 'patin' and 'dohyo' will only be created for the 10 deepest contact points instead of all the 11 contact points.
WARNING: Contact joints between materials 'patin' and 'dohyo' will only be created for the 10 deepest contact points instead of all the 11 contact points.
WARNING: Contact joints between materials 'patin' and 'dohyo' will only be created for the 10 deepest contact points instead of all the 14 contact points.
WARNING: Contact joints between materials 'patin' and 'dohyo' will only be created for the 10 deepest contact points instead of all the 16 contact points.
WARNING: Contact joints between materials 'patin' and 'dohyo' will only be created for the 10 deepest contact points instead of all the 16 contact points.
WARNING: Contact joints between materials 'patin' and 'dohyo' will only be created for the 10 deepest contact points instead of all the 13 contact points.
WARNING: Contact joints between materials 'patin' and 'dohyo' will only be created for the 10 deepest contact points instead of all the 11 contact points.
WARNING: Contact joints between materials 'patin' and 'dohyo' will only be created for the 10 deepest contact points instead of all the 11 contact points.
WARNING: Contact joints between materials 'patin' and 'dohyo' will only be created for the 10 deepest contact points instead of all the 11 contact points.
WARNING: Contact joints between materials 'patin' and 'dohyo' will only be created for the 10 deepest contact points instead of all the 11 contact points.
WARNING: Contact joints between materials 'patin' and 'dohyo' will only be created for the 10 deepest contact points instead of all the 12 contact points.
WARNING: Contact joints between materials 'patin' and 'dohyo' will only be created for the 10 deepest contact points instead of all the 12 contact points.
WARNING: Contact joints between materials 'patin' and 'dohyo' will only be created for the 10 deepest contact points instead of all the 12 contact points.
WARNING: Contact joints between materials 'patin' and 'dohyo' will only be created for the 10 deepest contact points instead of all the 14 contact points.
WARNING: Contact joints between materials 'patin' and 'dohyo' will only be created for the 10 deepest contact points instead of all the 14 contact points.
WARNING: Contact joints between materials 'patin' and 'dohyo' will only be created for the 10 deepest contact points instead of all the 14 contact points.
WARNING: Contact joints between materials 'patin' and 'dohyo' will only be created for the 10 deepest contact points instead of all the 14 contact points.
WARNING: Contact joints between materials 'patin' and 'dohyo' will only be created for the 10 deepest contact points instead of all the 12 contact points.
WARNING: Contact joints between materials 'patin' and 'dohyo' will only be created for the 10 deepest contact points instead of all the 14 contact points.
WARNING: Contact joints between materials 'patin' and 'dohyo' will only be created for the 10 deepest contact points instead of all the 11 contact points.
WARNING: Contact joints between materials 'patin' and 'dohyo' will only be created for the 10 deepest contact points instead of all the 11 contact points.
WARNING: Contact joints between materials 'patin' and 'dohyo' will only be created for the 10 deepest contact points instead of all the 11 contact points.
WARNING: Contact joints between materials 'patin' and 'dohyo' will only be created for the 10 deepest contact points instead of all the 11 contact points.
WARNING: Contact joints between materials 'patin' and 'dohyo' will only be created for the 10 deepest contact points instead of all the 11 contact points.
WARNING: Contact joints between materials 'patin' and 'dohyo' will only be created for the 10 deepest contact points instead of all the 11 contact points.
WARNING: Contact joints between materials 'patin' and 'dohyo' will only be created for the 10 deepest contact points instead of all the 11 contact points.
WARNING: Contact joints between materials 'patin' and 'dohyo' will only be created for the 10 deepest contact points instead of all the 11 contact points.
WARNING: Contact joints between materials 'patin' and 'dohyo' will only be created for the 10 deepest contact points instead of all the 14 contact points.
WARNING: Contact joints between materials 'patin' and 'dohyo' will only be created for the 10 deepest contact points instead of all the 14 contact points.
WARNING: Contact joints between materials 'patin' and 'dohyo' will only be created for the 10 deepest contact points instead of all the 12 contact points.
WARNING: Contact joints between materials 'patin' and 'dohyo' will only be created for the 10 deepest contact points instead of all the 12 contact points.
WARNING: Contact joints between materials 'patin' and 'dohyo' will only be created for the 10 deepest contact points instead of all the 12 contact points.
WARNING: Contact joints between materials 'patin' and 'dohyo' will only be created for the 10 deepest contact points instead of all the 12 contact points.
WARNING: Contact joints between materials 'patin' and 'dohyo' will only be created for the 10 deepest contact points instead of all the 12 contact points.
WARNING: Contact joints between materials 'patin' and 'dohyo' will only be created for the 10 deepest contact points instead of all the 14 contact points.
WARNING: Contact joints between materials 'patin' and 'dohyo' will only be created for the 10 deepest contact points instead of all the 14 contact points.
WARNING: Contact joints between materials 'patin' and 'dohyo' will only be created for the 10 deepest contact points instead of all the 14 contact points.
WARNING: Contact joints between materials 'patin' and 'dohyo' will only be created for the 10 deepest contact points instead of all the 14 contact points.
[arbitro] asalto  8/30  lado     tiempo agotado  +0  60.00 s
[planta] asalto=8 mu=1.1 slip=0.0005 aleatorio=0
[gelatina] fin de asalto motor={"battery_v":7.4,"resistance_ohm":[4,4],"bridge_ohm":[0.5,0.5],"omega_rad_s":[-18.8733289,-0.0432556478],"current_a":[-0.979591291,-0.88142812],"torque_nm":[-0.0401351897,-0.042329321],"applied_pwm":[-0.798031271,-0.536467314],"over_1_2a_samples":15295,"over_3_2a_samples":0}
[rival] fin de asalto motor={"battery_v":7.4,"resistance_ohm":[4,4],"bridge_ohm":[0.5,0.5],"omega_rad_s":[-0.029955696,-0.0198369968],"current_a":[-0.739471897,0.740349716],"torque_nm":[-0.0355579398,0.035961666],"applied_pwm":[-0.45,0.45],"over_1_2a_samples":983,"over_3_2a_samples":0}
WARNING: Contact joints between materials 'patin' and 'dohyo' will only be created for the 10 deepest contact points instead of all the 30 contact points.
[planta] gelatina ciclo=10 rueda=0 V=7.4 R=4 Rpuente=0.5 I0=0.15 Ke=0.0793326178 Kt=0.0483794733
[planta] gelatina ciclo=10 rueda=1 V=7.4 R=4 Rpuente=0.5 I0=0.15 Ke=0.0793326178 Kt=0.0483794733
[sensores] gelatina ToF alcance=1200 minimo=30 sigma_rel=0.07
[gelatina] pulsador recibido: permiso previsto 356136 ms
[arranque] pulsador=351136 permiso=356136 ms
[planta] rival ciclo=10 rueda=0 V=7.4 R=4 Rpuente=0.5 I0=0.15 Ke=0.0793326178 Kt=0.0483794733
[planta] rival ciclo=10 rueda=1 V=7.4 R=4 Rpuente=0.5 I0=0.15 Ke=0.0793326178 Kt=0.0483794733
[sensores] rival ToF alcance=1200 minimo=30 sigma_rel=0.07
[gelatina] permiso de arranque a los 356136 ms
WARNING: Contact joints between materials 'patin' and 'dohyo' will only be created for the 10 deepest contact points instead of all the 30 contact points.
WARNING: Contact joints between materials 'patin' and 'dohyo' will only be created for the 10 deepest contact points instead of all the 50 contact points.
WARNING: Contact joints between materials 'patin' and 'dohyo' will only be created for the 10 deepest contact points instead of all the 53 contact points.
WARNING: Contact joints between materials 'patin' and 'dohyo' will only be created for the 10 deepest contact points instead of all the 52 contact points.
WARNING: Contact joints between materials 'patin' and 'dohyo' will only be created for the 10 deepest contact points instead of all the 52 contact points.
WARNING: Contact joints between materials 'patin' and 'dohyo' will only be created for the 10 deepest contact points instead of all the 97 contact points.
WARNING: Contact joints between materials 'patin' and 'dohyo' will only be created for the 10 deepest contact points instead of all the 54 contact points.
WARNING: Contact joints between materials 'patin' and 'dohyo' will only be created for the 10 deepest contact points instead of all the 52 contact points.
WARNING: Contact joints between materials 'patin' and 'dohyo' will only be created for the 10 deepest contact points instead of all the 51 contact points.
WARNING: Contact joints between materials 'patin' and 'dohyo' will only be created for the 10 deepest contact points instead of all the 51 contact points.
WARNING: Contact joints between materials 'patin' and 'dohyo' will only be created for the 10 deepest contact points instead of all the 50 contact points.
WARNING: Contact joints between materials 'patin' and 'dohyo' will only be created for the 10 deepest contact points instead of all the 51 contact points.
WARNING: Contact joints between materials 'patin' and 'dohyo' will only be created for the 10 deepest contact points instead of all the 94 contact points.
WARNING: Contact joints between materials 'patin' and 'dohyo' will only be created for the 10 deepest contact points instead of all the 48 contact points.
WARNING: Contact joints between materials 'patin' and 'dohyo' will only be created for the 10 deepest contact points instead of all the 48 contact points.
WARNING: Contact joints between materials 'patin' and 'dohyo' will only be created for the 10 deepest contact points instead of all the 49 contact points.
WARNING: Contact joints between materials 'patin' and 'dohyo' will only be created for the 10 deepest contact points instead of all the 82 contact points.
WARNING: Contact joints between materials 'patin' and 'dohyo' will only be created for the 10 deepest contact points instead of all the 79 contact points.
WARNING: Contact joints between materials 'patin' and 'dohyo' will only be created for the 10 deepest contact points instead of all the 80 contact points.
WARNING: Contact joints between materials 'patin' and 'dohyo' will only be created for the 10 deepest contact points instead of all the 78 contact points.
WARNING: Contact joints between materials 'patin' and 'dohyo' will only be created for the 10 deepest contact points instead of all the 78 contact points.
WARNING: Contact joints between materials 'patin' and 'dohyo' will only be created for the 10 deepest contact points instead of all the 78 contact points.
WARNING: Contact joints between materials 'patin' and 'dohyo' will only be created for the 10 deepest contact points instead of all the 76 contact points.
WARNING: Contact joints between materials 'patin' and 'dohyo' will only be created for the 10 deepest contact points instead of all the 67 contact points.
WARNING: Contact joints between materials 'patin' and 'dohyo' will only be created for the 10 deepest contact points instead of all the 76 contact points.
WARNING: Contact joints between materials 'patin' and 'dohyo' will only be created for the 10 deepest contact points instead of all the 72 contact points.
WARNING: Contact joints between materials 'patin' and 'dohyo' will only be created for the 10 deepest contact points instead of all the 55 contact points.
WARNING: Contact joints between materials 'patin' and 'dohyo' will only be created for the 10 deepest contact points instead of all the 51 contact points.
WARNING: Contact joints between materials 'patin' and 'dohyo' will only be created for the 10 deepest contact points instead of all the 39 contact points.
WARNING: Contact joints between materials 'patin' and 'dohyo' will only be created for the 10 deepest contact points instead of all the 68 contact points.
WARNING: Contact joints between materials 'patin' and 'dohyo' will only be created for the 10 deepest contact points instead of all the 66 contact points.
WARNING: Contact joints between materials 'patin' and 'dohyo' will only be created for the 10 deepest contact points instead of all the 37 contact points.
WARNING: Contact joints between materials 'patin' and 'dohyo' will only be created for the 10 deepest contact points instead of all the 38 contact points.
WARNING: Contact joints between materials 'patin' and 'dohyo' will only be created for the 10 deepest contact points instead of all the 36 contact points.
WARNING: Contact joints between materials 'patin' and 'dohyo' will only be created for the 10 deepest contact points instead of all the 34 contact points.
WARNING: Contact joints between materials 'patin' and 'dohyo' will only be created for the 10 deepest contact points instead of all the 34 contact points.
WARNING: Contact joints between materials 'patin' and 'dohyo' will only be created for the 10 deepest contact points instead of all the 30 contact points.
WARNING: Contact joints between materials 'patin' and 'dohyo' will only be created for the 10 deepest contact points instead of all the 31 contact points.
WARNING: Contact joints between materials 'patin' and 'dohyo' will only be created for the 10 deepest contact points instead of all the 33 contact points.
WARNING: Contact joints between materials 'patin' and 'dohyo' will only be created for the 10 deepest contact points instead of all the 56 contact points.
WARNING: Contact joints between materials 'patin' and 'dohyo' will only be created for the 10 deepest contact points instead of all the 53 contact points.
WARNING: Contact joints between materials 'patin' and 'dohyo' will only be created for the 10 deepest contact points instead of all the 35 contact points.
WARNING: Contact joints between materials 'patin' and 'dohyo' will only be created for the 10 deepest contact points instead of all the 31 contact points.
WARNING: Contact joints between materials 'patin' and 'dohyo' will only be created for the 10 deepest contact points instead of all the 30 contact points.
WARNING: Contact joints between materials 'patin' and 'dohyo' will only be created for the 10 deepest contact points instead of all the 28 contact points.
WARNING: Contact joints between materials 'patin' and 'dohyo' will only be created for the 10 deepest contact points instead of all the 27 contact points.
WARNING: Contact joints between materials 'patin' and 'dohyo' will only be created for the 10 deepest contact points instead of all the 19 contact points.
WARNING: Contact joints between materials 'patin' and 'dohyo' will only be created for the 10 deepest contact points instead of all the 23 contact points.
WARNING: Contact joints between materials 'patin' and 'dohyo' will only be created for the 10 deepest contact points instead of all the 50 contact points.
WARNING: Contact joints between materials 'patin' and 'dohyo' will only be created for the 10 deepest contact points instead of all the 48 contact points.
WARNING: Contact joints between materials 'patin' and 'dohyo' will only be created for the 10 deepest contact points instead of all the 48 contact points.
WARNING: Contact joints between materials 'patin' and 'dohyo' will only be created for the 10 deepest contact points instead of all the 48 contact points.
WARNING: Contact joints between materials 'patin' and 'dohyo' will only be created for the 10 deepest contact points instead of all the 36 contact points.
WARNING: Contact joints between materials 'patin' and 'dohyo' will only be created for the 10 deepest contact points instead of all the 27 contact points.
WARNING: Contact joints between materials 'patin' and 'dohyo' will only be created for the 10 deepest contact points instead of all the 26 contact points.
WARNING: Contact joints between materials 'patin' and 'dohyo' will only be created for the 10 deepest contact points instead of all the 15 contact points.
WARNING: Contact joints between materials 'patin' and 'dohyo' will only be created for the 10 deepest contact points instead of all the 15 contact points.
WARNING: Contact joints between materials 'patin' and 'dohyo' will only be created for the 10 deepest contact points instead of all the 25 contact points.
WARNING: Contact joints between materials 'patin' and 'dohyo' will only be created for the 10 deepest contact points instead of all the 23 contact points.
WARNING: Contact joints between materials 'patin' and 'dohyo' will only be created for the 10 deepest contact points instead of all the 18 contact points.
[arbitro] asalto  9/30  espalda  tiempo agotado  +0  60.00 s
[planta] asalto=9 mu=1.1 slip=0.0005 aleatorio=0
[gelatina] fin de asalto motor={"battery_v":7.4,"resistance_ohm":[4,4],"bridge_ohm":[0.5,0.5],"omega_rad_s":[-30.6685897,-1.87518447],"current_a":[-1.04260094,-1.01213612],"torque_nm":[-0.0431835632,-0.0420430611],"applied_pwm":[-0.962800503,-0.635591328],"over_1_2a_samples":15780,"over_3_2a_samples":0}
[rival] fin de asalto motor={"battery_v":7.4,"resistance_ohm":[4,4],"bridge_ohm":[0.5,0.5],"omega_rad_s":[-0.109994851,-0.024088952],"current_a":[-0.738060849,0.740424675],"torque_nm":[-0.0349119749,0.0359961337],"applied_pwm":[-0.45,0.45],"over_1_2a_samples":986,"over_3_2a_samples":0}
[planta] gelatina ciclo=11 rueda=0 V=7.4 R=4 Rpuente=0.5 I0=0.15 Ke=0.0793326178 Kt=0.0483794733
[planta] gelatina ciclo=11 rueda=1 V=7.4 R=4 Rpuente=0.5 I0=0.15 Ke=0.0793326178 Kt=0.0483794733
[sensores] gelatina ToF alcance=1200 minimo=30 sigma_rel=0.07
[gelatina] pulsador recibido: permiso previsto 421448 ms
[planta] rival ciclo=11 rueda=0 V=7.4 R=4 Rpuente=0.5 I0=0.15 Ke=0.0793326178 Kt=0.0483794733
[planta] rival ciclo=11 rueda=1 V=7.4 R=4 Rpuente=0.5 I0=0.15 Ke=0.0793326178 Kt=0.0483794733
[sensores] rival ToF alcance=1200 minimo=30 sigma_rel=0.07
[arranque] pulsador=416448 permiso=421448 ms
[gelatina] permiso de arranque a los 421448 ms
WARNING: Contact joints between materials 'patin' and 'dohyo' will only be created for the 10 deepest contact points instead of all the 16 contact points.
WARNING: Contact joints between materials 'patin' and 'dohyo' will only be created for the 10 deepest contact points instead of all the 26 contact points.
WARNING: Contact joints between materials 'patin' and 'dohyo' will only be created for the 10 deepest contact points instead of all the 11 contact points.
WARNING: Contact joints between materials 'patin' and 'dohyo' will only be created for the 10 deepest contact points instead of all the 12 contact points.
WARNING: Contact joints between materials 'patin' and 'dohyo' will only be created for the 10 deepest contact points instead of all the 11 contact points.
WARNING: Contact joints between materials 'patin' and 'dohyo' will only be created for the 10 deepest contact points instead of all the 16 contact points.
[arbitro] asalto 10/30  frente   expulsado       -1   5.73 s
[planta] asalto=10 mu=1.1 slip=0.0005 aleatorio=0
[gelatina] fin de asalto motor={"battery_v":7.4,"resistance_ohm":[4,4],"bridge_ohm":[0.5,0.5],"omega_rad_s":[59.6704684,-35.5110286],"current_a":[0.564895886,0.388842331],"torque_nm":[0.0200724444,0.0260689082],"applied_pwm":[0.983222425,-0.144242212],"over_1_2a_samples":15844,"over_3_2a_samples":0}
[rival] fin de asalto motor={"battery_v":7.4,"resistance_ohm":[4,4],"bridge_ohm":[0.5,0.5],"omega_rad_s":[-15.9541524,26.7489039],"current_a":[-0.458736738,0.268430984],"torque_nm":[-0.0149365208,0.00572962863],"applied_pwm":[-0.45,0.45],"over_1_2a_samples":1077,"over_3_2a_samples":0}
[arranque] pulsador=427488 permiso=432488 ms
[planta] gelatina ciclo=12 rueda=0 V=7.4 R=4 Rpuente=0.5 I0=0.15 Ke=0.0793326178 Kt=0.0483794733
[planta] gelatina ciclo=12 rueda=1 V=7.4 R=4 Rpuente=0.5 I0=0.15 Ke=0.0793326178 Kt=0.0483794733
[sensores] gelatina ToF alcance=1200 minimo=30 sigma_rel=0.07
[gelatina] pulsador recibido: permiso previsto 432488 ms
[planta] rival ciclo=12 rueda=0 V=7.4 R=4 Rpuente=0.5 I0=0.15 Ke=0.0793326178 Kt=0.0483794733
[planta] rival ciclo=12 rueda=1 V=7.4 R=4 Rpuente=0.5 I0=0.15 Ke=0.0793326178 Kt=0.0483794733
[sensores] rival ToF alcance=1200 minimo=30 sigma_rel=0.07
[gelatina] permiso de arranque a los 432488 ms
WARNING: Contact joints between materials 'patin' and 'dohyo' will only be created for the 10 deepest contact points instead of all the 19 contact points.
WARNING: Contact joints between materials 'patin' and 'dohyo' will only be created for the 10 deepest contact points instead of all the 19 contact points.
WARNING: Contact joints between materials 'patin' and 'dohyo' will only be created for the 10 deepest contact points instead of all the 22 contact points.
WARNING: Contact joints between materials 'patin' and 'dohyo' will only be created for the 10 deepest contact points instead of all the 11 contact points.
WARNING: Contact joints between materials 'patin' and 'dohyo' will only be created for the 10 deepest contact points instead of all the 17 contact points.
WARNING: Contact joints between materials 'patin' and 'dohyo' will only be created for the 10 deepest contact points instead of all the 11 contact points.
WARNING: Contact joints between materials 'patin' and 'dohyo' will only be created for the 10 deepest contact points instead of all the 14 contact points.
WARNING: Contact joints between materials 'patin' and 'dohyo' will only be created for the 10 deepest contact points instead of all the 12 contact points.
[arbitro] asalto 11/30  lado     rival fuera     +1   8.17 s
[planta] asalto=11 mu=1.1 slip=0.0005 aleatorio=0
[gelatina] fin de asalto motor={"battery_v":7.4,"resistance_ohm":[4,4],"bridge_ohm":[0.5,0.5],"omega_rad_s":[-25.0027201,-14.1952651],"current_a":[-0.779446353,0.0856825409],"torque_nm":[-0.030452283,0.0114021972],"applied_pwm":[-0.742032409,-0.100077853],"over_1_2a_samples":16338,"over_3_2a_samples":0}
[rival] fin de asalto motor={"battery_v":7.4,"resistance_ohm":[4,4],"bridge_ohm":[0.5,0.5],"omega_rad_s":[-58.6633,-52.6393214],"current_a":[-0.363574855,-0.469774407],"torque_nm":[-0.010332639,-0.0154705174],"applied_pwm":[-0.85,-0.85],"over_1_2a_samples":1122,"over_3_2a_samples":0}
[planta] gelatina ciclo=13 rueda=0 V=7.4 R=4 Rpuente=0.5 I0=0.15 Ke=0.0793326178 Kt=0.0483794733
[planta] gelatina ciclo=13 rueda=1 V=7.4 R=4 Rpuente=0.5 I0=0.15 Ke=0.0793326178 Kt=0.0483794733
[sensores] gelatina ToF alcance=1200 minimo=30 sigma_rel=0.07
[gelatina] pulsador recibido: permiso previsto 445968 ms
[arranque] pulsador=440968 permiso=445968 ms
[planta] rival ciclo=13 rueda=0 V=7.4 R=4 Rpuente=0.5 I0=0.15 Ke=0.0793326178 Kt=0.0483794733
[planta] rival ciclo=13 rueda=1 V=7.4 R=4 Rpuente=0.5 I0=0.15 Ke=0.0793326178 Kt=0.0483794733
[sensores] rival ToF alcance=1200 minimo=30 sigma_rel=0.07
[gelatina] permiso de arranque a los 445968 ms
WARNING: Contact joints between materials 'patin' and 'dohyo' will only be created for the 10 deepest contact points instead of all the 30 contact points.
WARNING: Contact joints between materials 'patin' and 'dohyo' will only be created for the 10 deepest contact points instead of all the 54 contact points.
WARNING: Contact joints between materials 'patin' and 'dohyo' will only be created for the 10 deepest contact points instead of all the 48 contact points.
WARNING: Contact joints between materials 'patin' and 'dohyo' will only be created for the 10 deepest contact points instead of all the 92 contact points.
WARNING: Contact joints between materials 'patin' and 'dohyo' will only be created for the 10 deepest contact points instead of all the 88 contact points.
WARNING: Contact joints between materials 'patin' and 'dohyo' will only be created for the 10 deepest contact points instead of all the 79 contact points.
WARNING: Contact joints between materials 'patin' and 'dohyo' will only be created for the 10 deepest contact points instead of all the 70 contact points.
WARNING: Contact joints between materials 'patin' and 'dohyo' will only be created for the 10 deepest contact points instead of all the 56 contact points.
WARNING: Contact joints between materials 'patin' and 'dohyo' will only be created for the 10 deepest contact points instead of all the 52 contact points.
WARNING: Contact joints between materials 'patin' and 'dohyo' will only be created for the 10 deepest contact points instead of all the 46 contact points.
WARNING: Contact joints between materials 'patin' and 'dohyo' will only be created for the 10 deepest contact points instead of all the 42 contact points.
WARNING: Contact joints between materials 'patin' and 'dohyo' will only be created for the 10 deepest contact points instead of all the 39 contact points.
WARNING: Contact joints between materials 'patin' and 'dohyo' will only be created for the 10 deepest contact points instead of all the 70 contact points.
WARNING: Contact joints between materials 'patin' and 'dohyo' will only be created for the 10 deepest contact points instead of all the 82 contact points.
WARNING: Contact joints between materials 'patin' and 'dohyo' will only be created for the 10 deepest contact points instead of all the 51 contact points.
WARNING: Contact joints between materials 'patin' and 'dohyo' will only be created for the 10 deepest contact points instead of all the 11 contact points.
WARNING: Contact joints between materials 'patin' and 'dohyo' will only be created for the 10 deepest contact points instead of all the 72 contact points.
WARNING: Contact joints between materials 'patin' and 'dohyo' will only be created for the 10 deepest contact points instead of all the 76 contact points.
WARNING: Contact joints between materials 'patin' and 'dohyo' will only be created for the 10 deepest contact points instead of all the 64 contact points.
WARNING: Contact joints between materials 'patin' and 'dohyo' will only be created for the 10 deepest contact points instead of all the 52 contact points.
WARNING: Contact joints between materials 'patin' and 'dohyo' will only be created for the 10 deepest contact points instead of all the 46 contact points.
WARNING: Contact joints between materials 'patin' and 'dohyo' will only be created for the 10 deepest contact points instead of all the 64 contact points.
WARNING: Contact joints between materials 'patin' and 'dohyo' will only be created for the 10 deepest contact points instead of all the 64 contact points.
WARNING: Contact joints between materials 'rueda' and 'dohyo' will only be created for the 10 deepest contact points instead of all the 12 contact points.
WARNING: Contact joints between materials 'patin' and 'dohyo' will only be created for the 10 deepest contact points instead of all the 66 contact points.
WARNING: Contact joints between materials 'patin' and 'dohyo' will only be created for the 10 deepest contact points instead of all the 62 contact points.
WARNING: Contact joints between materials 'patin' and 'dohyo' will only be created for the 10 deepest contact points instead of all the 70 contact points.
WARNING: Contact joints between materials 'patin' and 'dohyo' will only be created for the 10 deepest contact points instead of all the 68 contact points.
WARNING: Contact joints between materials 'patin' and 'dohyo' will only be created for the 10 deepest contact points instead of all the 45 contact points.
WARNING: Contact joints between materials 'patin' and 'dohyo' will only be created for the 10 deepest contact points instead of all the 76 contact points.
WARNING: Contact joints between materials 'patin' and 'dohyo' will only be created for the 10 deepest contact points instead of all the 72 contact points.
WARNING: Contact joints between materials 'patin' and 'dohyo' will only be created for the 10 deepest contact points instead of all the 47 contact points.
WARNING: Contact joints between materials 'patin' and 'dohyo' will only be created for the 10 deepest contact points instead of all the 76 contact points.
WARNING: Contact joints between materials 'patin' and 'dohyo' will only be created for the 10 deepest contact points instead of all the 68 contact points.
WARNING: Contact joints between materials 'patin' and 'dohyo' will only be created for the 10 deepest contact points instead of all the 69 contact points.
WARNING: Contact joints between materials 'patin' and 'dohyo' will only be created for the 10 deepest contact points instead of all the 66 contact points.
WARNING: Contact joints between materials 'patin' and 'dohyo' will only be created for the 10 deepest contact points instead of all the 64 contact points.
WARNING: Contact joints between materials 'patin' and 'dohyo' will only be created for the 10 deepest contact points instead of all the 72 contact points.
WARNING: Contact joints between materials 'patin' and 'dohyo' will only be created for the 10 deepest contact points instead of all the 70 contact points.
WARNING: Contact joints between materials 'patin' and 'dohyo' will only be created for the 10 deepest contact points instead of all the 55 contact points.
WARNING: Contact joints between materials 'patin' and 'dohyo' will only be created for the 10 deepest contact points instead of all the 20 contact points.
WARNING: Contact joints between materials 'patin' and 'dohyo' will only be created for the 10 deepest contact points instead of all the 78 contact points.
WARNING: Contact joints between materials 'patin' and 'dohyo' will only be created for the 10 deepest contact points instead of all the 49 contact points.
WARNING: Contact joints between materials 'patin' and 'dohyo' will only be created for the 10 deepest contact points instead of all the 14 contact points.
WARNING: Contact joints between materials 'patin' and 'dohyo' will only be created for the 10 deepest contact points instead of all the 13 contact points.
WARNING: Contact joints between materials 'patin' and 'dohyo' will only be created for the 10 deepest contact points instead of all the 17 contact points.
[arbitro] asalto 12/30  espalda  expulsado       -1  46.09 s
[planta] asalto=12 mu=1.1 slip=0.0005 aleatorio=0
[gelatina] fin de asalto motor={"battery_v":7.4,"resistance_ohm":[4,4],"bridge_ohm":[0.5,0.5],"omega_rad_s":[45.8762257,50.407055],"current_a":[0.459681631,0.591500426],"torque_nm":[0.0149822342,0.0213595581],"applied_pwm":[0.771357894,0.90009129],"over_1_2a_samples":21152,"over_3_2a_samples":0}
[rival] fin de asalto motor={"battery_v":7.4,"resistance_ohm":[4,4],"bridge_ohm":[0.5,0.5],"omega_rad_s":[74.7276584,73.3595105],"current_a":[0.162590942,0.186710665],"torque_nm":[0.00060914312,0.00177604266],"applied_pwm":[0.9,0.9],"over_1_2a_samples":1207,"over_3_2a_samples":0}
[planta] gelatina ciclo=14 rueda=0 V=7.4 R=4 Rpuente=0.5 I0=0.15 Ke=0.0793326178 Kt=0.0483794733
[planta] gelatina ciclo=14 rueda=1 V=7.4 R=4 Rpuente=0.5 I0=0.15 Ke=0.0793326178 Kt=0.0483794733
[sensores] gelatina ToF alcance=1200 minimo=30 sigma_rel=0.07
[gelatina] pulsador recibido: permiso previsto 497368 ms
[arranque] pulsador=492368 permiso=497368 ms
[planta] rival ciclo=14 rueda=0 V=7.4 R=4 Rpuente=0.5 I0=0.15 Ke=0.0793326178 Kt=0.0483794733
[planta] rival ciclo=14 rueda=1 V=7.4 R=4 Rpuente=0.5 I0=0.15 Ke=0.0793326178 Kt=0.0483794733
[sensores] rival ToF alcance=1200 minimo=30 sigma_rel=0.07
[gelatina] permiso de arranque a los 497368 ms
WARNING: Contact joints between materials 'patin' and 'dohyo' will only be created for the 10 deepest contact points instead of all the 102 contact points.
WARNING: Contact joints between materials 'rueda' and 'dohyo' will only be created for the 10 deepest contact points instead of all the 16 contact points.
WARNING: Contact joints between materials 'patin' and 'dohyo' will only be created for the 10 deepest contact points instead of all the 66 contact points.
WARNING: Contact joints between materials 'patin' and 'dohyo' will only be created for the 10 deepest contact points instead of all the 12 contact points.
WARNING: Contact joints between materials 'patin' and 'dohyo' will only be created for the 10 deepest contact points instead of all the 16 contact points.
WARNING: Contact joints between materials 'patin' and 'dohyo' will only be created for the 10 deepest contact points instead of all the 12 contact points.
[arbitro] asalto 13/30  frente   rival fuera     +1   5.72 s
[planta] asalto=13 mu=1.1 slip=0.0005 aleatorio=0
[gelatina] fin de asalto motor={"battery_v":7.4,"resistance_ohm":[4,4],"bridge_ohm":[0.5,0.5],"omega_rad_s":[61.2668487,-56.1706247],"current_a":[0.436080457,-0.192777873],"torque_nm":[0.0138404218,-0.00206957098],"applied_pwm":[0.922002912,-0.719413936],"over_1_2a_samples":21212,"over_3_2a_samples":0}
[rival] fin de asalto motor={"battery_v":7.4,"resistance_ohm":[4,4],"bridge_ohm":[0.5,0.5],"omega_rad_s":[-48.074579,36.932509],"current_a":[-0.139137289,0.335566084],"torque_nm":[0.000525532224,0.0089775894],"applied_pwm":[-0.6,0.6],"over_1_2a_samples":1337,"over_3_2a_samples":0}
[planta] gelatina ciclo=15 rueda=0 V=7.4 R=4 Rpuente=0.5 I0=0.15 Ke=0.0793326178 Kt=0.0483794733
[planta] gelatina ciclo=15 rueda=1 V=7.4 R=4 Rpuente=0.5 I0=0.15 Ke=0.0793326178 Kt=0.0483794733
[sensores] gelatina ToF alcance=1200 minimo=30 sigma_rel=0.07
[gelatina] pulsador recibido: permiso previsto 508400 ms
[arranque] pulsador=503400 permiso=508400 ms
[planta] rival ciclo=15 rueda=0 V=7.4 R=4 Rpuente=0.5 I0=0.15 Ke=0.0793326178 Kt=0.0483794733
[planta] rival ciclo=15 rueda=1 V=7.4 R=4 Rpuente=0.5 I0=0.15 Ke=0.0793326178 Kt=0.0483794733
[sensores] rival ToF alcance=1200 minimo=30 sigma_rel=0.07
[gelatina] permiso de arranque a los 508400 ms
WARNING: Contact joints between materials 'patin' and 'dohyo' will only be created for the 10 deepest contact points instead of all the 13 contact points.
WARNING: Contact joints between materials 'patin' and 'dohyo' will only be created for the 10 deepest contact points instead of all the 36 contact points.
WARNING: Contact joints between materials 'patin' and 'dohyo' will only be created for the 10 deepest contact points instead of all the 21 contact points.
WARNING: Contact joints between materials 'patin' and 'dohyo' will only be created for the 10 deepest contact points instead of all the 36 contact points.
WARNING: Contact joints between materials 'patin' and 'dohyo' will only be created for the 10 deepest contact points instead of all the 36 contact points.
WARNING: Contact joints between materials 'patin' and 'dohyo' will only be created for the 10 deepest contact points instead of all the 36 contact points.
WARNING: Contact joints between materials 'patin' and 'dohyo' will only be created for the 10 deepest contact points instead of all the 27 contact points.
WARNING: Contact joints between materials 'patin' and 'dohyo' will only be created for the 10 deepest contact points instead of all the 25 contact points.
WARNING: Contact joints between materials 'patin' and 'dohyo' will only be created for the 10 deepest contact points instead of all the 21 contact points.
WARNING: Contact joints between materials 'patin' and 'dohyo' will only be created for the 10 deepest contact points instead of all the 19 contact points.
WARNING: Contact joints between materials 'patin' and 'dohyo' will only be created for the 10 deepest contact points instead of all the 18 contact points.
WARNING: Contact joints between materials 'patin' and 'dohyo' will only be created for the 10 deepest contact points instead of all the 19 contact points.
WARNING: Contact joints between materials 'patin' and 'dohyo' will only be created for the 10 deepest contact points instead of all the 20 contact points.
WARNING: Contact joints between materials 'patin' and 'dohyo' will only be created for the 10 deepest contact points instead of all the 18 contact points.
WARNING: Contact joints between materials 'patin' and 'dohyo' will only be created for the 10 deepest contact points instead of all the 16 contact points.
WARNING: Contact joints between materials 'patin' and 'dohyo' will only be created for the 10 deepest contact points instead of all the 18 contact points.
WARNING: Contact joints between materials 'patin' and 'dohyo' will only be created for the 10 deepest contact points instead of all the 19 contact points.
WARNING: Contact joints between materials 'patin' and 'dohyo' will only be created for the 10 deepest contact points instead of all the 19 contact points.
WARNING: Contact joints between materials 'patin' and 'dohyo' will only be created for the 10 deepest contact points instead of all the 19 contact points.
WARNING: Contact joints between materials 'patin' and 'dohyo' will only be created for the 10 deepest contact points instead of all the 15 contact points.
WARNING: Contact joints between materials 'patin' and 'dohyo' will only be created for the 10 deepest contact points instead of all the 16 contact points.
WARNING: Contact joints between materials 'patin' and 'dohyo' will only be created for the 10 deepest contact points instead of all the 16 contact points.
WARNING: Contact joints between materials 'patin' and 'dohyo' will only be created for the 10 deepest contact points instead of all the 18 contact points.
WARNING: Contact joints between materials 'patin' and 'dohyo' will only be created for the 10 deepest contact points instead of all the 20 contact points.
WARNING: Contact joints between materials 'patin' and 'dohyo' will only be created for the 10 deepest contact points instead of all the 26 contact points.
WARNING: Contact joints between materials 'rueda' and 'dohyo' will only be created for the 10 deepest contact points instead of all the 11 contact points.
WARNING: Contact joints between materials 'rueda' and 'dohyo' will only be created for the 10 deepest contact points instead of all the 12 contact points.
WARNING: Contact joints between materials 'rueda' and 'dohyo' will only be created for the 10 deepest contact points instead of all the 13 contact points.
WARNING: Contact joints between materials 'rueda' and 'dohyo' will only be created for the 10 deepest contact points instead of all the 13 contact points.
WARNING: Contact joints between materials 'rueda' and 'dohyo' will only be created for the 10 deepest contact points instead of all the 14 contact points.
WARNING: Contact joints between materials 'rueda' and 'dohyo' will only be created for the 10 deepest contact points instead of all the 14 contact points.
WARNING: Contact joints between materials 'rueda' and 'dohyo' will only be created for the 10 deepest contact points instead of all the 15 contact points.
WARNING: Contact joints between materials 'rueda' and 'dohyo' will only be created for the 10 deepest contact points instead of all the 15 contact points.
WARNING: Contact joints between materials 'rueda' and 'dohyo' will only be created for the 10 deepest contact points instead of all the 15 contact points.
WARNING: Contact joints between materials 'rueda' and 'dohyo' will only be created for the 10 deepest contact points instead of all the 16 contact points.
WARNING: Contact joints between materials 'rueda' and 'dohyo' will only be created for the 10 deepest contact points instead of all the 15 contact points.
WARNING: Contact joints between materials 'rueda' and 'dohyo' will only be created for the 10 deepest contact points instead of all the 13 contact points.
WARNING: Contact joints between materials 'rueda' and 'dohyo' will only be created for the 10 deepest contact points instead of all the 13 contact points.
WARNING: Contact joints between materials 'rueda' and 'dohyo' will only be created for the 10 deepest contact points instead of all the 13 contact points.
WARNING: Contact joints between materials 'rueda' and 'dohyo' will only be created for the 10 deepest contact points instead of all the 15 contact points.
WARNING: Contact joints between materials 'rueda' and 'dohyo' will only be created for the 10 deepest contact points instead of all the 17 contact points.
WARNING: Contact joints between materials 'rueda' and 'dohyo' will only be created for the 10 deepest contact points instead of all the 15 contact points.
WARNING: Contact joints between materials 'rueda' and 'dohyo' will only be created for the 10 deepest contact points instead of all the 15 contact points.
WARNING: Contact joints between materials 'rueda' and 'dohyo' will only be created for the 10 deepest contact points instead of all the 14 contact points.
WARNING: Contact joints between materials 'rueda' and 'dohyo' will only be created for the 10 deepest contact points instead of all the 13 contact points.
WARNING: Contact joints between materials 'rueda' and 'dohyo' will only be created for the 10 deepest contact points instead of all the 12 contact points.
WARNING: Contact joints between materials 'rueda' and 'dohyo' will only be created for the 10 deepest contact points instead of all the 12 contact points.
WARNING: Contact joints between materials 'patin' and 'dohyo' will only be created for the 10 deepest contact points instead of all the 11 contact points.
WARNING: Contact joints between materials 'patin' and 'dohyo' will only be created for the 10 deepest contact points instead of all the 12 contact points.
WARNING: Contact joints between materials 'rueda' and 'dohyo' will only be created for the 10 deepest contact points instead of all the 11 contact points.
WARNING: Contact joints between materials 'rueda' and 'dohyo' will only be created for the 10 deepest contact points instead of all the 12 contact points.
WARNING: Contact joints between materials 'rueda' and 'dohyo' will only be created for the 10 deepest contact points instead of all the 14 contact points.
WARNING: Contact joints between materials 'rueda' and 'dohyo' will only be created for the 10 deepest contact points instead of all the 11 contact points.
WARNING: Contact joints between materials 'patin' and 'dohyo' will only be created for the 10 deepest contact points instead of all the 14 contact points.
WARNING: Contact joints between materials 'patin' and 'dohyo' will only be created for the 10 deepest contact points instead of all the 11 contact points.
[arbitro] asalto 14/30  lado     tiempo agotado  +0  60.01 s
[planta] asalto=14 mu=1.1 slip=0.0005 aleatorio=0
[gelatina] fin de asalto motor={"battery_v":7.4,"resistance_ohm":[4,4],"bridge_ohm":[0.5,0.5],"omega_rad_s":[-39.1661143,-5.49804518],"current_a":[-0.884513836,-1.1728408],"torque_nm":[-0.0355353926,-0.0494847427],"applied_pwm":[-0.957765222,-0.772156477],"over_1_2a_samples":23705,"over_3_2a_samples":0}
[rival] fin de asalto motor={"battery_v":7.4,"resistance_ohm":[4,4],"bridge_ohm":[0.5,0.5],"omega_rad_s":[-0.0976223653,-0.0285402387],"current_a":[-0.738278969,0.740503149],"torque_nm":[-0.0350113519,0.0360322104],"applied_pwm":[-0.45,0.45],"over_1_2a_samples":1338,"over_3_2a_samples":0}
WARNING: Contact joints between materials 'patin' and 'dohyo' will only be created for the 10 deepest contact points instead of all the 17 contact points.
[planta] gelatina ciclo=16 rueda=0 V=7.4 R=4 Rpuente=0.5 I0=0.15 Ke=0.0793326178 Kt=0.0483794733
[planta] gelatina ciclo=16 rueda=1 V=7.4 R=4 Rpuente=0.5 I0=0.15 Ke=0.0793326178 Kt=0.0483794733
[sensores] gelatina ToF alcance=1200 minimo=30 sigma_rel=0.07
[gelatina] pulsador recibido: permiso previsto 573720 ms
[arranque] pulsador=568720 permiso=573720 ms
[planta] rival ciclo=16 rueda=0 V=7.4 R=4 Rpuente=0.5 I0=0.15 Ke=0.0793326178 Kt=0.0483794733
[planta] rival ciclo=16 rueda=1 V=7.4 R=4 Rpuente=0.5 I0=0.15 Ke=0.0793326178 Kt=0.0483794733
[sensores] rival ToF alcance=1200 minimo=30 sigma_rel=0.07
[gelatina] permiso de arranque a los 573720 ms
WARNING: Contact joints between materials 'patin' and 'dohyo' will only be created for the 10 deepest contact points instead of all the 26 contact points.
WARNING: Contact joints between materials 'patin' and 'dohyo' will only be created for the 10 deepest contact points instead of all the 33 contact points.
WARNING: Contact joints between materials 'patin' and 'dohyo' will only be created for the 10 deepest contact points instead of all the 26 contact points.
[arbitro] asalto 15/30  espalda  rival fuera     +1   2.78 s
[planta] asalto=15 mu=1.1 slip=0.0005 aleatorio=0
[gelatina] fin de asalto motor={"battery_v":7.4,"resistance_ohm":[4,4],"bridge_ohm":[0.5,0.5],"omega_rad_s":[-24.9772138,-28.1841396],"current_a":[-1.14434018,0.107485444],"torque_nm":[-0.0481056544,0.0124570102],"applied_pwm":[-0.963653862,-0.236788794],"over_1_2a_samples":23966,"over_3_2a_samples":0}
[rival] fin de asalto motor={"battery_v":7.4,"resistance_ohm":[4,4],"bridge_ohm":[0.5,0.5],"omega_rad_s":[-32.404346,-43.5629805],"current_a":[-0.826506312,-0.629785492],"torque_nm":[-0.0327290191,-0.0232117694],"applied_pwm":[-0.85,-0.85],"over_1_2a_samples":1345,"over_3_2a_samples":0}
[planta] gelatina ciclo=17 rueda=0 V=7.4 R=4 Rpuente=0.5 I0=0.15 Ke=0.0793326178 Kt=0.0483794733
[planta] gelatina ciclo=17 rueda=1 V=7.4 R=4 Rpuente=0.5 I0=0.15 Ke=0.0793326178 Kt=0.0483794733
[sensores] gelatina ToF alcance=1200 minimo=30 sigma_rel=0.07
[gelatina] pulsador recibido: permiso previsto 581816 ms
[arranque] pulsador=576816 permiso=581816 ms
[planta] rival ciclo=17 rueda=0 V=7.4 R=4 Rpuente=0.5 I0=0.15 Ke=0.0793326178 Kt=0.0483794733
[planta] rival ciclo=17 rueda=1 V=7.4 R=4 Rpuente=0.5 I0=0.15 Ke=0.0793326178 Kt=0.0483794733
[sensores] rival ToF alcance=1200 minimo=30 sigma_rel=0.07
[gelatina] permiso de arranque a los 581816 ms
WARNING: Contact joints between materials 'patin' and 'dohyo' will only be created for the 10 deepest contact points instead of all the 49 contact points.
WARNING: Contact joints between materials 'patin' and 'dohyo' will only be created for the 10 deepest contact points instead of all the 16 contact points.
WARNING: Contact joints between materials 'patin' and 'dohyo' will only be created for the 10 deepest contact points instead of all the 17 contact points.
[arbitro] asalto 16/30  frente   rival fuera     +1   2.59 s
[planta] asalto=16 mu=1.1 slip=0.0005 aleatorio=0
[gelatina] fin de asalto motor={"battery_v":7.4,"resistance_ohm":[4,4],"bridge_ohm":[0.5,0.5],"omega_rad_s":[-8.54138304,-25.4637523],"current_a":[-0.295111918,-0.507812145],"torque_nm":[-0.0070204387,-0.0173107631],"applied_pwm":[-0.271028906,-0.581791997],"over_1_2a_samples":23980,"over_3_2a_samples":0}
[rival] fin de asalto motor={"battery_v":7.4,"resistance_ohm":[4,4],"bridge_ohm":[0.5,0.5],"omega_rad_s":[-43.3138853,44.1467293],"current_a":[-0.223065798,0.2083832],"torque_nm":[-0.00353488484,0.00282454846],"applied_pwm":[-0.6,0.6],"over_1_2a_samples":1396,"over_3_2a_samples":0}
[planta] gelatina ciclo=18 rueda=0 V=7.4 R=4 Rpuente=0.5 I0=0.15 Ke=0.0793326178 Kt=0.0483794733
[planta] gelatina ciclo=18 rueda=1 V=7.4 R=4 Rpuente=0.5 I0=0.15 Ke=0.0793326178 Kt=0.0483794733
[sensores] gelatina ToF alcance=1200 minimo=30 sigma_rel=0.07
[gelatina] pulsador recibido: permiso previsto 589720 ms
[arranque] pulsador=584720 permiso=589720 ms
[planta] rival ciclo=18 rueda=0 V=7.4 R=4 Rpuente=0.5 I0=0.15 Ke=0.0793326178 Kt=0.0483794733
[planta] rival ciclo=18 rueda=1 V=7.4 R=4 Rpuente=0.5 I0=0.15 Ke=0.0793326178 Kt=0.0483794733
[sensores] rival ToF alcance=1200 minimo=30 sigma_rel=0.07
[gelatina] permiso de arranque a los 589720 ms
WARNING: Contact joints between materials 'patin' and 'dohyo' will only be created for the 10 deepest contact points instead of all the 24 contact points.
WARNING: Contact joints between materials 'patin' and 'dohyo' will only be created for the 10 deepest contact points instead of all the 47 contact points.
WARNING: Contact joints between materials 'patin' and 'dohyo' will only be created for the 10 deepest contact points instead of all the 50 contact points.
WARNING: Contact joints between materials 'patin' and 'dohyo' will only be created for the 10 deepest contact points instead of all the 50 contact points.
WARNING: Contact joints between materials 'patin' and 'dohyo' will only be created for the 10 deepest contact points instead of all the 50 contact points.
WARNING: Contact joints between materials 'patin' and 'dohyo' will only be created for the 10 deepest contact points instead of all the 44 contact points.
WARNING: Contact joints between materials 'patin' and 'dohyo' will only be created for the 10 deepest contact points instead of all the 44 contact points.
WARNING: Contact joints between materials 'patin' and 'dohyo' will only be created for the 10 deepest contact points instead of all the 34 contact points.
WARNING: Contact joints between materials 'patin' and 'dohyo' will only be created for the 10 deepest contact points instead of all the 22 contact points.
WARNING: Contact joints between materials 'patin' and 'dohyo' will only be created for the 10 deepest contact points instead of all the 19 contact points.
WARNING: Contact joints between materials 'patin' and 'dohyo' will only be created for the 10 deepest contact points instead of all the 20 contact points.
WARNING: Contact joints between materials 'patin' and 'dohyo' will only be created for the 10 deepest contact points instead of all the 20 contact points.
WARNING: Contact joints between materials 'patin' and 'dohyo' will only be created for the 10 deepest contact points instead of all the 26 contact points.
WARNING: Contact joints between materials 'patin' and 'dohyo' will only be created for the 10 deepest contact points instead of all the 29 contact points.
WARNING: Contact joints between materials 'patin' and 'dohyo' will only be created for the 10 deepest contact points instead of all the 23 contact points.
WARNING: Contact joints between materials 'patin' and 'dohyo' will only be created for the 10 deepest contact points instead of all the 19 contact points.
WARNING: Contact joints between materials 'patin' and 'dohyo' will only be created for the 10 deepest contact points instead of all the 18 contact points.
WARNING: Contact joints between materials 'patin' and 'dohyo' will only be created for the 10 deepest contact points instead of all the 11 contact points.
[arbitro] asalto 17/30  lado     auto-salida     -1  17.30 s
[planta] asalto=17 mu=1.1 slip=0.0005 aleatorio=0
[gelatina] fin de asalto motor={"battery_v":7.4,"resistance_ohm":[4,4],"bridge_ohm":[0.5,0.5],"omega_rad_s":[82.316209,67.5811082],"current_a":[0.191908371,0.0691372819],"torque_nm":[0.00202750493,-0.00391209571],"applied_pwm":[0.999182165,0.766554594],"over_1_2a_samples":25543,"over_3_2a_samples":0}
[rival] fin de asalto motor={"battery_v":7.4,"resistance_ohm":[4,4],"bridge_ohm":[0.5,0.5],"omega_rad_s":[-18.1555177,33.2258807],"current_a":[-0.419927833,0.154245313],"torque_nm":[-0.0130589664,0.00020538599],"applied_pwm":[-0.45,0.45],"over_1_2a_samples":1416,"over_3_2a_samples":0}
[planta] gelatina ciclo=19 rueda=0 V=7.4 R=4 Rpuente=0.5 I0=0.15 Ke=0.0793326178 Kt=0.0483794733
[planta] gelatina ciclo=19 rueda=1 V=7.4 R=4 Rpuente=0.5 I0=0.15 Ke=0.0793326178 Kt=0.0483794733
[sensores] gelatina ToF alcance=1200 minimo=30 sigma_rel=0.07
[gelatina] pulsador recibido: permiso previsto 612328 ms
[arranque] pulsador=607328 permiso=612328 ms
[planta] rival ciclo=19 rueda=0 V=7.4 R=4 Rpuente=0.5 I0=0.15 Ke=0.0793326178 Kt=0.0483794733
[planta] rival ciclo=19 rueda=1 V=7.4 R=4 Rpuente=0.5 I0=0.15 Ke=0.0793326178 Kt=0.0483794733
[sensores] rival ToF alcance=1200 minimo=30 sigma_rel=0.07
[gelatina] permiso de arranque a los 612328 ms
WARNING: Contact joints between materials 'patin' and 'dohyo' will only be created for the 10 deepest contact points instead of all the 30 contact points.
WARNING: Contact joints between materials 'patin' and 'dohyo' will only be created for the 10 deepest contact points instead of all the 25 contact points.
WARNING: Contact joints between materials 'patin' and 'dohyo' will only be created for the 10 deepest contact points instead of all the 23 contact points.
WARNING: Contact joints between materials 'patin' and 'dohyo' will only be created for the 10 deepest contact points instead of all the 25 contact points.
WARNING: Contact joints between materials 'patin' and 'dohyo' will only be created for the 10 deepest contact points instead of all the 24 contact points.
WARNING: Contact joints between materials 'patin' and 'dohyo' will only be created for the 10 deepest contact points instead of all the 25 contact points.
WARNING: Contact joints between materials 'patin' and 'dohyo' will only be created for the 10 deepest contact points instead of all the 15 contact points.
WARNING: Contact joints between materials 'patin' and 'dohyo' will only be created for the 10 deepest contact points instead of all the 22 contact points.
WARNING: Contact joints between materials 'patin' and 'dohyo' will only be created for the 10 deepest contact points instead of all the 32 contact points.
WARNING: Contact joints between materials 'patin' and 'dohyo' will only be created for the 10 deepest contact points instead of all the 23 contact points.
WARNING: Contact joints between materials 'patin' and 'dohyo' will only be created for the 10 deepest contact points instead of all the 22 contact points.
WARNING: Contact joints between materials 'patin' and 'dohyo' will only be created for the 10 deepest contact points instead of all the 22 contact points.
WARNING: Contact joints between materials 'patin' and 'dohyo' will only be created for the 10 deepest contact points instead of all the 23 contact points.
WARNING: Contact joints between materials 'patin' and 'dohyo' will only be created for the 10 deepest contact points instead of all the 30 contact points.
WARNING: Contact joints between materials 'patin' and 'dohyo' will only be created for the 10 deepest contact points instead of all the 21 contact points.
WARNING: Contact joints between materials 'patin' and 'dohyo' will only be created for the 10 deepest contact points instead of all the 21 contact points.
WARNING: Contact joints between materials 'patin' and 'dohyo' will only be created for the 10 deepest contact points instead of all the 18 contact points.
WARNING: Contact joints between materials 'patin' and 'dohyo' will only be created for the 10 deepest contact points instead of all the 30 contact points.
WARNING: Contact joints between materials 'patin' and 'dohyo' will only be created for the 10 deepest contact points instead of all the 30 contact points.
WARNING: Contact joints between materials 'patin' and 'dohyo' will only be created for the 10 deepest contact points instead of all the 28 contact points.
WARNING: Contact joints between materials 'patin' and 'dohyo' will only be created for the 10 deepest contact points instead of all the 22 contact points.
WARNING: Contact joints between materials 'patin' and 'dohyo' will only be created for the 10 deepest contact points instead of all the 20 contact points.
WARNING: Contact joints between materials 'patin' and 'dohyo' will only be created for the 10 deepest contact points instead of all the 21 contact points.
WARNING: Contact joints between materials 'patin' and 'dohyo' will only be created for the 10 deepest contact points instead of all the 20 contact points.
WARNING: Contact joints between materials 'patin' and 'dohyo' will only be created for the 10 deepest contact points instead of all the 18 contact points.
WARNING: Contact joints between materials 'patin' and 'dohyo' will only be created for the 10 deepest contact points instead of all the 18 contact points.
WARNING: Contact joints between materials 'patin' and 'dohyo' will only be created for the 10 deepest contact points instead of all the 17 contact points.
WARNING: Contact joints between materials 'patin' and 'dohyo' will only be created for the 10 deepest contact points instead of all the 19 contact points.
WARNING: Contact joints between materials 'patin' and 'dohyo' will only be created for the 10 deepest contact points instead of all the 17 contact points.
WARNING: Contact joints between materials 'patin' and 'dohyo' will only be created for the 10 deepest contact points instead of all the 15 contact points.
WARNING: Contact joints between materials 'patin' and 'dohyo' will only be created for the 10 deepest contact points instead of all the 16 contact points.
WARNING: Contact joints between materials 'patin' and 'dohyo' will only be created for the 10 deepest contact points instead of all the 16 contact points.
WARNING: Contact joints between materials 'patin' and 'dohyo' will only be created for the 10 deepest contact points instead of all the 24 contact points.
WARNING: Contact joints between materials 'patin' and 'dohyo' will only be created for the 10 deepest contact points instead of all the 18 contact points.
WARNING: Contact joints between materials 'patin' and 'dohyo' will only be created for the 10 deepest contact points instead of all the 17 contact points.
WARNING: Contact joints between materials 'patin' and 'dohyo' will only be created for the 10 deepest contact points instead of all the 17 contact points.
WARNING: Contact joints between materials 'patin' and 'dohyo' will only be created for the 10 deepest contact points instead of all the 22 contact points.
WARNING: Contact joints between materials 'patin' and 'dohyo' will only be created for the 10 deepest contact points instead of all the 15 contact points.
WARNING: Contact joints between materials 'patin' and 'dohyo' will only be created for the 10 deepest contact points instead of all the 15 contact points.
WARNING: Contact joints between materials 'patin' and 'dohyo' will only be created for the 10 deepest contact points instead of all the 15 contact points.
WARNING: Contact joints between materials 'patin' and 'dohyo' will only be created for the 10 deepest contact points instead of all the 16 contact points.
WARNING: Contact joints between materials 'patin' and 'dohyo' will only be created for the 10 deepest contact points instead of all the 16 contact points.
WARNING: Contact joints between materials 'patin' and 'dohyo' will only be created for the 10 deepest contact points instead of all the 15 contact points.
WARNING: Contact joints between materials 'patin' and 'dohyo' will only be created for the 10 deepest contact points instead of all the 14 contact points.
WARNING: Contact joints between materials 'patin' and 'dohyo' will only be created for the 10 deepest contact points instead of all the 13 contact points.
WARNING: Contact joints between materials 'patin' and 'dohyo' will only be created for the 10 deepest contact points instead of all the 11 contact points.
WARNING: Contact joints between materials 'patin' and 'dohyo' will only be created for the 10 deepest contact points instead of all the 11 contact points.
WARNING: Contact joints between materials 'patin' and 'dohyo' will only be created for the 10 deepest contact points instead of all the 15 contact points.
WARNING: Contact joints between materials 'patin' and 'dohyo' will only be created for the 10 deepest contact points instead of all the 17 contact points.
WARNING: Contact joints between materials 'patin' and 'dohyo' will only be created for the 10 deepest contact points instead of all the 14 contact points.
WARNING: Contact joints between materials 'patin' and 'dohyo' will only be created for the 10 deepest contact points instead of all the 15 contact points.
WARNING: Contact joints between materials 'patin' and 'dohyo' will only be created for the 10 deepest contact points instead of all the 12 contact points.
WARNING: Contact joints between materials 'patin' and 'dohyo' will only be created for the 10 deepest contact points instead of all the 14 contact points.
WARNING: Contact joints between materials 'patin' and 'dohyo' will only be created for the 10 deepest contact points instead of all the 14 contact points.
WARNING: Contact joints between materials 'patin' and 'dohyo' will only be created for the 10 deepest contact points instead of all the 14 contact points.
WARNING: Contact joints between materials 'patin' and 'dohyo' will only be created for the 10 deepest contact points instead of all the 20 contact points.
WARNING: Contact joints between materials 'patin' and 'dohyo' will only be created for the 10 deepest contact points instead of all the 22 contact points.
WARNING: Contact joints between materials 'patin' and 'dohyo' will only be created for the 10 deepest contact points instead of all the 16 contact points.
WARNING: Contact joints between materials 'patin' and 'dohyo' will only be created for the 10 deepest contact points instead of all the 15 contact points.
[arbitro] asalto 18/30  espalda  tiempo agotado  +0  60.00 s
[planta] asalto=18 mu=1.1 slip=0.0005 aleatorio=0
[gelatina] fin de asalto motor={"battery_v":7.4,"resistance_ohm":[4,4],"bridge_ohm":[0.5,0.5],"omega_rad_s":[-24.4728568,-10.9009118],"current_a":[-1.13532097,-0.921749551],"torque_nm":[-0.0476693098,-0.0373368368],"applied_pwm":[-0.952762187,-0.677387953],"over_1_2a_samples":25653,"over_3_2a_samples":0}
[rival] fin de asalto motor={"battery_v":7.4,"resistance_ohm":[4,4],"bridge_ohm":[0.5,0.5],"omega_rad_s":[-0.178268208,0.0465119614],"current_a":[-0.736857226,0.739180019],"torque_nm":[-0.0343686184,0.0354238496],"applied_pwm":[-0.45,0.45],"over_1_2a_samples":1421,"over_3_2a_samples":0}
[planta] gelatina ciclo=20 rueda=0 V=7.4 R=4 Rpuente=0.5 I0=0.15 Ke=0.0793326178 Kt=0.0483794733
[planta] gelatina ciclo=20 rueda=1 V=7.4 R=4 Rpuente=0.5 I0=0.15 Ke=0.0793326178 Kt=0.0483794733
[sensores] gelatina ToF alcance=1200 minimo=30 sigma_rel=0.07
[gelatina] pulsador recibido: permiso previsto 677640 ms
[arranque] pulsador=672640 permiso=677640 ms
[planta] rival ciclo=20 rueda=0 V=7.4 R=4 Rpuente=0.5 I0=0.15 Ke=0.0793326178 Kt=0.0483794733
[planta] rival ciclo=20 rueda=1 V=7.4 R=4 Rpuente=0.5 I0=0.15 Ke=0.0793326178 Kt=0.0483794733
[sensores] rival ToF alcance=1200 minimo=30 sigma_rel=0.07
[gelatina] permiso de arranque a los 677640 ms
WARNING: Contact joints between materials 'patin' and 'dohyo' will only be created for the 10 deepest contact points instead of all the 12 contact points.
WARNING: Contact joints between materials 'rueda' and 'dohyo' will only be created for the 10 deepest contact points instead of all the 12 contact points.
[arbitro] asalto 19/30  frente   tiempo agotado  +0  60.00 s
[planta] asalto=19 mu=1.1 slip=0.0005 aleatorio=0
[gelatina] fin de asalto motor={"battery_v":7.4,"resistance_ohm":[4,4],"bridge_ohm":[0.5,0.5],"omega_rad_s":[-11.2191433,-0.000369142739],"current_a":[-0.0992797321,0.885661302],"torque_nm":[0.00245381985,0.0428505062],"applied_pwm":[-0.180649027,0.538573861],"over_1_2a_samples":25660,"over_3_2a_samples":0}
[rival] fin de asalto motor={"battery_v":7.4,"resistance_ohm":[4,4],"bridge_ohm":[0.5,0.5],"omega_rad_s":[84.7711604,8.93906858],"current_a":[0.149973763,0.952408953],"torque_nm":[-1.26931025e-06,0.0388201228],"applied_pwm":[1,0.675],"over_1_2a_samples":1445,"over_3_2a_samples":0}
WARNING: Contact joints between materials 'rueda' and 'dohyo' will only be created for the 10 deepest contact points instead of all the 16 contact points.
[planta] gelatina ciclo=21 rueda=0 V=7.4 R=4 Rpuente=0.5 I0=0.15 Ke=0.0793326178 Kt=0.0483794733
[planta] gelatina ciclo=21 rueda=1 V=7.4 R=4 Rpuente=0.5 I0=0.15 Ke=0.0793326178 Kt=0.0483794733
[sensores] gelatina ToF alcance=1200 minimo=30 sigma_rel=0.07
[gelatina] pulsador recibido: permiso previsto 742952 ms
[arranque] pulsador=737952 permiso=742952 ms
[planta] rival ciclo=21 rueda=0 V=7.4 R=4 Rpuente=0.5 I0=0.15 Ke=0.0793326178 Kt=0.0483794733
[planta] rival ciclo=21 rueda=1 V=7.4 R=4 Rpuente=0.5 I0=0.15 Ke=0.0793326178 Kt=0.0483794733
[sensores] rival ToF alcance=1200 minimo=30 sigma_rel=0.07
[gelatina] permiso de arranque a los 742952 ms
WARNING: Contact joints between materials 'patin' and 'dohyo' will only be created for the 10 deepest contact points instead of all the 28 contact points.
WARNING: Contact joints between materials 'rueda' and 'dohyo' will only be created for the 10 deepest contact points instead of all the 76 contact points.
WARNING: Contact joints between materials 'patin' and 'dohyo' will only be created for the 10 deepest contact points instead of all the 20 contact points.
WARNING: Contact joints between materials 'patin' and 'dohyo' will only be created for the 10 deepest contact points instead of all the 11 contact points.
[arbitro] asalto 20/30  lado     expulsado       -1   4.20 s
[planta] asalto=20 mu=1.1 slip=0.0005 aleatorio=0
[gelatina] fin de asalto motor={"battery_v":7.4,"resistance_ohm":[4,4],"bridge_ohm":[0.5,0.5],"omega_rad_s":[42.01081,0.692317791],"current_a":[-0.0844634641,-0.731738346],"torque_nm":[-0.0113432189,-0.0397514144],"applied_pwm":[0.399019182,-0.437553942],"over_1_2a_samples":25681,"over_3_2a_samples":0}
[rival] fin de asalto motor={"battery_v":7.4,"resistance_ohm":[4,4],"bridge_ohm":[0.5,0.5],"omega_rad_s":[-49.3415584,17.1366202],"current_a":[-0.116801113,0.684557125],"torque_nm":[0.00160614467,0.0258615922],"applied_pwm":[-0.6,0.6],"over_1_2a_samples":1509,"over_3_2a_samples":0}
WARNING: Contact joints between materials 'patin' and 'dohyo' will only be created for the 10 deepest contact points instead of all the 16 contact points.
[planta] gelatina ciclo=22 rueda=0 V=7.4 R=4 Rpuente=0.5 I0=0.15 Ke=0.0793326178 Kt=0.0483794733
[planta] gelatina ciclo=22 rueda=1 V=7.4 R=4 Rpuente=0.5 I0=0.15 Ke=0.0793326178 Kt=0.0483794733
[sensores] gelatina ToF alcance=1200 minimo=30 sigma_rel=0.07
[gelatina] pulsador recibido: permiso previsto 752464 ms
[arranque] pulsador=747464 permiso=752464 ms
[planta] rival ciclo=22 rueda=0 V=7.4 R=4 Rpuente=0.5 I0=0.15 Ke=0.0793326178 Kt=0.0483794733
[planta] rival ciclo=22 rueda=1 V=7.4 R=4 Rpuente=0.5 I0=0.15 Ke=0.0793326178 Kt=0.0483794733
[sensores] rival ToF alcance=1200 minimo=30 sigma_rel=0.07
[gelatina] permiso de arranque a los 752464 ms
WARNING: Contact joints between materials 'patin' and 'dohyo' will only be created for the 10 deepest contact points instead of all the 25 contact points.
WARNING: Contact joints between materials 'patin' and 'dohyo' will only be created for the 10 deepest contact points instead of all the 32 contact points.
WARNING: Contact joints between materials 'patin' and 'dohyo' will only be created for the 10 deepest contact points instead of all the 18 contact points.
WARNING: Contact joints between materials 'patin' and 'dohyo' will only be created for the 10 deepest contact points instead of all the 15 contact points.
WARNING: Contact joints between materials 'patin' and 'dohyo' will only be created for the 10 deepest contact points instead of all the 11 contact points.
[arbitro] asalto 21/30  espalda  rival fuera     +1   4.62 s
[planta] asalto=21 mu=1.1 slip=0.0005 aleatorio=0
[gelatina] fin de asalto motor={"battery_v":7.4,"resistance_ohm":[4,4],"bridge_ohm":[0.5,0.5],"omega_rad_s":[44.3031622,-48.7774848],"current_a":[0.759711464,-0.328894364],"torque_nm":[0.0294975195,-0.0086548151],"applied_pwm":[0.936944246,-0.722928405],"over_1_2a_samples":25964,"over_3_2a_samples":0}
[rival] fin de asalto motor={"battery_v":7.4,"resistance_ohm":[4,4],"bridge_ohm":[0.5,0.5],"omega_rad_s":[-62.3269442,-67.5232417],"current_a":[-0.298986747,-0.207378772],"torque_nm":[-0.00720790034,-0.00277595476],"applied_pwm":[-0.85,-0.85],"over_1_2a_samples":1537,"over_3_2a_samples":0}
[planta] gelatina ciclo=23 rueda=0 V=7.4 R=4 Rpuente=0.5 I0=0.15 Ke=0.0793326178 Kt=0.0483794733
[planta] gelatina ciclo=23 rueda=1 V=7.4 R=4 Rpuente=0.5 I0=0.15 Ke=0.0793326178 Kt=0.0483794733
[sensores] gelatina ToF alcance=1200 minimo=30 sigma_rel=0.07
[gelatina] pulsador recibido: permiso previsto 762400 ms
[arranque] pulsador=757400 permiso=762400 ms
[planta] rival ciclo=23 rueda=0 V=7.4 R=4 Rpuente=0.5 I0=0.15 Ke=0.0793326178 Kt=0.0483794733
[planta] rival ciclo=23 rueda=1 V=7.4 R=4 Rpuente=0.5 I0=0.15 Ke=0.0793326178 Kt=0.0483794733
[sensores] rival ToF alcance=1200 minimo=30 sigma_rel=0.07
[gelatina] permiso de arranque a los 762400 ms
WARNING: Contact joints between materials 'patin' and 'dohyo' will only be created for the 10 deepest contact points instead of all the 14 contact points.
WARNING: Contact joints between materials 'patin' and 'dohyo' will only be created for the 10 deepest contact points instead of all the 16 contact points.
WARNING: Contact joints between materials 'patin' and 'dohyo' will only be created for the 10 deepest contact points instead of all the 18 contact points.
[arbitro] asalto 22/30  frente   rival fuera     +1   2.86 s
[planta] asalto=22 mu=1.1 slip=0.0005 aleatorio=0
[gelatina] fin de asalto motor={"battery_v":7.4,"resistance_ohm":[4,4],"bridge_ohm":[0.5,0.5],"omega_rad_s":[-49.4781179,-2.38699141],"current_a":[-0.660741134,0.042081395],"torque_nm":[-0.0247093871,0.00917122991],"applied_pwm":[-0.93223834,0],"over_1_2a_samples":25980,"over_3_2a_samples":0}
[rival] fin de asalto motor={"battery_v":7.4,"resistance_ohm":[4,4],"bridge_ohm":[0.5,0.5],"omega_rad_s":[-58.4960302,27.4123014],"current_a":[0.044587379,0.503402304],"torque_nm":[0.00941403491,0.0170974173],"applied_pwm":[-0.6,0.6],"over_1_2a_samples":1584,"over_3_2a_samples":0}
[planta] gelatina ciclo=24 rueda=0 V=7.4 R=4 Rpuente=0.5 I0=0.15 Ke=0.0793326178 Kt=0.0483794733
[planta] gelatina ciclo=24 rueda=1 V=7.4 R=4 Rpuente=0.5 I0=0.15 Ke=0.0793326178 Kt=0.0483794733
[sensores] gelatina ToF alcance=1200 minimo=30 sigma_rel=0.07
[gelatina] pulsador recibido: permiso previsto 770576 ms
[arranque] pulsador=765576 permiso=770576 ms
[planta] rival ciclo=24 rueda=0 V=7.4 R=4 Rpuente=0.5 I0=0.15 Ke=0.0793326178 Kt=0.0483794733
[planta] rival ciclo=24 rueda=1 V=7.4 R=4 Rpuente=0.5 I0=0.15 Ke=0.0793326178 Kt=0.0483794733
[sensores] rival ToF alcance=1200 minimo=30 sigma_rel=0.07
[gelatina] permiso de arranque a los 770576 ms
WARNING: Contact joints between materials 'patin' and 'dohyo' will only be created for the 10 deepest contact points instead of all the 24 contact points.
[arbitro] asalto 23/30  lado     rival fuera     +1   0.89 s
[planta] asalto=23 mu=1.1 slip=0.0005 aleatorio=0
[gelatina] fin de asalto motor={"battery_v":7.4,"resistance_ohm":[4,4],"bridge_ohm":[0.5,0.5],"omega_rad_s":[3.55089117,-48.4427913],"current_a":[-0.578286745,-0.627381714],"torque_nm":[-0.0352221849,-0.0230954759],"applied_pwm":[-0.31359309,-0.900852859],"over_1_2a_samples":25994,"over_3_2a_samples":0}
[rival] fin de asalto motor={"battery_v":7.4,"resistance_ohm":[4,4],"bridge_ohm":[0.5,0.5],"omega_rad_s":[-65.891621,26.5488485],"current_a":[0.17496773,0.518624521],"torque_nm":[0.0157217676,0.0178338602],"applied_pwm":[-0.6,0.6],"over_1_2a_samples":1593,"over_3_2a_samples":0}
[planta] gelatina ciclo=25 rueda=0 V=7.4 R=4 Rpuente=0.5 I0=0.15 Ke=0.0793326178 Kt=0.0483794733
[planta] gelatina ciclo=25 rueda=1 V=7.4 R=4 Rpuente=0.5 I0=0.15 Ke=0.0793326178 Kt=0.0483794733
[sensores] gelatina ToF alcance=1200 minimo=30 sigma_rel=0.07
[gelatina] pulsador recibido: permiso previsto 776776 ms
[arranque] pulsador=771776 permiso=776776 ms
[planta] rival ciclo=25 rueda=0 V=7.4 R=4 Rpuente=0.5 I0=0.15 Ke=0.0793326178 Kt=0.0483794733
[planta] rival ciclo=25 rueda=1 V=7.4 R=4 Rpuente=0.5 I0=0.15 Ke=0.0793326178 Kt=0.0483794733
[sensores] rival ToF alcance=1200 minimo=30 sigma_rel=0.07
[gelatina] permiso de arranque a los 776776 ms
WARNING: Contact joints between materials 'patin' and 'dohyo' will only be created for the 10 deepest contact points instead of all the 32 contact points.
WARNING: Contact joints between materials 'patin' and 'dohyo' will only be created for the 10 deepest contact points instead of all the 58 contact points.
WARNING: Contact joints between materials 'patin' and 'dohyo' will only be created for the 10 deepest contact points instead of all the 60 contact points.
WARNING: Contact joints between materials 'patin' and 'dohyo' will only be created for the 10 deepest contact points instead of all the 37 contact points.
WARNING: Contact joints between materials 'patin' and 'dohyo' will only be created for the 10 deepest contact points instead of all the 36 contact points.
WARNING: Contact joints between materials 'patin' and 'dohyo' will only be created for the 10 deepest contact points instead of all the 39 contact points.
WARNING: Contact joints between materials 'patin' and 'dohyo' will only be created for the 10 deepest contact points instead of all the 68 contact points.
WARNING: Contact joints between materials 'patin' and 'dohyo' will only be created for the 10 deepest contact points instead of all the 37 contact points.
WARNING: Contact joints between materials 'patin' and 'dohyo' will only be created for the 10 deepest contact points instead of all the 22 contact points.
WARNING: Contact joints between materials 'patin' and 'dohyo' will only be created for the 10 deepest contact points instead of all the 38 contact points.
WARNING: Contact joints between materials 'patin' and 'dohyo' will only be created for the 10 deepest contact points instead of all the 53 contact points.
WARNING: Contact joints between materials 'patin' and 'dohyo' will only be created for the 10 deepest contact points instead of all the 40 contact points.
WARNING: Contact joints between materials 'patin' and 'dohyo' will only be created for the 10 deepest contact points instead of all the 37 contact points.
WARNING: Contact joints between materials 'patin' and 'dohyo' will only be created for the 10 deepest contact points instead of all the 38 contact points.
WARNING: Contact joints between materials 'patin' and 'dohyo' will only be created for the 10 deepest contact points instead of all the 32 contact points.
WARNING: Contact joints between materials 'patin' and 'dohyo' will only be created for the 10 deepest contact points instead of all the 34 contact points.
WARNING: Contact joints between materials 'patin' and 'dohyo' will only be created for the 10 deepest contact points instead of all the 31 contact points.
WARNING: Contact joints between materials 'patin' and 'dohyo' will only be created for the 10 deepest contact points instead of all the 30 contact points.
WARNING: Contact joints between materials 'patin' and 'dohyo' will only be created for the 10 deepest contact points instead of all the 29 contact points.
WARNING: Contact joints between materials 'patin' and 'dohyo' will only be created for the 10 deepest contact points instead of all the 31 contact points.
WARNING: Contact joints between materials 'patin' and 'dohyo' will only be created for the 10 deepest contact points instead of all the 19 contact points.
WARNING: Contact joints between materials 'patin' and 'dohyo' will only be created for the 10 deepest contact points instead of all the 27 contact points.
WARNING: Contact joints between materials 'patin' and 'dohyo' will only be created for the 10 deepest contact points instead of all the 26 contact points.
WARNING: Contact joints between materials 'patin' and 'dohyo' will only be created for the 10 deepest contact points instead of all the 25 contact points.
WARNING: Contact joints between materials 'patin' and 'dohyo' will only be created for the 10 deepest contact points instead of all the 38 contact points.
WARNING: Contact joints between materials 'patin' and 'dohyo' will only be created for the 10 deepest contact points instead of all the 38 contact points.
WARNING: Contact joints between materials 'patin' and 'dohyo' will only be created for the 10 deepest contact points instead of all the 36 contact points.
WARNING: Contact joints between materials 'patin' and 'dohyo' will only be created for the 10 deepest contact points instead of all the 26 contact points.
WARNING: Contact joints between materials 'patin' and 'dohyo' will only be created for the 10 deepest contact points instead of all the 31 contact points.
WARNING: Contact joints between materials 'patin' and 'dohyo' will only be created for the 10 deepest contact points instead of all the 25 contact points.
WARNING: Contact joints between materials 'patin' and 'dohyo' will only be created for the 10 deepest contact points instead of all the 23 contact points.
WARNING: Contact joints between materials 'patin' and 'dohyo' will only be created for the 10 deepest contact points instead of all the 22 contact points.
WARNING: Contact joints between materials 'patin' and 'dohyo' will only be created for the 10 deepest contact points instead of all the 21 contact points.
WARNING: Contact joints between materials 'patin' and 'dohyo' will only be created for the 10 deepest contact points instead of all the 21 contact points.
WARNING: Contact joints between materials 'patin' and 'dohyo' will only be created for the 10 deepest contact points instead of all the 23 contact points.
WARNING: Contact joints between materials 'patin' and 'dohyo' will only be created for the 10 deepest contact points instead of all the 23 contact points.
WARNING: Contact joints between materials 'patin' and 'dohyo' will only be created for the 10 deepest contact points instead of all the 23 contact points.
WARNING: Contact joints between materials 'patin' and 'dohyo' will only be created for the 10 deepest contact points instead of all the 24 contact points.
WARNING: Contact joints between materials 'patin' and 'dohyo' will only be created for the 10 deepest contact points instead of all the 23 contact points.
WARNING: Contact joints between materials 'patin' and 'dohyo' will only be created for the 10 deepest contact points instead of all the 20 contact points.
WARNING: Contact joints between materials 'patin' and 'dohyo' will only be created for the 10 deepest contact points instead of all the 12 contact points.
WARNING: Contact joints between materials 'patin' and 'dohyo' will only be created for the 10 deepest contact points instead of all the 12 contact points.
WARNING: Contact joints between materials 'patin' and 'dohyo' will only be created for the 10 deepest contact points instead of all the 36 contact points.
WARNING: Contact joints between materials 'patin' and 'dohyo' will only be created for the 10 deepest contact points instead of all the 20 contact points.
WARNING: Contact joints between materials 'patin' and 'dohyo' will only be created for the 10 deepest contact points instead of all the 20 contact points.
WARNING: Contact joints between materials 'patin' and 'dohyo' will only be created for the 10 deepest contact points instead of all the 19 contact points.
WARNING: Contact joints between materials 'patin' and 'dohyo' will only be created for the 10 deepest contact points instead of all the 17 contact points.
WARNING: Contact joints between materials 'patin' and 'dohyo' will only be created for the 10 deepest contact points instead of all the 16 contact points.
WARNING: Contact joints between materials 'patin' and 'dohyo' will only be created for the 10 deepest contact points instead of all the 14 contact points.
WARNING: Contact joints between materials 'patin' and 'dohyo' will only be created for the 10 deepest contact points instead of all the 14 contact points.
WARNING: Contact joints between materials 'patin' and 'dohyo' will only be created for the 10 deepest contact points instead of all the 13 contact points.
WARNING: Contact joints between materials 'patin' and 'dohyo' will only be created for the 10 deepest contact points instead of all the 15 contact points.
WARNING: Contact joints between materials 'patin' and 'dohyo' will only be created for the 10 deepest contact points instead of all the 17 contact points.
WARNING: Contact joints between materials 'patin' and 'dohyo' will only be created for the 10 deepest contact points instead of all the 17 contact points.
WARNING: Contact joints between materials 'patin' and 'dohyo' will only be created for the 10 deepest contact points instead of all the 17 contact points.
WARNING: Contact joints between materials 'patin' and 'dohyo' will only be created for the 10 deepest contact points instead of all the 18 contact points.
WARNING: Contact joints between materials 'patin' and 'dohyo' will only be created for the 10 deepest contact points instead of all the 18 contact points.
WARNING: Contact joints between materials 'patin' and 'dohyo' will only be created for the 10 deepest contact points instead of all the 17 contact points.
[arbitro] asalto 24/30  espalda  tiempo agotado  +0  60.00 s
[planta] asalto=24 mu=1.1 slip=0.0005 aleatorio=0
[gelatina] fin de asalto motor={"battery_v":7.4,"resistance_ohm":[4,4],"bridge_ohm":[0.5,0.5],"omega_rad_s":[-35.8753668,-0.123614532],"current_a":[-0.950808213,-1.04301537],"torque_nm":[-0.0387426796,-0.0495680148],"applied_pwm":[-0.962800503,-0.635591328],"over_1_2a_samples":26243,"over_3_2a_samples":0}
[rival] fin de asalto motor={"battery_v":7.4,"resistance_ohm":[4,4],"bridge_ohm":[0.5,0.5],"omega_rad_s":[-0.0555205053,-0.0611810319],"current_a":[-0.739021203,0.741078589],"torque_nm":[-0.0353509621,0.0362964246],"applied_pwm":[-0.45,0.45],"over_1_2a_samples":1597,"over_3_2a_samples":0}
WARNING: Contact joints between materials 'patin' and 'dohyo' will only be created for the 10 deepest contact points instead of all the 33 contact points.
[planta] gelatina ciclo=26 rueda=0 V=7.4 R=4 Rpuente=0.5 I0=0.15 Ke=0.0793326178 Kt=0.0483794733
[planta] gelatina ciclo=26 rueda=1 V=7.4 R=4 Rpuente=0.5 I0=0.15 Ke=0.0793326178 Kt=0.0483794733
[sensores] gelatina ToF alcance=1200 minimo=30 sigma_rel=0.07
[gelatina] pulsador recibido: permiso previsto 842088 ms
[arranque] pulsador=837088 permiso=842088 ms
[planta] rival ciclo=26 rueda=0 V=7.4 R=4 Rpuente=0.5 I0=0.15 Ke=0.0793326178 Kt=0.0483794733
[planta] rival ciclo=26 rueda=1 V=7.4 R=4 Rpuente=0.5 I0=0.15 Ke=0.0793326178 Kt=0.0483794733
[sensores] rival ToF alcance=1200 minimo=30 sigma_rel=0.07
[gelatina] permiso de arranque a los 842088 ms
WARNING: Contact joints between materials 'patin' and 'dohyo' will only be created for the 10 deepest contact points instead of all the 16 contact points.
WARNING: Contact joints between materials 'rueda' and 'dohyo' will only be created for the 10 deepest contact points instead of all the 15 contact points.
WARNING: Contact joints between materials 'patin' and 'dohyo' will only be created for the 10 deepest contact points instead of all the 23 contact points.
[arbitro] asalto 25/30  frente   rival fuera     +1   2.43 s
[planta] asalto=25 mu=1.1 slip=0.0005 aleatorio=0
[gelatina] fin de asalto motor={"battery_v":7.4,"resistance_ohm":[4,4],"bridge_ohm":[0.5,0.5],"omega_rad_s":[-45.0971882,38.4613508],"current_a":[-0.785382848,0.0677838073],"torque_nm":[-0.0307394875,-0.0039775761],"applied_pwm":[-0.961067677,0.453549564],"over_1_2a_samples":26260,"over_3_2a_samples":0}
[rival] fin de asalto motor={"battery_v":7.4,"resistance_ohm":[4,4],"bridge_ohm":[0.5,0.5],"omega_rad_s":[-46.4244399,-7.55543767],"current_a":[-0.168228367,1.11986503],"torque_nm":[-0.000881878794,0.0614353975],"applied_pwm":[-0.6,0.6],"over_1_2a_samples":1633,"over_3_2a_samples":0}
[planta] gelatina ciclo=27 rueda=0 V=7.4 R=4 Rpuente=0.5 I0=0.15 Ke=0.0793326178 Kt=0.0483794733
[planta] gelatina ciclo=27 rueda=1 V=7.4 R=4 Rpuente=0.5 I0=0.15 Ke=0.0793326178 Kt=0.0483794733
[sensores] gelatina ToF alcance=1200 minimo=30 sigma_rel=0.07
[gelatina] pulsador recibido: permiso previsto 849832 ms
[arranque] pulsador=844832 permiso=849832 ms
[planta] rival ciclo=27 rueda=0 V=7.4 R=4 Rpuente=0.5 I0=0.15 Ke=0.0793326178 Kt=0.0483794733
[planta] rival ciclo=27 rueda=1 V=7.4 R=4 Rpuente=0.5 I0=0.15 Ke=0.0793326178 Kt=0.0483794733
[sensores] rival ToF alcance=1200 minimo=30 sigma_rel=0.07
[gelatina] permiso de arranque a los 849832 ms
WARNING: Contact joints between materials 'patin' and 'dohyo' will only be created for the 10 deepest contact points instead of all the 11 contact points.
WARNING: Contact joints between materials 'patin' and 'dohyo' will only be created for the 10 deepest contact points instead of all the 24 contact points.
WARNING: Contact joints between materials 'patin' and 'dohyo' will only be created for the 10 deepest contact points instead of all the 26 contact points.
WARNING: Contact joints between materials 'patin' and 'dohyo' will only be created for the 10 deepest contact points instead of all the 30 contact points.
WARNING: Contact joints between materials 'patin' and 'dohyo' will only be created for the 10 deepest contact points instead of all the 82 contact points.
WARNING: Contact joints between materials 'patin' and 'dohyo' will only be created for the 10 deepest contact points instead of all the 72 contact points.
WARNING: Contact joints between materials 'patin' and 'dohyo' will only be created for the 10 deepest contact points instead of all the 70 contact points.
WARNING: Contact joints between materials 'patin' and 'dohyo' will only be created for the 10 deepest contact points instead of all the 12 contact points.
WARNING: Contact joints between materials 'patin' and 'dohyo' will only be created for the 10 deepest contact points instead of all the 16 contact points.
WARNING: Contact joints between materials 'patin' and 'dohyo' will only be created for the 10 deepest contact points instead of all the 21 contact points.
WARNING: Contact joints between materials 'patin' and 'dohyo' will only be created for the 10 deepest contact points instead of all the 28 contact points.
WARNING: Contact joints between materials 'patin' and 'dohyo' will only be created for the 10 deepest contact points instead of all the 28 contact points.
WARNING: Contact joints between materials 'patin' and 'dohyo' will only be created for the 10 deepest contact points instead of all the 26 contact points.
WARNING: Contact joints between materials 'patin' and 'dohyo' will only be created for the 10 deepest contact points instead of all the 28 contact points.
WARNING: Contact joints between materials 'rueda' and 'dohyo' will only be created for the 10 deepest contact points instead of all the 53 contact points.
WARNING: Contact joints between materials 'patin' and 'dohyo' will only be created for the 10 deepest contact points instead of all the 52 contact points.
WARNING: Contact joints between materials 'patin' and 'dohyo' will only be created for the 10 deepest contact points instead of all the 45 contact points.
WARNING: Contact joints between materials 'patin' and 'dohyo' will only be created for the 10 deepest contact points instead of all the 64 contact points.
WARNING: Contact joints between materials 'patin' and 'dohyo' will only be created for the 10 deepest contact points instead of all the 13 contact points.
WARNING: Contact joints between materials 'patin' and 'dohyo' will only be created for the 10 deepest contact points instead of all the 22 contact points.
WARNING: Contact joints between materials 'patin' and 'dohyo' will only be created for the 10 deepest contact points instead of all the 22 contact points.
WARNING: Contact joints between materials 'patin' and 'dohyo' will only be created for the 10 deepest contact points instead of all the 42 contact points.
WARNING: Contact joints between materials 'rueda' and 'dohyo' will only be created for the 10 deepest contact points instead of all the 11 contact points.
WARNING: Contact joints between materials 'patin' and 'dohyo' will only be created for the 10 deepest contact points instead of all the 28 contact points.
WARNING: Contact joints between materials 'rueda' and 'dohyo' will only be created for the 10 deepest contact points instead of all the 11 contact points.
WARNING: Contact joints between materials 'rueda' and 'dohyo' will only be created for the 10 deepest contact points instead of all the 18 contact points.
WARNING: Contact joints between materials 'patin' and 'dohyo' will only be created for the 10 deepest contact points instead of all the 68 contact points.
WARNING: Contact joints between materials 'patin' and 'dohyo' will only be created for the 10 deepest contact points instead of all the 45 contact points.
WARNING: Contact joints between materials 'rueda' and 'dohyo' will only be created for the 10 deepest contact points instead of all the 13 contact points.
WARNING: Contact joints between materials 'patin' and 'dohyo' will only be created for the 10 deepest contact points instead of all the 26 contact points.
WARNING: Contact joints between materials 'patin' and 'dohyo' will only be created for the 10 deepest contact points instead of all the 26 contact points.
WARNING: Contact joints between materials 'patin' and 'dohyo' will only be created for the 10 deepest contact points instead of all the 28 contact points.
WARNING: Contact joints between materials 'patin' and 'dohyo' will only be created for the 10 deepest contact points instead of all the 22 contact points.
WARNING: Contact joints between materials 'patin' and 'dohyo' will only be created for the 10 deepest contact points instead of all the 34 contact points.
WARNING: Contact joints between materials 'patin' and 'dohyo' will only be created for the 10 deepest contact points instead of all the 32 contact points.
WARNING: Contact joints between materials 'patin' and 'dohyo' will only be created for the 10 deepest contact points instead of all the 51 contact points.
WARNING: Contact joints between materials 'patin' and 'dohyo' will only be created for the 10 deepest contact points instead of all the 86 contact points.
WARNING: Contact joints between materials 'patin' and 'dohyo' will only be created for the 10 deepest contact points instead of all the 18 contact points.
WARNING: Contact joints between materials 'patin' and 'dohyo' will only be created for the 10 deepest contact points instead of all the 17 contact points.
WARNING: Contact joints between materials 'patin' and 'dohyo' will only be created for the 10 deepest contact points instead of all the 15 contact points.
WARNING: Contact joints between materials 'patin' and 'dohyo' will only be created for the 10 deepest contact points instead of all the 24 contact points.
WARNING: Contact joints between materials 'patin' and 'dohyo' will only be created for the 10 deepest contact points instead of all the 26 contact points.
WARNING: Contact joints between materials 'patin' and 'dohyo' will only be created for the 10 deepest contact points instead of all the 28 contact points.
WARNING: Contact joints between materials 'rueda' and 'dohyo' will only be created for the 10 deepest contact points instead of all the 12 contact points.
WARNING: Contact joints between materials 'rueda' and 'dohyo' will only be created for the 10 deepest contact points instead of all the 14 contact points.
WARNING: Contact joints between materials 'patin' and 'dohyo' will only be created for the 10 deepest contact points instead of all the 70 contact points.
WARNING: Contact joints between materials 'patin' and 'dohyo' will only be created for the 10 deepest contact points instead of all the 100 contact points.
WARNING: Contact joints between materials 'patin' and 'dohyo' will only be created for the 10 deepest contact points instead of all the 88 contact points.
WARNING: Contact joints between materials 'patin' and 'dohyo' will only be created for the 10 deepest contact points instead of all the 12 contact points.
WARNING: Contact joints between materials 'patin' and 'dohyo' will only be created for the 10 deepest contact points instead of all the 24 contact points.
WARNING: Contact joints between materials 'patin' and 'dohyo' will only be created for the 10 deepest contact points instead of all the 12 contact points.
WARNING: Contact joints between materials 'patin' and 'dohyo' will only be created for the 10 deepest contact points instead of all the 24 contact points.
WARNING: Contact joints between materials 'patin' and 'dohyo' will only be created for the 10 deepest contact points instead of all the 26 contact points.
WARNING: Contact joints between materials 'patin' and 'dohyo' will only be created for the 10 deepest contact points instead of all the 11 contact points.
WARNING: Contact joints between materials 'patin' and 'dohyo' will only be created for the 10 deepest contact points instead of all the 32 contact points.
WARNING: Contact joints between materials 'patin' and 'dohyo' will only be created for the 10 deepest contact points instead of all the 19 contact points.
WARNING: Contact joints between materials 'patin' and 'dohyo' will only be created for the 10 deepest contact points instead of all the 84 contact points.
WARNING: Contact joints between materials 'patin' and 'dohyo' will only be created for the 10 deepest contact points instead of all the 102 contact points.
WARNING: Contact joints between materials 'patin' and 'dohyo' will only be created for the 10 deepest contact points instead of all the 72 contact points.
[arbitro] asalto 26/30  lado     tiempo agotado  +0  60.00 s
[planta] asalto=26 mu=1.1 slip=0.0005 aleatorio=0
[gelatina] fin de asalto motor={"battery_v":7.4,"resistance_ohm":[4,4],"bridge_ohm":[0.5,0.5],"omega_rad_s":[-7.13338196,0.633823028],"current_a":[-1.5099152,-0.269956096],"torque_nm":[-0.0657919903,-0.0171291373],"applied_pwm":[-0.99466598,-0.157367513],"over_1_2a_samples":33097,"over_3_2a_samples":0}
[rival] fin de asalto motor={"battery_v":7.4,"resistance_ohm":[4,4],"bridge_ohm":[0.5,0.5],"omega_rad_s":[-0.584515794,0.356732353],"current_a":[-0.729695296,0.733710997],"torque_nm":[-0.0314855702,0.0330122713],"applied_pwm":[-0.45,0.45],"over_1_2a_samples":2063,"over_3_2a_samples":0}
[planta] gelatina ciclo=28 rueda=0 V=7.4 R=4 Rpuente=0.5 I0=0.15 Ke=0.0793326178 Kt=0.0483794733
[planta] gelatina ciclo=28 rueda=1 V=7.4 R=4 Rpuente=0.5 I0=0.15 Ke=0.0793326178 Kt=0.0483794733
[sensores] gelatina ToF alcance=1200 minimo=30 sigma_rel=0.07
[gelatina] pulsador recibido: permiso previsto 915144 ms
[arranque] pulsador=910144 permiso=915144 ms
[planta] rival ciclo=28 rueda=0 V=7.4 R=4 Rpuente=0.5 I0=0.15 Ke=0.0793326178 Kt=0.0483794733
[planta] rival ciclo=28 rueda=1 V=7.4 R=4 Rpuente=0.5 I0=0.15 Ke=0.0793326178 Kt=0.0483794733
[sensores] rival ToF alcance=1200 minimo=30 sigma_rel=0.07
[gelatina] permiso de arranque a los 915144 ms
WARNING: Contact joints between materials 'patin' and 'dohyo' will only be created for the 10 deepest contact points instead of all the 28 contact points.
WARNING: Contact joints between materials 'patin' and 'dohyo' will only be created for the 10 deepest contact points instead of all the 33 contact points.
WARNING: Contact joints between materials 'patin' and 'dohyo' will only be created for the 10 deepest contact points instead of all the 23 contact points.
[arbitro] asalto 27/30  espalda  rival fuera     +1   2.60 s
[planta] asalto=27 mu=1.1 slip=0.0005 aleatorio=0
[gelatina] fin de asalto motor={"battery_v":7.4,"resistance_ohm":[4,4],"bridge_ohm":[0.5,0.5],"omega_rad_s":[-21.9048731,-33.4787614],"current_a":[-0.550548225,0.199223371],"torque_nm":[-0.0193783122,0.0168952428],"applied_pwm":[-0.569626749,-0.237763867],"over_1_2a_samples":33337,"over_3_2a_samples":0}
[rival] fin de asalto motor={"battery_v":7.4,"resistance_ohm":[4,4],"bridge_ohm":[0.5,0.5],"omega_rad_s":[0.228950196,-33.472391],"current_a":[-1.40181405,-0.807677244],"torque_nm":[-0.0694520644,-0.0318180787],"applied_pwm":[-0.85,-0.85],"over_1_2a_samples":2072,"over_3_2a_samples":0}
[planta] gelatina ciclo=29 rueda=0 V=7.4 R=4 Rpuente=0.5 I0=0.15 Ke=0.0793326178 Kt=0.0483794733
[planta] gelatina ciclo=29 rueda=1 V=7.4 R=4 Rpuente=0.5 I0=0.15 Ke=0.0793326178 Kt=0.0483794733
[sensores] gelatina ToF alcance=1200 minimo=30 sigma_rel=0.07
[gelatina] pulsador recibido: permiso previsto 923056 ms
[arranque] pulsador=918056 permiso=923056 ms
[planta] rival ciclo=29 rueda=0 V=7.4 R=4 Rpuente=0.5 I0=0.15 Ke=0.0793326178 Kt=0.0483794733
[planta] rival ciclo=29 rueda=1 V=7.4 R=4 Rpuente=0.5 I0=0.15 Ke=0.0793326178 Kt=0.0483794733
[sensores] rival ToF alcance=1200 minimo=30 sigma_rel=0.07
[gelatina] permiso de arranque a los 923056 ms
WARNING: Contact joints between materials 'patin' and 'dohyo' will only be created for the 10 deepest contact points instead of all the 101 contact points.
WARNING: Contact joints between materials 'patin' and 'dohyo' will only be created for the 10 deepest contact points instead of all the 101 contact points.
WARNING: Contact joints between materials 'patin' and 'dohyo' will only be created for the 10 deepest contact points instead of all the 53 contact points.
WARNING: Contact joints between materials 'patin' and 'dohyo' will only be created for the 10 deepest contact points instead of all the 101 contact points.
WARNING: Contact joints between materials 'patin' and 'dohyo' will only be created for the 10 deepest contact points instead of all the 101 contact points.
WARNING: Contact joints between materials 'patin' and 'dohyo' will only be created for the 10 deepest contact points instead of all the 101 contact points.
WARNING: Contact joints between materials 'patin' and 'dohyo' will only be created for the 10 deepest contact points instead of all the 101 contact points.
WARNING: Contact joints between materials 'patin' and 'dohyo' will only be created for the 10 deepest contact points instead of all the 101 contact points.
WARNING: Contact joints between materials 'patin' and 'dohyo' will only be created for the 10 deepest contact points instead of all the 101 contact points.
WARNING: Contact joints between materials 'patin' and 'dohyo' will only be created for the 10 deepest contact points instead of all the 101 contact points.
WARNING: Contact joints between materials 'patin' and 'dohyo' will only be created for the 10 deepest contact points instead of all the 101 contact points.
WARNING: Contact joints between materials 'patin' and 'dohyo' will only be created for the 10 deepest contact points instead of all the 101 contact points.
WARNING: Contact joints between materials 'patin' and 'dohyo' will only be created for the 10 deepest contact points instead of all the 53 contact points.
WARNING: Contact joints between materials 'patin' and 'dohyo' will only be created for the 10 deepest contact points instead of all the 53 contact points.
WARNING: Contact joints between materials 'patin' and 'dohyo' will only be created for the 10 deepest contact points instead of all the 101 contact points.
WARNING: Contact joints between materials 'patin' and 'dohyo' will only be created for the 10 deepest contact points instead of all the 101 contact points.
WARNING: Contact joints between materials 'patin' and 'dohyo' will only be created for the 10 deepest contact points instead of all the 101 contact points.
WARNING: Contact joints between materials 'patin' and 'dohyo' will only be created for the 10 deepest contact points instead of all the 101 contact points.
WARNING: Contact joints between materials 'patin' and 'dohyo' will only be created for the 10 deepest contact points instead of all the 101 contact points.
WARNING: Contact joints between materials 'patin' and 'dohyo' will only be created for the 10 deepest contact points instead of all the 101 contact points.
WARNING: Contact joints between materials 'patin' and 'dohyo' will only be created for the 10 deepest contact points instead of all the 101 contact points.
WARNING: Contact joints between materials 'patin' and 'dohyo' will only be created for the 10 deepest contact points instead of all the 53 contact points.
WARNING: Contact joints between materials 'patin' and 'dohyo' will only be created for the 10 deepest contact points instead of all the 101 contact points.
WARNING: Contact joints between materials 'patin' and 'dohyo' will only be created for the 10 deepest contact points instead of all the 101 contact points.
WARNING: Contact joints between materials 'patin' and 'dohyo' will only be created for the 10 deepest contact points instead of all the 101 contact points.
WARNING: Contact joints between materials 'patin' and 'dohyo' will only be created for the 10 deepest contact points instead of all the 101 contact points.
WARNING: Contact joints between materials 'patin' and 'dohyo' will only be created for the 10 deepest contact points instead of all the 101 contact points.
WARNING: Contact joints between materials 'patin' and 'dohyo' will only be created for the 10 deepest contact points instead of all the 101 contact points.
WARNING: Contact joints between materials 'patin' and 'dohyo' will only be created for the 10 deepest contact points instead of all the 101 contact points.
WARNING: Contact joints between materials 'patin' and 'dohyo' will only be created for the 10 deepest contact points instead of all the 101 contact points.
WARNING: Contact joints between materials 'patin' and 'dohyo' will only be created for the 10 deepest contact points instead of all the 101 contact points.
WARNING: Contact joints between materials 'patin' and 'dohyo' will only be created for the 10 deepest contact points instead of all the 101 contact points.
WARNING: Contact joints between materials 'patin' and 'dohyo' will only be created for the 10 deepest contact points instead of all the 101 contact points.
WARNING: Contact joints between materials 'patin' and 'dohyo' will only be created for the 10 deepest contact points instead of all the 101 contact points.
WARNING: Contact joints between materials 'patin' and 'dohyo' will only be created for the 10 deepest contact points instead of all the 101 contact points.
WARNING: Contact joints between materials 'patin' and 'dohyo' will only be created for the 10 deepest contact points instead of all the 101 contact points.
WARNING: Contact joints between materials 'patin' and 'dohyo' will only be created for the 10 deepest contact points instead of all the 101 contact points.
WARNING: Contact joints between materials 'patin' and 'dohyo' will only be created for the 10 deepest contact points instead of all the 101 contact points.
WARNING: Contact joints between materials 'patin' and 'dohyo' will only be created for the 10 deepest contact points instead of all the 101 contact points.
WARNING: Contact joints between materials 'patin' and 'dohyo' will only be created for the 10 deepest contact points instead of all the 101 contact points.
WARNING: Contact joints between materials 'patin' and 'dohyo' will only be created for the 10 deepest contact points instead of all the 101 contact points.
WARNING: Contact joints between materials 'patin' and 'dohyo' will only be created for the 10 deepest contact points instead of all the 101 contact points.
WARNING: Contact joints between materials 'patin' and 'dohyo' will only be created for the 10 deepest contact points instead of all the 101 contact points.
WARNING: Contact joints between materials 'patin' and 'dohyo' will only be created for the 10 deepest contact points instead of all the 101 contact points.
WARNING: Contact joints between materials 'patin' and 'dohyo' will only be created for the 10 deepest contact points instead of all the 101 contact points.
WARNING: Contact joints between materials 'patin' and 'dohyo' will only be created for the 10 deepest contact points instead of all the 101 contact points.
WARNING: Contact joints between materials 'patin' and 'dohyo' will only be created for the 10 deepest contact points instead of all the 101 contact points.
WARNING: Contact joints between materials 'patin' and 'dohyo' will only be created for the 10 deepest contact points instead of all the 101 contact points.
WARNING: Contact joints between materials 'patin' and 'dohyo' will only be created for the 10 deepest contact points instead of all the 101 contact points.
WARNING: Contact joints between materials 'patin' and 'dohyo' will only be created for the 10 deepest contact points instead of all the 101 contact points.
WARNING: Contact joints between materials 'patin' and 'dohyo' will only be created for the 10 deepest contact points instead of all the 101 contact points.
WARNING: Contact joints between materials 'patin' and 'dohyo' will only be created for the 10 deepest contact points instead of all the 101 contact points.
WARNING: Contact joints between materials 'patin' and 'dohyo' will only be created for the 10 deepest contact points instead of all the 101 contact points.
WARNING: Contact joints between materials 'patin' and 'dohyo' will only be created for the 10 deepest contact points instead of all the 101 contact points.
WARNING: Contact joints between materials 'patin' and 'dohyo' will only be created for the 10 deepest contact points instead of all the 101 contact points.
WARNING: Contact joints between materials 'patin' and 'dohyo' will only be created for the 10 deepest contact points instead of all the 101 contact points.
WARNING: Contact joints between materials 'patin' and 'dohyo' will only be created for the 10 deepest contact points instead of all the 53 contact points.
WARNING: Contact joints between materials 'patin' and 'dohyo' will only be created for the 10 deepest contact points instead of all the 101 contact points.
WARNING: Contact joints between materials 'patin' and 'dohyo' will only be created for the 10 deepest contact points instead of all the 101 contact points.
WARNING: Contact joints between materials 'patin' and 'dohyo' will only be created for the 10 deepest contact points instead of all the 101 contact points.
[arbitro] asalto 28/30  frente   tiempo agotado  +0  60.00 s
[planta] asalto=28 mu=1.1 slip=0.0005 aleatorio=0
[gelatina] fin de asalto motor={"battery_v":7.4,"resistance_ohm":[4,4],"bridge_ohm":[0.5,0.5],"omega_rad_s":[66.8156725,59.1396747],"current_a":[0.386766401,0.404132779],"torque_nm":[0.0114546338,0.01229481],"applied_pwm":[0.951501489,0.879770637],"over_1_2a_samples":33341,"over_3_2a_samples":0}
[rival] fin de asalto motor={"battery_v":7.4,"resistance_ohm":[4,4],"bridge_ohm":[0.5,0.5],"omega_rad_s":[65.7836366,1.06402028],"current_a":[0.402491533,1.54346411],"torque_nm":[0.0122154074,0.0689593492],"applied_pwm":[0.95,0.95],"over_1_2a_samples":3466,"over_3_2a_samples":0}
[planta] gelatina ciclo=30 rueda=0 V=7.4 R=4 Rpuente=0.5 I0=0.15 Ke=0.0793326178 Kt=0.0483794733
[planta] gelatina ciclo=30 rueda=1 V=7.4 R=4 Rpuente=0.5 I0=0.15 Ke=0.0793326178 Kt=0.0483794733
[sensores] gelatina ToF alcance=1200 minimo=30 sigma_rel=0.07
[gelatina] pulsador recibido: permiso previsto 988368 ms
[arranque] pulsador=983368 permiso=988368 ms
[planta] rival ciclo=30 rueda=0 V=7.4 R=4 Rpuente=0.5 I0=0.15 Ke=0.0793326178 Kt=0.0483794733
[planta] rival ciclo=30 rueda=1 V=7.4 R=4 Rpuente=0.5 I0=0.15 Ke=0.0793326178 Kt=0.0483794733
[sensores] rival ToF alcance=1200 minimo=30 sigma_rel=0.07
[gelatina] permiso de arranque a los 988368 ms
WARNING: Contact joints between materials 'patin' and 'dohyo' will only be created for the 10 deepest contact points instead of all the 26 contact points.
WARNING: Contact joints between materials 'patin' and 'dohyo' will only be created for the 10 deepest contact points instead of all the 29 contact points.
[arbitro] asalto 29/30  lado     rival fuera     +1   1.80 s
[planta] asalto=29 mu=1.1 slip=0.0005 aleatorio=0
[gelatina] fin de asalto motor={"battery_v":7.4,"resistance_ohm":[4,4],"bridge_ohm":[0.5,0.5],"omega_rad_s":[45.6379024,-62.015453],"current_a":[0.749203667,-0.303420906],"torque_nm":[0.0289891578,-0.00742242265],"applied_pwm":[0.944863617,-0.849357069],"over_1_2a_samples":33352,"over_3_2a_samples":0}
[rival] fin de asalto motor={"battery_v":7.4,"resistance_ohm":[4,4],"bridge_ohm":[0.5,0.5],"omega_rad_s":[-64.9032593,-35.2727063],"current_a":[-0.253567675,-0.775938639],"torque_nm":[-0.00501054955,-0.0302825817],"applied_pwm":[-0.85,-0.85],"over_1_2a_samples":3482,"over_3_2a_samples":0}
[planta] gelatina ciclo=31 rueda=0 V=7.4 R=4 Rpuente=0.5 I0=0.15 Ke=0.0793326178 Kt=0.0483794733
[planta] gelatina ciclo=31 rueda=1 V=7.4 R=4 Rpuente=0.5 I0=0.15 Ke=0.0793326178 Kt=0.0483794733
[sensores] gelatina ToF alcance=1200 minimo=30 sigma_rel=0.07
[gelatina] pulsador recibido: permiso previsto 995480 ms
[planta] rival ciclo=31 rueda=0 V=7.4 R=4 Rpuente=0.5 I0=0.15 Ke=0.0793326178 Kt=0.0483794733
[planta] rival ciclo=31 rueda=1 V=7.4 R=4 Rpuente=0.5 I0=0.15 Ke=0.0793326178 Kt=0.0483794733
[sensores] rival ToF alcance=1200 minimo=30 sigma_rel=0.07
[arranque] pulsador=990480 permiso=995480 ms
[gelatina] permiso de arranque a los 995480 ms
WARNING: Contact joints between materials 'patin' and 'dohyo' will only be created for the 10 deepest contact points instead of all the 28 contact points.
WARNING: Contact joints between materials 'patin' and 'dohyo' will only be created for the 10 deepest contact points instead of all the 23 contact points.
WARNING: Contact joints between materials 'patin' and 'dohyo' will only be created for the 10 deepest contact points instead of all the 20 contact points.
[arbitro] asalto 30/30  espalda  rival fuera     +1   2.40 s

[arbitro] RESULTADO  13W 5L 12D  win rate 43.3%  auto-salidas 1  t medio de victoria 3.21 s

[arbitro]   frente   5W 1L 4D
[arbitro]   lado     3W 2L 5D
[arbitro]   espalda  5W 2L 3D
[arbitro]   combate: gana 73.0%  jueces 9.5%  pierde 17.5%
[arbitro] resultados -> ../../../../result.json
INFO: 'arbitro' controller exited successfully.
INFO: medido: Terminating.
INFO: oponente: Terminating.
