WARNING: Contact joints between materials 'patin' and 'dohyo' will only be created for the 10 deepest contact points instead of all the 12 contact points.
INFO: medido: Starting controller: $LAB_ROOT/Mini-Sumo-real/runs/real/20260913T171057805237Z_v22_v0.3.1_banco_spinner_s0_r1/project/webots/controllers/medido/medido
INFO: oponente: Starting controller: $LAB_ROOT/Mini-Sumo-real/runs/real/20260913T171057805237Z_v22_v0.3.1_banco_spinner_s0_r1/project/webots/controllers/oponente/oponente spinner
INFO: arbitro: Starting controller: $LAB_ROOT/Mini-Sumo-real/runs/real/20260913T171057805237Z_v22_v0.3.1_banco_spinner_s0_r1/project/webots/controllers/arbitro/arbitro --rounds 30 --rival spinner --version v0.3.1 --colocacion banco --out ../../../../result.json
[planta] gelatina ciclo=1 rueda=0 V=7.36485623 R=4.25602584 Rpuente=0.612744129 I0=0.126091683 Ke=0.092558592 Kt=0.0483794733
[planta] gelatina ciclo=1 rueda=1 V=7.36485623 R=3.87064724 Rpuente=0.5311391 I0=0.129181051 Ke=0.0852744683 Kt=0.0483794733
[sensores] gelatina ToF alcance=1418.63086 minimo=21.0914713 sigma_rel=0.0961221409
[gelatina] HAL Webots listo: paso 8 ms, umbral de linea 400
[gelatina] estrategia v0.3.0 en linea
[planta] rival ciclo=1 rueda=0 V=7.3310377 R=3.8954165 Rpuente=0.600848401 I0=0.180732483 Ke=0.0948581567 Kt=0.0483794733
[planta] rival ciclo=1 rueda=1 V=7.3310377 R=3.89561467 Rpuente=0.654952586 I0=0.158428279 Ke=0.0980418484 Kt=0.0483794733
[sensores] rival ToF alcance=1467.89725 minimo=45.1080084 sigma_rel=0.0588060713
[rival] comportamiento: spinner

[arbitro] 30 asaltos contra 'spinner', colocacion banco, limite 60 s por asalto
[gelatina] t=    0 ms  WAIT         rival=no d=9999 mm rumbo=   +0 cdeg  linea=0x0
[inercia] asalto=0 robot=GELATINA rueda=0 rotor=2.26145341e-05
[inercia] asalto=0 robot=GELATINA rueda=1 rotor=2.80318469e-05
[inercia] asalto=0 robot=RIVAL rueda=0 rotor=1.03646774e-05
[inercia] asalto=0 robot=RIVAL rueda=1 rotor=1.89769952e-05
[planta] asalto=0 mu=0.8364555 slip=0.000738541245 aleatorio=1
[planta] gelatina ciclo=2 rueda=0 V=7.40084512 R=4.10688725 Rpuente=0.572406459 I0=0.0936607003 Ke=0.0698853006 Kt=0.0483794733
[planta] gelatina ciclo=2 rueda=1 V=7.40084512 R=3.83835459 Rpuente=0.552155244 I0=0.199625596 Ke=0.0697456861 Kt=0.0483794733
[sensores] gelatina ToF alcance=1249.04298 minimo=21.2930501 sigma_rel=0.0465027428
[gelatina] pulsador recibido: permiso previsto 5312 ms
[planta] rival ciclo=2 rueda=0 V=7.99534413 R=3.71403046 Rpuente=0.594484353 I0=0.0934002846 Ke=0.0948363984 Kt=0.0483794733
[planta] rival ciclo=2 rueda=1 V=7.99534413 R=3.6196208 Rpuente=0.585172546 I0=0.147359303 Ke=0.0827417612 Kt=0.0483794733
[sensores] rival ToF alcance=757.486892 minimo=42.2123063 sigma_rel=0.084336791
[arranque] pulsador=312 permiso=5312 ms
[gelatina] permiso de arranque a los 5312 ms
[gelatina] t=    0 ms  TRACK        rival=si d= 251 mm rumbo=   +0 cdeg  linea=0x0
WARNING: Contact joints between materials 'patin' and 'dohyo' will only be created for the 10 deepest contact points instead of all the 14 contact points.
[gelatina] t=  328 ms  ATTACK       rival=si d= 122 mm rumbo=-1418 cdeg  linea=0x0
[gelatina] t=  544 ms  EDGE_ESCAPE  rival=si d=  32 mm rumbo=-6000 cdeg  linea=0x4
[gelatina] t=  752 ms  SEARCH       rival=no d=9999 mm rumbo=+3054 cdeg  linea=0x0
[gelatina] t=  952 ms  TRACK        rival=si d=  50 mm rumbo=+6000 cdeg  linea=0x0
[gelatina] t=  960 ms  ATTACK       rival=si d=  50 mm rumbo=+6000 cdeg  linea=0x0
WARNING: Contact joints between materials 'patin' and 'dohyo' will only be created for the 10 deepest contact points instead of all the 20 contact points.
[gelatina] t= 1320 ms  SEARCH       rival=no d=9999 mm rumbo=-3044 cdeg  linea=0x0
[gelatina] t= 1352 ms  TRACK        rival=si d=  27 mm rumbo=   +0 cdeg  linea=0x0
[gelatina] t= 1360 ms  ATTACK       rival=si d=  27 mm rumbo=   +0 cdeg  linea=0x0
[gelatina] t= 1536 ms  EDGE_ESCAPE  rival=si d= 395 mm rumbo=-6000 cdeg  linea=0x8
[gelatina] t= 1744 ms  SEARCH       rival=si d=  21 mm rumbo=+6000 cdeg  linea=0x0
[gelatina] t= 1752 ms  TRACK        rival=si d=  21 mm rumbo=+6000 cdeg  linea=0x0
[gelatina] t= 1760 ms  ATTACK       rival=si d=  21 mm rumbo=+6000 cdeg  linea=0x0
[arbitro] asalto  1/30  banco    rival fuera     +1   1.87 s
[inercia] asalto=1 robot=GELATINA rueda=0 rotor=9.44531643e-06
[inercia] asalto=1 robot=GELATINA rueda=1 rotor=2.62596416e-05
[inercia] asalto=1 robot=RIVAL rueda=0 rotor=1.57621794e-05
[inercia] asalto=1 robot=RIVAL rueda=1 rotor=2.04041997e-05
[planta] asalto=1 mu=1.37476293 slip=0.00111237705 aleatorio=1
[gelatina] fin de asalto motor={"battery_v":7.40084512,"resistance_ohm":[4.10688725,3.83835459],"bridge_ohm":[0.572406459,0.552155244],"omega_rad_s":[30.849626,22.5367966],"current_a":[1.12087637,0.386341124],"torque_nm":[0.0496961531,0.00903319891],"applied_pwm":[1,0.441581845],"over_1_2a_samples":20,"over_3_2a_samples":0}
[gelatina] t=    0 ms  WAIT         rival=si d=  63 mm rumbo=-3000 cdeg  linea=0x2
[rival] fin de asalto motor={"battery_v":7.99534413,"resistance_ohm":[3.71403046,3.6196208],"bridge_ohm":[0.594484353,0.585172546],"omega_rad_s":[-23.921485,0.476160983],"current_a":[-0.401308723,0.941371749],"torque_nm":[-0.0148964481,0.0423836813],"applied_pwm":[-0.5,0.5],"over_1_2a_samples":10,"over_3_2a_samples":0}
[planta] gelatina ciclo=3 rueda=0 V=7.43466365 R=3.66749654 Rpuente=0.584302187 I0=0.189019892 Ke=0.0942266868 Kt=0.0483794733
[planta] gelatina ciclo=3 rueda=1 V=7.43466365 R=3.81338716 Rpuente=0.628341758 I0=0.170378369 Ke=0.0931979847 Kt=0.0483794733
[sensores] gelatina ToF alcance=1199.77666 minimo=27.276513 sigma_rel=0.0838188124
[gelatina] pulsador recibido: permiso previsto 12496 ms
[planta] rival ciclo=3 rueda=0 V=7.74568462 R=3.91137171 Rpuente=0.649971557 I0=0.121402636 Ke=0.0779893475 Kt=0.0483794733
[planta] rival ciclo=3 rueda=1 V=7.74568462 R=4.37315912 Rpuente=0.634254229 I0=0.20344854 Ke=0.0803429839 Kt=0.0483794733
[sensores] rival ToF alcance=1696.55499 minimo=23.2455051 sigma_rel=0.0747795963
[arranque] pulsador=7496 permiso=12496 ms
[gelatina] permiso de arranque a los 12496 ms
[gelatina] t=    0 ms  TRACK        rival=si d= 273 mm rumbo=   +0 cdeg  linea=0x0
WARNING: Contact joints between materials 'patin' and 'dohyo' will only be created for the 10 deepest contact points instead of all the 27 contact points.
[gelatina] t=  456 ms  ATTACK       rival=si d= 121 mm rumbo=-3000 cdeg  linea=0x0
[arbitro] asalto  2/30  banco    rival fuera     +1   0.98 s
[inercia] asalto=2 robot=GELATINA rueda=0 rotor=1.53470491e-05
[inercia] asalto=2 robot=GELATINA rueda=1 rotor=3.54828401e-05
[inercia] asalto=2 robot=RIVAL rueda=0 rotor=3.22439504e-05
[inercia] asalto=2 robot=RIVAL rueda=1 rotor=1.78256371e-05
[planta] asalto=2 mu=1.1906902 slip=0.00167386723 aleatorio=1
[gelatina] fin de asalto motor={"battery_v":7.43466365,"resistance_ohm":[3.66749654,3.81338716],"bridge_ohm":[0.584302187,0.628341758],"omega_rad_s":[46.010177,31.8190274],"current_a":[0.728933167,0.543510629],"torque_nm":[0.0261207199,0.0180519422],"applied_pwm":[1,0.723582983],"over_1_2a_samples":27,"over_3_2a_samples":0}
[gelatina] t=    0 ms  WAIT         rival=no d=9999 mm rumbo=-1485 cdeg  linea=0x2
[rival] fin de asalto motor={"battery_v":7.74568462,"resistance_ohm":[3.91137171,4.37315912],"bridge_ohm":[0.649971557,0.634254229],"omega_rad_s":[-14.0529349,-8.73250227],"current_a":[-0.778593354,-0.787994761],"torque_nm":[-0.0317945408,-0.0282800388],"applied_pwm":[-0.6,-0.6],"over_1_2a_samples":18,"over_3_2a_samples":0}
[arranque] pulsador=13792 permiso=18792 ms
[planta] gelatina ciclo=4 rueda=0 V=7.47065254 R=4.31835794 Rpuente=0.543964529 I0=0.156588909 Ke=0.0685665134 Kt=0.0483794733
[planta] gelatina ciclo=4 rueda=1 V=7.47065254 R=3.78109455 Rpuente=0.649357903 I0=0.0908229142 Ke=0.0832451824 Kt=0.0483794733
[sensores] gelatina ToF alcance=1030.18878 minimo=27.4780917 sigma_rel=0.114199414
[gelatina] pulsador recibido: permiso previsto 18792 ms
[planta] rival ciclo=4 rueda=0 V=7.00999113 R=3.72998562 Rpuente=0.643607509 I0=0.184070438 Ke=0.0712029904 Kt=0.0483794733
[planta] rival ciclo=4 rueda=1 V=7.00999113 R=4.0971653 Rpuente=0.564474189 I0=0.192379564 Ke=0.069703396 Kt=0.0483794733
[sensores] rival ToF alcance=986.144626 minimo=20.3498012 sigma_rel=0.100310316
[gelatina] permiso de arranque a los 18792 ms
[gelatina] t=    0 ms  TRACK        rival=si d= 344 mm rumbo=   +0 cdeg  linea=0x0
[gelatina] t=  360 ms  ATTACK       rival=si d= 116 mm rumbo=+1478 cdeg  linea=0x0
WARNING: Contact joints between materials 'rueda' and 'dohyo' will only be created for the 10 deepest contact points instead of all the 12 contact points.
[gelatina] t=  856 ms  SEARCH       rival=no d=9999 mm rumbo=-3000 cdeg  linea=0x0
[arbitro] asalto  3/30  banco    rival fuera     +1   0.87 s
[inercia] asalto=3 robot=GELATINA rueda=0 rotor=1.48304331e-05
[inercia] asalto=3 robot=GELATINA rueda=1 rotor=1.18224236e-05
[inercia] asalto=3 robot=RIVAL rueda=0 rotor=1.09047171e-05
[inercia] asalto=3 robot=RIVAL rueda=1 rotor=1.76097783e-05
[planta] asalto=3 mu=1.2826027 slip=0.00106291819 aleatorio=1
WARNING: DEF GELATINA GelatinaNuclear > HingeJoint "rueda_der" > Solid "rueda_der": Webots has detected that this solid is light and oblong according to its inertia matrix. This belongs in the physics edge cases, and can imply weird physical results. Increasing the weight of the object or reducing its eccentricity are recommended.
WARNING: DEF RIVAL GelatinaNuclear > HingeJoint "rueda_izq" > Solid "rueda_izq": Webots has detected that this solid is light and oblong according to its inertia matrix. This belongs in the physics edge cases, and can imply weird physical results. Increasing the weight of the object or reducing its eccentricity are recommended.
[gelatina] fin de asalto motor={"battery_v":7.47065254,"resistance_ohm":[4.31835794,3.78109455],"bridge_ohm":[0.543964529,0.649357903],"omega_rad_s":[73.3369313,32.9867301],"current_a":[0.502269208,-0.54968266],"torque_nm":[0.0167238308,-0.0309873223],"applied_pwm":[1,0.0415818393],"over_1_2a_samples":31,"over_3_2a_samples":0}
[gelatina] t=    0 ms  WAIT         rival=si d= 322 mm rumbo=   +0 cdeg  linea=0x3
[rival] fin de asalto motor={"battery_v":7.00999113,"resistance_ohm":[3.72998562,4.0971653],"bridge_ohm":[0.643607509,0.564474189],"omega_rad_s":[-50.4289972,-10.1921585],"current_a":[-0.140685076,-0.749857777],"torque_nm":[0.00209896096,-0.0269705024],"applied_pwm":[-0.6,-0.6],"over_1_2a_samples":21,"over_3_2a_samples":0}
[planta] gelatina ciclo=5 rueda=0 V=7.50447108 R=3.87896729 Rpuente=0.555860245 I0=0.101948109 Ke=0.0693291847 Kt=0.0483794733
[planta] gelatina ciclo=5 rueda=1 V=7.50447108 R=3.75612712 Rpuente=0.525544417 I0=0.211575678 Ke=0.0671260551 Kt=0.0483794733
[sensores] gelatina ToF alcance=980.922455 minimo=33.4615546 sigma_rel=0.0715154839
[gelatina] pulsador recibido: permiso previsto 24976 ms
[planta] rival ciclo=5 rueda=0 V=7.33795099 R=4.30922918 Rpuente=0.586078012 I0=0.119217575 Ke=0.0873178988 Kt=0.0483794733
[planta] rival ciclo=5 rueda=1 V=7.33795099 R=4.35173435 Rpuente=0.508019018 I0=0.164089081 Ke=0.0656203404 Kt=0.0483794733
[sensores] rival ToF alcance=1634.49379 minimo=42.0335317 sigma_rel=0.0726668024
[arranque] pulsador=19976 permiso=24976 ms
[gelatina] permiso de arranque a los 24976 ms
[gelatina] t=    0 ms  TRACK        rival=si d= 301 mm rumbo=   +0 cdeg  linea=0x0
[gelatina] t=  360 ms  ATTACK       rival=si d= 116 mm rumbo=+1447 cdeg  linea=0x0
WARNING: Contact joints between materials 'rueda' and 'dohyo' will only be created for the 10 deepest contact points instead of all the 12 contact points.
[gelatina] t=  592 ms  SEARCH       rival=no d=9999 mm rumbo=+1504 cdeg  linea=0x0
[gelatina] t=  688 ms  TRACK        rival=si d=  32 mm rumbo=   +0 cdeg  linea=0x0
[gelatina] t=  696 ms  ATTACK       rival=si d=  32 mm rumbo=   +0 cdeg  linea=0x0
[arbitro] asalto  4/30  banco    rival fuera     +1   0.78 s
[inercia] asalto=4 robot=GELATINA rueda=0 rotor=2.47379504e-05
[inercia] asalto=4 robot=GELATINA rueda=1 rotor=1.92414347e-05
[inercia] asalto=4 robot=RIVAL rueda=0 rotor=1.60995954e-05
[inercia] asalto=4 robot=RIVAL rueda=1 rotor=2.92744263e-05
[planta] asalto=4 mu=0.729815042 slip=0.00141449273 aleatorio=1
[gelatina] fin de asalto motor={"battery_v":7.50447108,"resistance_ohm":[3.87896729,3.75612712],"bridge_ohm":[0.555860245,0.525544417],"omega_rad_s":[44.6094743,27.8838189],"current_a":[0.994792371,-0.156718046],"torque_nm":[0.0431953351,-0.0178178564],"applied_pwm":[1,0.160000026],"over_1_2a_samples":40,"over_3_2a_samples":0}
[gelatina] t=    0 ms  WAIT         rival=no d=9999 mm rumbo=-6000 cdeg  linea=0x0
[rival] fin de asalto motor={"battery_v":7.33795099,"resistance_ohm":[4.30922918,4.35173435],"bridge_ohm":[0.586078012,0.508019018],"omega_rad_s":[-42.8182843,16.0743566],"current_a":[0.0142640934,0.537922513],"torque_nm":[0.0064577728,0.0180858646],"applied_pwm":[-0.5,0.5],"over_1_2a_samples":22,"over_3_2a_samples":0}
[planta] gelatina ciclo=6 rueda=0 V=7.54045988 R=3.72982864 Rpuente=0.515522587 I0=0.219517127 Ke=0.0691407664 Kt=0.0483794733
[planta] gelatina ciclo=6 rueda=1 V=7.54045988 R=3.72383447 Rpuente=0.546560562 I0=0.132020223 Ke=0.0905072248 Kt=0.0483794733
[sensores] gelatina ToF alcance=811.334574 minimo=33.6631316 sigma_rel=0.101896091
[gelatina] pulsador recibido: permiso previsto 31072 ms
[planta] rival ciclo=6 rueda=0 V=8.00225742 R=4.12784314 Rpuente=0.579713964 I0=0.181885377 Ke=0.0788056002 Kt=0.0483794733
[planta] rival ciclo=6 rueda=1 V=8.00225742 R=4.07574048 Rpuente=0.63823899 I0=0.153020105 Ke=0.0833654349 Kt=0.0483794733
[sensores] rival ToF alcance=924.083501 minimo=39.1378278 sigma_rel=0.0981975222
[arranque] pulsador=26072 permiso=31072 ms
[gelatina] permiso de arranque a los 31072 ms
[gelatina] t=    0 ms  TRACK        rival=si d= 269 mm rumbo=   +0 cdeg  linea=0x0
WARNING: Contact joints between materials 'patin' and 'dohyo' will only be created for the 10 deepest contact points instead of all the 14 contact points.
[gelatina] t=  392 ms  ATTACK       rival=si d= 129 mm rumbo=   +0 cdeg  linea=0x0
[arbitro] asalto  5/30  banco    expulsado       -1   0.91 s
[inercia] asalto=5 robot=GELATINA rueda=0 rotor=1.80220778e-05
[inercia] asalto=5 robot=GELATINA rueda=1 rotor=3.55475205e-05
[inercia] asalto=5 robot=RIVAL rueda=0 rotor=1.94917926e-05
[inercia] asalto=5 robot=RIVAL rueda=1 rotor=2.37972724e-05
[planta] asalto=5 mu=1.5307009 slip=0.000354548097 aleatorio=1
[gelatina] fin de asalto motor={"battery_v":7.54045988,"resistance_ohm":[3.72982864,3.72383447],"bridge_ohm":[0.515522587,0.546560562],"omega_rad_s":[43.1265607,61.5811511],"current_a":[1.00275281,-0.42025715],"torque_nm":[0.0378925297,-0.0267188884],"applied_pwm":[0.959999979,0.501146495],"over_1_2a_samples":46,"over_3_2a_samples":0}
[gelatina] t=    0 ms  WAIT         rival=si d=  69 mm rumbo=-3302 cdeg  linea=0x0
[rival] fin de asalto motor={"battery_v":8.00225742,"resistance_ohm":[4.12784314,4.07574048],"bridge_ohm":[0.579713964,0.63823899],"omega_rad_s":[-37.4693657,29.2898588],"current_a":[-0.222691479,0.330796284],"torque_nm":[-0.00197417773,0.00860071792],"applied_pwm":[-0.5,0.5],"over_1_2a_samples":22,"over_3_2a_samples":0}
[planta] gelatina ciclo=7 rueda=0 V=7.5742785 R=4.09043798 Rpuente=0.527418315 I0=0.164876327 Ke=0.0681605179 Kt=0.0483794733
[planta] gelatina ciclo=7 rueda=1 V=7.5742785 R=3.69886703 Rpuente=0.622747076 I0=0.102772996 Ke=0.0797648297 Kt=0.0483794733
[sensores] gelatina ToF alcance=762.068176 minimo=39.6465945 sigma_rel=0.0592121553
[gelatina] pulsador recibido: permiso previsto 37296 ms
[planta] rival ciclo=7 rueda=0 V=7.75259792 R=4.32518439 Rpuente=0.635201168 I0=0.209887719 Ke=0.0654142189 Kt=0.0483794733
[planta] rival ciclo=7 rueda=1 V=7.75259792 R=4.0292788 Rpuente=0.687320662 I0=0.209109342 Ke=0.0831461469 Kt=0.0483794733
[arranque] pulsador=32296 permiso=37296 ms
[sensores] rival ToF alcance=1863.15152 minimo=20.1710284 sigma_rel=0.0886403275
[gelatina] permiso de arranque a los 37296 ms
[gelatina] t=    0 ms  TRACK        rival=si d= 269 mm rumbo=   +0 cdeg  linea=0x0
[gelatina] t=  328 ms  ATTACK       rival=si d= 115 mm rumbo=   +0 cdeg  linea=0x0
WARNING: Contact joints between materials 'rueda' and 'dohyo' will only be created for the 10 deepest contact points instead of all the 24 contact points.
[gelatina] t=  792 ms  SEARCH       rival=no d=9999 mm rumbo=-4545 cdeg  linea=0x0
[gelatina] t= 1056 ms  TRACK        rival=si d=  45 mm rumbo=-3000 cdeg  linea=0x0
[gelatina] t= 1064 ms  ATTACK       rival=si d=  45 mm rumbo=-3000 cdeg  linea=0x2
WARNING: Contact joints between materials 'patin' and 'dohyo' will only be created for the 10 deepest contact points instead of all the 11 contact points.
[gelatina] t= 1984 ms  SEARCH       rival=no d=9999 mm rumbo=-3000 cdeg  linea=0x0
[gelatina] t= 2240 ms  TRACK        rival=si d=  61 mm rumbo=-6000 cdeg  linea=0x0
[gelatina] t= 2248 ms  ATTACK       rival=si d=  61 mm rumbo=-6000 cdeg  linea=0x0
[gelatina] t= 2472 ms  SEARCH       rival=no d=9999 mm rumbo=+6000 cdeg  linea=0x0
[gelatina] t= 2504 ms  TRACK        rival=si d=  72 mm rumbo=+6000 cdeg  linea=0x0
[gelatina] t= 2512 ms  ATTACK       rival=si d=  72 mm rumbo=+6000 cdeg  linea=0x0
[gelatina] t= 2672 ms  SEARCH       rival=no d=9999 mm rumbo=+3000 cdeg  linea=0x0
[gelatina] t= 2704 ms  TRACK        rival=si d=  64 mm rumbo=   +0 cdeg  linea=0x0
[gelatina] t= 2712 ms  ATTACK       rival=si d=  64 mm rumbo=   +0 cdeg  linea=0x0
WARNING: Contact joints between materials 'patin' and 'dohyo' will only be created for the 10 deepest contact points instead of all the 12 contact points.
[gelatina] t= 2904 ms  SEARCH       rival=no d=9999 mm rumbo=-3000 cdeg  linea=0x0
[gelatina] t= 2920 ms  EDGE_ESCAPE  rival=no d=9999 mm rumbo=-3000 cdeg  linea=0x1
[gelatina] t= 3128 ms  SEARCH       rival=si d= 178 mm rumbo=+4823 cdeg  linea=0x8
[gelatina] t= 3136 ms  TRACK        rival=si d= 178 mm rumbo=+4823 cdeg  linea=0x8
[gelatina] t= 3160 ms  ATTACK       rival=si d= 130 mm rumbo=+4818 cdeg  linea=0x8
[gelatina] t= 3712 ms  EDGE_ESCAPE  rival=si d= 168 mm rumbo=+6000 cdeg  linea=0xC
[gelatina] t= 3888 ms  ATTACK       rival=si d=  37 mm rumbo=+1524 cdeg  linea=0x8
WARNING: Contact joints between materials 'patin' and 'dohyo' will only be created for the 10 deepest contact points instead of all the 15 contact points.
[gelatina] t= 4056 ms  EDGE_ESCAPE  rival=si d= 126 mm rumbo=+6000 cdeg  linea=0x8
[gelatina] t= 4088 ms  ATTACK       rival=si d=  61 mm rumbo=+2796 cdeg  linea=0x8
[gelatina] t= 4184 ms  EDGE_ESCAPE  rival=si d= 151 mm rumbo=+5703 cdeg  linea=0xC
[gelatina] t= 4392 ms  SEARCH       rival=si d= 166 mm rumbo=+5317 cdeg  linea=0xC
[gelatina] t= 4400 ms  TRACK        rival=si d= 166 mm rumbo=+5317 cdeg  linea=0x8
[gelatina] t= 4416 ms  ATTACK       rival=si d= 135 mm rumbo=+4812 cdeg  linea=0x8
[arbitro] asalto  6/30  banco    expulsado       -1   4.50 s
[inercia] asalto=6 robot=GELATINA rueda=0 rotor=3.26262665e-05
[inercia] asalto=6 robot=GELATINA rueda=1 rotor=2.82080197e-05
[inercia] asalto=6 robot=RIVAL rueda=0 rotor=3.48587131e-05
[inercia] asalto=6 robot=RIVAL rueda=1 rotor=3.53247898e-05
[planta] asalto=6 mu=1.06612322 slip=0.00198867857 aleatorio=1
WARNING: DEF GELATINA GelatinaNuclear > HingeJoint "rueda_der" > Solid "rueda_der": Webots has detected that this solid is light and oblong according to its inertia matrix. This belongs in the physics edge cases, and can imply weird physical results. Increasing the weight of the object or reducing its eccentricity are recommended.
[gelatina] fin de asalto motor={"battery_v":7.5742785,"resistance_ohm":[4.09043798,3.69886703],"bridge_ohm":[0.527418315,0.622747076],"omega_rad_s":[20.8277467,51.0288766],"current_a":[0.279173336,0.810800954],"torque_nm":[0.00552962912,0.0342540197],"applied_pwm":[0.357633054,1],"over_1_2a_samples":124,"over_3_2a_samples":0}
[gelatina] t=    0 ms  WAIT         rival=si d=  96 mm rumbo=+3463 cdeg  linea=0x0
[rival] fin de asalto motor={"battery_v":7.75259792,"resistance_ohm":[4.32518439,4.0292788],"bridge_ohm":[0.635201168,0.687320662],"omega_rad_s":[-38.743957,26.5496698],"current_a":[-0.27052197,0.353813425],"torque_nm":[-0.0029334531,0.00700070731],"applied_pwm":[-0.5,0.5],"over_1_2a_samples":37,"over_3_2a_samples":0}
[planta] gelatina ciclo=8 rueda=0 V=7.61026731 R=3.94129934 Rpuente=0.687080646 I0=0.132445344 Ke=0.0758400655 Kt=0.0483794733
[planta] gelatina ciclo=8 rueda=1 V=7.61026731 R=3.66657438 Rpuente=0.64376322 I0=0.173217541 Ke=0.0662343072 Kt=0.0483794733
[sensores] gelatina ToF alcance=1892.4803 minimo=39.8481733 sigma_rel=0.089592762
[gelatina] pulsador recibido: permiso previsto 47112 ms
[planta] rival ciclo=8 rueda=0 V=7.8170812 R=3.61420321 Rpuente=0.551313353 I0=0.080521971 Ke=0.0779089017 Kt=0.0483794733
[planta] rival ciclo=8 rueda=1 V=7.8170812 R=3.76878104 Rpuente=0.622384787 I0=0.21851036 Ke=0.0682264983 Kt=0.0483794733
[sensores] rival ToF alcance=1243.96493 minimo=22.8506535 sigma_rel=0.0766100645
[arranque] pulsador=42112 permiso=47112 ms
[gelatina] permiso de arranque a los 47112 ms
[gelatina] t=    0 ms  OPENING      rival=no d=9999 mm rumbo=   +0 cdeg  linea=0x0
[gelatina] t=   32 ms  TRACK        rival=si d= 312 mm rumbo=   +0 cdeg  linea=0x0
WARNING: Contact joints between materials 'patin' and 'dohyo' will only be created for the 10 deepest contact points instead of all the 27 contact points.
[gelatina] t=  328 ms  ATTACK       rival=si d= 123 mm rumbo=+1497 cdeg  linea=0x0
[gelatina] t=  824 ms  SEARCH       rival=no d=9999 mm rumbo=   +0 cdeg  linea=0x0
[gelatina] t= 1016 ms  TRACK        rival=si d=  62 mm rumbo=+4544 cdeg  linea=0x0
[gelatina] t= 1024 ms  ATTACK       rival=si d=  62 mm rumbo=+4544 cdeg  linea=0x0
[gelatina] t= 1224 ms  SEARCH       rival=no d=9999 mm rumbo=-6000 cdeg  linea=0x0
[gelatina] t= 1352 ms  TRACK        rival=si d= 110 mm rumbo=-6000 cdeg  linea=0x0
[gelatina] t= 1360 ms  ATTACK       rival=si d= 110 mm rumbo=-6000 cdeg  linea=0x0
WARNING: Contact joints between materials 'rueda' and 'dohyo' will only be created for the 10 deepest contact points instead of all the 16 contact points.
[gelatina] t= 1584 ms  SEARCH       rival=no d=9999 mm rumbo=+6000 cdeg  linea=0x0
[gelatina] t= 1680 ms  TRACK        rival=si d= 104 mm rumbo=+6000 cdeg  linea=0x0
[gelatina] t= 1688 ms  ATTACK       rival=si d= 104 mm rumbo=+6000 cdeg  linea=0x0
[gelatina] t= 1880 ms  SEARCH       rival=no d=9999 mm rumbo=-4480 cdeg  linea=0x0
[gelatina] t= 2008 ms  TRACK        rival=si d= 111 mm rumbo=-6000 cdeg  linea=0x0
[gelatina] t= 2016 ms  ATTACK       rival=si d= 111 mm rumbo=-6000 cdeg  linea=0x0
[gelatina] t= 2240 ms  SEARCH       rival=no d=9999 mm rumbo=+6000 cdeg  linea=0x0
[gelatina] t= 2304 ms  TRACK        rival=si d= 176 mm rumbo=+6000 cdeg  linea=0x0
[gelatina] t= 2376 ms  ATTACK       rival=si d= 111 mm rumbo=-1528 cdeg  linea=0x0
[gelatina] t= 2544 ms  SEARCH       rival=no d=9999 mm rumbo=-6000 cdeg  linea=0x0
WARNING: Contact joints between materials 'patin' and 'dohyo' will only be created for the 10 deepest contact points instead of all the 24 contact points.
[gelatina] t= 2640 ms  TRACK        rival=si d= 143 mm rumbo=-6000 cdeg  linea=0x0
[gelatina] t= 2896 ms  ATTACK       rival=si d= 127 mm rumbo=+3000 cdeg  linea=0x0
[gelatina] t= 3104 ms  SEARCH       rival=no d=9999 mm rumbo=-4574 cdeg  linea=0x0
[gelatina] t= 3168 ms  TRACK        rival=si d= 130 mm rumbo=-6000 cdeg  linea=0x0
[gelatina] t= 3176 ms  ATTACK       rival=si d= 130 mm rumbo=-6000 cdeg  linea=0x0
[gelatina] t= 3432 ms  SEARCH       rival=no d=9999 mm rumbo=+6000 cdeg  linea=0x0
[gelatina] t= 3496 ms  TRACK        rival=si d= 118 mm rumbo=+6000 cdeg  linea=0x0
[gelatina] t= 3504 ms  ATTACK       rival=si d= 118 mm rumbo=+6000 cdeg  linea=0x0
[gelatina] t= 3728 ms  SEARCH       rival=no d=9999 mm rumbo=-6000 cdeg  linea=0x0
[gelatina] t= 3824 ms  TRACK        rival=si d= 113 mm rumbo=-6000 cdeg  linea=0x0
[gelatina] t= 3832 ms  ATTACK       rival=si d= 113 mm rumbo=-6000 cdeg  linea=0x0
WARNING: Contact joints between materials 'patin' and 'dohyo' will only be created for the 10 deepest contact points instead of all the 17 contact points.
[gelatina] t= 4056 ms  SEARCH       rival=no d=9999 mm rumbo=+6000 cdeg  linea=0x0
[gelatina] t= 4152 ms  TRACK        rival=si d= 114 mm rumbo=+6000 cdeg  linea=0x0
[gelatina] t= 4160 ms  ATTACK       rival=si d= 114 mm rumbo=+6000 cdeg  linea=0x0
[gelatina] t= 4392 ms  SEARCH       rival=no d=9999 mm rumbo=-6000 cdeg  linea=0x0
[gelatina] t= 4520 ms  TRACK        rival=si d= 156 mm rumbo=-6000 cdeg  linea=0x0
[gelatina] t= 4616 ms  ATTACK       rival=si d= 107 mm rumbo=+6000 cdeg  linea=0x0
[gelatina] t= 5048 ms  SEARCH       rival=no d=9999 mm rumbo=-6000 cdeg  linea=0x0
WARNING: Contact joints between materials 'rueda' and 'dohyo' will only be created for the 10 deepest contact points instead of all the 11 contact points.
[gelatina] t= 5112 ms  TRACK        rival=si d=  82 mm rumbo=-6000 cdeg  linea=0x0
[gelatina] t= 5120 ms  ATTACK       rival=si d=  82 mm rumbo=-6000 cdeg  linea=0x0
[gelatina] t= 5344 ms  SEARCH       rival=no d=9999 mm rumbo=+4509 cdeg  linea=0x0
[gelatina] t= 5440 ms  TRACK        rival=si d=  53 mm rumbo=+6000 cdeg  linea=0x0
[gelatina] t= 5448 ms  ATTACK       rival=si d=  53 mm rumbo=+6000 cdeg  linea=0x0
[gelatina] t= 5680 ms  SEARCH       rival=no d=9999 mm rumbo=-6000 cdeg  linea=0x0
[gelatina] t= 5736 ms  TRACK        rival=si d=  91 mm rumbo=-6000 cdeg  linea=0x0
[gelatina] t= 5744 ms  ATTACK       rival=si d=  91 mm rumbo=-6000 cdeg  linea=0x0
[gelatina] t= 6008 ms  SEARCH       rival=no d=9999 mm rumbo=+6000 cdeg  linea=0x0
[gelatina] t= 6096 ms  TRACK        rival=si d=  42 mm rumbo=+6000 cdeg  linea=0x0
[gelatina] t= 6104 ms  ATTACK       rival=si d=  42 mm rumbo=+4519 cdeg  linea=0x0
WARNING: Contact joints between materials 'patin' and 'dohyo' will only be created for the 10 deepest contact points instead of all the 51 contact points.
[gelatina] t= 6336 ms  SEARCH       rival=no d=9999 mm rumbo=  +72 cdeg  linea=0x0
[gelatina] t= 6400 ms  TRACK        rival=si d=  44 mm rumbo=+6000 cdeg  linea=0x0
[gelatina] t= 6408 ms  ATTACK       rival=si d=  44 mm rumbo=+6000 cdeg  linea=0x0
[gelatina] t= 6664 ms  SEARCH       rival=no d=9999 mm rumbo=-6000 cdeg  linea=0x0
[gelatina] t= 6728 ms  TRACK        rival=si d=  53 mm rumbo=-6000 cdeg  linea=0x0
[gelatina] t= 6736 ms  ATTACK       rival=si d=  53 mm rumbo=-6000 cdeg  linea=0x0
[gelatina] t= 6928 ms  SEARCH       rival=no d=9999 mm rumbo=-3000 cdeg  linea=0x0
[gelatina] t= 7088 ms  TRACK        rival=si d=  49 mm rumbo=-6000 cdeg  linea=0x0
[gelatina] t= 7096 ms  ATTACK       rival=si d=  49 mm rumbo=-6000 cdeg  linea=0x0
[gelatina] t= 7328 ms  SEARCH       rival=no d=9999 mm rumbo=+6000 cdeg  linea=0x0
[gelatina] t= 7384 ms  TRACK        rival=si d=  55 mm rumbo=+6000 cdeg  linea=0x0
[gelatina] t= 7392 ms  ATTACK       rival=si d=  55 mm rumbo=+6000 cdeg  linea=0x0
WARNING: Contact joints between materials 'patin' and 'dohyo' will only be created for the 10 deepest contact points instead of all the 12 contact points.
[gelatina] t= 7624 ms  SEARCH       rival=no d=9999 mm rumbo=-6000 cdeg  linea=0x0
[gelatina] t= 7784 ms  TRACK        rival=si d=  56 mm rumbo=-4509 cdeg  linea=0x0
[gelatina] t= 7792 ms  ATTACK       rival=si d=  56 mm rumbo=-4509 cdeg  linea=0x0
[gelatina] t= 7984 ms  SEARCH       rival=no d=9999 mm rumbo=+4528 cdeg  linea=0x0
[gelatina] t= 8080 ms  TRACK        rival=si d=  92 mm rumbo=+6000 cdeg  linea=0x0
[gelatina] t= 8088 ms  ATTACK       rival=si d=  92 mm rumbo=+6000 cdeg  linea=0x0
[gelatina] t= 8288 ms  SEARCH       rival=no d=9999 mm rumbo=-4417 cdeg  linea=0x0
[gelatina] t= 8408 ms  TRACK        rival=si d=  83 mm rumbo=-6000 cdeg  linea=0x0
[gelatina] t= 8416 ms  ATTACK       rival=si d=  83 mm rumbo=-6000 cdeg  linea=0x0
[gelatina] t= 8616 ms  SEARCH       rival=no d=9999 mm rumbo=+4501 cdeg  linea=0x0
WARNING: Contact joints between materials 'patin' and 'dohyo' will only be created for the 10 deepest contact points instead of all the 11 contact points.
[gelatina] t= 8736 ms  TRACK        rival=si d= 114 mm rumbo=+6000 cdeg  linea=0x0
[gelatina] t= 8744 ms  ATTACK       rival=si d= 114 mm rumbo=+4577 cdeg  linea=0x0
[gelatina] t= 8944 ms  SEARCH       rival=no d=9999 mm rumbo=-6000 cdeg  linea=0x0
[gelatina] t= 9072 ms  TRACK        rival=si d= 142 mm rumbo=-4487 cdeg  linea=0x0
[gelatina] t= 9264 ms  ATTACK       rival=si d= 122 mm rumbo=+6000 cdeg  linea=0x0
WARNING: Contact joints between materials 'patin' and 'dohyo' will only be created for the 10 deepest contact points instead of all the 14 contact points.
[gelatina] t= 9800 ms  SEARCH       rival=no d=9999 mm rumbo=+3000 cdeg  linea=0x0
[gelatina] t= 9960 ms  TRACK        rival=si d=  45 mm rumbo=+3000 cdeg  linea=0x0
[gelatina] t= 9968 ms  ATTACK       rival=si d=  45 mm rumbo=+3000 cdeg  linea=0x0
[gelatina] t=10040 ms  EDGE_ESCAPE  rival=si d=  39 mm rumbo=-3000 cdeg  linea=0x2
[gelatina] t=10248 ms  SEARCH       rival=si d=  61 mm rumbo=-6000 cdeg  linea=0x0
[gelatina] t=10256 ms  TRACK        rival=si d=  61 mm rumbo=-6000 cdeg  linea=0x0
[gelatina] t=10264 ms  ATTACK       rival=si d=  61 mm rumbo=-6000 cdeg  linea=0x0
[gelatina] t=10296 ms  SEARCH       rival=no d=9999 mm rumbo=-6000 cdeg  linea=0x0
[gelatina] t=10456 ms  TRACK        rival=si d=  44 mm rumbo=-6000 cdeg  linea=0x0
[gelatina] t=10464 ms  ATTACK       rival=si d=  44 mm rumbo=-6000 cdeg  linea=0x0
[gelatina] t=10624 ms  SEARCH       rival=no d=9999 mm rumbo=   +0 cdeg  linea=0x0
[gelatina] t=10848 ms  TRACK        rival=si d=  81 mm rumbo=+6000 cdeg  linea=0x0
[gelatina] t=10856 ms  ATTACK       rival=si d=  68 mm rumbo=+4485 cdeg  linea=0x0
WARNING: Contact joints between materials 'patin' and 'dohyo' will only be created for the 10 deepest contact points instead of all the 17 contact points.
[gelatina] t=11056 ms  SEARCH       rival=no d=9999 mm rumbo=-4516 cdeg  linea=0x0
[gelatina] t=11152 ms  TRACK        rival=si d=  89 mm rumbo=-6000 cdeg  linea=0x0
[gelatina] t=11160 ms  ATTACK       rival=si d=  89 mm rumbo=-6000 cdeg  linea=0x0
[gelatina] t=11384 ms  SEARCH       rival=no d=9999 mm rumbo=+6000 cdeg  linea=0x0
[gelatina] t=11480 ms  TRACK        rival=si d= 112 mm rumbo=+6000 cdeg  linea=0x0
[gelatina] t=11488 ms  ATTACK       rival=si d= 112 mm rumbo=+6000 cdeg  linea=0x0
[gelatina] t=11648 ms  SEARCH       rival=no d=9999 mm rumbo=+1496 cdeg  linea=0x0
[gelatina] t=11712 ms  TRACK        rival=si d=  78 mm rumbo=+6000 cdeg  linea=0x0
[gelatina] t=11720 ms  ATTACK       rival=si d=  78 mm rumbo=+6000 cdeg  linea=0x0
[gelatina] t=11984 ms  SEARCH       rival=no d=9999 mm rumbo=-6000 cdeg  linea=0x0
[gelatina] t=12008 ms  TRACK        rival=si d= 106 mm rumbo=-6000 cdeg  linea=0x0
[gelatina] t=12016 ms  ATTACK       rival=si d= 106 mm rumbo=-6000 cdeg  linea=0x0
[gelatina] t=12344 ms  SEARCH       rival=no d=9999 mm rumbo=+6000 cdeg  linea=0x0
[gelatina] t=12368 ms  TRACK        rival=si d=  60 mm rumbo=+6000 cdeg  linea=0x0
[gelatina] t=12376 ms  ATTACK       rival=si d=  60 mm rumbo=+6000 cdeg  linea=0x0
[gelatina] t=12504 ms  SEARCH       rival=no d=9999 mm rumbo=+6000 cdeg  linea=0x0
[gelatina] t=12536 ms  TRACK        rival=si d=  83 mm rumbo=   +0 cdeg  linea=0x0
[gelatina] t=12544 ms  ATTACK       rival=si d=  83 mm rumbo=   +0 cdeg  linea=0x0
WARNING: Contact joints between materials 'patin' and 'dohyo' will only be created for the 10 deepest contact points instead of all the 12 contact points.
[gelatina] t=12872 ms  SEARCH       rival=no d=9999 mm rumbo=-6000 cdeg  linea=0x0
[gelatina] t=12896 ms  TRACK        rival=si d=  46 mm rumbo=-6000 cdeg  linea=0x0
[gelatina] t=12904 ms  ATTACK       rival=si d=  46 mm rumbo=-6000 cdeg  linea=0x0
[gelatina] t=13104 ms  SEARCH       rival=no d=9999 mm rumbo=  -25 cdeg  linea=0x0
[gelatina] t=13296 ms  TRACK        rival=si d=  79 mm rumbo=-6000 cdeg  linea=0x0
[gelatina] t=13304 ms  ATTACK       rival=si d=  79 mm rumbo=-6000 cdeg  linea=0x0
[gelatina] t=13496 ms  SEARCH       rival=no d=9999 mm rumbo=+4517 cdeg  linea=0x0
WARNING: Contact joints between materials 'rueda' and 'dohyo' will only be created for the 10 deepest contact points instead of all the 12 contact points.
[gelatina] t=13624 ms  TRACK        rival=si d=  98 mm rumbo=+6000 cdeg  linea=0x0
[gelatina] t=13632 ms  ATTACK       rival=si d=  98 mm rumbo=+6000 cdeg  linea=0x0
[gelatina] t=13832 ms  SEARCH       rival=no d=9999 mm rumbo=-3000 cdeg  linea=0x0
[gelatina] t=13992 ms  TRACK        rival=si d= 136 mm rumbo=-6000 cdeg  linea=0x0
[gelatina] t=14024 ms  ATTACK       rival=si d= 120 mm rumbo=-1564 cdeg  linea=0x0
[gelatina] t=14224 ms  SEARCH       rival=no d=9999 mm rumbo=+6000 cdeg  linea=0x0
[gelatina] t=14280 ms  TRACK        rival=si d= 173 mm rumbo=+6000 cdeg  linea=0x0
[gelatina] t=14352 ms  ATTACK       rival=si d= 122 mm rumbo=-1490 cdeg  linea=0x0
[gelatina] t=14520 ms  SEARCH       rival=no d=9999 mm rumbo=-6000 cdeg  linea=0x0
[gelatina] t=14616 ms  TRACK        rival=si d= 118 mm rumbo=-6000 cdeg  linea=0x0
[gelatina] t=14624 ms  ATTACK       rival=si d= 118 mm rumbo=-6000 cdeg  linea=0x0
WARNING: Contact joints between materials 'rueda' and 'dohyo' will only be created for the 10 deepest contact points instead of all the 12 contact points.
[gelatina] t=14848 ms  SEARCH       rival=no d=9999 mm rumbo=+6000 cdeg  linea=0x0
[gelatina] t=14976 ms  TRACK        rival=si d= 131 mm rumbo=+3000 cdeg  linea=0x0
[gelatina] t=14984 ms  ATTACK       rival=si d= 131 mm rumbo=+3000 cdeg  linea=0x0
[gelatina] t=15184 ms  SEARCH       rival=no d=9999 mm rumbo=-6000 cdeg  linea=0x0
[gelatina] t=15240 ms  EDGE_ESCAPE  rival=no d=9999 mm rumbo=-6000 cdeg  linea=0x1
[gelatina] t=15448 ms  SEARCH       rival=si d= 192 mm rumbo=+4453 cdeg  linea=0x4
[gelatina] t=15456 ms  TRACK        rival=si d= 192 mm rumbo=+4453 cdeg  linea=0x4
[gelatina] t=15608 ms  SEARCH       rival=no d=9999 mm rumbo=+6000 cdeg  linea=0x8
[gelatina] t=15704 ms  TRACK        rival=si d= 436 mm rumbo=-4811 cdeg  linea=0x8
WARNING: Contact joints between materials 'patin' and 'dohyo' will only be created for the 10 deepest contact points instead of all the 14 contact points.
[arbitro] asalto  7/30  banco    auto-salida     -1  16.01 s
[inercia] asalto=7 robot=GELATINA rueda=0 rotor=2.75264398e-05
[inercia] asalto=7 robot=GELATINA rueda=1 rotor=1.34157057e-05
[inercia] asalto=7 robot=RIVAL rueda=0 rotor=2.22894117e-05
[inercia] asalto=7 robot=RIVAL rueda=1 rotor=1.36951441e-05
[planta] asalto=7 mu=0.754957771 slip=0.000744550467 aleatorio=1
WARNING: DEF GELATINA GelatinaNuclear > HingeJoint "rueda_izq" > Solid "rueda_izq": Webots has detected that this solid is light and oblong according to its inertia matrix. This belongs in the physics edge cases, and can imply weird physical results. Increasing the weight of the object or reducing its eccentricity are recommended.
WARNING: DEF RIVAL GelatinaNuclear > HingeJoint "rueda_izq" > Solid "rueda_izq": Webots has detected that this solid is light and oblong according to its inertia matrix. This belongs in the physics edge cases, and can imply weird physical results. Increasing the weight of the object or reducing its eccentricity are recommended.
WARNING: DEF RIVAL GelatinaNuclear > HingeJoint "rueda_der" > Solid "rueda_der": Webots has detected that this solid is light and oblong according to its inertia matrix. This belongs in the physics edge cases, and can imply weird physical results. Increasing the weight of the object or reducing its eccentricity are recommended.
[gelatina] fin de asalto motor={"battery_v":7.61026731,"resistance_ohm":[3.94129934,3.66657438],"bridge_ohm":[0.687080646,0.64376322],"omega_rad_s":[64.0106434,-3.96069449],"current_a":[-0.0623135566,0.597074081],"torque_nm":[-0.00942233305,0.0372602229],"applied_pwm":[0.600000024,0.303702474],"over_1_2a_samples":456,"over_3_2a_samples":0}
[gelatina] t=    0 ms  WAIT         rival=si d= 241 mm rumbo= +958 cdeg  linea=0x0
[rival] fin de asalto motor={"battery_v":7.8170812,"resistance_ohm":[3.61420321,3.76878104],"bridge_ohm":[0.551313353,0.622384787],"omega_rad_s":[-40.6757582,32.6871224],"current_a":[-0.177537874,0.382224849],"torque_nm":[-0.00469357827,0.00792042079],"applied_pwm":[-0.5,0.5],"over_1_2a_samples":44,"over_3_2a_samples":0}
[planta] gelatina ciclo=9 rueda=0 V=7.64408584 R=4.30190868 Rpuente=0.698976374 I0=0.0778045356 Ke=0.0751103081 Kt=0.0483794733
[planta] gelatina ciclo=9 rueda=1 V=7.64408584 R=3.641607 Rpuente=0.519949734 I0=0.143970314 Ke=0.0864147125 Kt=0.0483794733
[sensores] gelatina ToF alcance=1843.21398 minimo=45.8316362 sigma_rel=0.0469088268
[gelatina] pulsador recibido: permiso previsto 68432 ms
[planta] rival ciclo=9 rueda=0 V=7.5674217 R=3.81154442 Rpuente=0.606800556 I0=0.108524323 Ke=0.097516376 Kt=0.0483794733
[planta] rival ciclo=9 rueda=1 V=7.5674217 R=3.72231936 Rpuente=0.671466458 I0=0.124599597 Ke=0.075415294 Kt=0.0483794733
[sensores] rival ToF alcance=883.033025 minimo=33.8838542 sigma_rel=0.0670528698
[arranque] pulsador=63432 permiso=68432 ms
[gelatina] permiso de arranque a los 68432 ms
[gelatina] t=    0 ms  TRACK        rival=si d= 322 mm rumbo=   +0 cdeg  linea=0x0
WARNING: Contact joints between materials 'rueda' and 'dohyo' will only be created for the 10 deepest contact points instead of all the 17 contact points.
[gelatina] t=  392 ms  ATTACK       rival=si d= 113 mm rumbo=   +0 cdeg  linea=0x0
[gelatina] t=  632 ms  SEARCH       rival=no d=9999 mm rumbo=-4491 cdeg  linea=0x0
[gelatina] t=  920 ms  TRACK        rival=si d=  46 mm rumbo=+3000 cdeg  linea=0x0
[gelatina] t=  928 ms  ATTACK       rival=si d=  46 mm rumbo=+3000 cdeg  linea=0x0
[gelatina] t= 1088 ms  SEARCH       rival=no d=9999 mm rumbo=+6000 cdeg  linea=0x0
[gelatina] t= 1184 ms  TRACK        rival=si d= 121 mm rumbo=+6000 cdeg  linea=0x0
[gelatina] t= 1192 ms  ATTACK       rival=si d= 121 mm rumbo=+6000 cdeg  linea=0x0
[gelatina] t= 1424 ms  SEARCH       rival=no d=9999 mm rumbo=-4519 cdeg  linea=0x0
[gelatina] t= 1512 ms  TRACK        rival=si d=  76 mm rumbo=-6000 cdeg  linea=0x0
[gelatina] t= 1520 ms  ATTACK       rival=si d=  76 mm rumbo=-6000 cdeg  linea=0x0
WARNING: Contact joints between materials 'patin' and 'dohyo' will only be created for the 10 deepest contact points instead of all the 13 contact points.
[gelatina] t= 1784 ms  SEARCH       rival=no d=9999 mm rumbo=+6000 cdeg  linea=0x0
[gelatina] t= 1808 ms  TRACK        rival=si d=  71 mm rumbo=+6000 cdeg  linea=0x0
[gelatina] t= 1816 ms  ATTACK       rival=si d=  71 mm rumbo=+6000 cdeg  linea=0x0
[gelatina] t= 2048 ms  SEARCH       rival=no d=9999 mm rumbo=  +10 cdeg  linea=0x0
[gelatina] t= 2400 ms  TRACK        rival=si d=  62 mm rumbo=+6000 cdeg  linea=0x0
[gelatina] t= 2408 ms  ATTACK       rival=si d=  51 mm rumbo=+2976 cdeg  linea=0x0
[gelatina] t= 2576 ms  SEARCH       rival=no d=9999 mm rumbo=-3000 cdeg  linea=0x0
[gelatina] t= 2736 ms  TRACK        rival=si d=  76 mm rumbo=-6000 cdeg  linea=0x0
[gelatina] t= 2744 ms  ATTACK       rival=si d=  76 mm rumbo=-6000 cdeg  linea=0x0
[gelatina] t= 2936 ms  SEARCH       rival=no d=9999 mm rumbo=+4515 cdeg  linea=0x0
[gelatina] t= 3096 ms  TRACK        rival=si d=  81 mm rumbo=+6000 cdeg  linea=0x0
[gelatina] t= 3104 ms  ATTACK       rival=si d=  81 mm rumbo=+6000 cdeg  linea=0x0
[gelatina] t= 3304 ms  SEARCH       rival=no d=9999 mm rumbo=-4550 cdeg  linea=0x0
[gelatina] t= 3432 ms  TRACK        rival=si d= 109 mm rumbo=-3000 cdeg  linea=0x0
[gelatina] t= 3440 ms  ATTACK       rival=si d= 109 mm rumbo=-3000 cdeg  linea=0x0
WARNING: Contact joints between materials 'patin' and 'dohyo' will only be created for the 10 deepest contact points instead of all the 15 contact points.
[gelatina] t= 3632 ms  SEARCH       rival=no d=9999 mm rumbo=+6000 cdeg  linea=0x0
[gelatina] t= 3792 ms  TRACK        rival=si d= 140 mm rumbo=+4473 cdeg  linea=0x0
[gelatina] t= 3856 ms  ATTACK       rival=si d= 115 mm rumbo=-6000 cdeg  linea=0x0
[gelatina] t= 3992 ms  SEARCH       rival=no d=9999 mm rumbo=-6000 cdeg  linea=0x0
[gelatina] t= 4088 ms  TRACK        rival=si d= 139 mm rumbo=-6000 cdeg  linea=0x0
[gelatina] t= 4288 ms  SEARCH       rival=no d=9999 mm rumbo=+4446 cdeg  linea=0x0
[gelatina] t= 4320 ms  TRACK        rival=si d= 134 mm rumbo=+6000 cdeg  linea=0x0
[gelatina] t= 4352 ms  ATTACK       rival=si d= 129 mm rumbo=+1536 cdeg  linea=0x0
[gelatina] t= 4552 ms  SEARCH       rival=no d=9999 mm rumbo=-6000 cdeg  linea=0x0
WARNING: Contact joints between materials 'patin' and 'dohyo' will only be created for the 10 deepest contact points instead of all the 15 contact points.
[gelatina] t= 4648 ms  TRACK        rival=si d= 100 mm rumbo=-4528 cdeg  linea=0x0
[gelatina] t= 4656 ms  ATTACK       rival=si d= 100 mm rumbo=-4528 cdeg  linea=0x0
[gelatina] t= 4848 ms  SEARCH       rival=no d=9999 mm rumbo=+4481 cdeg  linea=0x0
[gelatina] t= 4976 ms  TRACK        rival=si d= 147 mm rumbo=+6000 cdeg  linea=0x0
[gelatina] t= 5048 ms  ATTACK       rival=si d= 120 mm rumbo=-3000 cdeg  linea=0x0
[gelatina] t= 5216 ms  SEARCH       rival=no d=9999 mm rumbo=-6000 cdeg  linea=0x0
[gelatina] t= 5280 ms  TRACK        rival=si d= 117 mm rumbo=-4534 cdeg  linea=0x0
[gelatina] t= 5288 ms  ATTACK       rival=si d= 117 mm rumbo=-4534 cdeg  linea=0x0
[gelatina] t= 5512 ms  SEARCH       rival=no d=9999 mm rumbo=+6000 cdeg  linea=0x0
[gelatina] t= 5640 ms  TRACK        rival=si d= 119 mm rumbo=+6000 cdeg  linea=0x0
[gelatina] t= 5648 ms  ATTACK       rival=si d= 119 mm rumbo=+6000 cdeg  linea=0x0
WARNING: Contact joints between materials 'patin' and 'dohyo' will only be created for the 10 deepest contact points instead of all the 40 contact points.
[gelatina] t= 5872 ms  SEARCH       rival=no d=9999 mm rumbo=-6000 cdeg  linea=0x0
[gelatina] t= 5936 ms  TRACK        rival=si d= 100 mm rumbo=-6000 cdeg  linea=0x0
[gelatina] t= 5944 ms  ATTACK       rival=si d= 100 mm rumbo=-6000 cdeg  linea=0x0
[gelatina] t= 6168 ms  SEARCH       rival=no d=9999 mm rumbo=+6000 cdeg  linea=0x0
[gelatina] t= 6328 ms  TRACK        rival=si d= 114 mm rumbo=+4519 cdeg  linea=0x0
[gelatina] t= 6336 ms  ATTACK       rival=si d= 114 mm rumbo=+4519 cdeg  linea=0x0
[gelatina] t= 6504 ms  SEARCH       rival=no d=9999 mm rumbo=-1521 cdeg  linea=0x0
[gelatina] t= 6696 ms  TRACK        rival=si d= 169 mm rumbo=-6000 cdeg  linea=0x0
WARNING: Contact joints between materials 'patin' and 'dohyo' will only be created for the 10 deepest contact points instead of all the 24 contact points.
[gelatina] t= 7160 ms  ATTACK       rival=si d= 115 mm rumbo=-1509 cdeg  linea=0x0
[gelatina] t= 7360 ms  SEARCH       rival=no d=9999 mm rumbo=+4543 cdeg  linea=0x0
[gelatina] t= 7456 ms  TRACK        rival=si d= 103 mm rumbo=+4509 cdeg  linea=0x0
[gelatina] t= 7464 ms  ATTACK       rival=si d= 103 mm rumbo=+4509 cdeg  linea=0x0
[gelatina] t= 7688 ms  SEARCH       rival=no d=9999 mm rumbo=-6000 cdeg  linea=0x0
[gelatina] t= 7784 ms  TRACK        rival=si d=  98 mm rumbo=-4542 cdeg  linea=0x0
[gelatina] t= 7792 ms  ATTACK       rival=si d=  98 mm rumbo=-4542 cdeg  linea=0x0
WARNING: Contact joints between materials 'patin' and 'dohyo' will only be created for the 10 deepest contact points instead of all the 13 contact points.
[gelatina] t= 8016 ms  SEARCH       rival=no d=9999 mm rumbo=+6000 cdeg  linea=0x0
[gelatina] t= 8144 ms  TRACK        rival=si d= 165 mm rumbo=+6000 cdeg  linea=0x0
[gelatina] t= 8176 ms  ATTACK       rival=si d= 112 mm rumbo=+3000 cdeg  linea=0x0
[gelatina] t= 8384 ms  SEARCH       rival=no d=9999 mm rumbo=-6000 cdeg  linea=0x0
[gelatina] t= 8448 ms  TRACK        rival=si d= 133 mm rumbo=-6000 cdeg  linea=0x0
[gelatina] t= 8480 ms  ATTACK       rival=si d= 111 mm rumbo=-4446 cdeg  linea=0x0
[gelatina] t= 8712 ms  SEARCH       rival=no d=9999 mm rumbo=+6000 cdeg  linea=0x0
[gelatina] t= 8776 ms  TRACK        rival=si d= 101 mm rumbo=+6000 cdeg  linea=0x0
[gelatina] t= 8784 ms  ATTACK       rival=si d= 101 mm rumbo=+6000 cdeg  linea=0x0
[gelatina] t= 9008 ms  SEARCH       rival=no d=9999 mm rumbo=-6000 cdeg  linea=0x0
[gelatina] t= 9104 ms  TRACK        rival=si d=  71 mm rumbo=-4538 cdeg  linea=0x0
[gelatina] t= 9112 ms  ATTACK       rival=si d=  71 mm rumbo=-4538 cdeg  linea=0x0
[gelatina] t= 9304 ms  SEARCH       rival=no d=9999 mm rumbo=+4492 cdeg  linea=0x0
[gelatina] t= 9432 ms  TRACK        rival=si d= 120 mm rumbo=+6000 cdeg  linea=0x0
[gelatina] t= 9440 ms  ATTACK       rival=si d= 120 mm rumbo=+6000 cdeg  linea=0x0
[gelatina] t= 9672 ms  SEARCH       rival=no d=9999 mm rumbo=-6000 cdeg  linea=0x0
WARNING: Contact joints between materials 'patin' and 'dohyo' will only be created for the 10 deepest contact points instead of all the 35 contact points.
[gelatina] t= 9768 ms  TRACK        rival=si d= 110 mm rumbo=-6000 cdeg  linea=0x0
[gelatina] t= 9776 ms  ATTACK       rival=si d= 110 mm rumbo=-6000 cdeg  linea=0x0
[gelatina] t=10000 ms  SEARCH       rival=no d=9999 mm rumbo=+4555 cdeg  linea=0x0
[gelatina] t=10128 ms  TRACK        rival=si d= 127 mm rumbo=+6000 cdeg  linea=0x0
[gelatina] t=10136 ms  ATTACK       rival=si d= 127 mm rumbo=+6000 cdeg  linea=0x0
[gelatina] t=10360 ms  SEARCH       rival=no d=9999 mm rumbo=-6000 cdeg  linea=0x0
[gelatina] t=10424 ms  TRACK        rival=si d= 150 mm rumbo=-6000 cdeg  linea=0x0
[gelatina] t=10488 ms  ATTACK       rival=si d= 112 mm rumbo=   +0 cdeg  linea=0x0
[gelatina] t=10656 ms  SEARCH       rival=no d=9999 mm rumbo=+4521 cdeg  linea=0x0
WARNING: Contact joints between materials 'patin' and 'dohyo' will only be created for the 10 deepest contact points instead of all the 15 contact points.
[gelatina] t=10816 ms  TRACK        rival=si d= 140 mm rumbo=+4500 cdeg  linea=0x0
[gelatina] t=10856 ms  ATTACK       rival=si d= 117 mm rumbo=-1584 cdeg  linea=0x0
[gelatina] t=11024 ms  SEARCH       rival=no d=9999 mm rumbo=-6000 cdeg  linea=0x0
[gelatina] t=11120 ms  TRACK        rival=si d= 151 mm rumbo=-6000 cdeg  linea=0x0
[gelatina] t=11152 ms  ATTACK       rival=si d= 131 mm rumbo=-3000 cdeg  linea=0x0
[gelatina] t=11352 ms  SEARCH       rival=no d=9999 mm rumbo=+6000 cdeg  linea=0x0
[gelatina] t=11512 ms  TRACK        rival=si d= 164 mm rumbo=+4466 cdeg  linea=0x0
WARNING: Contact joints between materials 'patin' and 'dohyo' will only be created for the 10 deepest contact points instead of all the 19 contact points.
[gelatina] t=11840 ms  ATTACK       rival=si d= 122 mm rumbo=+6000 cdeg  linea=0x0
[gelatina] t=12440 ms  SEARCH       rival=no d=9999 mm rumbo=-3000 cdeg  linea=0x0
[gelatina] t=12568 ms  TRACK        rival=si d=  80 mm rumbo=+3000 cdeg  linea=0x0
[gelatina] t=12576 ms  ATTACK       rival=si d=  80 mm rumbo=+3000 cdeg  linea=0x0
WARNING: Contact joints between materials 'patin' and 'dohyo' will only be created for the 10 deepest contact points instead of all the 12 contact points.
[arbitro] asalto  8/30  banco    rival fuera     +1  13.06 s
[inercia] asalto=8 robot=GELATINA rueda=0 rotor=1.79272499e-05
[inercia] asalto=8 robot=GELATINA rueda=1 rotor=9.51810461e-06
[inercia] asalto=8 robot=RIVAL rueda=0 rotor=3.46787792e-05
[inercia] asalto=8 robot=RIVAL rueda=1 rotor=1.52327709e-05
[planta] asalto=8 mu=1.19211463 slip=0.00174366271 aleatorio=1
[gelatina] fin de asalto motor={"battery_v":7.64408584,"resistance_ohm":[4.30190868,3.641607],"bridge_ohm":[0.698976374,0.519949734],"omega_rad_s":[54.7999113,16.7815533],"current_a":[0.705484643,-0.0545755318],"torque_nm":[0.030366833,-0.00960554343],"applied_pwm":[1,0.160000026],"over_1_2a_samples":588,"over_3_2a_samples":0}
[gelatina] t=    0 ms  WAIT         rival=si d= 305 mm rumbo=-6000 cdeg  linea=0x0
[rival] fin de asalto motor={"battery_v":7.5674217,"resistance_ohm":[3.81154442,3.72231936],"bridge_ohm":[0.606800556,0.671466458],"omega_rad_s":[-40.7835038,-44.8499608],"current_a":[-0.127512345,-0.263572256],"torque_nm":[-0.000918630516,-0.00672342406],"applied_pwm":[-0.6,-0.6],"over_1_2a_samples":51,"over_3_2a_samples":0}
[planta] gelatina ciclo=10 rueda=0 V=7.68007473 R=4.15277009 Rpuente=0.658638716 I0=0.195373553 Ke=0.074630988 Kt=0.0483794733
[planta] gelatina ciclo=10 rueda=1 V=7.68007473 R=3.60931435 Rpuente=0.540965879 I0=0.214414859 Ke=0.0707102202 Kt=0.0483794733
[sensores] gelatina ToF alcance=1673.6261 minimo=46.0332131 sigma_rel=0.0772894335
[gelatina] pulsador recibido: permiso previsto 86800 ms
[planta] rival ciclo=10 rueda=0 V=7.05552305 R=3.81149516 Rpuente=0.69326303 I0=0.0777789295 Ke=0.0794629481 Kt=0.0483794733
[planta] rival ciclo=10 rueda=1 V=7.05552305 R=4.06926346 Rpuente=0.545976555 I0=0.21167028 Ke=0.0728582793 Kt=0.0483794733
[sensores] rival ToF alcance=1193.1313 minimo=34.9402601 sigma_rel=0.0501820707
[arranque] pulsador=81800 permiso=86800 ms
[gelatina] permiso de arranque a los 86800 ms
[gelatina] t=    0 ms  TRACK        rival=si d= 268 mm rumbo=   +0 cdeg  linea=0x0
[gelatina] t=  360 ms  ATTACK       rival=si d= 122 mm rumbo=   +0 cdeg  linea=0x0
WARNING: Contact joints between materials 'rueda' and 'dohyo' will only be created for the 10 deepest contact points instead of all the 11 contact points.
[gelatina] t=  592 ms  SEARCH       rival=no d=9999 mm rumbo=-1490 cdeg  linea=0x0
[gelatina] t=  688 ms  TRACK        rival=si d=  57 mm rumbo=   +0 cdeg  linea=0x0
[gelatina] t=  696 ms  ATTACK       rival=si d=  57 mm rumbo=   +0 cdeg  linea=0x0
[gelatina] t=  824 ms  SEARCH       rival=no d=9999 mm rumbo=   +0 cdeg  linea=0x0
[arbitro] asalto  9/30  banco    rival fuera     +1   0.82 s
[inercia] asalto=9 robot=GELATINA rueda=0 rotor=1.93642069e-05
[inercia] asalto=9 robot=GELATINA rueda=1 rotor=1.02621617e-05
[inercia] asalto=9 robot=RIVAL rueda=0 rotor=1.83291403e-05
[inercia] asalto=9 robot=RIVAL rueda=1 rotor=1.2540775e-05
[planta] asalto=9 mu=1.43153319 slip=5.18010855e-05 aleatorio=1
WARNING: DEF RIVAL GelatinaNuclear > HingeJoint "rueda_izq" > Solid "rueda_izq": Webots has detected that this solid is light and oblong according to its inertia matrix. This belongs in the physics edge cases, and can imply weird physical results. Increasing the weight of the object or reducing its eccentricity are recommended.
[gelatina] fin de asalto motor={"battery_v":7.68007473,"resistance_ohm":[4.15277009,3.60931435],"bridge_ohm":[0.658638716,0.540965879],"omega_rad_s":[51.2850617,58.3162618],"current_a":[0.800725954,0.85693467],"torque_nm":[0.0292866303,0.0310847701],"applied_pwm":[1,1],"over_1_2a_samples":598,"over_3_2a_samples":0}
[gelatina] t=    0 ms  WAIT         rival=no d=9999 mm rumbo=   +0 cdeg  linea=0x0
[rival] fin de asalto motor={"battery_v":7.05552305,"resistance_ohm":[3.81149516,4.06926346],"bridge_ohm":[0.69326303,0.545976555],"omega_rad_s":[-52.5364656,24.3229486],"current_a":[0.143612794,0.380399143],"torque_nm":[0.010710815,0.00816301354],"applied_pwm":[-0.5,0.5],"over_1_2a_samples":53,"over_3_2a_samples":0}
[planta] gelatina ciclo=11 rueda=0 V=7.71389326 R=3.71337938 Rpuente=0.670534432 I0=0.140732753 Ke=0.0753222627 Kt=0.0483794733
[planta] gelatina ciclo=11 rueda=1 V=7.71389326 R=4.38434691 Rpuente=0.617152393 I0=0.185167623 Ke=0.0921916795 Kt=0.0483794733
[sensores] gelatina ToF alcance=1624.35977 minimo=22.0166779 sigma_rel=0.114605503
[gelatina] pulsador recibido: permiso previsto 92936 ms
[planta] rival ciclo=11 rueda=0 V=8.34476242 R=4.18496747 Rpuente=0.605813777 I0=0.177209732 Ke=0.0724899875 Kt=0.0483794733
[planta] rival ciclo=11 rueda=1 V=8.34476242 R=4.35398736 Rpuente=0.664154279 I0=0.198033249 Ke=0.0690945462 Kt=0.0483794733
[arranque] pulsador=87936 permiso=92936 ms
[sensores] rival ToF alcance=931.619328 minimo=35.9328008 sigma_rel=0.076755271
[gelatina] permiso de arranque a los 92936 ms
[gelatina] t=    0 ms  TRACK        rival=si d= 303 mm rumbo=   +0 cdeg  linea=0x0
WARNING: Contact joints between materials 'patin' and 'dohyo' will only be created for the 10 deepest contact points instead of all the 11 contact points.
[gelatina] t=  296 ms  ATTACK       rival=si d= 120 mm rumbo=   +0 cdeg  linea=0x0
[gelatina] t=  728 ms  SEARCH       rival=no d=9999 mm rumbo=-3000 cdeg  linea=0x0
[gelatina] t=  784 ms  TRACK        rival=si d=  32 mm rumbo=+3000 cdeg  linea=0x0
[gelatina] t=  792 ms  ATTACK       rival=si d=  32 mm rumbo=+3000 cdeg  linea=0x0
[gelatina] t=  960 ms  SEARCH       rival=no d=9999 mm rumbo=+6000 cdeg  linea=0x0
[gelatina] t= 1048 ms  TRACK        rival=si d= 120 mm rumbo=+6000 cdeg  linea=0x0
[gelatina] t= 1056 ms  ATTACK       rival=si d= 120 mm rumbo=+6000 cdeg  linea=0x0
[arbitro] asalto 10/30  banco    rival fuera     +1   1.09 s
[inercia] asalto=10 robot=GELATINA rueda=0 rotor=1.29774204e-05
[inercia] asalto=10 robot=GELATINA rueda=1 rotor=2.5496477e-05
[inercia] asalto=10 robot=RIVAL rueda=0 rotor=3.04455067e-05
[inercia] asalto=10 robot=RIVAL rueda=1 rotor=3.42000178e-05
[planta] asalto=10 mu=1.40963463 slip=0.000815753222 aleatorio=1
[gelatina] fin de asalto motor={"battery_v":7.71389326,"resistance_ohm":[3.71337938,4.38434691],"bridge_ohm":[0.670534432,0.617152393],"omega_rad_s":[-34.3919794,63.2808971],"current_a":[0.590906166,0.375871506],"torque_nm":[0.0353963056,0.00922615343],"applied_pwm":[0,1],"over_1_2a_samples":615,"over_3_2a_samples":0}
[gelatina] t=    0 ms  WAIT         rival=si d= 134 mm rumbo=   +0 cdeg  linea=0x2
[rival] fin de asalto motor={"battery_v":8.34476242,"resistance_ohm":[4.18496747,4.35398736],"bridge_ohm":[0.605813777,0.664154279],"omega_rad_s":[-56.0083362,-56.0251491],"current_a":[-0.197632456,-0.226343791],"torque_nm":[-0.00098804064,-0.00136964909],"applied_pwm":[-0.6,-0.6],"over_1_2a_samples":58,"over_3_2a_samples":0}
[planta] gelatina ciclo=12 rueda=0 V=7.74988215 R=4.36424079 Rpuente=0.630196774 I0=0.108301771 Ke=0.0827230054 Kt=0.0483794733
[planta] gelatina ciclo=12 rueda=1 V=7.74988215 R=4.35205426 Rpuente=0.638168538 I0=0.105612168 Ke=0.0829160018 Kt=0.0483794733
[sensores] gelatina ToF alcance=1454.77189 minimo=22.2182548 sigma_rel=0.064986105
[gelatina] pulsador recibido: permiso previsto 99336 ms
[planta] rival ciclo=12 rueda=0 V=7.47017006 R=3.82745032 Rpuente=0.542386186 I0=0.168449083 Ke=0.0899085413 Kt=0.0483794733
[planta] rival ciclo=12 rueda=1 V=7.47017006 R=3.74680791 Rpuente=0.525278199 I0=0.106690541 Ke=0.0706816333 Kt=0.0483794733
[sensores] rival ToF alcance=1421.78903 minimo=43.077755 sigma_rel=0.0661555958
[arranque] pulsador=94336 permiso=99336 ms
[gelatina] permiso de arranque a los 99336 ms
[gelatina] t=    0 ms  TRACK        rival=si d= 311 mm rumbo=   +0 cdeg  linea=0x0
WARNING: Contact joints between materials 'rueda' and 'dohyo' will only be created for the 10 deepest contact points instead of all the 11 contact points.
[gelatina] t=  424 ms  ATTACK       rival=si d= 103 mm rumbo=   +0 cdeg  linea=0x0
[gelatina] t=  824 ms  SEARCH       rival=no d=9999 mm rumbo=+3000 cdeg  linea=0x0
[gelatina] t=  920 ms  TRACK        rival=si d=  26 mm rumbo=+6000 cdeg  linea=0x2
[gelatina] t=  928 ms  ATTACK       rival=si d=  26 mm rumbo=+6000 cdeg  linea=0x2
WARNING: Contact joints between materials 'patin' and 'dohyo' will only be created for the 10 deepest contact points instead of all the 14 contact points.
[gelatina] t= 1520 ms  SEARCH       rival=no d=9999 mm rumbo=   +0 cdeg  linea=0x0
[gelatina] t= 1616 ms  TRACK        rival=si d=  27 mm rumbo=+3000 cdeg  linea=0x0
[gelatina] t= 1624 ms  ATTACK       rival=si d=  27 mm rumbo=+3000 cdeg  linea=0x0
[gelatina] t= 2344 ms  SEARCH       rival=no d=9999 mm rumbo=-3000 cdeg  linea=0x0
[gelatina] t= 2368 ms  TRACK        rival=si d=  38 mm rumbo=   +0 cdeg  linea=0x0
[gelatina] t= 2376 ms  ATTACK       rival=si d=  38 mm rumbo=   +0 cdeg  linea=0x0
WARNING: Contact joints between materials 'patin' and 'dohyo' will only be created for the 10 deepest contact points instead of all the 13 contact points.
[gelatina] t= 2608 ms  SEARCH       rival=no d=9999 mm rumbo=+3000 cdeg  linea=0x8
[gelatina] t= 2632 ms  TRACK        rival=si d= 601 mm rumbo=   +0 cdeg  linea=0x0
[gelatina] t= 2672 ms  ATTACK       rival=si d=  29 mm rumbo= -634 cdeg  linea=0x0
[arbitro] asalto 11/30  banco    expulsado       -1   2.70 s
[inercia] asalto=11 robot=GELATINA rueda=0 rotor=3.59326755e-05
[inercia] asalto=11 robot=GELATINA rueda=1 rotor=3.07028105e-05
[inercia] asalto=11 robot=RIVAL rueda=0 rotor=2.12941518e-05
[inercia] asalto=11 robot=RIVAL rueda=1 rotor=1.95678381e-05
[planta] asalto=11 mu=0.611160374 slip=6.14310503e-05 aleatorio=1
WARNING: DEF RIVAL GelatinaNuclear > HingeJoint "rueda_der" > Solid "rueda_der": Webots has detected that this solid is light and oblong according to its inertia matrix. This belongs in the physics edge cases, and can imply weird physical results. Increasing the weight of the object or reducing its eccentricity are recommended.
[gelatina] fin de asalto motor={"battery_v":7.74988215,"resistance_ohm":[4.36424079,4.35205426],"bridge_ohm":[0.630196774,0.638168538],"omega_rad_s":[77.1026153,26.8227207],"current_a":[0.274649962,0.796732574],"torque_nm":[0.00804783787,0.0334360413],"applied_pwm":[1,0.800000012],"over_1_2a_samples":646,"over_3_2a_samples":0}
[gelatina] t=    0 ms  WAIT         rival=si d=  43 mm rumbo= -629 cdeg  linea=0x4
[rival] fin de asalto motor={"battery_v":7.47017006,"resistance_ohm":[3.82745032,3.74680791],"bridge_ohm":[0.542386186,0.525278199],"omega_rad_s":[-21.1825724,-17.3078382],"current_a":[-0.589863681,-0.762801985],"torque_nm":[-0.0203878163,-0.0317423261],"applied_pwm":[-0.6,-0.6],"over_1_2a_samples":72,"over_3_2a_samples":0}
[planta] gelatina ciclo=13 rueda=0 V=7.78370068 R=3.92485013 Rpuente=0.642092502 I0=0.203660962 Ke=0.0742814305 Kt=0.0483794733
[planta] gelatina ciclo=13 rueda=1 V=7.78370068 R=4.32708683 Rpuente=0.514355052 I0=0.0763649404 Ke=0.0741961264 Kt=0.0483794733
[sensores] gelatina ToF alcance=1405.5055 minimo=28.2017177 sigma_rel=0.102302175
[gelatina] pulsador recibido: permiso previsto 107344 ms
[planta] rival ciclo=13 rueda=0 V=7.35940934 R=4.20092268 Rpuente=0.654936934 I0=0.117879885 Ke=0.0912495989 Kt=0.0483794733
[planta] rival ciclo=13 rueda=1 V=7.35940934 R=4.03153186 Rpuente=0.643455923 I0=0.0930535108 Ke=0.100742583 Kt=0.0483794733
[sensores] rival ToF alcance=1160.27706 minimo=44.0702975 sigma_rel=0.092728796
[arranque] pulsador=102344 permiso=107344 ms
[gelatina] permiso de arranque a los 107344 ms
[gelatina] t=    0 ms  TRACK        rival=si d= 321 mm rumbo=   +0 cdeg  linea=0x0
[gelatina] t=  360 ms  ATTACK       rival=si d=  91 mm rumbo=+1473 cdeg  linea=0x0
WARNING: Contact joints between materials 'rueda' and 'dohyo' will only be created for the 10 deepest contact points instead of all the 12 contact points.
[gelatina] t= 1223 ms  SEARCH       rival=no d=9999 mm rumbo=-3000 cdeg  linea=0x0
[gelatina] t= 1351 ms  TRACK        rival=si d=  86 mm rumbo=   +0 cdeg  linea=0x0
[gelatina] t= 1360 ms  ATTACK       rival=si d=  86 mm rumbo=   +0 cdeg  linea=0x0
[arbitro] asalto 12/30  banco    rival fuera     +1   1.39 s
[inercia] asalto=12 robot=GELATINA rueda=0 rotor=2.88082981e-05
[inercia] asalto=12 robot=GELATINA rueda=1 rotor=2.21846125e-05
[inercia] asalto=12 robot=RIVAL rueda=0 rotor=2.02228593e-05
[inercia] asalto=12 robot=RIVAL rueda=1 rotor=1.29426815e-05
[planta] asalto=12 mu=1.27170733 slip=0.00193049967 aleatorio=1
WARNING: DEF GELATINA GelatinaNuclear > HingeJoint "rueda_izq" > Solid "rueda_izq": Webots has detected that this solid is light and oblong according to its inertia matrix. This belongs in the physics edge cases, and can imply weird physical results. Increasing the weight of the object or reducing its eccentricity are recommended.
WARNING: DEF GELATINA GelatinaNuclear > HingeJoint "rueda_der" > Solid "rueda_der": Webots has detected that this solid is light and oblong according to its inertia matrix. This belongs in the physics edge cases, and can imply weird physical results. Increasing the weight of the object or reducing its eccentricity are recommended.
[gelatina] fin de asalto motor={"battery_v":7.78370068,"resistance_ohm":[3.92485013,4.32708683],"bridge_ohm":[0.642092502,0.514355052],"omega_rad_s":[50.4145382,-33.3300005],"current_a":[0.202620584,0.510789346],"torque_nm":[-5.03329426e-05,0.0284062151],"applied_pwm":[0.600000024,0],"over_1_2a_samples":666,"over_3_2a_samples":0}
[gelatina] t=    0 ms  WAIT         rival=si d=  36 mm rumbo=+6000 cdeg  linea=0x0
[rival] fin de asalto motor={"battery_v":7.35940934,"resistance_ohm":[4.20092268,4.03153186],"bridge_ohm":[0.654936934,0.643455923],"omega_rad_s":[-12.3782589,-29.4306466],"current_a":[-0.525178592,1.42131367],"torque_nm":[-0.0197048969,0.0732642866],"applied_pwm":[-0.5,0.5],"over_1_2a_samples":75,"over_3_2a_samples":0}
[planta] gelatina ciclo=14 rueda=0 V=7.81968949 R=3.77571149 Rpuente=0.601754832 I0=0.171229979 Ke=0.0835035964 Kt=0.0483794733
[planta] gelatina ciclo=14 rueda=1 V=7.81968949 R=4.29479418 Rpuente=0.535371196 I0=0.146809486 Ke=0.0898969561 Kt=0.0483794733
[sensores] gelatina ToF alcance=1235.91762 minimo=28.4032965 sigma_rel=0.0526827812
[gelatina] pulsador recibido: permiso previsto 114048 ms
[planta] rival ciclo=14 rueda=0 V=7.06243634 R=4.2253078 Rpuente=0.678492641 I0=0.166264021 Ke=0.0672468628 Kt=0.0483794733
[planta] rival ciclo=14 rueda=1 V=7.06243634 R=3.72538314 Rpuente=0.599042988 I0=0.217331082 Ke=0.0752747108 Kt=0.0483794733
[sensores] rival ToF alcance=1359.72791 minimo=31.8657815 sigma_rel=0.0640428019
[arranque] pulsador=109048 permiso=114048 ms
[gelatina] permiso de arranque a los 114048 ms
[gelatina] t=    0 ms  TRACK        rival=si d= 245 mm rumbo=   +0 cdeg  linea=0x0
WARNING: Contact joints between materials 'patin' and 'dohyo' will only be created for the 10 deepest contact points instead of all the 33 contact points.
[gelatina] t=  360 ms  ATTACK       rival=si d= 122 mm rumbo=-1462 cdeg  linea=0x0
[gelatina] t=  824 ms  SEARCH       rival=no d=9999 mm rumbo=   +0 cdeg  linea=0x0
[gelatina] t=  856 ms  TRACK        rival=si d=  45 mm rumbo=+6000 cdeg  linea=0x3
[gelatina] t=  864 ms  ATTACK       rival=si d=  45 mm rumbo=+6000 cdeg  linea=0x2
[arbitro] asalto 13/30  banco    rival fuera     +1   0.86 s
[inercia] asalto=13 robot=GELATINA rueda=0 rotor=2.61794023e-05
[inercia] asalto=13 robot=GELATINA rueda=1 rotor=2.46104581e-05
[inercia] asalto=13 robot=RIVAL rueda=0 rotor=2.3552737e-05
[inercia] asalto=13 robot=RIVAL rueda=1 rotor=1.04106477e-05
[planta] asalto=13 mu=1.50209305 slip=0.0014939425 aleatorio=1
[gelatina] fin de asalto motor={"battery_v":7.81968949,"resistance_ohm":[3.77571149,4.29479418],"bridge_ohm":[0.601754832,0.535371196],"omega_rad_s":[50.9639341,63.0003309],"current_a":[-0.257636638,0.446392896],"torque_nm":[-0.0207483411,0.0144936876],"applied_pwm":[0.400000036,1],"over_1_2a_samples":667,"over_3_2a_samples":0}
[gelatina] t=    0 ms  WAIT         rival=si d=  45 mm rumbo=+6000 cdeg  linea=0x0
[rival] fin de asalto motor={"battery_v":7.06243634,"resistance_ohm":[4.2253078,3.72538314],"bridge_ohm":[0.678492641,0.599042988],"omega_rad_s":[-35.469809,36.8497378],"current_a":[-0.233693195,0.175136491],"torque_nm":[-0.00326218793,-0.00204135206],"applied_pwm":[-0.5,0.5],"over_1_2a_samples":80,"over_3_2a_samples":0}
[planta] gelatina ciclo=15 rueda=0 V=7.8535081 R=4.13632083 Rpuente=0.61365056 I0=0.11658918 Ke=0.0819797387 Kt=0.0483794733
[planta] gelatina ciclo=15 rueda=1 V=7.8535081 R=4.26982679 Rpuente=0.61155771 I0=0.117562258 Ke=0.0793098335 Kt=0.0483794733
[sensores] gelatina ToF alcance=1186.6513 minimo=34.3867594 sigma_rel=0.0899988461
[gelatina] pulsador recibido: permiso previsto 120224 ms
[planta] rival ciclo=15 rueda=0 V=7.79608055 R=3.89425573 Rpuente=0.562789214 I0=0.12998102 Ke=0.0820266753 Kt=0.0483794733
[planta] rival ciclo=15 rueda=1 V=7.79608055 R=4.28536472 Rpuente=0.640836501 I0=0.182599112 Ke=0.0697131144 Kt=0.0483794733
[arranque] pulsador=115224 permiso=120224 ms
[sensores] rival ToF alcance=700.536126 minimo=43.0209565 sigma_rel=0.106094422
[gelatina] permiso de arranque a los 120224 ms
[gelatina] t=    0 ms  TRACK        rival=si d= 284 mm rumbo=   +0 cdeg  linea=0x0
WARNING: Contact joints between materials 'patin' and 'dohyo' will only be created for the 10 deepest contact points instead of all the 28 contact points.
[gelatina] t=  360 ms  ATTACK       rival=si d= 125 mm rumbo=+1454 cdeg  linea=0x0
[gelatina] t=  632 ms  SEARCH       rival=no d=9999 mm rumbo=-3000 cdeg  linea=0x0
[gelatina] t=  656 ms  TRACK        rival=si d=  48 mm rumbo=-3000 cdeg  linea=0x0
[gelatina] t=  664 ms  ATTACK       rival=si d=  48 mm rumbo=-3000 cdeg  linea=0x0
[gelatina] t=  792 ms  SEARCH       rival=no d=9999 mm rumbo=-3000 cdeg  linea=0x0
[arbitro] asalto 14/30  banco    rival fuera     +1   0.81 s
[inercia] asalto=14 robot=GELATINA rueda=0 rotor=3.45519821e-05
[inercia] asalto=14 robot=GELATINA rueda=1 rotor=1.80819447e-05
[inercia] asalto=14 robot=RIVAL rueda=0 rotor=2.99833326e-05
[inercia] asalto=14 robot=RIVAL rueda=1 rotor=1.6403885e-05
[planta] asalto=14 mu=1.02143929 slip=0.00112669098 aleatorio=1
[gelatina] fin de asalto motor={"battery_v":7.8535081,"resistance_ohm":[4.13632083,4.26982679],"bridge_ohm":[0.61365056,0.61155771],"omega_rad_s":[64.9505965,22.4660885],"current_a":[0.53239798,-0.298115919],"torque_nm":[0.0201166108,-0.0201102913],"applied_pwm":[1,0.0415818393],"over_1_2a_samples":668,"over_3_2a_samples":0}
[gelatina] t=    0 ms  WAIT         rival=si d= 247 mm rumbo=   +0 cdeg  linea=0x0
[rival] fin de asalto motor={"battery_v":7.79608055,"resistance_ohm":[3.89425573,4.28536472],"bridge_ohm":[0.562789214,0.640836501],"omega_rad_s":[-50.6368238,-5.79145273],"current_a":[-0.117584192,-0.867586997],"torque_nm":[0.000599752013,-0.0331395178],"applied_pwm":[-0.6,-0.6],"over_1_2a_samples":84,"over_3_2a_samples":0}
[planta] gelatina ciclo=16 rueda=0 V=7.88949691 R=3.98718219 Rpuente=0.573312902 I0=0.084158197 Ke=0.0922485782 Kt=0.0483794733
[planta] gelatina ciclo=16 rueda=1 V=7.88949691 R=4.23753414 Rpuente=0.632573855 I0=0.188006803 Ke=0.0651499959 Kt=0.0483794733
[sensores] gelatina ToF alcance=1017.06342 minimo=34.5883363 sigma_rel=0.0403794527
[gelatina] pulsador recibido: permiso previsto 126344 ms
[planta] rival ciclo=16 rueda=0 V=7.74781677 R=3.87866006 Rpuente=0.517816639 I0=0.143965557 Ke=0.0764131643 Kt=0.0483794733
[planta] rival ciclo=16 rueda=1 V=7.74781677 R=3.68229089 Rpuente=0.565757143 I0=0.131612831 Ke=0.0819868945 Kt=0.0483794733
[sensores] rival ToF alcance=1355.56148 minimo=42.1142519 sigma_rel=0.0523576927
[arranque] pulsador=121344 permiso=126344 ms
[gelatina] permiso de arranque a los 126344 ms
[gelatina] t=    0 ms  TRACK        rival=si d= 279 mm rumbo=   +0 cdeg  linea=0x0
[gelatina] t=  360 ms  ATTACK       rival=si d= 132 mm rumbo=   +0 cdeg  linea=0x0
WARNING: Contact joints between materials 'patin' and 'dohyo' will only be created for the 10 deepest contact points instead of all the 16 contact points.
[gelatina] t=  727 ms  SEARCH       rival=no d=9999 mm rumbo=+6000 cdeg  linea=0x0
[gelatina] t=  783 ms  TRACK        rival=si d=  36 mm rumbo=   +0 cdeg  linea=0x0
[gelatina] t=  791 ms  ATTACK       rival=si d=  36 mm rumbo=   +0 cdeg  linea=0x0
[gelatina] t=  991 ms  SEARCH       rival=no d=9999 mm rumbo=-6000 cdeg  linea=0x0
[gelatina] t= 1015 ms  TRACK        rival=si d=  56 mm rumbo=-6000 cdeg  linea=0x0
[gelatina] t= 1024 ms  ATTACK       rival=si d=  56 mm rumbo=-6000 cdeg  linea=0x0
[gelatina] t= 1319 ms  SEARCH       rival=no d=9999 mm rumbo=   +0 cdeg  linea=0x0
[gelatina] t= 1447 ms  TRACK        rival=si d=  71 mm rumbo=+6000 cdeg  linea=0x0
[gelatina] t= 1455 ms  ATTACK       rival=si d=  71 mm rumbo=+6000 cdeg  linea=0x0
WARNING: Contact joints between materials 'patin' and 'dohyo' will only be created for the 10 deepest contact points instead of all the 13 contact points.
[gelatina] t= 1688 ms  SEARCH       rival=no d=9999 mm rumbo=-3000 cdeg  linea=0x0
[arbitro] asalto 15/30  banco    rival fuera     +1   1.72 s
[inercia] asalto=15 robot=GELATINA rueda=0 rotor=2.06654978e-05
[inercia] asalto=15 robot=GELATINA rueda=1 rotor=2.06563488e-05
[inercia] asalto=15 robot=RIVAL rueda=0 rotor=1.85423936e-05
[inercia] asalto=15 robot=RIVAL rueda=1 rotor=9.56614619e-06
[planta] asalto=15 mu=1.51105968 slip=0.00188252878 aleatorio=1
WARNING: DEF GELATINA GelatinaNuclear > HingeJoint "rueda_izq" > Solid "rueda_izq": Webots has detected that this solid is light and oblong according to its inertia matrix. This belongs in the physics edge cases, and can imply weird physical results. Increasing the weight of the object or reducing its eccentricity are recommended.
[gelatina] fin de asalto motor={"battery_v":7.88949691,"resistance_ohm":[3.98718219,4.23753414],"bridge_ohm":[0.573312902,0.632573855],"omega_rad_s":[52.5886893,12.021966],"current_a":[0.666213872,-0.741455848],"torque_nm":[0.028159547,-0.0449669135],"applied_pwm":[1,-0.358418167],"over_1_2a_samples":713,"over_3_2a_samples":0}
[gelatina] t=    0 ms  WAIT         rival=no d=9999 mm rumbo=-3000 cdeg  linea=0x0
[rival] fin de asalto motor={"battery_v":7.74781677,"resistance_ohm":[3.87866006,3.68229089],"bridge_ohm":[0.517816639,0.565757143],"omega_rad_s":[-45.1515035,-45.9401295],"current_a":[-0.272609384,-0.207672206],"torque_nm":[-0.00622372058,-0.0036797125],"applied_pwm":[-0.6,-0.6],"over_1_2a_samples":96,"over_3_2a_samples":0}
[planta] gelatina ciclo=17 rueda=0 V=7.92331553 R=4.34779153 Rpuente=0.585208619 I0=0.179517388 Ke=0.0807976665 Kt=0.0483794733
[planta] gelatina ciclo=17 rueda=1 V=7.92331553 R=4.21256671 Rpuente=0.508760369 I0=0.158759567 Ke=0.085664474 Kt=0.0483794733
[sensores] gelatina ToF alcance=967.797095 minimo=40.5717993 sigma_rel=0.0776955175
[gelatina] pulsador recibido: permiso previsto 133376 ms
[planta] rival ciclo=17 rueda=0 V=7.29594277 R=3.91814804 Rpuente=0.694918168 I0=0.0852664769 Ke=0.0773898613 Kt=0.0483794733
[planta] rival ciclo=17 rueda=1 V=7.29594277 R=4.23928041 Rpuente=0.518798161 I0=0.120392793 Ke=0.0784267202 Kt=0.0483794733
[sensores] rival ToF alcance=1742.14522 minimo=20.0355053 sigma_rel=0.0591262054
[arranque] pulsador=128376 permiso=133376 ms
[gelatina] permiso de arranque a los 133376 ms
[gelatina] t=    0 ms  TRACK        rival=si d= 280 mm rumbo=   +0 cdeg  linea=0x0
WARNING: Contact joints between materials 'patin' and 'dohyo' will only be created for the 10 deepest contact points instead of all the 14 contact points.
[gelatina] t=  360 ms  ATTACK       rival=si d= 112 mm rumbo=   +0 cdeg  linea=0x0
[gelatina] t=  664 ms  SEARCH       rival=no d=9999 mm rumbo=-6000 cdeg  linea=0x0
[gelatina] t=  720 ms  TRACK        rival=si d=  46 mm rumbo=   +0 cdeg  linea=0x0
[gelatina] t=  728 ms  ATTACK       rival=si d=  46 mm rumbo=   +0 cdeg  linea=0x0
[gelatina] t=  856 ms  SEARCH       rival=no d=9999 mm rumbo=   +0 cdeg  linea=0x0
[gelatina] t= 1016 ms  TRACK        rival=si d=  64 mm rumbo=+6000 cdeg  linea=0x0
[gelatina] t= 1024 ms  ATTACK       rival=si d=  64 mm rumbo=+6000 cdeg  linea=0x0
[gelatina] t= 1256 ms  SEARCH       rival=no d=9999 mm rumbo=-6000 cdeg  linea=0x0
[gelatina] t= 1280 ms  TRACK        rival=si d=  73 mm rumbo=-6000 cdeg  linea=0x0
[gelatina] t= 1288 ms  ATTACK       rival=si d=  73 mm rumbo=-6000 cdeg  linea=0x0
WARNING: Contact joints between materials 'patin' and 'dohyo' will only be created for the 10 deepest contact points instead of all the 18 contact points.
[gelatina] t= 1520 ms  SEARCH       rival=no d=9999 mm rumbo=+3000 cdeg  linea=0x0
[gelatina] t= 1616 ms  TRACK        rival=si d=  60 mm rumbo=-3000 cdeg  linea=0x0
[gelatina] t= 1624 ms  ATTACK       rival=si d=  60 mm rumbo=-3000 cdeg  linea=0x0
[arbitro] asalto 16/30  banco    rival fuera     +1   1.74 s
[inercia] asalto=16 robot=GELATINA rueda=0 rotor=2.09316995e-05
[inercia] asalto=16 robot=GELATINA rueda=1 rotor=2.24916315e-05
[inercia] asalto=16 robot=RIVAL rueda=0 rotor=3.16966429e-05
[inercia] asalto=16 robot=RIVAL rueda=1 rotor=1.66253652e-05
[planta] asalto=16 mu=1.26236883 slip=0.00149793386 aleatorio=1
[gelatina] fin de asalto motor={"battery_v":7.92331553,"resistance_ohm":[4.34779153,4.21256671],"bridge_ohm":[0.585208619,0.508760369],"omega_rad_s":[27.4701884,9.51562618],"current_a":[1.15625142,0.0958585525],"torque_nm":[0.0472538778,-0.00304311788],"applied_pwm":[1,0.160000026],"over_1_2a_samples":752,"over_3_2a_samples":0}
[gelatina] t=    0 ms  WAIT         rival=no d=9999 mm rumbo=-6000 cdeg  linea=0x0
[rival] fin de asalto motor={"battery_v":7.29594277,"resistance_ohm":[3.91814804,4.23928041],"bridge_ohm":[0.694918168,0.518798161],"omega_rad_s":[-39.173469,-15.6131156],"current_a":[-0.291766099,-0.662679308],"torque_nm":[-0.00999034296,-0.026235536],"applied_pwm":[-0.6,-0.6],"over_1_2a_samples":100,"over_3_2a_samples":0}
[planta] gelatina ciclo=18 rueda=0 V=7.95930433 R=4.19865294 Rpuente=0.544870961 I0=0.147086406 Ke=0.0916978946 Kt=0.0483794733
[planta] gelatina ciclo=18 rueda=1 V=7.95930433 R=4.18027406 Rpuente=0.529776514 I0=0.0792041212 Ke=0.0778942518 Kt=0.0483794733
[sensores] gelatina ToF alcance=798.209214 minimo=40.773378 sigma_rel=0.108076124
[gelatina] pulsador recibido: permiso previsto 140432 ms
[planta] rival ciclo=18 rueda=0 V=7.81246369 R=3.69461522 Rpuente=0.516939795 I0=0.197135711 Ke=0.0663764302 Kt=0.0483794733
[planta] rival ciclo=18 rueda=1 V=7.81246369 R=3.95983534 Rpuente=0.695058787 I0=0.139133093 Ke=0.0787810917 Kt=0.0483794733
[sensores] rival ToF alcance=1259.21922 minimo=42.7517486 sigma_rel=0.0483312178
[arranque] pulsador=135432 permiso=140432 ms
[gelatina] permiso de arranque a los 140432 ms
[gelatina] t=    0 ms  OPENING      rival=no d=9999 mm rumbo=   +0 cdeg  linea=0x0
[gelatina] t=   31 ms  TRACK        rival=si d= 343 mm rumbo=   +0 cdeg  linea=0x0
WARNING: Contact joints between materials 'patin' and 'dohyo' will only be created for the 10 deepest contact points instead of all the 31 contact points.
[gelatina] t=  391 ms  ATTACK       rival=si d= 130 mm rumbo=+1446 cdeg  linea=0x0
[gelatina] t=  823 ms  SEARCH       rival=no d=9999 mm rumbo=-3000 cdeg  linea=0x0
[gelatina] t=  919 ms  TRACK        rival=si d=  48 mm rumbo=   +0 cdeg  linea=0x0
[gelatina] t=  927 ms  ATTACK       rival=si d=  48 mm rumbo=   +0 cdeg  linea=0x0
[arbitro] asalto 17/30  banco    rival fuera     +1   1.16 s
[inercia] asalto=17 robot=GELATINA rueda=0 rotor=2.68466882e-05
[inercia] asalto=17 robot=GELATINA rueda=1 rotor=1.11827908e-05
[inercia] asalto=17 robot=RIVAL rueda=0 rotor=1.69576362e-05
[inercia] asalto=17 robot=RIVAL rueda=1 rotor=1.48041093e-05
[planta] asalto=17 mu=0.6016011 slip=0.000702346206 aleatorio=1
WARNING: DEF RIVAL GelatinaNuclear > HingeJoint "rueda_izq" > Solid "rueda_izq": Webots has detected that this solid is light and oblong according to its inertia matrix. This belongs in the physics edge cases, and can imply weird physical results. Increasing the weight of the object or reducing its eccentricity are recommended.
[gelatina] fin de asalto motor={"battery_v":7.95930433,"resistance_ohm":[4.19865294,4.18027406],"bridge_ohm":[0.544870961,0.529776514],"omega_rad_s":[5.54619408,64.3789332],"current_a":[0.161254502,0.625164306],"torque_nm":[0.00068566173,0.0264132662],"applied_pwm":[0.160000026,1],"over_1_2a_samples":765,"over_3_2a_samples":0}
[gelatina] t=    0 ms  WAIT         rival=si d= 100 mm rumbo=+6000 cdeg  linea=0x0
[rival] fin de asalto motor={"battery_v":7.81246369,"resistance_ohm":[3.69461522,3.95983534],"bridge_ohm":[0.516939795,0.695058787],"omega_rad_s":[-55.0413992,26.0546935],"current_a":[-0.245521338,-1.44795891],"torque_nm":[-0.00234087119,-0.0767826751],"applied_pwm":[-0.6,-0.6],"over_1_2a_samples":104,"over_3_2a_samples":0}
[planta] gelatina ciclo=19 rueda=0 V=7.99312286 R=3.75926223 Rpuente=0.556766689 I0=0.092445606 Ke=0.0913266611 Kt=0.0483794733
[planta] gelatina ciclo=19 rueda=1 V=7.99312286 R=4.15530663 Rpuente=0.605963027 I0=0.199956885 Ke=0.0937386803 Kt=0.0483794733
[sensores] gelatina ToF alcance=748.942816 minimo=46.7568409 sigma_rel=0.0653921938
[gelatina] pulsador recibido: permiso previsto 146904 ms
[planta] rival ciclo=19 rueda=0 V=7.5843847 R=3.91543999 Rpuente=0.586867845 I0=0.195023435 Ke=0.0806786317 Kt=0.0483794733
[planta] rival ciclo=19 rueda=1 V=7.5843847 R=4.33976283 Rpuente=0.592389929 I0=0.0760527223 Ke=0.0980154323 Kt=0.0483794733
[sensores] rival ToF alcance=1366.31159 minimo=24.62511 sigma_rel=0.0926982117
[arranque] pulsador=141904 permiso=146904 ms
[gelatina] permiso de arranque a los 146904 ms
[gelatina] t=    0 ms  TRACK        rival=si d= 293 mm rumbo=   +0 cdeg  linea=0x0
WARNING: Contact joints between materials 'rueda' and 'dohyo' will only be created for the 10 deepest contact points instead of all the 15 contact points.
[gelatina] t=  424 ms  ATTACK       rival=si d= 126 mm rumbo=+1459 cdeg  linea=0x0
[gelatina] t=  696 ms  SEARCH       rival=no d=9999 mm rumbo=+4510 cdeg  linea=0x0
[gelatina] t=  720 ms  TRACK        rival=si d=  53 mm rumbo=+6000 cdeg  linea=0x0
[gelatina] t=  728 ms  ATTACK       rival=si d=  53 mm rumbo=+6000 cdeg  linea=0x0
[gelatina] t=  856 ms  SEARCH       rival=no d=9999 mm rumbo=+6000 cdeg  linea=0x0
[gelatina] t= 1016 ms  TRACK        rival=si d=  60 mm rumbo=-6000 cdeg  linea=0x0
[gelatina] t= 1024 ms  ATTACK       rival=si d=  60 mm rumbo=-6000 cdeg  linea=0x0
[gelatina] t= 1160 ms  SEARCH       rival=no d=9999 mm rumbo=-6000 cdeg  linea=0x0
[gelatina] t= 1320 ms  TRACK        rival=si d=  56 mm rumbo=-6000 cdeg  linea=0x0
[gelatina] t= 1328 ms  ATTACK       rival=si d=  56 mm rumbo=-6000 cdeg  linea=0x0
[gelatina] t= 1552 ms  SEARCH       rival=no d=9999 mm rumbo=+6000 cdeg  linea=0x0
WARNING: Contact joints between materials 'patin' and 'dohyo' will only be created for the 10 deepest contact points instead of all the 11 contact points.
[gelatina] t= 1680 ms  TRACK        rival=si d=  63 mm rumbo=+6000 cdeg  linea=0x0
[gelatina] t= 1688 ms  ATTACK       rival=si d=  63 mm rumbo=+6000 cdeg  linea=0x0
[gelatina] t= 1912 ms  SEARCH       rival=no d=9999 mm rumbo=-6000 cdeg  linea=0x0
[gelatina] t= 1976 ms  TRACK        rival=si d= 115 mm rumbo=-6000 cdeg  linea=0x0
[gelatina] t= 1984 ms  ATTACK       rival=si d= 115 mm rumbo=-6000 cdeg  linea=0x0
[gelatina] t= 2240 ms  SEARCH       rival=no d=9999 mm rumbo=+6000 cdeg  linea=0x0
[gelatina] t= 2336 ms  TRACK        rival=si d=  94 mm rumbo=+6000 cdeg  linea=0x0
[gelatina] t= 2344 ms  ATTACK       rival=si d=  94 mm rumbo=+6000 cdeg  linea=0x0
[gelatina] t= 2576 ms  SEARCH       rival=no d=9999 mm rumbo=-4530 cdeg  linea=0x0
[gelatina] t= 2672 ms  TRACK        rival=si d=  64 mm rumbo=-4515 cdeg  linea=0x0
[gelatina] t= 2680 ms  ATTACK       rival=si d=  64 mm rumbo=-4515 cdeg  linea=0x0
[gelatina] t= 2872 ms  SEARCH       rival=no d=9999 mm rumbo=+4515 cdeg  linea=0x0
[gelatina] t= 3000 ms  TRACK        rival=si d=  77 mm rumbo=+6000 cdeg  linea=0x0
[gelatina] t= 3008 ms  ATTACK       rival=si d=  77 mm rumbo=+6000 cdeg  linea=0x0
WARNING: Contact joints between materials 'patin' and 'dohyo' will only be created for the 10 deepest contact points instead of all the 14 contact points.
[gelatina] t= 3272 ms  SEARCH       rival=no d=9999 mm rumbo=-6000 cdeg  linea=0x0
[gelatina] t= 3328 ms  TRACK        rival=si d= 114 mm rumbo=-6000 cdeg  linea=0x0
[gelatina] t= 3336 ms  ATTACK       rival=si d= 114 mm rumbo=-6000 cdeg  linea=0x0
[gelatina] t= 3600 ms  SEARCH       rival=no d=9999 mm rumbo=+6000 cdeg  linea=0x0
[gelatina] t= 3720 ms  TRACK        rival=si d=  58 mm rumbo=+6000 cdeg  linea=0x0
[gelatina] t= 3728 ms  ATTACK       rival=si d=  58 mm rumbo=+4502 cdeg  linea=0x0
[gelatina] t= 3928 ms  SEARCH       rival=no d=9999 mm rumbo=-4517 cdeg  linea=0x0
[gelatina] t= 4024 ms  TRACK        rival=si d=  78 mm rumbo=-6000 cdeg  linea=0x0
[gelatina] t= 4032 ms  ATTACK       rival=si d=  78 mm rumbo=-6000 cdeg  linea=0x0
WARNING: Contact joints between materials 'patin' and 'dohyo' will only be created for the 10 deepest contact points instead of all the 11 contact points.
[gelatina] t= 4256 ms  SEARCH       rival=no d=9999 mm rumbo=+6000 cdeg  linea=0x0
[gelatina] t= 4384 ms  TRACK        rival=si d=  84 mm rumbo=+4498 cdeg  linea=0x0
[gelatina] t= 4392 ms  ATTACK       rival=si d=  84 mm rumbo=+4498 cdeg  linea=0x0
[gelatina] t= 4592 ms  SEARCH       rival=no d=9999 mm rumbo=-4513 cdeg  linea=0x0
[gelatina] t= 4712 ms  TRACK        rival=si d=  87 mm rumbo=-4517 cdeg  linea=0x0
[gelatina] t= 4720 ms  ATTACK       rival=si d=  87 mm rumbo=-4517 cdeg  linea=0x0
[gelatina] t= 4920 ms  SEARCH       rival=no d=9999 mm rumbo=+4532 cdeg  linea=0x0
[gelatina] t= 5040 ms  TRACK        rival=si d=  97 mm rumbo=+6000 cdeg  linea=0x0
[gelatina] t= 5048 ms  ATTACK       rival=si d=  97 mm rumbo=+6000 cdeg  linea=0x0
[gelatina] t= 5280 ms  SEARCH       rival=no d=9999 mm rumbo=-6000 cdeg  linea=0x0
[gelatina] t= 5376 ms  TRACK        rival=si d=  80 mm rumbo=-4550 cdeg  linea=0x0
[gelatina] t= 5384 ms  ATTACK       rival=si d=  80 mm rumbo=-4550 cdeg  linea=0x0
[gelatina] t= 5608 ms  SEARCH       rival=no d=9999 mm rumbo=+6000 cdeg  linea=0x0
[gelatina] t= 5736 ms  TRACK        rival=si d=  86 mm rumbo=+4534 cdeg  linea=0x0
[gelatina] t= 5744 ms  ATTACK       rival=si d=  86 mm rumbo=+4534 cdeg  linea=0x0
[gelatina] t= 5944 ms  SEARCH       rival=no d=9999 mm rumbo=-6000 cdeg  linea=0x0
[gelatina] t= 6072 ms  TRACK        rival=si d= 120 mm rumbo=-4452 cdeg  linea=0x0
[gelatina] t= 6080 ms  ATTACK       rival=si d= 120 mm rumbo=-4452 cdeg  linea=0x0
WARNING: Contact joints between materials 'patin' and 'dohyo' will only be created for the 10 deepest contact points instead of all the 13 contact points.
[gelatina] t= 6272 ms  SEARCH       rival=no d=9999 mm rumbo=+6000 cdeg  linea=0x0
[gelatina] t= 6400 ms  TRACK        rival=si d= 122 mm rumbo=+6000 cdeg  linea=0x0
[gelatina] t= 6408 ms  ATTACK       rival=si d= 122 mm rumbo=+6000 cdeg  linea=0x0
[gelatina] t= 6632 ms  SEARCH       rival=no d=9999 mm rumbo=-6000 cdeg  linea=0x0
[gelatina] t= 6728 ms  TRACK        rival=si d= 108 mm rumbo=-4550 cdeg  linea=0x0
[gelatina] t= 6736 ms  ATTACK       rival=si d= 108 mm rumbo=-4550 cdeg  linea=0x0
[gelatina] t= 6960 ms  SEARCH       rival=no d=9999 mm rumbo=+6000 cdeg  linea=0x0
[gelatina] t= 7088 ms  TRACK        rival=si d= 126 mm rumbo=+4523 cdeg  linea=0x0
[gelatina] t= 7096 ms  ATTACK       rival=si d= 126 mm rumbo=+4523 cdeg  linea=0x0
[gelatina] t= 7296 ms  SEARCH       rival=no d=9999 mm rumbo=-6000 cdeg  linea=0x0
[gelatina] t= 7392 ms  TRACK        rival=si d= 153 mm rumbo=-6000 cdeg  linea=0x0
[gelatina] t= 7456 ms  ATTACK       rival=si d= 114 mm rumbo=+3000 cdeg  linea=0x0
[gelatina] t= 7624 ms  SEARCH       rival=no d=9999 mm rumbo=+6000 cdeg  linea=0x0
[gelatina] t= 7752 ms  TRACK        rival=si d= 146 mm rumbo=+4497 cdeg  linea=0x0
[gelatina] t= 7848 ms  ATTACK       rival=si d= 126 mm rumbo=-6000 cdeg  linea=0x0
[gelatina] t= 8320 ms  SEARCH       rival=no d=9999 mm rumbo=+3000 cdeg  linea=0x0
WARNING: Contact joints between materials 'patin' and 'dohyo' will only be created for the 10 deepest contact points instead of all the 14 contact points.
[gelatina] t= 8544 ms  TRACK        rival=si d=  64 mm rumbo=-6000 cdeg  linea=0x0
[gelatina] t= 8552 ms  ATTACK       rival=si d=  64 mm rumbo=-6000 cdeg  linea=0x0
[gelatina] t= 8680 ms  SEARCH       rival=no d=9999 mm rumbo=-6000 cdeg  linea=0x0
[gelatina] t= 8840 ms  TRACK        rival=si d=  56 mm rumbo=-6000 cdeg  linea=0x0
[gelatina] t= 8848 ms  ATTACK       rival=si d=  56 mm rumbo=-6000 cdeg  linea=0x0
[gelatina] t= 9072 ms  SEARCH       rival=no d=9999 mm rumbo=+6000 cdeg  linea=0x0
[gelatina] t= 9200 ms  TRACK        rival=si d=  74 mm rumbo=+6000 cdeg  linea=0x2
[gelatina] t= 9208 ms  ATTACK       rival=si d=  74 mm rumbo=+6000 cdeg  linea=0x2
[gelatina] t= 9440 ms  SEARCH       rival=no d=9999 mm rumbo=-6000 cdeg  linea=0x1
[gelatina] t= 9536 ms  TRACK        rival=si d=  85 mm rumbo=-6000 cdeg  linea=0x4
[gelatina] t= 9544 ms  ATTACK       rival=si d=  85 mm rumbo=-6000 cdeg  linea=0x4
[gelatina] t= 9768 ms  SEARCH       rival=no d=9999 mm rumbo=+6000 cdeg  linea=0x0
[gelatina] t= 9896 ms  TRACK        rival=si d=  69 mm rumbo=+6000 cdeg  linea=0x2
[gelatina] t= 9904 ms  ATTACK       rival=si d=  69 mm rumbo=+6000 cdeg  linea=0xA
[gelatina] t=10096 ms  SEARCH       rival=no d=9999 mm rumbo=-1526 cdeg  linea=0x1
WARNING: Contact joints between materials 'patin' and 'dohyo' will only be created for the 10 deepest contact points instead of all the 16 contact points.
[gelatina] t=10296 ms  TRACK        rival=si d=  98 mm rumbo=-4539 cdeg  linea=0x0
[gelatina] t=10304 ms  ATTACK       rival=si d=  98 mm rumbo=-4539 cdeg  linea=0x8
[gelatina] t=10496 ms  SEARCH       rival=no d=9999 mm rumbo=+4478 cdeg  linea=0x3
[gelatina] t=10624 ms  TRACK        rival=si d= 200 mm rumbo=+6000 cdeg  linea=0x0
[gelatina] t=10656 ms  ATTACK       rival=si d= 112 mm rumbo=+4544 cdeg  linea=0x0
[gelatina] t=10824 ms  SEARCH       rival=no d=9999 mm rumbo=+1517 cdeg  linea=0x0
[gelatina] t=10952 ms  TRACK        rival=si d= 710 mm rumbo=+6000 cdeg  linea=0x1
[gelatina] t=11120 ms  ATTACK       rival=si d= 135 mm rumbo=+4854 cdeg  linea=0x8
[arbitro] asalto 18/30  banco    auto-salida     -1  11.20 s
[inercia] asalto=18 robot=GELATINA rueda=0 rotor=2.25404198e-05
[inercia] asalto=18 robot=GELATINA rueda=1 rotor=2.56114295e-05
[inercia] asalto=18 robot=RIVAL rueda=0 rotor=2.46049333e-05
[inercia] asalto=18 robot=RIVAL rueda=1 rotor=3.5543922e-05
[planta] asalto=18 mu=0.844635224 slip=0.00154555714 aleatorio=1
[gelatina] fin de asalto motor={"battery_v":7.99312286,"resistance_ohm":[3.75926223,4.15530663],"bridge_ohm":[0.556766689,0.605963027],"omega_rad_s":[11.4858178,70.6431584],"current_a":[0.359302536,0.287974956],"torque_nm":[0.0129103977,0.00425826791],"applied_pwm":[0.325244784,1],"over_1_2a_samples":883,"over_3_2a_samples":0}
[gelatina] t=    0 ms  WAIT         rival=si d= 262 mm rumbo=   +0 cdeg  linea=0x8
[rival] fin de asalto motor={"battery_v":7.5843847,"resistance_ohm":[3.91543999,4.33976283],"bridge_ohm":[0.586867845,0.592389929],"omega_rad_s":[-29.6415388,30.987617],"current_a":[-0.311119011,0.153062509],"torque_nm":[-0.0056166428,0.00372569294],"applied_pwm":[-0.5,0.5],"over_1_2a_samples":110,"over_3_2a_samples":0}
[planta] gelatina ciclo=20 rueda=0 V=8.02911175 R=3.61012363 Rpuente=0.516429031 I0=0.210014623 Ke=0.0936193282 Kt=0.0483794733
[planta] gelatina ciclo=20 rueda=1 V=8.02911175 R=4.12301402 Rpuente=0.626979172 I0=0.12040143 Ke=0.0837847377 Kt=0.0483794733
[sensores] gelatina ToF alcance=1879.35494 minimo=46.9584197 sigma_rel=0.0957727957
[gelatina] pulsador recibido: permiso previsto 163416 ms
[planta] rival ciclo=20 rueda=0 V=7.18980441 R=4.06803827 Rpuente=0.515953016 I0=0.11582112 Ke=0.0819734825 Kt=0.0483794733
[planta] rival ciclo=20 rueda=1 V=7.18980441 R=3.79150333 Rpuente=0.687746608 I0=0.212566745 Ke=0.0740779743 Kt=0.0483794733
[arranque] pulsador=158416 permiso=163416 ms
[sensores] rival ToF alcance=1307.80552 minimo=44.8006952 sigma_rel=0.0580336189
[gelatina] permiso de arranque a los 163416 ms
[gelatina] t=    0 ms  TRACK        rival=si d= 220 mm rumbo=   +0 cdeg  linea=0x0
WARNING: Contact joints between materials 'patin' and 'dohyo' will only be created for the 10 deepest contact points instead of all the 11 contact points.
[gelatina] t=  296 ms  ATTACK       rival=si d= 127 mm rumbo=   +0 cdeg  linea=0x0
[gelatina] t=  760 ms  SEARCH       rival=no d=9999 mm rumbo=-3000 cdeg  linea=0x0
[gelatina] t=  952 ms  TRACK        rival=si d=  54 mm rumbo=-4511 cdeg  linea=0x0
[gelatina] t=  960 ms  ATTACK       rival=si d=  54 mm rumbo=-4511 cdeg  linea=0x0
[gelatina] t= 1184 ms  SEARCH       rival=no d=9999 mm rumbo=+6000 cdeg  linea=0x0
[gelatina] t= 1280 ms  TRACK        rival=si d=  68 mm rumbo=+4518 cdeg  linea=0x0
[gelatina] t= 1288 ms  ATTACK       rival=si d=  68 mm rumbo=+4518 cdeg  linea=0x0
[gelatina] t= 1488 ms  SEARCH       rival=no d=9999 mm rumbo=-4515 cdeg  linea=0x0
[gelatina] t= 1616 ms  TRACK        rival=si d=  76 mm rumbo=-6000 cdeg  linea=0x0
[gelatina] t= 1624 ms  ATTACK       rival=si d=  76 mm rumbo=-6000 cdeg  linea=0x0
[gelatina] t= 1848 ms  SEARCH       rival=no d=9999 mm rumbo=+4537 cdeg  linea=0x0
[gelatina] t= 1912 ms  TRACK        rival=si d=  62 mm rumbo=+6000 cdeg  linea=0x0
[gelatina] t= 1920 ms  ATTACK       rival=si d=  62 mm rumbo=+6000 cdeg  linea=0x0
[gelatina] t= 2144 ms  SEARCH       rival=no d=9999 mm rumbo=-6000 cdeg  linea=0x0
[gelatina] t= 2208 ms  TRACK        rival=si d= 103 mm rumbo=-6000 cdeg  linea=0x0
[gelatina] t= 2216 ms  ATTACK       rival=si d= 103 mm rumbo=-6000 cdeg  linea=0x0
WARNING: Contact joints between materials 'patin' and 'dohyo' will only be created for the 10 deepest contact points instead of all the 14 contact points.
[gelatina] t= 2704 ms  SEARCH       rival=no d=9999 mm rumbo=   +0 cdeg  linea=0x0
[gelatina] t= 3032 ms  TRACK        rival=si d=  63 mm rumbo=+6000 cdeg  linea=0x0
[gelatina] t= 3040 ms  ATTACK       rival=si d=  63 mm rumbo=+6000 cdeg  linea=0x0
[gelatina] t= 3232 ms  SEARCH       rival=no d=9999 mm rumbo=-2958 cdeg  linea=0x0
[gelatina] t= 3392 ms  TRACK        rival=si d=  90 mm rumbo=-6000 cdeg  linea=0x0
[gelatina] t= 3400 ms  ATTACK       rival=si d=  90 mm rumbo=-6000 cdeg  linea=0x0
[gelatina] t= 3632 ms  SEARCH       rival=no d=9999 mm rumbo=+6000 cdeg  linea=0x0
[gelatina] t= 3688 ms  TRACK        rival=si d= 112 mm rumbo=+6000 cdeg  linea=0x0
[gelatina] t= 3696 ms  ATTACK       rival=si d= 112 mm rumbo=+6000 cdeg  linea=0x0
[gelatina] t= 3960 ms  SEARCH       rival=no d=9999 mm rumbo=-6000 cdeg  linea=0x0
WARNING: Contact joints between materials 'patin' and 'dohyo' will only be created for the 10 deepest contact points instead of all the 17 contact points.
[gelatina] t= 4024 ms  TRACK        rival=si d=  72 mm rumbo=-6000 cdeg  linea=0x0
[gelatina] t= 4032 ms  ATTACK       rival=si d=  72 mm rumbo=-6000 cdeg  linea=0x0
[gelatina] t= 4288 ms  SEARCH       rival=no d=9999 mm rumbo=+6000 cdeg  linea=0x0
[gelatina] t= 4488 ms  TRACK        rival=si d= 115 mm rumbo=-4985 cdeg  linea=0x0
[gelatina] t= 4496 ms  ATTACK       rival=si d= 115 mm rumbo=-4985 cdeg  linea=0x2
[gelatina] t= 4624 ms  SEARCH       rival=no d=9999 mm rumbo=-4985 cdeg  linea=0x0
[gelatina] t= 4752 ms  TRACK        rival=si d=  65 mm rumbo=-6000 cdeg  linea=0x0
[gelatina] t= 4760 ms  ATTACK       rival=si d=  65 mm rumbo=-6000 cdeg  linea=0x0
[gelatina] t= 4984 ms  SEARCH       rival=no d=9999 mm rumbo=+6000 cdeg  linea=0x0
[gelatina] t= 5080 ms  TRACK        rival=si d=  90 mm rumbo=+6000 cdeg  linea=0xA
[gelatina] t= 5088 ms  ATTACK       rival=si d=  90 mm rumbo=+6000 cdeg  linea=0xA
[gelatina] t= 5312 ms  SEARCH       rival=no d=9999 mm rumbo=-6000 cdeg  linea=0x0
[gelatina] t= 5440 ms  TRACK        rival=si d= 113 mm rumbo=-6000 cdeg  linea=0x0
[gelatina] t= 5448 ms  ATTACK       rival=si d= 113 mm rumbo=-6000 cdeg  linea=0x0
WARNING: Contact joints between materials 'patin' and 'dohyo' will only be created for the 10 deepest contact points instead of all the 12 contact points.
[gelatina] t= 5672 ms  SEARCH       rival=no d=9999 mm rumbo=+6000 cdeg  linea=0x0
[gelatina] t= 5704 ms  TRACK        rival=si d= 132 mm rumbo=+6000 cdeg  linea=0x8
[gelatina] t= 5712 ms  ATTACK       rival=si d= 132 mm rumbo=+6000 cdeg  linea=0x8
WARNING: Contact joints between materials 'patin' and 'dohyo' will only be created for the 10 deepest contact points instead of all the 11 contact points.
WARNING: Contact joints between materials 'patin' and 'dohyo' will only be created for the 10 deepest contact points instead of all the 17 contact points.
WARNING: Contact joints between materials 'patin' and 'dohyo' will only be created for the 10 deepest contact points instead of all the 17 contact points.
WARNING: Contact joints between materials 'patin' and 'dohyo' will only be created for the 10 deepest contact points instead of all the 15 contact points.
WARNING: Contact joints between materials 'patin' and 'dohyo' will only be created for the 10 deepest contact points instead of all the 15 contact points.
WARNING: Contact joints between materials 'patin' and 'dohyo' will only be created for the 10 deepest contact points instead of all the 15 contact points.
WARNING: Contact joints between materials 'patin' and 'dohyo' will only be created for the 10 deepest contact points instead of all the 15 contact points.
WARNING: Contact joints between materials 'patin' and 'dohyo' will only be created for the 10 deepest contact points instead of all the 15 contact points.
WARNING: Contact joints between materials 'patin' and 'dohyo' will only be created for the 10 deepest contact points instead of all the 17 contact points.
[gelatina] t=16032 ms  EDGE_ESCAPE  rival=si d= 172 mm rumbo=-6000 cdeg  linea=0x8
[gelatina] t=16240 ms  SEARCH       rival=si d= 246 mm rumbo=-6000 cdeg  linea=0x8
[gelatina] t=16248 ms  TRACK        rival=si d= 246 mm rumbo=-6000 cdeg  linea=0x8
[arbitro] asalto 19/30  banco    auto-salida     -1  16.31 s
[inercia] asalto=19 robot=GELATINA rueda=0 rotor=3.56502855e-05
[inercia] asalto=19 robot=GELATINA rueda=1 rotor=2.84224543e-05
[inercia] asalto=19 robot=RIVAL rueda=0 rotor=2.59446371e-05
[inercia] asalto=19 robot=RIVAL rueda=1 rotor=2.11662378e-05
[planta] asalto=19 mu=1.07916555 slip=0.000595489621 aleatorio=1
WARNING: DEF RIVAL GelatinaNuclear > HingeJoint "rueda_der" > Solid "rueda_der": Webots has detected that this solid is light and oblong according to its inertia matrix. This belongs in the physics edge cases, and can imply weird physical results. Increasing the weight of the object or reducing its eccentricity are recommended.
[gelatina] fin de asalto motor={"battery_v":8.02911175,"resistance_ohm":[3.61012363,4.12301402],"bridge_ohm":[0.516429031,0.626979172],"omega_rad_s":[37.6659958,-14.5700019],"current_a":[1.09118843,-0.419137645],"torque_nm":[0.0426307247,-0.0144527007],"applied_pwm":[1,-0.400000006],"over_1_2a_samples":974,"over_3_2a_samples":0}
[gelatina] t=    0 ms  WAIT         rival=si d= 268 mm rumbo=   +0 cdeg  linea=0x1
[rival] fin de asalto motor={"battery_v":7.18980441,"resistance_ohm":[4.06803827,3.79150333],"bridge_ohm":[0.515953016,0.687746608],"omega_rad_s":[-32.5416283,26.4277959],"current_a":[-0.202302218,0.365504189],"torque_nm":[-0.00418390996,0.00739903299],"applied_pwm":[-0.5,0.5],"over_1_2a_samples":114,"over_3_2a_samples":0}
[planta] gelatina ciclo=21 rueda=0 V=8.06293029 R=3.97073298 Rpuente=0.528324747 I0=0.155373824 Ke=0.0909510855 Kt=0.0483794733
[planta] gelatina ciclo=21 rueda=1 V=8.06293029 R=4.09804659 Rpuente=0.503165686 I0=0.0911542028 Ke=0.0747389617 Kt=0.0483794733
[sensores] gelatina ToF alcance=1830.08862 minimo=22.9418826 sigma_rel=0.0530888653
[gelatina] pulsador recibido: permiso previsto 185040 ms
[planta] rival ciclo=21 rueda=0 V=7.15712184 R=4.22095814 Rpuente=0.644258213 I0=0.12137703 Ke=0.0816681165 Kt=0.0483794733
[planta] rival ciclo=21 rueda=1 V=7.15712184 R=4.00081563 Rpuente=0.660281038 I0=0.121148506 Ke=0.0779330288 Kt=0.0483794733
[sensores] rival ToF alcance=1046.47231 minimo=42.354129 sigma_rel=0.0780528402
[arranque] pulsador=180040 permiso=185040 ms
[gelatina] permiso de arranque a los 185040 ms
[gelatina] t=    0 ms  TRACK        rival=si d= 289 mm rumbo=   +0 cdeg  linea=0x0
WARNING: Contact joints between materials 'rueda' and 'dohyo' will only be created for the 10 deepest contact points instead of all the 11 contact points.
[gelatina] t=  392 ms  ATTACK       rival=si d= 115 mm rumbo=   +0 cdeg  linea=0x0
[arbitro] asalto 20/30  banco    expulsado       -1   1.14 s
[inercia] asalto=20 robot=GELATINA rueda=0 rotor=3.43606977e-05
[inercia] asalto=20 robot=GELATINA rueda=1 rotor=3.12603291e-05
[inercia] asalto=20 robot=RIVAL rueda=0 rotor=9.26263064e-06
[inercia] asalto=20 robot=RIVAL rueda=1 rotor=1.42282911e-05
[planta] asalto=20 mu=1.20134381 slip=0.000236595631 aleatorio=1
WARNING: DEF GELATINA GelatinaNuclear > HingeJoint "rueda_izq" > Solid "rueda_izq": Webots has detected that this solid is light and oblong according to its inertia matrix. This belongs in the physics edge cases, and can imply weird physical results. Increasing the weight of the object or reducing its eccentricity are recommended.
[gelatina] fin de asalto motor={"battery_v":8.06293029,"resistance_ohm":[3.97073298,4.09804659],"bridge_ohm":[0.528324747,0.503165686],"omega_rad_s":[67.7275734,72.8079563],"current_a":[0.422985008,0.367147731],"torque_nm":[0.0129468882,0.0133524215],"applied_pwm":[1,0.884407461],"over_1_2a_samples":987,"over_3_2a_samples":0}
[gelatina] t=    0 ms  WAIT         rival=si d= 284 mm rumbo=   +0 cdeg  linea=0x0
[rival] fin de asalto motor={"battery_v":7.15712184,"resistance_ohm":[4.22095814,4.00081563],"bridge_ohm":[0.644258213,0.660281038],"omega_rad_s":[-20.1034603,-11.3761712],"current_a":[-0.545188779,-0.731092674],"torque_nm":[-0.0205037892,-0.0295087776],"applied_pwm":[-0.6,-0.6],"over_1_2a_samples":120,"over_3_2a_samples":0}
[planta] gelatina ciclo=22 rueda=0 V=8.09891918 R=3.82159433 Rpuente=0.687987089 I0=0.122942841 Ke=0.0686880602 Kt=0.0483794733
[planta] gelatina ciclo=22 rueda=1 V=8.09891918 R=4.06575394 Rpuente=0.524181831 I0=0.161598748 Ke=0.0911811254 Kt=0.0483794733
[sensores] gelatina ToF alcance=1660.50074 minimo=23.1434596 sigma_rel=0.0834694672
[gelatina] pulsador recibido: permiso previsto 191488 ms
[planta] rival ciclo=22 rueda=0 V=7.89076605 R=3.88990607 Rpuente=0.528554785 I0=0.0850940287 Ke=0.102339163 Kt=0.0483794733
[planta] rival ciclo=22 rueda=1 V=7.89076605 R=3.76079721 Rpuente=0.502074564 I0=0.0864165455 Ke=0.074028238 Kt=0.0483794733
[sensores] rival ToF alcance=1687.28053 minimo=23.5093021 sigma_rel=0.0401044607
[arranque] pulsador=186488 permiso=191488 ms
[gelatina] permiso de arranque a los 191488 ms
[gelatina] t=    0 ms  TRACK        rival=si d= 285 mm rumbo=   +0 cdeg  linea=0x0
WARNING: Contact joints between materials 'patin' and 'dohyo' will only be created for the 10 deepest contact points instead of all the 11 contact points.
[gelatina] t=  456 ms  ATTACK       rival=si d=  93 mm rumbo=+1462 cdeg  linea=0x0
WARNING: Contact joints between materials 'patin' and 'dohyo' will only be created for the 10 deepest contact points instead of all the 19 contact points.
[arbitro] asalto 21/30  banco    expulsado       -1   2.54 s
[inercia] asalto=21 robot=GELATINA rueda=0 rotor=2.41761752e-05
[inercia] asalto=21 robot=GELATINA rueda=1 rotor=2.18299767e-05
[inercia] asalto=21 robot=RIVAL rueda=0 rotor=2.12558225e-05
[inercia] asalto=21 robot=RIVAL rueda=1 rotor=2.09447334e-05
[planta] asalto=21 mu=1.16233686 slip=3.54218483e-05 aleatorio=1
WARNING: DEF GELATINA GelatinaNuclear > HingeJoint "rueda_izq" > Solid "rueda_izq": Webots has detected that this solid is light and oblong according to its inertia matrix. This belongs in the physics edge cases, and can imply weird physical results. Increasing the weight of the object or reducing its eccentricity are recommended.
WARNING: DEF GELATINA GelatinaNuclear > HingeJoint "rueda_der" > Solid "rueda_der": Webots has detected that this solid is light and oblong according to its inertia matrix. This belongs in the physics edge cases, and can imply weird physical results. Increasing the weight of the object or reducing its eccentricity are recommended.
[gelatina] fin de asalto motor={"battery_v":8.09891918,"resistance_ohm":[3.82159433,4.06575394],"bridge_ohm":[0.687987089,0.524181831],"omega_rad_s":[61.4502439,68.9083956],"current_a":[0.85995146,-0.369975432],"torque_nm":[0.0356560888,-0.0257172789],"applied_pwm":[1,0.566122651],"over_1_2a_samples":1016,"over_3_2a_samples":0}
[gelatina] t=    0 ms  WAIT         rival=si d=  80 mm rumbo=-3590 cdeg  linea=0x4
[rival] fin de asalto motor={"battery_v":7.89076605,"resistance_ohm":[3.88990607,3.76079721],"bridge_ohm":[0.528554785,0.502074564],"omega_rad_s":[-35.1574453,32.2602266],"current_a":[-0.0786245477,0.365297239],"torque_nm":[0.000312990082,0.0134921011],"applied_pwm":[-0.5,0.5],"over_1_2a_samples":133,"over_3_2a_samples":0}
WARNING: Contact joints between materials 'patin' and 'dohyo' will only be created for the 10 deepest contact points instead of all the 20 contact points.
[planta] gelatina ciclo=23 rueda=0 V=8.13273771 R=4.18220367 Rpuente=0.699882805 I0=0.218302032 Ke=0.090068279 Kt=0.0483794733
[planta] gelatina ciclo=23 rueda=1 V=8.13273771 R=4.0407865 Rpuente=0.600368345 I0=0.132351521 Ke=0.0801447784 Kt=0.0483794733
[sensores] gelatina ToF alcance=1611.23441 minimo=29.1269225 sigma_rel=0.0407855368
[gelatina] pulsador recibido: permiso previsto 199344 ms
[planta] rival ciclo=23 rueda=0 V=8.38062681 R=4.06832638 Rpuente=0.606924069 I0=0.108852911 Ke=0.0858912756 Kt=0.0483794733
[planta] rival ciclo=23 rueda=1 V=8.38062681 R=3.66455526 Rpuente=0.623745346 I0=0.135405868 Ke=0.0937291894 Kt=0.0483794733
[sensores] rival ToF alcance=885.067499 minimo=32.9394126 sigma_rel=0.108723536
[arranque] pulsador=194344 permiso=199344 ms
[gelatina] permiso de arranque a los 199344 ms
[gelatina] t=    0 ms  TRACK        rival=si d= 271 mm rumbo=   +0 cdeg  linea=0x0
WARNING: Contact joints between materials 'patin' and 'dohyo' will only be created for the 10 deepest contact points instead of all the 12 contact points.
[gelatina] t=  360 ms  ATTACK       rival=si d= 127 mm rumbo=-1510 cdeg  linea=0x0
[gelatina] t=  960 ms  SEARCH       rival=no d=9999 mm rumbo=   +0 cdeg  linea=0x0
[arbitro] asalto 22/30  banco    rival fuera     +1   1.01 s
[gelatina] t= 1016 ms  ATTACK       rival=si d=  34 mm rumbo=   +0 cdeg  linea=0x1
[inercia] asalto=22 robot=GELATINA rueda=0 rotor=3.47288454e-05
[inercia] asalto=22 robot=GELATINA rueda=1 rotor=2.88815353e-05
[inercia] asalto=22 robot=RIVAL rueda=0 rotor=2.26690709e-05
[inercia] asalto=22 robot=RIVAL rueda=1 rotor=3.08220808e-05
[planta] asalto=22 mu=0.619500673 slip=0.00136060154 aleatorio=1
[gelatina] fin de asalto motor={"battery_v":8.13273771,"resistance_ohm":[4.18220367,4.0407865],"bridge_ohm":[0.699882805,0.600368345],"omega_rad_s":[23.5324097,59.8328781],"current_a":[-0.767309425,0.719097954],"torque_nm":[-0.0476833632,0.0283864834],"applied_pwm":[-0.199999973,1],"over_1_2a_samples":1030,"over_3_2a_samples":0}
[gelatina] t=    0 ms  WAIT         rival=si d=  34 mm rumbo=   +0 cdeg  linea=0x3
[rival] fin de asalto motor={"battery_v":8.38062681,"resistance_ohm":[4.06832638,3.66455526],"bridge_ohm":[0.606924069,0.623745346],"omega_rad_s":[-40.3135903,-37.2091387],"current_a":[-0.334910483,-0.359301694],"torque_nm":[-0.0109365463,-0.0108319621],"applied_pwm":[-0.6,-0.6],"over_1_2a_samples":143,"over_3_2a_samples":0}
[planta] gelatina ciclo=24 rueda=0 V=8.16872652 R=4.03306503 Rpuente=0.659545147 I0=0.18587105 Ke=0.0674814979 Kt=0.0483794733
[planta] gelatina ciclo=24 rueda=1 V=8.16872652 R=4.00849385 Rpuente=0.62138449 I0=0.202796066 Ke=0.0658805613 Kt=0.0483794733
[sensores] gelatina ToF alcance=1441.64653 minimo=29.3285012 sigma_rel=0.0711661434
[gelatina] pulsador recibido: permiso previsto 205664 ms
[planta] rival ciclo=24 rueda=0 V=7.43880427 R=3.66269288 Rpuente=0.615391648 I0=0.176589221 Ke=0.067912769 Kt=0.0483794733
[planta] rival ciclo=24 rueda=1 V=7.43880427 R=4.27961082 Rpuente=0.657067728 I0=0.0886220098 Ke=0.0838948678 Kt=0.0483794733
[sensores] rival ToF alcance=814.122832 minimo=37.7100253 sigma_rel=0.0649522638
[arranque] pulsador=200664 permiso=205664 ms
[gelatina] permiso de arranque a los 205664 ms
[gelatina] t=    0 ms  OPENING      rival=no d=9999 mm rumbo=   +0 cdeg  linea=0x0
[gelatina] t=   31 ms  TRACK        rival=si d= 285 mm rumbo=   +0 cdeg  linea=0x0
[gelatina] t=  423 ms  ATTACK       rival=si d= 111 mm rumbo=   +0 cdeg  linea=0x0
WARNING: Contact joints between materials 'rueda' and 'dohyo' will only be created for the 10 deepest contact points instead of all the 12 contact points.
[gelatina] t= 1119 ms  SEARCH       rival=no d=9999 mm rumbo=   +0 cdeg  linea=0x0
[gelatina] t= 1383 ms  TRACK        rival=si d=  36 mm rumbo=+6000 cdeg  linea=0x0
[gelatina] t= 1391 ms  ATTACK       rival=si d=  36 mm rumbo=+6000 cdeg  linea=0x0
WARNING: Contact joints between materials 'patin' and 'dohyo' will only be created for the 10 deepest contact points instead of all the 16 contact points.
[gelatina] t= 2143 ms  SEARCH       rival=no d=9999 mm rumbo=+6000 cdeg  linea=0x0
[gelatina] t= 2175 ms  TRACK        rival=si d=  88 mm rumbo=+6000 cdeg  linea=0x0
[gelatina] t= 2183 ms  ATTACK       rival=si d=  88 mm rumbo=+6000 cdeg  linea=0x0
[gelatina] t= 2512 ms  SEARCH       rival=no d=9999 mm rumbo=-6000 cdeg  linea=0x0
[gelatina] t= 2599 ms  TRACK        rival=si d=  48 mm rumbo=   +0 cdeg  linea=0x0
[gelatina] t= 2607 ms  ATTACK       rival=si d=  48 mm rumbo=   +0 cdeg  linea=0x0
[gelatina] t= 2807 ms  SEARCH       rival=no d=9999 mm rumbo=+6000 cdeg  linea=0x0
[gelatina] t= 2927 ms  TRACK        rival=si d=  96 mm rumbo=+6000 cdeg  linea=0x0
[gelatina] t= 2935 ms  ATTACK       rival=si d=  84 mm rumbo=+4486 cdeg  linea=0x0
[gelatina] t= 3135 ms  SEARCH       rival=no d=9999 mm rumbo=-6000 cdeg  linea=0x0
WARNING: Contact joints between materials 'patin' and 'dohyo' will only be created for the 10 deepest contact points instead of all the 20 contact points.
[gelatina] t= 3327 ms  TRACK        rival=si d=  72 mm rumbo=-4475 cdeg  linea=0x0
[gelatina] t= 3335 ms  ATTACK       rival=si d=  72 mm rumbo=-4475 cdeg  linea=0x0
[gelatina] t= 3527 ms  SEARCH       rival=no d=9999 mm rumbo=+6000 cdeg  linea=0x0
[gelatina] t= 3687 ms  TRACK        rival=si d=  83 mm rumbo=+6000 cdeg  linea=0x0
[gelatina] t= 3695 ms  ATTACK       rival=si d=  83 mm rumbo=+6000 cdeg  linea=0x0
[gelatina] t= 3895 ms  SEARCH       rival=no d=9999 mm rumbo=-4466 cdeg  linea=0x0
[gelatina] t= 4024 ms  TRACK        rival=si d= 154 mm rumbo=-6000 cdeg  linea=0x0
[gelatina] t= 4055 ms  ATTACK       rival=si d=  94 mm rumbo=-4511 cdeg  linea=0x0
[gelatina] t= 4256 ms  SEARCH       rival=no d=9999 mm rumbo=+6000 cdeg  linea=0x0
[gelatina] t= 4415 ms  TRACK        rival=si d=  92 mm rumbo=+4474 cdeg  linea=0x0
[gelatina] t= 4423 ms  ATTACK       rival=si d=  92 mm rumbo=+4474 cdeg  linea=0x0
[gelatina] t= 4623 ms  SEARCH       rival=no d=9999 mm rumbo=-6000 cdeg  linea=0x0
[gelatina] t= 4783 ms  TRACK        rival=si d= 119 mm rumbo=-4459 cdeg  linea=0x0
[gelatina] t= 4792 ms  ATTACK       rival=si d= 119 mm rumbo=-4459 cdeg  linea=0x0
[gelatina] t= 4983 ms  SEARCH       rival=no d=9999 mm rumbo=+6000 cdeg  linea=0x0
[gelatina] t= 5143 ms  TRACK        rival=si d= 129 mm rumbo=+6000 cdeg  linea=0x0
[gelatina] t= 5151 ms  ATTACK       rival=si d= 129 mm rumbo=+6000 cdeg  linea=0x0
[gelatina] t= 5343 ms  SEARCH       rival=no d=9999 mm rumbo=-6000 cdeg  linea=0x0
[gelatina] t= 5503 ms  TRACK        rival=si d= 129 mm rumbo=-6000 cdeg  linea=0x0
[gelatina] t= 5512 ms  ATTACK       rival=si d= 129 mm rumbo=-6000 cdeg  linea=0x0
[gelatina] t= 5711 ms  SEARCH       rival=no d=9999 mm rumbo=+6000 cdeg  linea=0x0
[gelatina] t= 5871 ms  TRACK        rival=si d= 141 mm rumbo=+6000 cdeg  linea=0x0
[gelatina] t= 5903 ms  ATTACK       rival=si d= 123 mm rumbo=+1512 cdeg  linea=0x0
[gelatina] t= 6072 ms  SEARCH       rival=no d=9999 mm rumbo=-4503 cdeg  linea=0x0
[gelatina] t= 6232 ms  TRACK        rival=si d= 131 mm rumbo=-4514 cdeg  linea=0x0
[gelatina] t= 6239 ms  ATTACK       rival=si d= 131 mm rumbo=-4514 cdeg  linea=0x0
[gelatina] t= 6431 ms  SEARCH       rival=no d=9999 mm rumbo=+6000 cdeg  linea=0x0
WARNING: Contact joints between materials 'patin' and 'dohyo' will only be created for the 10 deepest contact points instead of all the 12 contact points.
[gelatina] t= 6591 ms  TRACK        rival=si d= 161 mm rumbo=+6000 cdeg  linea=0x0
[gelatina] t= 6799 ms  SEARCH       rival=no d=9999 mm rumbo=-4512 cdeg  linea=0x0
[gelatina] t= 6863 ms  TRACK        rival=si d= 142 mm rumbo=-6000 cdeg  linea=0x0
[gelatina] t= 6895 ms  ATTACK       rival=si d= 132 mm rumbo=-1508 cdeg  linea=0x0
[gelatina] t= 7095 ms  SEARCH       rival=no d=9999 mm rumbo=+6000 cdeg  linea=0x0
[gelatina] t= 7256 ms  TRACK        rival=si d= 129 mm rumbo=+4545 cdeg  linea=0x0
[gelatina] t= 7263 ms  ATTACK       rival=si d= 129 mm rumbo=+4545 cdeg  linea=0x0
[gelatina] t= 7455 ms  SEARCH       rival=no d=9999 mm rumbo=-6000 cdeg  linea=0x0
[gelatina] t= 7655 ms  TRACK        rival=si d= 122 mm rumbo=-6000 cdeg  linea=0x0
[gelatina] t= 7663 ms  ATTACK       rival=si d= 122 mm rumbo=-6000 cdeg  linea=0x0
[gelatina] t= 7887 ms  SEARCH       rival=no d=9999 mm rumbo=+6000 cdeg  linea=0x0
[gelatina] t= 8015 ms  TRACK        rival=si d= 170 mm rumbo=+6000 cdeg  linea=0x0
[gelatina] t= 8247 ms  SEARCH       rival=no d=9999 mm rumbo=-6000 cdeg  linea=0x0
[gelatina] t= 8280 ms  TRACK        rival=si d= 149 mm rumbo=-6000 cdeg  linea=0x0
[gelatina] t= 8512 ms  SEARCH       rival=no d=9999 mm rumbo=+6000 cdeg  linea=0x0
[gelatina] t= 8543 ms  TRACK        rival=si d= 139 mm rumbo=+6000 cdeg  linea=0x0
[gelatina] t= 8607 ms  ATTACK       rival=si d= 125 mm rumbo=-1474 cdeg  linea=0x0
[gelatina] t= 8775 ms  SEARCH       rival=no d=9999 mm rumbo=-6000 cdeg  linea=0x0
[gelatina] t= 8935 ms  TRACK        rival=si d= 115 mm rumbo=-4437 cdeg  linea=0x0
[gelatina] t= 8943 ms  ATTACK       rival=si d= 115 mm rumbo=-4437 cdeg  linea=0x0
[gelatina] t= 9143 ms  SEARCH       rival=no d=9999 mm rumbo=+6000 cdeg  linea=0x0
[gelatina] t= 9304 ms  TRACK        rival=si d= 123 mm rumbo=+4593 cdeg  linea=0x0
[gelatina] t= 9311 ms  ATTACK       rival=si d= 123 mm rumbo=+4593 cdeg  linea=0x0
[gelatina] t= 9503 ms  SEARCH       rival=no d=9999 mm rumbo=-6000 cdeg  linea=0x0
[gelatina] t= 9695 ms  TRACK        rival=si d= 166 mm rumbo=-4485 cdeg  linea=0x0
[gelatina] t= 9895 ms  SEARCH       rival=no d=9999 mm rumbo=+6000 cdeg  linea=0x0
[gelatina] t= 9959 ms  TRACK        rival=si d= 143 mm rumbo=+6000 cdeg  linea=0x0
[gelatina] t=10167 ms  SEARCH       rival=no d=9999 mm rumbo=-4526 cdeg  linea=0x0
[gelatina] t=10223 ms  TRACK        rival=si d= 146 mm rumbo=-4565 cdeg  linea=0x0
[gelatina] t=10431 ms  SEARCH       rival=no d=9999 mm rumbo=+3000 cdeg  linea=0x0
[gelatina] t=10519 ms  TRACK        rival=si d= 138 mm rumbo=+6000 cdeg  linea=0x0
[gelatina] t=10551 ms  ATTACK       rival=si d= 129 mm rumbo=+1468 cdeg  linea=0x0
[gelatina] t=10727 ms  SEARCH       rival=no d=9999 mm rumbo=-3000 cdeg  linea=0x0
WARNING: Contact joints between materials 'patin' and 'dohyo' will only be created for the 10 deepest contact points instead of all the 11 contact points.
[gelatina] t=10951 ms  TRACK        rival=si d= 110 mm rumbo=-4458 cdeg  linea=0x0
[gelatina] t=10959 ms  ATTACK       rival=si d= 110 mm rumbo=-4458 cdeg  linea=0x0
[gelatina] t=11151 ms  SEARCH       rival=no d=9999 mm rumbo=+6000 cdeg  linea=0x0
[gelatina] t=11311 ms  TRACK        rival=si d= 141 mm rumbo=+4463 cdeg  linea=0x0
[gelatina] t=11519 ms  SEARCH       rival=no d=9999 mm rumbo=-6000 cdeg  linea=0x0
[gelatina] t=11575 ms  TRACK        rival=si d= 141 mm rumbo=-4584 cdeg  linea=0x0
[gelatina] t=11783 ms  SEARCH       rival=no d=9999 mm rumbo=+4590 cdeg  linea=0x0
[gelatina] t=11839 ms  TRACK        rival=si d= 143 mm rumbo=+6000 cdeg  linea=0x0
[gelatina] t=11871 ms  ATTACK       rival=si d= 111 mm rumbo=+3000 cdeg  linea=0x0
[gelatina] t=12079 ms  SEARCH       rival=no d=9999 mm rumbo=-6000 cdeg  linea=0x0
[gelatina] t=12207 ms  TRACK        rival=si d= 149 mm rumbo=-6000 cdeg  linea=0x0
[gelatina] t=12239 ms  ATTACK       rival=si d= 115 mm rumbo=-4380 cdeg  linea=0x0
[gelatina] t=12439 ms  SEARCH       rival=no d=9999 mm rumbo=+4523 cdeg  linea=0x0
[gelatina] t=12567 ms  TRACK        rival=si d= 164 mm rumbo=+6000 cdeg  linea=0x0
[gelatina] t=12775 ms  SEARCH       rival=no d=9999 mm rumbo=-3000 cdeg  linea=0x0
[gelatina] t=12863 ms  TRACK        rival=si d= 159 mm rumbo=-6000 cdeg  linea=0x0
[gelatina] t=13072 ms  SEARCH       rival=no d=9999 mm rumbo=+3000 cdeg  linea=0x0
[gelatina] t=13127 ms  TRACK        rival=si d= 133 mm rumbo=+6000 cdeg  linea=0x0
[gelatina] t=13359 ms  ATTACK       rival=si d= 114 mm rumbo=-6000 cdeg  linea=0x0
WARNING: Contact joints between materials 'patin' and 'dohyo' will only be created for the 10 deepest contact points instead of all the 11 contact points.
[gelatina] t=13631 ms  SEARCH       rival=no d=9999 mm rumbo=+6000 cdeg  linea=0x0
[gelatina] t=13751 ms  TRACK        rival=si d= 103 mm rumbo=+6000 cdeg  linea=0x0
[gelatina] t=13759 ms  ATTACK       rival=si d= 103 mm rumbo=+4517 cdeg  linea=0x0
[gelatina] t=13959 ms  SEARCH       rival=no d=9999 mm rumbo=-4532 cdeg  linea=0x0
[gelatina] t=14119 ms  TRACK        rival=si d= 112 mm rumbo=-4508 cdeg  linea=0x0
[gelatina] t=14127 ms  ATTACK       rival=si d= 112 mm rumbo=-4508 cdeg  linea=0x0
[gelatina] t=14319 ms  SEARCH       rival=no d=9999 mm rumbo=+6000 cdeg  linea=0x0
[gelatina] t=14479 ms  TRACK        rival=si d= 123 mm rumbo=+4467 cdeg  linea=0x0
[gelatina] t=14488 ms  ATTACK       rival=si d= 123 mm rumbo=+4467 cdeg  linea=0x0
[gelatina] t=14687 ms  SEARCH       rival=no d=9999 mm rumbo=-6000 cdeg  linea=0x0
[gelatina] t=14847 ms  TRACK        rival=si d= 151 mm rumbo=-6000 cdeg  linea=0x0
WARNING: Contact joints between materials 'patin' and 'dohyo' will only be created for the 10 deepest contact points instead of all the 12 contact points.
[gelatina] t=15048 ms  SEARCH       rival=no d=9999 mm rumbo=+4497 cdeg  linea=0x0
[gelatina] t=15143 ms  TRACK        rival=si d= 135 mm rumbo=+4525 cdeg  linea=0x0
[gelatina] t=15175 ms  ATTACK       rival=si d= 132 mm rumbo=   +0 cdeg  linea=0x0
[gelatina] t=15343 ms  SEARCH       rival=no d=9999 mm rumbo=-4505 cdeg  linea=0x0
[gelatina] t=15503 ms  TRACK        rival=si d= 130 mm rumbo=-6000 cdeg  linea=0x0
[gelatina] t=15512 ms  ATTACK       rival=si d= 130 mm rumbo=-6000 cdeg  linea=0x0
[gelatina] t=15711 ms  SEARCH       rival=no d=9999 mm rumbo=+3000 cdeg  linea=0x0
[gelatina] t=15935 ms  TRACK        rival=si d= 131 mm rumbo=+6000 cdeg  linea=0x0
[gelatina] t=15943 ms  ATTACK       rival=si d= 131 mm rumbo=+6000 cdeg  linea=0x0
[gelatina] t=16135 ms  SEARCH       rival=no d=9999 mm rumbo=-4476 cdeg  linea=0x0
[gelatina] t=16295 ms  TRACK        rival=si d= 127 mm rumbo=-6000 cdeg  linea=0x0
[gelatina] t=16304 ms  ATTACK       rival=si d= 127 mm rumbo=-6000 cdeg  linea=0x0
WARNING: Contact joints between materials 'patin' and 'dohyo' will only be created for the 10 deepest contact points instead of all the 11 contact points.
[gelatina] t=16503 ms  SEARCH       rival=no d=9999 mm rumbo=+3000 cdeg  linea=0x0
[gelatina] t=16727 ms  TRACK        rival=si d= 135 mm rumbo=+4563 cdeg  linea=0x0
[gelatina] t=16927 ms  SEARCH       rival=no d=9999 mm rumbo=-3000 cdeg  linea=0x0
[gelatina] t=16991 ms  TRACK        rival=si d= 153 mm rumbo=-6000 cdeg  linea=0x0
[gelatina] t=17191 ms  SEARCH       rival=no d=9999 mm rumbo=+4477 cdeg  linea=0x0
[gelatina] t=17287 ms  TRACK        rival=si d= 111 mm rumbo=+4508 cdeg  linea=0x0
[gelatina] t=17295 ms  ATTACK       rival=si d= 111 mm rumbo=+4508 cdeg  linea=0x0
[gelatina] t=17488 ms  SEARCH       rival=no d=9999 mm rumbo=-4515 cdeg  linea=0x0
[gelatina] t=17647 ms  TRACK        rival=si d= 140 mm rumbo=-6000 cdeg  linea=0x0
[gelatina] t=17855 ms  SEARCH       rival=no d=9999 mm rumbo=+6000 cdeg  linea=0x0
[gelatina] t=17911 ms  TRACK        rival=si d= 129 mm rumbo=+6000 cdeg  linea=0x0
[gelatina] t=17919 ms  ATTACK       rival=si d= 129 mm rumbo=+6000 cdeg  linea=0x0
WARNING: Contact joints between materials 'patin' and 'dohyo' will only be created for the 10 deepest contact points instead of all the 12 contact points.
[gelatina] t=18119 ms  SEARCH       rival=no d=9999 mm rumbo=-4459 cdeg  linea=0x0
[gelatina] t=18280 ms  TRACK        rival=si d= 127 mm rumbo=-4506 cdeg  linea=0x0
[gelatina] t=18287 ms  ATTACK       rival=si d= 127 mm rumbo=-4506 cdeg  linea=0x0
[gelatina] t=18479 ms  SEARCH       rival=no d=9999 mm rumbo=+6000 cdeg  linea=0x0
[gelatina] t=18639 ms  TRACK        rival=si d= 154 mm rumbo=+6000 cdeg  linea=0x0
[gelatina] t=18703 ms  ATTACK       rival=si d= 131 mm rumbo=-4482 cdeg  linea=0x0
[gelatina] t=18847 ms  SEARCH       rival=no d=9999 mm rumbo=-4482 cdeg  linea=0x0
[gelatina] t=19007 ms  TRACK        rival=si d= 164 mm rumbo=-6000 cdeg  linea=0x0
[gelatina] t=19207 ms  SEARCH       rival=no d=9999 mm rumbo=+4503 cdeg  linea=0x0
[gelatina] t=19295 ms  TRACK        rival=si d= 135 mm rumbo=+6000 cdeg  linea=0x0
WARNING: Contact joints between materials 'patin' and 'dohyo' will only be created for the 10 deepest contact points instead of all the 13 contact points.
[gelatina] t=19367 ms  ATTACK       rival=si d= 128 mm rumbo=-4529 cdeg  linea=0x0
[gelatina] t=19536 ms  SEARCH       rival=no d=9999 mm rumbo=-6000 cdeg  linea=0x0
[gelatina] t=19631 ms  TRACK        rival=si d= 150 mm rumbo=-6000 cdeg  linea=0x0
[gelatina] t=19863 ms  SEARCH       rival=no d=9999 mm rumbo=+6000 cdeg  linea=0x0
[gelatina] t=19927 ms  TRACK        rival=si d= 145 mm rumbo=+6000 cdeg  linea=0x0
[gelatina] t=20024 ms  ATTACK       rival=si d= 130 mm rumbo=-6000 cdeg  linea=0x0
[gelatina] t=20167 ms  SEARCH       rival=no d=9999 mm rumbo=-6000 cdeg  linea=0x0
[gelatina] t=20256 ms  TRACK        rival=si d= 148 mm rumbo=-6000 cdeg  linea=0x0
[gelatina] t=20319 ms  ATTACK       rival=si d= 123 mm rumbo=  +25 cdeg  linea=0x0
[gelatina] t=20495 ms  SEARCH       rival=no d=9999 mm rumbo=+6000 cdeg  linea=0x0
WARNING: Contact joints between materials 'patin' and 'dohyo' will only be created for the 10 deepest contact points instead of all the 14 contact points.
[gelatina] t=20655 ms  TRACK        rival=si d= 159 mm rumbo=+3000 cdeg  linea=0x0
[gelatina] t=20855 ms  SEARCH       rival=no d=9999 mm rumbo=-6000 cdeg  linea=0x0
[gelatina] t=20919 ms  TRACK        rival=si d= 156 mm rumbo=-4500 cdeg  linea=0x0
[gelatina] t=21119 ms  SEARCH       rival=no d=9999 mm rumbo=+4516 cdeg  linea=0x0
[gelatina] t=21143 ms  TRACK        rival=si d= 199 mm rumbo=+6000 cdeg  linea=0x0
[gelatina] t=21183 ms  ATTACK       rival=si d= 119 mm rumbo=+4542 cdeg  linea=0x0
[gelatina] t=21415 ms  SEARCH       rival=no d=9999 mm rumbo=-6000 cdeg  linea=0x0
[gelatina] t=21512 ms  TRACK        rival=si d= 159 mm rumbo=-6000 cdeg  linea=0x0
[gelatina] t=21543 ms  ATTACK       rival=si d= 127 mm rumbo=-3000 cdeg  linea=0x0
[gelatina] t=21744 ms  SEARCH       rival=no d=9999 mm rumbo=+6000 cdeg  linea=0x0
WARNING: Contact joints between materials 'patin' and 'dohyo' will only be created for the 10 deepest contact points instead of all the 14 contact points.
[gelatina] t=21903 ms  TRACK        rival=si d= 127 mm rumbo=+6000 cdeg  linea=0x0
[gelatina] t=21911 ms  ATTACK       rival=si d= 127 mm rumbo=+6000 cdeg  linea=0x0
[gelatina] t=22111 ms  SEARCH       rival=no d=9999 mm rumbo=-4556 cdeg  linea=0x0
[gelatina] t=22239 ms  TRACK        rival=si d= 157 mm rumbo=-6000 cdeg  linea=0x0
[gelatina] t=22271 ms  ATTACK       rival=si d= 128 mm rumbo=-1544 cdeg  linea=0x0
[gelatina] t=22471 ms  SEARCH       rival=no d=9999 mm rumbo=+6000 cdeg  linea=0x0
[gelatina] t=22631 ms  TRACK        rival=si d= 162 mm rumbo=+6000 cdeg  linea=0x0
[gelatina] t=22839 ms  SEARCH       rival=no d=9999 mm rumbo=-4444 cdeg  linea=0x0
[gelatina] t=22927 ms  TRACK        rival=si d= 126 mm rumbo=-6000 cdeg  linea=0x0
[gelatina] t=22935 ms  ATTACK       rival=si d= 126 mm rumbo=-6000 cdeg  linea=0x0
WARNING: Contact joints between materials 'patin' and 'dohyo' will only be created for the 10 deepest contact points instead of all the 14 contact points.
[gelatina] t=23135 ms  SEARCH       rival=no d=9999 mm rumbo=+6000 cdeg  linea=0x0
[gelatina] t=23295 ms  TRACK        rival=si d= 165 mm rumbo=+6000 cdeg  linea=0x0
[gelatina] t=23328 ms  ATTACK       rival=si d= 118 mm rumbo=+3000 cdeg  linea=0x0
[gelatina] t=23527 ms  SEARCH       rival=no d=9999 mm rumbo=-6000 cdeg  linea=0x0
[gelatina] t=23655 ms  TRACK        rival=si d= 164 mm rumbo=-6000 cdeg  linea=0x0
[gelatina] t=23887 ms  SEARCH       rival=no d=9999 mm rumbo=+6000 cdeg  linea=0x0
[gelatina] t=23919 ms  TRACK        rival=si d= 218 mm rumbo=+6000 cdeg  linea=0x0
[gelatina] t=24191 ms  SEARCH       rival=no d=9999 mm rumbo=-6000 cdeg  linea=0x0
[gelatina] t=24215 ms  TRACK        rival=si d= 112 mm rumbo=-6000 cdeg  linea=0x0
[gelatina] t=24223 ms  ATTACK       rival=si d= 112 mm rumbo=-6000 cdeg  linea=0x0
WARNING: Contact joints between materials 'rueda' and 'dohyo' will only be created for the 10 deepest contact points instead of all the 12 contact points.
[gelatina] t=24455 ms  SEARCH       rival=no d=9999 mm rumbo=+6000 cdeg  linea=0x0
[gelatina] t=24615 ms  TRACK        rival=si d= 125 mm rumbo=+6000 cdeg  linea=0x0
[gelatina] t=24623 ms  ATTACK       rival=si d= 125 mm rumbo=+6000 cdeg  linea=0x0
[gelatina] t=24879 ms  SEARCH       rival=no d=9999 mm rumbo=-6000 cdeg  linea=0x0
[gelatina] t=24976 ms  TRACK        rival=si d= 154 mm rumbo=-6000 cdeg  linea=0x0
[gelatina] t=25207 ms  SEARCH       rival=no d=9999 mm rumbo=+6000 cdeg  linea=0x0
[gelatina] t=25239 ms  TRACK        rival=si d= 140 mm rumbo=+6000 cdeg  linea=0x0
[gelatina] t=25271 ms  ATTACK       rival=si d= 131 mm rumbo=+3000 cdeg  linea=0x0
WARNING: Contact joints between materials 'rueda' and 'dohyo' will only be created for the 10 deepest contact points instead of all the 11 contact points.
[gelatina] t=25479 ms  SEARCH       rival=no d=9999 mm rumbo=-6000 cdeg  linea=0x0
[gelatina] t=25607 ms  TRACK        rival=si d= 176 mm rumbo=-6000 cdeg  linea=0x0
[gelatina] t=25807 ms  SEARCH       rival=no d=9999 mm rumbo=+4503 cdeg  linea=0x0
[gelatina] t=25831 ms  TRACK        rival=si d= 148 mm rumbo=+6000 cdeg  linea=0x0
[gelatina] t=26031 ms  ATTACK       rival=si d= 124 mm rumbo=-6000 cdeg  linea=0x0
[gelatina] t=26399 ms  SEARCH       rival=no d=9999 mm rumbo=+6000 cdeg  linea=0x0
[gelatina] t=26423 ms  TRACK        rival=si d=  50 mm rumbo=+6000 cdeg  linea=0x0
[gelatina] t=26431 ms  ATTACK       rival=si d=  50 mm rumbo=+6000 cdeg  linea=0x0
WARNING: Contact joints between materials 'patin' and 'dohyo' will only be created for the 10 deepest contact points instead of all the 11 contact points.
[gelatina] t=26831 ms  SEARCH       rival=no d=9999 mm rumbo=-6000 cdeg  linea=0x0
[gelatina] t=26855 ms  TRACK        rival=si d=  66 mm rumbo=-6000 cdeg  linea=0x0
[gelatina] t=26863 ms  ATTACK       rival=si d=  66 mm rumbo=-6000 cdeg  linea=0x0
[gelatina] t=27127 ms  SEARCH       rival=no d=9999 mm rumbo=+3000 cdeg  linea=0x0
[gelatina] t=27319 ms  TRACK        rival=si d=  52 mm rumbo=+4526 cdeg  linea=0x0
[gelatina] t=27328 ms  ATTACK       rival=si d=  52 mm rumbo=+4526 cdeg  linea=0x0
[gelatina] t=27519 ms  SEARCH       rival=no d=9999 mm rumbo=-4557 cdeg  linea=0x0
[gelatina] t=27647 ms  TRACK        rival=si d=  83 mm rumbo=-6000 cdeg  linea=0x0
[gelatina] t=27655 ms  ATTACK       rival=si d=  83 mm rumbo=-6000 cdeg  linea=0x0
WARNING: Contact joints between materials 'patin' and 'dohyo' will only be created for the 10 deepest contact points instead of all the 11 contact points.
[gelatina] t=27887 ms  SEARCH       rival=no d=9999 mm rumbo=+6000 cdeg  linea=0x0
[gelatina] t=28048 ms  TRACK        rival=si d=  76 mm rumbo=+4493 cdeg  linea=0x0
[gelatina] t=28055 ms  ATTACK       rival=si d=  76 mm rumbo=+4493 cdeg  linea=0x0
[gelatina] t=28247 ms  SEARCH       rival=no d=9999 mm rumbo=-6000 cdeg  linea=0x0
[gelatina] t=28407 ms  TRACK        rival=si d=  78 mm rumbo=-4520 cdeg  linea=0x0
[gelatina] t=28415 ms  ATTACK       rival=si d=  78 mm rumbo=-4520 cdeg  linea=0x0
[gelatina] t=28607 ms  SEARCH       rival=no d=9999 mm rumbo=+6000 cdeg  linea=0x0
[gelatina] t=28735 ms  TRACK        rival=si d= 130 mm rumbo=+6000 cdeg  linea=0x0
[gelatina] t=28744 ms  ATTACK       rival=si d= 130 mm rumbo=+6000 cdeg  linea=0x0
WARNING: Contact joints between materials 'patin' and 'dohyo' will only be created for the 10 deepest contact points instead of all the 31 contact points.
[gelatina] t=28976 ms  SEARCH       rival=no d=9999 mm rumbo=-6000 cdeg  linea=0x0
[gelatina] t=29103 ms  TRACK        rival=si d= 131 mm rumbo=-4524 cdeg  linea=0x0
[gelatina] t=29111 ms  ATTACK       rival=si d= 131 mm rumbo=-4524 cdeg  linea=0x0
[gelatina] t=29304 ms  SEARCH       rival=no d=9999 mm rumbo=+4521 cdeg  linea=0x0
[gelatina] t=29463 ms  TRACK        rival=si d= 154 mm rumbo=+6000 cdeg  linea=0x0
[gelatina] t=29495 ms  ATTACK       rival=si d= 119 mm rumbo=+3000 cdeg  linea=0x0
[gelatina] t=29703 ms  SEARCH       rival=no d=9999 mm rumbo=-6000 cdeg  linea=0x0
[gelatina] t=29831 ms  TRACK        rival=si d= 142 mm rumbo=-6000 cdeg  linea=0x0
WARNING: Contact joints between materials 'rueda' and 'dohyo' will only be created for the 10 deepest contact points instead of all the 25 contact points.
[gelatina] t=30063 ms  SEARCH       rival=no d=9999 mm rumbo=+6000 cdeg  linea=0x0
[gelatina] t=30087 ms  TRACK        rival=si d= 166 mm rumbo=+6000 cdeg  linea=0x0
[gelatina] t=30159 ms  ATTACK       rival=si d= 127 mm rumbo=-1441 cdeg  linea=0x0
[gelatina] t=30328 ms  SEARCH       rival=no d=9999 mm rumbo=-4543 cdeg  linea=0x0
[gelatina] t=30455 ms  TRACK        rival=si d= 168 mm rumbo=-6000 cdeg  linea=0x0
[gelatina] t=30751 ms  ATTACK       rival=si d= 120 mm rumbo=+3000 cdeg  linea=0x0
WARNING: Contact joints between materials 'patin' and 'dohyo' will only be created for the 10 deepest contact points instead of all the 12 contact points.
[gelatina] t=30991 ms  SEARCH       rival=no d=9999 mm rumbo=-6000 cdeg  linea=0x0
[gelatina] t=31111 ms  TRACK        rival=si d= 118 mm rumbo=-6000 cdeg  linea=0x0
[gelatina] t=31119 ms  ATTACK       rival=si d= 118 mm rumbo=-6000 cdeg  linea=0x0
[gelatina] t=31351 ms  SEARCH       rival=no d=9999 mm rumbo=+6000 cdeg  linea=0x0
[gelatina] t=31439 ms  TRACK        rival=si d= 138 mm rumbo=+6000 cdeg  linea=0x0
[gelatina] t=31512 ms  ATTACK       rival=si d= 121 mm rumbo=-1536 cdeg  linea=0x0
[gelatina] t=31679 ms  SEARCH       rival=no d=9999 mm rumbo=-6000 cdeg  linea=0x0
[gelatina] t=31807 ms  TRACK        rival=si d= 115 mm rumbo=-4575 cdeg  linea=0x0
[gelatina] t=31816 ms  ATTACK       rival=si d= 115 mm rumbo=-4575 cdeg  linea=0x0
WARNING: Contact joints between materials 'rueda' and 'dohyo' will only be created for the 10 deepest contact points instead of all the 12 contact points.
[gelatina] t=32007 ms  SEARCH       rival=no d=9999 mm rumbo=+4490 cdeg  linea=0x0
[gelatina] t=32167 ms  TRACK        rival=si d= 141 mm rumbo=+4483 cdeg  linea=0x0
[gelatina] t=32431 ms  ATTACK       rival=si d= 115 mm rumbo=+1529 cdeg  linea=0x0
[gelatina] t=32639 ms  SEARCH       rival=no d=9999 mm rumbo=+6000 cdeg  linea=0x0
[gelatina] t=32695 ms  TRACK        rival=si d= 147 mm rumbo=+6000 cdeg  linea=0x0
[gelatina] t=32727 ms  ATTACK       rival=si d= 125 mm rumbo=+4455 cdeg  linea=0x0
[gelatina] t=32935 ms  SEARCH       rival=no d=9999 mm rumbo=-4515 cdeg  linea=0x0
WARNING: Contact joints between materials 'patin' and 'dohyo' will only be created for the 10 deepest contact points instead of all the 11 contact points.
[gelatina] t=33095 ms  TRACK        rival=si d= 103 mm rumbo=-6000 cdeg  linea=0x0
[gelatina] t=33103 ms  ATTACK       rival=si d= 103 mm rumbo=-6000 cdeg  linea=0x0
[gelatina] t=33295 ms  SEARCH       rival=no d=9999 mm rumbo=+4520 cdeg  linea=0x0
[gelatina] t=33455 ms  TRACK        rival=si d= 120 mm rumbo=+6000 cdeg  linea=0x0
[gelatina] t=33463 ms  ATTACK       rival=si d= 120 mm rumbo=+6000 cdeg  linea=0x0
[gelatina] t=33663 ms  SEARCH       rival=no d=9999 mm rumbo=-4517 cdeg  linea=0x0
[gelatina] t=33823 ms  TRACK        rival=si d= 119 mm rumbo=-4548 cdeg  linea=0x0
[gelatina] t=33831 ms  ATTACK       rival=si d= 119 mm rumbo=-4548 cdeg  linea=0x0
[gelatina] t=34024 ms  SEARCH       rival=no d=9999 mm rumbo=+6000 cdeg  linea=0x0
WARNING: Contact joints between materials 'patin' and 'dohyo' will only be created for the 10 deepest contact points instead of all the 12 contact points.
[gelatina] t=34215 ms  TRACK        rival=si d= 184 mm rumbo=   +0 cdeg  linea=0x0
[gelatina] t=34383 ms  SEARCH       rival=no d=9999 mm rumbo=-6000 cdeg  linea=0x0
[gelatina] t=34447 ms  TRACK        rival=si d= 151 mm rumbo=-6000 cdeg  linea=0x0
[gelatina] t=34679 ms  SEARCH       rival=no d=9999 mm rumbo=+6000 cdeg  linea=0x0
[gelatina] t=34711 ms  TRACK        rival=si d= 191 mm rumbo=+6000 cdeg  linea=0x0
[gelatina] t=34807 ms  ATTACK       rival=si d= 121 mm rumbo=-4472 cdeg  linea=0x0
[gelatina] t=34951 ms  SEARCH       rival=no d=9999 mm rumbo=-4472 cdeg  linea=0x0
[gelatina] t=35072 ms  TRACK        rival=si d= 205 mm rumbo=-6000 cdeg  linea=0x0
[gelatina] t=35175 ms  ATTACK       rival=si d= 129 mm rumbo=+4554 cdeg  linea=0x0
WARNING: Contact joints between materials 'patin' and 'dohyo' will only be created for the 10 deepest contact points instead of all the 12 contact points.
[gelatina] t=35343 ms  SEARCH       rival=no d=9999 mm rumbo=+6000 cdeg  linea=0x0
[gelatina] t=35471 ms  TRACK        rival=si d= 156 mm rumbo=+4456 cdeg  linea=0x0
[gelatina] t=35671 ms  SEARCH       rival=no d=9999 mm rumbo=-6000 cdeg  linea=0x0
[gelatina] t=35703 ms  TRACK        rival=si d= 207 mm rumbo=-6000 cdeg  linea=0x0
[gelatina] t=35967 ms  ATTACK       rival=si d= 119 mm rumbo=+6000 cdeg  linea=0x0
[gelatina] t=36199 ms  SEARCH       rival=no d=9999 mm rumbo=-4519 cdeg  linea=0x0
[gelatina] t=36328 ms  TRACK        rival=si d=  81 mm rumbo=-4533 cdeg  linea=0x0
[gelatina] t=36335 ms  ATTACK       rival=si d=  81 mm rumbo=-4533 cdeg  linea=0x0
[gelatina] t=36527 ms  SEARCH       rival=no d=9999 mm rumbo=+6000 cdeg  linea=0x0
[gelatina] t=36687 ms  TRACK        rival=si d=  96 mm rumbo=+4573 cdeg  linea=0x0
[gelatina] t=36695 ms  ATTACK       rival=si d=  96 mm rumbo=+4573 cdeg  linea=0x0
WARNING: Contact joints between materials 'patin' and 'dohyo' will only be created for the 10 deepest contact points instead of all the 22 contact points.
[gelatina] t=36895 ms  SEARCH       rival=no d=9999 mm rumbo=-6000 cdeg  linea=0x0
[gelatina] t=37055 ms  TRACK        rival=si d= 122 mm rumbo=-4539 cdeg  linea=0x0
[gelatina] t=37063 ms  ATTACK       rival=si d= 122 mm rumbo=-4539 cdeg  linea=0x0
[gelatina] t=37256 ms  SEARCH       rival=no d=9999 mm rumbo=+6000 cdeg  linea=0x0
[gelatina] t=37447 ms  TRACK        rival=si d= 121 mm rumbo=+4529 cdeg  linea=0x0
[gelatina] t=37455 ms  ATTACK       rival=si d= 121 mm rumbo=+4529 cdeg  linea=0x0
[gelatina] t=37655 ms  SEARCH       rival=no d=9999 mm rumbo=-6000 cdeg  linea=0x0
[gelatina] t=37816 ms  TRACK        rival=si d= 151 mm rumbo=-6000 cdeg  linea=0x0
[gelatina] t=38015 ms  SEARCH       rival=no d=9999 mm rumbo=+4491 cdeg  linea=0x0
[gelatina] t=38079 ms  TRACK        rival=si d= 152 mm rumbo=+6000 cdeg  linea=0x0
[gelatina] t=38280 ms  SEARCH       rival=no d=9999 mm rumbo=-1498 cdeg  linea=0x0
WARNING: Contact joints between materials 'patin' and 'dohyo' will only be created for the 10 deepest contact points instead of all the 20 contact points.
[gelatina] t=38407 ms  TRACK        rival=si d= 135 mm rumbo=-4533 cdeg  linea=0x0
[gelatina] t=38607 ms  SEARCH       rival=no d=9999 mm rumbo=+4495 cdeg  linea=0x0
[gelatina] t=38671 ms  TRACK        rival=si d= 106 mm rumbo=+6000 cdeg  linea=0x0
[gelatina] t=38679 ms  ATTACK       rival=si d= 106 mm rumbo=+6000 cdeg  linea=0x0
[gelatina] t=38911 ms  SEARCH       rival=no d=9999 mm rumbo=-6000 cdeg  linea=0x0
[gelatina] t=39031 ms  TRACK        rival=si d= 142 mm rumbo=-6000 cdeg  linea=0x0
[gelatina] t=39072 ms  ATTACK       rival=si d=  99 mm rumbo=-3000 cdeg  linea=0x0
[gelatina] t=39271 ms  SEARCH       rival=no d=9999 mm rumbo=+6000 cdeg  linea=0x0
[gelatina] t=39399 ms  TRACK        rival=si d= 148 mm rumbo=+4459 cdeg  linea=0x0
WARNING: Contact joints between materials 'patin' and 'dohyo' will only be created for the 10 deepest contact points instead of all the 34 contact points.
[gelatina] t=39599 ms  SEARCH       rival=no d=9999 mm rumbo=-6000 cdeg  linea=0x0
[gelatina] t=39631 ms  TRACK        rival=si d= 178 mm rumbo=-6000 cdeg  linea=0x0
[gelatina] t=39863 ms  SEARCH       rival=no d=9999 mm rumbo=+4496 cdeg  linea=0x0
[gelatina] t=39887 ms  TRACK        rival=si d= 123 mm rumbo=+6000 cdeg  linea=0x0
[gelatina] t=39895 ms  ATTACK       rival=si d= 123 mm rumbo=+6000 cdeg  linea=0x0
[gelatina] t=40159 ms  SEARCH       rival=no d=9999 mm rumbo=-6000 cdeg  linea=0x0
[gelatina] t=40256 ms  TRACK        rival=si d= 112 mm rumbo=-6000 cdeg  linea=0x0
[gelatina] t=40263 ms  ATTACK       rival=si d= 112 mm rumbo=-6000 cdeg  linea=0x0
WARNING: Contact joints between materials 'rueda' and 'dohyo' will only be created for the 10 deepest contact points instead of all the 11 contact points.
[gelatina] t=40488 ms  SEARCH       rival=no d=9999 mm rumbo=+6000 cdeg  linea=0x0
[gelatina] t=40647 ms  TRACK        rival=si d= 112 mm rumbo=+4542 cdeg  linea=0x0
[gelatina] t=40655 ms  ATTACK       rival=si d= 112 mm rumbo=+4542 cdeg  linea=0x0
[gelatina] t=40855 ms  SEARCH       rival=no d=9999 mm rumbo=-4516 cdeg  linea=0x0
[gelatina] t=41015 ms  TRACK        rival=si d= 153 mm rumbo=-6000 cdeg  linea=0x0
[gelatina] t=41247 ms  SEARCH       rival=no d=9999 mm rumbo=+6000 cdeg  linea=0x0
[gelatina] t=41280 ms  TRACK        rival=si d= 153 mm rumbo=+6000 cdeg  linea=0x0
[gelatina] t=41343 ms  ATTACK       rival=si d= 125 mm rumbo=-1526 cdeg  linea=0x0
[gelatina] t=41512 ms  SEARCH       rival=no d=9999 mm rumbo=-6000 cdeg  linea=0x0
[gelatina] t=41639 ms  TRACK        rival=si d= 160 mm rumbo=-6000 cdeg  linea=0x0
WARNING: Contact joints between materials 'patin' and 'dohyo' will only be created for the 10 deepest contact points instead of all the 34 contact points.
[gelatina] t=41671 ms  ATTACK       rival=si d= 132 mm rumbo=-3000 cdeg  linea=0x0
[gelatina] t=41879 ms  SEARCH       rival=no d=9999 mm rumbo=+6000 cdeg  linea=0x0
[gelatina] t=42039 ms  TRACK        rival=si d= 153 mm rumbo=+1531 cdeg  linea=0x0
[gelatina] t=42239 ms  SEARCH       rival=no d=9999 mm rumbo=-6000 cdeg  linea=0x0
[gelatina] t=42304 ms  TRACK        rival=si d= 161 mm rumbo=-4507 cdeg  linea=0x0
[gelatina] t=42503 ms  SEARCH       rival=no d=9999 mm rumbo=+4506 cdeg  linea=0x0
[gelatina] t=42567 ms  TRACK        rival=si d= 131 mm rumbo=+4490 cdeg  linea=0x0
[gelatina] t=42575 ms  ATTACK       rival=si d= 131 mm rumbo=+4490 cdeg  linea=0x0
[gelatina] t=42799 ms  SEARCH       rival=no d=9999 mm rumbo=-6000 cdeg  linea=0x0
[gelatina] t=42927 ms  TRACK        rival=si d= 137 mm rumbo=-4531 cdeg  linea=0x0
WARNING: Contact joints between materials 'rueda' and 'dohyo' will only be created for the 10 deepest contact points instead of all the 11 contact points.
[gelatina] t=43127 ms  SEARCH       rival=no d=9999 mm rumbo=+6000 cdeg  linea=0x0
[gelatina] t=43159 ms  TRACK        rival=si d= 150 mm rumbo=+6000 cdeg  linea=0x0
[gelatina] t=43256 ms  ATTACK       rival=si d= 119 mm rumbo=-4482 cdeg  linea=0x0
[gelatina] t=43399 ms  SEARCH       rival=no d=9999 mm rumbo=-4482 cdeg  linea=0x0
[gelatina] t=43519 ms  TRACK        rival=si d= 148 mm rumbo=-6000 cdeg  linea=0x0
[gelatina] t=43727 ms  SEARCH       rival=no d=9999 mm rumbo=+3000 cdeg  linea=0x0
[gelatina] t=43816 ms  TRACK        rival=si d= 141 mm rumbo=+4548 cdeg  linea=0x0
[gelatina] t=43887 ms  ATTACK       rival=si d= 129 mm rumbo=-4545 cdeg  linea=0x0
WARNING: Contact joints between materials 'rueda' and 'dohyo' will only be created for the 10 deepest contact points instead of all the 14 contact points.
[gelatina] t=44024 ms  SEARCH       rival=no d=9999 mm rumbo=-4545 cdeg  linea=0x0
[gelatina] t=44151 ms  TRACK        rival=si d= 122 mm rumbo=-4525 cdeg  linea=0x0
[gelatina] t=44159 ms  ATTACK       rival=si d= 122 mm rumbo=-4525 cdeg  linea=0x0
[gelatina] t=44383 ms  SEARCH       rival=no d=9999 mm rumbo=+6000 cdeg  linea=0x0
[gelatina] t=44512 ms  TRACK        rival=si d= 189 mm rumbo=+6000 cdeg  linea=0x0
[gelatina] t=44719 ms  SEARCH       rival=no d=9999 mm rumbo=-4457 cdeg  linea=0x0
[gelatina] t=44775 ms  TRACK        rival=si d= 197 mm rumbo=-6000 cdeg  linea=0x0
WARNING: Contact joints between materials 'rueda' and 'dohyo' will only be created for the 10 deepest contact points instead of all the 16 contact points.
[gelatina] t=45175 ms  ATTACK       rival=si d= 113 mm rumbo=-4555 cdeg  linea=0x0
[gelatina] t=45575 ms  SEARCH       rival=no d=9999 mm rumbo=+6000 cdeg  linea=0x0
[gelatina] t=45695 ms  TRACK        rival=si d=  46 mm rumbo=+6000 cdeg  linea=0x0
[gelatina] t=45703 ms  ATTACK       rival=si d=  46 mm rumbo=+6000 cdeg  linea=0x0
WARNING: Contact joints between materials 'patin' and 'dohyo' will only be created for the 10 deepest contact points instead of all the 24 contact points.
[gelatina] t=47319 ms  SEARCH       rival=no d=9999 mm rumbo=+3000 cdeg  linea=0x0
[gelatina] t=47383 ms  EDGE_ESCAPE  rival=no d=9999 mm rumbo=+3000 cdeg  linea=0x8
[gelatina] t=47591 ms  SEARCH       rival=no d=9999 mm rumbo=+3000 cdeg  linea=0x0
[gelatina] t=47647 ms  TRACK        rival=si d= 108 mm rumbo=+6000 cdeg  linea=0x0
[gelatina] t=47655 ms  ATTACK       rival=si d= 108 mm rumbo=+6000 cdeg  linea=0x0
[gelatina] t=47887 ms  SEARCH       rival=no d=9999 mm rumbo=-6000 cdeg  linea=0x0
[gelatina] t=48048 ms  TRACK        rival=si d=  90 mm rumbo=-4560 cdeg  linea=0x0
[gelatina] t=48055 ms  ATTACK       rival=si d=  90 mm rumbo=-4560 cdeg  linea=0x0
WARNING: Contact joints between materials 'patin' and 'dohyo' will only be created for the 10 deepest contact points instead of all the 14 contact points.
[gelatina] t=48247 ms  SEARCH       rival=no d=9999 mm rumbo=+6000 cdeg  linea=0x0
[gelatina] t=48375 ms  TRACK        rival=si d= 134 mm rumbo=+6000 cdeg  linea=0x0
[gelatina] t=48407 ms  ATTACK       rival=si d= 128 mm rumbo=+3000 cdeg  linea=0x0
[gelatina] t=48607 ms  SEARCH       rival=no d=9999 mm rumbo=-6000 cdeg  linea=0x0
[gelatina] t=48799 ms  TRACK        rival=si d= 122 mm rumbo=-1524 cdeg  linea=0x0
[gelatina] t=48807 ms  ATTACK       rival=si d= 122 mm rumbo=-1524 cdeg  linea=0x0
[gelatina] t=48871 ms  EDGE_ESCAPE  rival=si d= 140 mm rumbo=+3000 cdeg  linea=0x2
[gelatina] t=49079 ms  SEARCH       rival=no d=9999 mm rumbo=+3000 cdeg  linea=0x0
[gelatina] t=49167 ms  TRACK        rival=si d= 101 mm rumbo=+4502 cdeg  linea=0x0
[gelatina] t=49175 ms  ATTACK       rival=si d= 101 mm rumbo=+4502 cdeg  linea=0x0
[gelatina] t=49367 ms  SEARCH       rival=no d=9999 mm rumbo=-4527 cdeg  linea=0x0
WARNING: Contact joints between materials 'patin' and 'dohyo' will only be created for the 10 deepest contact points instead of all the 12 contact points.
[gelatina] t=49527 ms  TRACK        rival=si d= 116 mm rumbo=-6000 cdeg  linea=0x0
[gelatina] t=49536 ms  ATTACK       rival=si d= 116 mm rumbo=-6000 cdeg  linea=0x0
[gelatina] t=49727 ms  SEARCH       rival=no d=9999 mm rumbo=+4546 cdeg  linea=0x0
[gelatina] t=49887 ms  TRACK        rival=si d= 134 mm rumbo=+6000 cdeg  linea=0x0
[gelatina] t=49927 ms  ATTACK       rival=si d= 132 mm rumbo=   +0 cdeg  linea=0x0
[gelatina] t=50096 ms  SEARCH       rival=no d=9999 mm rumbo=-4504 cdeg  linea=0x0
[gelatina] t=50256 ms  TRACK        rival=si d= 139 mm rumbo=-6000 cdeg  linea=0x0
[gelatina] t=50455 ms  SEARCH       rival=no d=9999 mm rumbo=+6000 cdeg  linea=0x0
[gelatina] t=50520 ms  TRACK        rival=si d= 120 mm rumbo=+6000 cdeg  linea=0x0
[gelatina] t=50527 ms  ATTACK       rival=si d= 120 mm rumbo=+6000 cdeg  linea=0x0
[gelatina] t=50751 ms  SEARCH       rival=no d=9999 mm rumbo=-6000 cdeg  linea=0x0
[gelatina] t=50879 ms  TRACK        rival=si d= 123 mm rumbo=-6000 cdeg  linea=0x0
[gelatina] t=50888 ms  ATTACK       rival=si d= 123 mm rumbo=-6000 cdeg  linea=0x0
[gelatina] t=51087 ms  SEARCH       rival=no d=9999 mm rumbo=+3000 cdeg  linea=0x0
[gelatina] t=51311 ms  TRACK        rival=si d= 163 mm rumbo=+6000 cdeg  linea=0x0
[gelatina] t=51407 ms  ATTACK       rival=si d= 132 mm rumbo=-6000 cdeg  linea=0x0
[gelatina] t=51544 ms  SEARCH       rival=no d=9999 mm rumbo=-6000 cdeg  linea=0x0
[gelatina] t=51671 ms  TRACK        rival=si d= 165 mm rumbo=-4518 cdeg  linea=0x0
[gelatina] t=51879 ms  SEARCH       rival=no d=9999 mm rumbo=+3000 cdeg  linea=0x0
WARNING: Contact joints between materials 'patin' and 'dohyo' will only be created for the 10 deepest contact points instead of all the 11 contact points.
[gelatina] t=51967 ms  TRACK        rival=si d= 141 mm rumbo=+4488 cdeg  linea=0x0
[gelatina] t=51999 ms  ATTACK       rival=si d= 127 mm rumbo=   +0 cdeg  linea=0x0
[gelatina] t=52176 ms  SEARCH       rival=no d=9999 mm rumbo=-6000 cdeg  linea=0x0
[gelatina] t=52335 ms  TRACK        rival=si d= 158 mm rumbo=-4533 cdeg  linea=0x0
[gelatina] t=52535 ms  SEARCH       rival=no d=9999 mm rumbo=+6000 cdeg  linea=0x0
[gelatina] t=52599 ms  TRACK        rival=si d= 152 mm rumbo=+4538 cdeg  linea=0x0
[gelatina] t=52799 ms  SEARCH       rival=no d=9999 mm rumbo=-4491 cdeg  linea=0x0
[gelatina] t=52831 ms  TRACK        rival=si d= 178 mm rumbo=-6000 cdeg  linea=0x0
[gelatina] t=53063 ms  SEARCH       rival=no d=9999 mm rumbo=+6000 cdeg  linea=0x0
[gelatina] t=53087 ms  TRACK        rival=si d= 125 mm rumbo=+6000 cdeg  linea=0x0
[gelatina] t=53095 ms  ATTACK       rival=si d= 125 mm rumbo=+6000 cdeg  linea=0x0
[gelatina] t=53328 ms  SEARCH       rival=no d=9999 mm rumbo=-6000 cdeg  linea=0x0
[gelatina] t=53455 ms  TRACK        rival=si d= 138 mm rumbo=-6000 cdeg  linea=0x0
[gelatina] t=53487 ms  ATTACK       rival=si d= 132 mm rumbo=-1510 cdeg  linea=0x0
[gelatina] t=53688 ms  SEARCH       rival=no d=9999 mm rumbo=+6000 cdeg  linea=0x0
[gelatina] t=53816 ms  TRACK        rival=si d= 157 mm rumbo=+6000 cdeg  linea=0x0
[gelatina] t=53847 ms  ATTACK       rival=si d= 123 mm rumbo=+3000 cdeg  linea=0x0
[gelatina] t=54023 ms  SEARCH       rival=no d=9999 mm rumbo=-4487 cdeg  linea=0x0
[gelatina] t=54183 ms  TRACK        rival=si d= 158 mm rumbo=-4530 cdeg  linea=0x0
[gelatina] t=54383 ms  SEARCH       rival=no d=9999 mm rumbo=+4538 cdeg  linea=0x0
[gelatina] t=54448 ms  TRACK        rival=si d= 133 mm rumbo=+4517 cdeg  linea=0x0
[gelatina] t=54679 ms  ATTACK       rival=si d= 124 mm rumbo=-6000 cdeg  linea=0x0
WARNING: Contact joints between materials 'patin' and 'dohyo' will only be created for the 10 deepest contact points instead of all the 11 contact points.
[gelatina] t=54943 ms  SEARCH       rival=no d=9999 mm rumbo=+6000 cdeg  linea=0x0
[gelatina] t=55071 ms  TRACK        rival=si d= 111 mm rumbo=+4496 cdeg  linea=0x0
[gelatina] t=55080 ms  ATTACK       rival=si d= 111 mm rumbo=+4496 cdeg  linea=0x0
[gelatina] t=55280 ms  SEARCH       rival=no d=9999 mm rumbo=-6000 cdeg  linea=0x0
[gelatina] t=55439 ms  TRACK        rival=si d=  98 mm rumbo=-4524 cdeg  linea=0x0
[gelatina] t=55448 ms  ATTACK       rival=si d=  98 mm rumbo=-4524 cdeg  linea=0x0
[gelatina] t=55640 ms  SEARCH       rival=no d=9999 mm rumbo=+4522 cdeg  linea=0x0
[gelatina] t=55799 ms  TRACK        rival=si d= 153 mm rumbo=+6000 cdeg  linea=0x0
[gelatina] t=55831 ms  ATTACK       rival=si d= 119 mm rumbo=+3000 cdeg  linea=0x0
[gelatina] t=56032 ms  SEARCH       rival=no d=9999 mm rumbo=-6000 cdeg  linea=0x0
[gelatina] t=56159 ms  TRACK        rival=si d= 134 mm rumbo=-6000 cdeg  linea=0x0
[gelatina] t=56191 ms  ATTACK       rival=si d= 130 mm rumbo=-1517 cdeg  linea=0x0
[gelatina] t=56400 ms  SEARCH       rival=no d=9999 mm rumbo=+6000 cdeg  linea=0x0
[gelatina] t=56559 ms  TRACK        rival=si d= 141 mm rumbo=+6000 cdeg  linea=0x0
[gelatina] t=56591 ms  ATTACK       rival=si d= 132 mm rumbo=+1508 cdeg  linea=0x0
[gelatina] t=56791 ms  SEARCH       rival=no d=9999 mm rumbo=-6000 cdeg  linea=0x0
[gelatina] t=56951 ms  TRACK        rival=si d= 148 mm rumbo=-4503 cdeg  linea=0x0
[gelatina] t=57152 ms  SEARCH       rival=no d=9999 mm rumbo=+6000 cdeg  linea=0x0
[gelatina] t=57215 ms  TRACK        rival=si d= 141 mm rumbo=+4553 cdeg  linea=0x0
[gelatina] t=57287 ms  ATTACK       rival=si d= 120 mm rumbo=-4500 cdeg  linea=0x0
WARNING: Contact joints between materials 'patin' and 'dohyo' will only be created for the 10 deepest contact points instead of all the 13 contact points.
[gelatina] t=57423 ms  SEARCH       rival=no d=9999 mm rumbo=-4500 cdeg  linea=0x0
[gelatina] t=57583 ms  TRACK        rival=si d= 167 mm rumbo=-3000 cdeg  linea=0x0
[gelatina] t=57783 ms  SEARCH       rival=no d=9999 mm rumbo=+6000 cdeg  linea=0x0
[gelatina] t=57839 ms  TRACK        rival=si d= 138 mm rumbo=+6000 cdeg  linea=0x0
[gelatina] t=58111 ms  ATTACK       rival=si d= 124 mm rumbo=-1462 cdeg  linea=0x0
[gelatina] t=58311 ms  SEARCH       rival=no d=9999 mm rumbo=+6000 cdeg  linea=0x0
[gelatina] t=58439 ms  TRACK        rival=si d= 144 mm rumbo=+6000 cdeg  linea=0x0
[gelatina] t=58503 ms  ATTACK       rival=si d= 109 mm rumbo=-1558 cdeg  linea=0x0
[gelatina] t=58671 ms  SEARCH       rival=no d=9999 mm rumbo=-6000 cdeg  linea=0x0
[gelatina] t=58831 ms  TRACK        rival=si d= 148 mm rumbo=-3000 cdeg  linea=0x0
[gelatina] t=58863 ms  ATTACK       rival=si d= 128 mm rumbo=  +48 cdeg  linea=0x0
[gelatina] t=59039 ms  SEARCH       rival=no d=9999 mm rumbo=+6000 cdeg  linea=0x0
[gelatina] t=59200 ms  TRACK        rival=si d= 164 mm rumbo=+4516 cdeg  linea=0x0
[gelatina] t=59399 ms  SEARCH       rival=no d=9999 mm rumbo=-6000 cdeg  linea=0x0
WARNING: Contact joints between materials 'patin' and 'dohyo' will only be created for the 10 deepest contact points instead of all the 12 contact points.
[gelatina] t=59463 ms  TRACK        rival=si d= 149 mm rumbo=-6000 cdeg  linea=0x0
[gelatina] t=59695 ms  SEARCH       rival=no d=9999 mm rumbo=+6000 cdeg  linea=0x0
[gelatina] t=59727 ms  TRACK        rival=si d= 126 mm rumbo=+6000 cdeg  linea=0x0
[gelatina] t=59735 ms  ATTACK       rival=si d= 126 mm rumbo=+6000 cdeg  linea=0x0
[gelatina] t=59959 ms  SEARCH       rival=no d=9999 mm rumbo=-6000 cdeg  linea=0x0
[arbitro] asalto 23/30  banco    tiempo agotado  +0  60.01 s
[inercia] asalto=23 robot=GELATINA rueda=0 rotor=3.50999542e-05
[inercia] asalto=23 robot=GELATINA rueda=1 rotor=1.70414917e-05
[inercia] asalto=23 robot=RIVAL rueda=0 rotor=3.00675711e-05
[inercia] asalto=23 robot=RIVAL rueda=1 rotor=2.47809886e-05
[planta] asalto=23 mu=0.949570215 slip=0.00127460468 aleatorio=1
WARNING: DEF GELATINA GelatinaNuclear > HingeJoint "rueda_izq" > Solid "rueda_izq": Webots has detected that this solid is light and oblong according to its inertia matrix. This belongs in the physics edge cases, and can imply weird physical results. Increasing the weight of the object or reducing its eccentricity are recommended.
WARNING: DEF RIVAL GelatinaNuclear > HingeJoint "rueda_der" > Solid "rueda_der": Webots has detected that this solid is light and oblong according to its inertia matrix. This belongs in the physics edge cases, and can imply weird physical results. Increasing the weight of the object or reducing its eccentricity are recommended.
[gelatina] fin de asalto motor={"battery_v":8.16872652,"resistance_ohm":[4.03306503,4.00849385],"bridge_ohm":[0.659545147,0.62138449],"omega_rad_s":[54.5490091,-13.6562568],"current_a":[0.956328674,-1.26514959],"torque_nm":[0.0372743341,-0.0513961039],"applied_pwm":[1,-0.827199996],"over_1_2a_samples":2340,"over_3_2a_samples":0}
[gelatina] t=    0 ms  WAIT         rival=no d=9999 mm rumbo=-6000 cdeg  linea=0x0
[rival] fin de asalto motor={"battery_v":7.43880427,"resistance_ohm":[3.66269288,4.27961082],"bridge_ohm":[0.615391648,0.657067728],"omega_rad_s":[-41.328066,32.3106753],"current_a":[-0.213342848,0.204328131],"torque_nm":[-0.00177812113,0.00559780122],"applied_pwm":[-0.5,0.5],"over_1_2a_samples":153,"over_3_2a_samples":0}
[arranque] pulsador=265984 permiso=270984 ms
[planta] gelatina ciclo=25 rueda=0 V=8.20254513 R=4.39367437 Rpuente=0.671440876 I0=0.13123025 Ke=0.0669557527 Kt=0.0483794733
[planta] gelatina ciclo=25 rueda=1 V=8.20254513 R=3.98352647 Rpuente=0.697571003 I0=0.17354883 Ke=0.0868823042 Kt=0.0483794733
[sensores] gelatina ToF alcance=1392.38014 minimo=35.3119642 sigma_rel=0.108482208
[gelatina] pulsador recibido: permiso previsto 270984 ms
[planta] rival ciclo=25 rueda=0 V=7.96421191 R=4.10517569 Rpuente=0.551964056 I0=0.167828563 Ke=0.0806549315 Kt=0.0483794733
[planta] rival ciclo=25 rueda=1 V=7.96421191 R=3.67243137 Rpuente=0.518191636 I0=0.147279301 Ke=0.0759574003 Kt=0.0483794733
[sensores] rival ToF alcance=1304.29261 minimo=44.8549813 sigma_rel=0.0543525887
[gelatina] permiso de arranque a los 270984 ms
[gelatina] t=    0 ms  TRACK        rival=si d= 370 mm rumbo=   +0 cdeg  linea=0x0
WARNING: Contact joints between materials 'patin' and 'dohyo' will only be created for the 10 deepest contact points instead of all the 21 contact points.
[gelatina] t=  392 ms  ATTACK       rival=si d= 119 mm rumbo=+1443 cdeg  linea=0x0
[gelatina] t=  824 ms  SEARCH       rival=no d=9999 mm rumbo=+6000 cdeg  linea=0x0
[gelatina] t=  888 ms  TRACK        rival=si d=  53 mm rumbo=+3000 cdeg  linea=0x0
[gelatina] t=  896 ms  ATTACK       rival=si d=  53 mm rumbo=+3000 cdeg  linea=0x0
[gelatina] t= 1256 ms  SEARCH       rival=no d=9999 mm rumbo=   +0 cdeg  linea=0x0
[gelatina] t= 1344 ms  TRACK        rival=si d=  39 mm rumbo=+6000 cdeg  linea=0x0
[gelatina] t= 1352 ms  ATTACK       rival=si d=  39 mm rumbo=+6000 cdeg  linea=0x0
[gelatina] t= 1616 ms  SEARCH       rival=no d=9999 mm rumbo=+3000 cdeg  linea=0x0
[gelatina] t= 1648 ms  TRACK        rival=si d= 700 mm rumbo=-6000 cdeg  linea=0x0
[gelatina] t= 1712 ms  ATTACK       rival=si d=  76 mm rumbo=-3383 cdeg  linea=0x0
[arbitro] asalto 24/30  banco    expulsado       -1   1.71 s
[inercia] asalto=24 robot=GELATINA rueda=0 rotor=9.69655949e-06
[inercia] asalto=24 robot=GELATINA rueda=1 rotor=2.4212451e-05
[inercia] asalto=24 robot=RIVAL rueda=0 rotor=3.15720313e-05
[inercia] asalto=24 robot=RIVAL rueda=1 rotor=1.12083823e-05
[planta] asalto=24 mu=1.17989329 slip=0.000279034257 aleatorio=1
WARNING: DEF GELATINA GelatinaNuclear > HingeJoint "rueda_izq" > Solid "rueda_izq": Webots has detected that this solid is light and oblong according to its inertia matrix. This belongs in the physics edge cases, and can imply weird physical results. Increasing the weight of the object or reducing its eccentricity are recommended.
[gelatina] fin de asalto motor={"battery_v":8.20254513,"resistance_ohm":[4.39367437,3.98352647],"bridge_ohm":[0.671440876,0.697571003],"omega_rad_s":[39.7411122,23.9564299],"current_a":[1.09408153,-1.04275986],"torque_nm":[0.0465822379,-0.058844374],"applied_pwm":[1,-0.341341704],"over_1_2a_samples":2358,"over_3_2a_samples":0}
[gelatina] t=    0 ms  WAIT         rival=si d=  76 mm rumbo=-3383 cdeg  linea=0x4
[rival] fin de asalto motor={"battery_v":7.96421191,"resistance_ohm":[4.10517569,3.67243137],"bridge_ohm":[0.551964056,0.518191636],"omega_rad_s":[-31.5923239,31.9837237],"current_a":[-0.307920592,0.370519001],"torque_nm":[-0.00677757861,0.0108002191],"applied_pwm":[-0.5,0.5],"over_1_2a_samples":154,"over_3_2a_samples":0}
[planta] gelatina ciclo=26 rueda=0 V=8.23853394 R=4.24453578 Rpuente=0.631103218 I0=0.0987992674 Ke=0.0743115635 Kt=0.0483794733
[planta] gelatina ciclo=26 rueda=1 V=8.23853394 R=3.95123382 Rpuente=0.518587148 I0=0.0939933747 Ke=0.0785624439 Kt=0.0483794733
[sensores] gelatina ToF alcance=1222.79226 minimo=35.5135429 sigma_rel=0.0588628149
[gelatina] pulsador recibido: permiso previsto 278008 ms
[planta] rival ciclo=26 rueda=0 V=7.85345128 R=3.67864804 Rpuente=0.664514804 I0=0.117259365 Ke=0.0835980642 Kt=0.0483794733
[planta] rival ciclo=26 rueda=1 V=7.85345128 R=3.95715528 Rpuente=0.636369371 I0=0.133642271 Ke=0.0722743059 Kt=0.0483794733
[sensores] rival ToF alcance=1042.78057 minimo=45.847522 sigma_rel=0.0809257889
[arranque] pulsador=273008 permiso=278008 ms
[gelatina] permiso de arranque a los 278008 ms
[gelatina] t=    0 ms  TRACK        rival=si d= 284 mm rumbo=   +0 cdeg  linea=0x0
WARNING: Contact joints between materials 'rueda' and 'dohyo' will only be created for the 10 deepest contact points instead of all the 11 contact points.
[gelatina] t=  328 ms  ATTACK       rival=si d=  85 mm rumbo=   +0 cdeg  linea=0x0
[gelatina] t=  592 ms  SEARCH       rival=no d=9999 mm rumbo=+3000 cdeg  linea=0x0
[gelatina] t=  624 ms  TRACK        rival=si d=  57 mm rumbo=-3000 cdeg  linea=0x0
[gelatina] t=  632 ms  ATTACK       rival=si d=  57 mm rumbo=-3000 cdeg  linea=0x0
[gelatina] t=  760 ms  SEARCH       rival=no d=9999 mm rumbo=-3000 cdeg  linea=0x0
[arbitro] asalto 25/30  banco    rival fuera     +1   0.77 s
[inercia] asalto=25 robot=GELATINA rueda=0 rotor=1.51063374e-05
[inercia] asalto=25 robot=GELATINA rueda=1 rotor=1.77277225e-05
[inercia] asalto=25 robot=RIVAL rueda=0 rotor=1.69141039e-05
[inercia] asalto=25 robot=RIVAL rueda=1 rotor=2.07750269e-05
[planta] asalto=25 mu=0.640810823 slip=0.00191908431 aleatorio=1
WARNING: DEF RIVAL GelatinaNuclear > HingeJoint "rueda_izq" > Solid "rueda_izq": Webots has detected that this solid is light and oblong according to its inertia matrix. This belongs in the physics edge cases, and can imply weird physical results. Increasing the weight of the object or reducing its eccentricity are recommended.
[gelatina] fin de asalto motor={"battery_v":8.23853394,"resistance_ohm":[4.24453578,3.95123382],"bridge_ohm":[0.631103218,0.518587148],"omega_rad_s":[65.8886452,40.2733528],"current_a":[0.685499008,-0.262581617],"torque_nm":[0.0283842245,-0.0172509103],"applied_pwm":[1,0.241581842],"over_1_2a_samples":2364,"over_3_2a_samples":0}
[gelatina] t=    0 ms  WAIT         rival=si d= 273 mm rumbo=   +0 cdeg  linea=0x0
[rival] fin de asalto motor={"battery_v":7.85345128,"resistance_ohm":[3.67864804,3.95715528],"bridge_ohm":[0.664514804,0.636369371],"omega_rad_s":[-53.3167645,-56.6636658],"current_a":[0.122135108,1.74638287],"torque_nm":[0.0115817785,0.0909546262],"applied_pwm":[-0.5,0.5],"over_1_2a_samples":158,"over_3_2a_samples":0}
[arranque] pulsador=279088 permiso=284088 ms
[planta] gelatina ciclo=27 rueda=0 V=8.27235247 R=3.80514512 Rpuente=0.642998934 I0=0.194158459 Ke=0.0671985495 Kt=0.0483794733
[planta] gelatina ciclo=27 rueda=1 V=8.27235247 R=3.92626638 Rpuente=0.594773662 I0=0.214746147 Ke=0.0634773829 Kt=0.0483794733
[sensores] gelatina ToF alcance=1173.52594 minimo=41.4970058 sigma_rel=0.0961788797
[gelatina] pulsador recibido: permiso previsto 284088 ms
[planta] rival ciclo=27 rueda=0 V=8.37885891 R=4.1211309 Rpuente=0.601087213 I0=0.108498716 Ke=0.0686697177 Kt=0.0483794733
[planta] rival ciclo=27 rueda=1 V=8.37885891 R=4.14997587 Rpuente=0.697493279 I0=0.192299563 Ke=0.0645617259 Kt=0.0483794733
[sensores] rival ToF alcance=1532.95035 minimo=22.9924762 sigma_rel=0.0703261137
[gelatina] permiso de arranque a los 284088 ms
[gelatina] t=    0 ms  TRACK        rival=si d= 285 mm rumbo=   +0 cdeg  linea=0x0
WARNING: Contact joints between materials 'rueda' and 'dohyo' will only be created for the 10 deepest contact points instead of all the 11 contact points.
[gelatina] t=  392 ms  ATTACK       rival=si d= 115 mm rumbo=-6000 cdeg  linea=0x0
[gelatina] t=  824 ms  SEARCH       rival=no d=9999 mm rumbo=+6000 cdeg  linea=0x0
[gelatina] t=  856 ms  TRACK        rival=si d=  73 mm rumbo=+6000 cdeg  linea=0x0
[gelatina] t=  864 ms  ATTACK       rival=si d=  73 mm rumbo=+6000 cdeg  linea=0x0
[gelatina] t= 1160 ms  SEARCH       rival=no d=9999 mm rumbo=-6000 cdeg  linea=0x0
[gelatina] t= 1248 ms  TRACK        rival=si d=  86 mm rumbo=-6000 cdeg  linea=0x0
[gelatina] t= 1256 ms  ATTACK       rival=si d=  86 mm rumbo=-6000 cdeg  linea=0x0
WARNING: Contact joints between materials 'rueda' and 'dohyo' will only be created for the 10 deepest contact points instead of all the 12 contact points.
[gelatina] t= 1488 ms  SEARCH       rival=no d=9999 mm rumbo=+6000 cdeg  linea=0x0
[gelatina] t= 1608 ms  TRACK        rival=si d=  83 mm rumbo=+6000 cdeg  linea=0x0
[gelatina] t= 1616 ms  ATTACK       rival=si d=  83 mm rumbo=+6000 cdeg  linea=0x0
[gelatina] t= 1848 ms  SEARCH       rival=no d=9999 mm rumbo=-6000 cdeg  linea=0x0
[gelatina] t= 1976 ms  TRACK        rival=si d=  84 mm rumbo=-6000 cdeg  linea=0x0
[gelatina] t= 1984 ms  ATTACK       rival=si d=  84 mm rumbo=-6000 cdeg  linea=0x0
[gelatina] t= 2176 ms  SEARCH       rival=no d=9999 mm rumbo=+4545 cdeg  linea=0x0
[gelatina] t= 2304 ms  TRACK        rival=si d= 123 mm rumbo=+6000 cdeg  linea=0x0
[gelatina] t= 2312 ms  ATTACK       rival=si d= 123 mm rumbo=+6000 cdeg  linea=0x0
WARNING: Contact joints between materials 'patin' and 'dohyo' will only be created for the 10 deepest contact points instead of all the 17 contact points.
[gelatina] t= 2544 ms  SEARCH       rival=no d=9999 mm rumbo=-6000 cdeg  linea=0x0
[gelatina] t= 2704 ms  TRACK        rival=si d= 105 mm rumbo=-4508 cdeg  linea=0x0
[gelatina] t= 2712 ms  ATTACK       rival=si d= 105 mm rumbo=-4508 cdeg  linea=0x0
[gelatina] t= 2904 ms  SEARCH       rival=no d=9999 mm rumbo=+6000 cdeg  linea=0x0
[gelatina] t= 3032 ms  TRACK        rival=si d= 119 mm rumbo=+6000 cdeg  linea=0x0
[gelatina] t= 3040 ms  ATTACK       rival=si d= 119 mm rumbo=+6000 cdeg  linea=0x0
[gelatina] t= 3232 ms  SEARCH       rival=no d=9999 mm rumbo=-4578 cdeg  linea=0x0
[gelatina] t= 3392 ms  TRACK        rival=si d= 163 mm rumbo=-4514 cdeg  linea=0x0
[gelatina] t= 3424 ms  ATTACK       rival=si d= 122 mm rumbo=-1574 cdeg  linea=0x0
[gelatina] t= 3600 ms  SEARCH       rival=no d=9999 mm rumbo=+6000 cdeg  linea=0x0
WARNING: Contact joints between materials 'patin' and 'dohyo' will only be created for the 10 deepest contact points instead of all the 20 contact points.
[gelatina] t= 3720 ms  TRACK        rival=si d= 137 mm rumbo=+6000 cdeg  linea=0x0
[gelatina] t= 3896 ms  SEARCH       rival=no d=9999 mm rumbo=+1531 cdeg  linea=0x0
[gelatina] t= 4024 ms  TRACK        rival=si d= 219 mm rumbo=+6000 cdeg  linea=0x0
[gelatina] t= 4224 ms  SEARCH       rival=no d=9999 mm rumbo=-4508 cdeg  linea=0x0
[gelatina] t= 4320 ms  TRACK        rival=si d= 180 mm rumbo=-3000 cdeg  linea=0x0
[gelatina] t= 4520 ms  SEARCH       rival=no d=9999 mm rumbo=+6000 cdeg  linea=0x0
[gelatina] t= 4584 ms  TRACK        rival=si d= 137 mm rumbo=+6000 cdeg  linea=0x0
WARNING: Contact joints between materials 'patin' and 'dohyo' will only be created for the 10 deepest contact points instead of all the 13 contact points.
[gelatina] t= 4944 ms  ATTACK       rival=si d= 123 mm rumbo=+6000 cdeg  linea=0x0
[gelatina] t= 5080 ms  SEARCH       rival=no d=9999 mm rumbo=+6000 cdeg  linea=0x0
[gelatina] t= 5144 ms  TRACK        rival=si d= 101 mm rumbo=+6000 cdeg  linea=0x0
[gelatina] t= 5152 ms  ATTACK       rival=si d= 101 mm rumbo=+6000 cdeg  linea=0x0
[gelatina] t= 5344 ms  SEARCH       rival=no d=9999 mm rumbo=-4452 cdeg  linea=0x0
[gelatina] t= 5472 ms  TRACK        rival=si d= 137 mm rumbo=-6000 cdeg  linea=0x0
[gelatina] t= 5504 ms  ATTACK       rival=si d= 127 mm rumbo=-1536 cdeg  linea=0x0
[gelatina] t= 5712 ms  SEARCH       rival=no d=9999 mm rumbo=+6000 cdeg  linea=0x0
[gelatina] t= 5832 ms  TRACK        rival=si d= 111 mm rumbo=+6000 cdeg  linea=0x0
[gelatina] t= 5840 ms  ATTACK       rival=si d= 111 mm rumbo=+4529 cdeg  linea=0x0
WARNING: Contact joints between materials 'patin' and 'dohyo' will only be created for the 10 deepest contact points instead of all the 14 contact points.
[gelatina] t= 6040 ms  SEARCH       rival=no d=9999 mm rumbo=-6000 cdeg  linea=0x0
[gelatina] t= 6200 ms  TRACK        rival=si d= 152 mm rumbo=-4482 cdeg  linea=0x0
[gelatina] t= 6368 ms  SEARCH       rival=no d=9999 mm rumbo=+3000 cdeg  linea=0x0
[gelatina] t= 6464 ms  TRACK        rival=si d= 139 mm rumbo=+6000 cdeg  linea=0x0
[gelatina] t= 6528 ms  ATTACK       rival=si d= 128 mm rumbo=-4469 cdeg  linea=0x0
[gelatina] t= 6664 ms  SEARCH       rival=no d=9999 mm rumbo=-4469 cdeg  linea=0x0
[gelatina] t= 6824 ms  TRACK        rival=si d= 143 mm rumbo=-4445 cdeg  linea=0x0
[gelatina] t= 7032 ms  SEARCH       rival=no d=9999 mm rumbo=+6000 cdeg  linea=0x0
[gelatina] t= 7088 ms  TRACK        rival=si d= 147 mm rumbo=+6000 cdeg  linea=0x0
[gelatina] t= 7120 ms  ATTACK       rival=si d= 127 mm rumbo=+1475 cdeg  linea=0x0
[gelatina] t= 7296 ms  SEARCH       rival=no d=9999 mm rumbo=-4516 cdeg  linea=0x0
WARNING: Contact joints between materials 'patin' and 'dohyo' will only be created for the 10 deepest contact points instead of all the 11 contact points.
[gelatina] t= 7456 ms  TRACK        rival=si d= 116 mm rumbo=-4592 cdeg  linea=0x0
[gelatina] t= 7464 ms  ATTACK       rival=si d= 116 mm rumbo=-4592 cdeg  linea=0x0
[gelatina] t= 7656 ms  SEARCH       rival=no d=9999 mm rumbo=+6000 cdeg  linea=0x0
[gelatina] t= 7816 ms  TRACK        rival=si d= 158 mm rumbo=   +0 cdeg  linea=0x0
[gelatina] t= 7984 ms  SEARCH       rival=no d=9999 mm rumbo=-4510 cdeg  linea=0x0
[gelatina] t= 8048 ms  TRACK        rival=si d= 155 mm rumbo=-4517 cdeg  linea=0x0
[gelatina] t= 8248 ms  SEARCH       rival=no d=9999 mm rumbo=+4557 cdeg  linea=0x0
[gelatina] t= 8280 ms  TRACK        rival=si d=  84 mm rumbo=+6000 cdeg  linea=0x0
[gelatina] t= 8288 ms  ATTACK       rival=si d=  84 mm rumbo=+6000 cdeg  linea=0x0
[gelatina] t= 8512 ms  SEARCH       rival=no d=9999 mm rumbo=-6000 cdeg  linea=0x0
[gelatina] t= 8640 ms  TRACK        rival=si d= 124 mm rumbo=-3000 cdeg  linea=0x0
[gelatina] t= 8648 ms  ATTACK       rival=si d= 124 mm rumbo=-3000 cdeg  linea=0x0
[gelatina] t= 8808 ms  SEARCH       rival=no d=9999 mm rumbo=+3000 cdeg  linea=0x0
[gelatina] t= 9040 ms  TRACK        rival=si d= 147 mm rumbo=+3000 cdeg  linea=0x0
WARNING: Contact joints between materials 'patin' and 'dohyo' will only be created for the 10 deepest contact points instead of all the 12 contact points.
[gelatina] t= 9240 ms  SEARCH       rival=no d=9999 mm rumbo=-6000 cdeg  linea=0x0
[gelatina] t= 9304 ms  TRACK        rival=si d= 131 mm rumbo=-4520 cdeg  linea=0x0
[gelatina] t= 9312 ms  ATTACK       rival=si d= 131 mm rumbo=-4520 cdeg  linea=0x0
[gelatina] t= 9504 ms  SEARCH       rival=no d=9999 mm rumbo=+6000 cdeg  linea=0x0
[gelatina] t= 9664 ms  TRACK        rival=si d= 139 mm rumbo=+4533 cdeg  linea=0x0
[gelatina] t= 9872 ms  SEARCH       rival=no d=9999 mm rumbo=-6000 cdeg  linea=0x0
[gelatina] t= 9896 ms  TRACK        rival=si d= 146 mm rumbo=-6000 cdeg  linea=0x0
[gelatina] t= 9928 ms  ATTACK       rival=si d= 132 mm rumbo=-3000 cdeg  linea=0x0
[gelatina] t=10128 ms  SEARCH       rival=no d=9999 mm rumbo=+6000 cdeg  linea=0x0
[gelatina] t=10256 ms  TRACK        rival=si d=  90 mm rumbo=+6000 cdeg  linea=0x0
[gelatina] t=10264 ms  ATTACK       rival=si d=  90 mm rumbo=+6000 cdeg  linea=0x0
WARNING: Contact joints between materials 'patin' and 'dohyo' will only be created for the 10 deepest contact points instead of all the 22 contact points.
[gelatina] t=10464 ms  SEARCH       rival=no d=9999 mm rumbo=-6000 cdeg  linea=0x0
[gelatina] t=10592 ms  TRACK        rival=si d= 158 mm rumbo=-6000 cdeg  linea=0x0
[gelatina] t=10792 ms  SEARCH       rival=no d=9999 mm rumbo=+4430 cdeg  linea=0x0
[gelatina] t=10848 ms  TRACK        rival=si d= 108 mm rumbo=+6000 cdeg  linea=0x0
[gelatina] t=10856 ms  ATTACK       rival=si d= 108 mm rumbo=+4541 cdeg  linea=0x0
[gelatina] t=11056 ms  SEARCH       rival=no d=9999 mm rumbo=-4540 cdeg  linea=0x0
[gelatina] t=11216 ms  TRACK        rival=si d= 126 mm rumbo=-4498 cdeg  linea=0x0
[gelatina] t=11224 ms  ATTACK       rival=si d= 126 mm rumbo=-4498 cdeg  linea=0x0
[gelatina] t=11384 ms  SEARCH       rival=no d=9999 mm rumbo=+1541 cdeg  linea=0x0
WARNING: Contact joints between materials 'patin' and 'dohyo' will only be created for the 10 deepest contact points instead of all the 12 contact points.
[gelatina] t=11576 ms  TRACK        rival=si d= 233 mm rumbo=+6000 cdeg  linea=0x0
[gelatina] t=11784 ms  SEARCH       rival=no d=9999 mm rumbo=-6000 cdeg  linea=0x0
[gelatina] t=11840 ms  TRACK        rival=si d= 193 mm rumbo=-4462 cdeg  linea=0x0
[gelatina] t=12048 ms  SEARCH       rival=no d=9999 mm rumbo=+6000 cdeg  linea=0x0
[gelatina] t=12072 ms  TRACK        rival=si d= 217 mm rumbo=+6000 cdeg  linea=0x0
[gelatina] t=12280 ms  SEARCH       rival=no d=9999 mm rumbo=-4486 cdeg  linea=0x0
[gelatina] t=12304 ms  TRACK        rival=si d= 164 mm rumbo=-6000 cdeg  linea=0x0
[gelatina] t=12768 ms  ATTACK       rival=si d= 117 mm rumbo=-6000 cdeg  linea=0x0
[gelatina] t=13032 ms  SEARCH       rival=no d=9999 mm rumbo=+6000 cdeg  linea=0x0
[gelatina] t=13096 ms  TRACK        rival=si d= 113 mm rumbo=+6000 cdeg  linea=0x0
[gelatina] t=13104 ms  ATTACK       rival=si d= 113 mm rumbo=+6000 cdeg  linea=0x0
[gelatina] t=13336 ms  SEARCH       rival=no d=9999 mm rumbo=-6000 cdeg  linea=0x0
WARNING: Contact joints between materials 'patin' and 'dohyo' will only be created for the 10 deepest contact points instead of all the 13 contact points.
[gelatina] t=13464 ms  TRACK        rival=si d=  84 mm rumbo=-6000 cdeg  linea=0x0
[gelatina] t=13472 ms  ATTACK       rival=si d=  84 mm rumbo=-6000 cdeg  linea=0x0
[gelatina] t=13664 ms  SEARCH       rival=no d=9999 mm rumbo=+4485 cdeg  linea=0x0
[gelatina] t=13824 ms  TRACK        rival=si d=  78 mm rumbo=+6000 cdeg  linea=0x0
[gelatina] t=13832 ms  ATTACK       rival=si d=  78 mm rumbo=+6000 cdeg  linea=0x0
[gelatina] t=14024 ms  SEARCH       rival=no d=9999 mm rumbo=-6000 cdeg  linea=0x0
[gelatina] t=14184 ms  TRACK        rival=si d=  95 mm rumbo=-4559 cdeg  linea=0x0
[gelatina] t=14192 ms  ATTACK       rival=si d=  95 mm rumbo=-4559 cdeg  linea=0x0
WARNING: Contact joints between materials 'patin' and 'dohyo' will only be created for the 10 deepest contact points instead of all the 12 contact points.
[gelatina] t=14456 ms  SEARCH       rival=no d=9999 mm rumbo=+6000 cdeg  linea=0x0
[gelatina] t=14480 ms  TRACK        rival=si d= 127 mm rumbo=+6000 cdeg  linea=0x0
[gelatina] t=14488 ms  ATTACK       rival=si d= 127 mm rumbo=+6000 cdeg  linea=0x0
[gelatina] t=14784 ms  SEARCH       rival=no d=9999 mm rumbo=-6000 cdeg  linea=0x0
[gelatina] t=14880 ms  TRACK        rival=si d=  69 mm rumbo=-4524 cdeg  linea=0x0
[gelatina] t=14888 ms  ATTACK       rival=si d=  69 mm rumbo=-4524 cdeg  linea=0x0
[gelatina] t=15080 ms  SEARCH       rival=no d=9999 mm rumbo=+4552 cdeg  linea=0x0
[gelatina] t=15240 ms  TRACK        rival=si d=  41 mm rumbo=+4484 cdeg  linea=0x0
[gelatina] t=15248 ms  ATTACK       rival=si d=  41 mm rumbo=+4484 cdeg  linea=0x0
[gelatina] t=15416 ms  SEARCH       rival=no d=9999 mm rumbo=-4486 cdeg  linea=0x0
[gelatina] t=15576 ms  TRACK        rival=si d=  66 mm rumbo=-3000 cdeg  linea=0x0
[gelatina] t=15584 ms  ATTACK       rival=si d=  66 mm rumbo=-3000 cdeg  linea=0x0
[gelatina] t=15744 ms  SEARCH       rival=no d=9999 mm rumbo=+3000 cdeg  linea=0x0
[gelatina] t=15968 ms  TRACK        rival=si d=  83 mm rumbo=+6000 cdeg  linea=0x0
[gelatina] t=15976 ms  ATTACK       rival=si d=  83 mm rumbo=+6000 cdeg  linea=0x0
WARNING: Contact joints between materials 'patin' and 'dohyo' will only be created for the 10 deepest contact points instead of all the 12 contact points.
[gelatina] t=16168 ms  SEARCH       rival=no d=9999 mm rumbo=-4498 cdeg  linea=0x0
[gelatina] t=16328 ms  TRACK        rival=si d=  82 mm rumbo=-4553 cdeg  linea=0x0
[gelatina] t=16336 ms  ATTACK       rival=si d=  82 mm rumbo=-4553 cdeg  linea=0x0
[gelatina] t=16536 ms  SEARCH       rival=no d=9999 mm rumbo=+6000 cdeg  linea=0x0
[gelatina] t=16696 ms  TRACK        rival=si d= 123 mm rumbo=+3000 cdeg  linea=0x0
[gelatina] t=16704 ms  ATTACK       rival=si d= 123 mm rumbo=+3000 cdeg  linea=0x0
[gelatina] t=16896 ms  SEARCH       rival=no d=9999 mm rumbo=-6000 cdeg  linea=0x0
[gelatina] t=17024 ms  TRACK        rival=si d= 220 mm rumbo=-6000 cdeg  linea=0x0
[gelatina] t=17352 ms  ATTACK       rival=si d= 132 mm rumbo=-4486 cdeg  linea=0x0
[gelatina] t=17528 ms  SEARCH       rival=no d=9999 mm rumbo=-6000 cdeg  linea=0x0
[gelatina] t=17584 ms  TRACK        rival=si d= 175 mm rumbo=-6000 cdeg  linea=0x0
[gelatina] t=17616 ms  ATTACK       rival=si d= 101 mm rumbo=-3000 cdeg  linea=0x0
[gelatina] t=17816 ms  SEARCH       rival=no d=9999 mm rumbo=+6000 cdeg  linea=0x0
[gelatina] t=17944 ms  TRACK        rival=si d=  94 mm rumbo=+4555 cdeg  linea=0x0
[gelatina] t=17952 ms  ATTACK       rival=si d=  94 mm rumbo=+4555 cdeg  linea=0x0
[gelatina] t=18152 ms  SEARCH       rival=no d=9999 mm rumbo=-6000 cdeg  linea=0x0
WARNING: Contact joints between materials 'patin' and 'dohyo' will only be created for the 10 deepest contact points instead of all the 11 contact points.
[gelatina] t=18280 ms  TRACK        rival=si d= 133 mm rumbo=-6000 cdeg  linea=0x0
[gelatina] t=18344 ms  ATTACK       rival=si d= 109 mm rumbo=+4590 cdeg  linea=0x0
[gelatina] t=18480 ms  SEARCH       rival=no d=9999 mm rumbo=+4590 cdeg  linea=0x0
[gelatina] t=18576 ms  TRACK        rival=si d= 118 mm rumbo=+4516 cdeg  linea=0x0
[gelatina] t=18584 ms  ATTACK       rival=si d= 118 mm rumbo=+4516 cdeg  linea=0x0
[gelatina] t=18776 ms  SEARCH       rival=no d=9999 mm rumbo=-6000 cdeg  linea=0x0
[gelatina] t=18968 ms  TRACK        rival=si d= 124 mm rumbo=-4500 cdeg  linea=0x0
[gelatina] t=18976 ms  ATTACK       rival=si d= 124 mm rumbo=-4500 cdeg  linea=0x0
[gelatina] t=19176 ms  SEARCH       rival=no d=9999 mm rumbo=+6000 cdeg  linea=0x0
[gelatina] t=19296 ms  TRACK        rival=si d= 128 mm rumbo=+6000 cdeg  linea=0x0
[gelatina] t=19304 ms  ATTACK       rival=si d= 128 mm rumbo=+6000 cdeg  linea=0x0
[gelatina] t=19504 ms  SEARCH       rival=no d=9999 mm rumbo=-4521 cdeg  linea=0x0
[gelatina] t=19664 ms  TRACK        rival=si d= 133 mm rumbo=-4518 cdeg  linea=0x0
[gelatina] t=19696 ms  ATTACK       rival=si d= 122 mm rumbo=+1518 cdeg  linea=0x0
[gelatina] t=19864 ms  SEARCH       rival=no d=9999 mm rumbo=+6000 cdeg  linea=0x0
[gelatina] t=19992 ms  TRACK        rival=si d= 126 mm rumbo=+6000 cdeg  linea=0x0
[gelatina] t=20000 ms  ATTACK       rival=si d= 126 mm rumbo=+6000 cdeg  linea=0x0
[gelatina] t=20200 ms  SEARCH       rival=no d=9999 mm rumbo=-6000 cdeg  linea=0x0
[gelatina] t=20360 ms  TRACK        rival=si d= 152 mm rumbo=-4541 cdeg  linea=0x0
[gelatina] t=20560 ms  SEARCH       rival=no d=9999 mm rumbo=+6000 cdeg  linea=0x0
[gelatina] t=20584 ms  TRACK        rival=si d= 204 mm rumbo=+6000 cdeg  linea=0x0
[gelatina] t=20920 ms  ATTACK       rival=si d= 111 mm rumbo=+4534 cdeg  linea=0x0
[gelatina] t=21056 ms  SEARCH       rival=no d=9999 mm rumbo=+4534 cdeg  linea=0x0
[gelatina] t=21144 ms  TRACK        rival=si d= 138 mm rumbo=+6000 cdeg  linea=0x0
[gelatina] t=21184 ms  ATTACK       rival=si d= 118 mm rumbo=   +0 cdeg  linea=0x0
[gelatina] t=21352 ms  SEARCH       rival=no d=9999 mm rumbo=-4516 cdeg  linea=0x0
[gelatina] t=21512 ms  TRACK        rival=si d= 100 mm rumbo=-4536 cdeg  linea=0x0
[gelatina] t=21520 ms  ATTACK       rival=si d= 100 mm rumbo=-4536 cdeg  linea=0x0
[gelatina] t=21712 ms  SEARCH       rival=no d=9999 mm rumbo=+6000 cdeg  linea=0x0
[gelatina] t=21872 ms  TRACK        rival=si d=  90 mm rumbo=+4468 cdeg  linea=0x0
[gelatina] t=21880 ms  ATTACK       rival=si d=  90 mm rumbo=+4468 cdeg  linea=0x0
[gelatina] t=22048 ms  SEARCH       rival=no d=9999 mm rumbo=-1533 cdeg  linea=0x0
WARNING: Contact joints between materials 'patin' and 'dohyo' will only be created for the 10 deepest contact points instead of all the 12 contact points.
[gelatina] t=22136 ms  TRACK        rival=si d= 162 mm rumbo=+6000 cdeg  linea=0x0
[gelatina] t=22304 ms  ATTACK       rival=si d=  91 mm rumbo=+4558 cdeg  linea=0x0
[gelatina] t=22544 ms  SEARCH       rival=no d=9999 mm rumbo=-6000 cdeg  linea=0x0
[gelatina] t=22664 ms  TRACK        rival=si d= 127 mm rumbo=-6000 cdeg  linea=0x0
[gelatina] t=22672 ms  ATTACK       rival=si d= 127 mm rumbo=-6000 cdeg  linea=0x0
[gelatina] t=22872 ms  SEARCH       rival=no d=9999 mm rumbo=+4503 cdeg  linea=0x0
[gelatina] t=23032 ms  TRACK        rival=si d=  78 mm rumbo=+1532 cdeg  linea=0x0
[gelatina] t=23040 ms  ATTACK       rival=si d=  78 mm rumbo=+1532 cdeg  linea=0x0
[gelatina] t=23200 ms  SEARCH       rival=no d=9999 mm rumbo=-4536 cdeg  linea=0x0
[gelatina] t=23360 ms  TRACK        rival=si d= 112 mm rumbo=-6000 cdeg  linea=0x0
[gelatina] t=23368 ms  ATTACK       rival=si d= 112 mm rumbo=-6000 cdeg  linea=0x0
[gelatina] t=23560 ms  SEARCH       rival=no d=9999 mm rumbo=+6000 cdeg  linea=0x0
[gelatina] t=23720 ms  TRACK        rival=si d= 128 mm rumbo=+3000 cdeg  linea=0x0
[gelatina] t=23728 ms  ATTACK       rival=si d= 128 mm rumbo=+3000 cdeg  linea=0x0
WARNING: Contact joints between materials 'patin' and 'dohyo' will only be created for the 10 deepest contact points instead of all the 12 contact points.
[gelatina] t=23928 ms  SEARCH       rival=no d=9999 mm rumbo=-6000 cdeg  linea=0x0
[gelatina] t=24056 ms  TRACK        rival=si d= 162 mm rumbo=-3000 cdeg  linea=0x0
[gelatina] t=24256 ms  SEARCH       rival=no d=9999 mm rumbo=+6000 cdeg  linea=0x0
[gelatina] t=24280 ms  TRACK        rival=si d= 169 mm rumbo=+6000 cdeg  linea=0x0
[gelatina] t=24352 ms  ATTACK       rival=si d= 117 mm rumbo=-1563 cdeg  linea=0x0
[gelatina] t=24520 ms  SEARCH       rival=no d=9999 mm rumbo=-6000 cdeg  linea=0x0
[gelatina] t=24648 ms  TRACK        rival=si d= 139 mm rumbo=-6000 cdeg  linea=0x0
WARNING: Contact joints between materials 'patin' and 'dohyo' will only be created for the 10 deepest contact points instead of all the 12 contact points.
[gelatina] t=24848 ms  SEARCH       rival=no d=9999 mm rumbo=+4507 cdeg  linea=0x0
[gelatina] t=24880 ms  TRACK        rival=si d= 125 mm rumbo=+6000 cdeg  linea=0x0
[gelatina] t=24888 ms  ATTACK       rival=si d= 125 mm rumbo=+6000 cdeg  linea=0x0
[gelatina] t=25112 ms  SEARCH       rival=no d=9999 mm rumbo=-6000 cdeg  linea=0x0
[gelatina] t=25240 ms  TRACK        rival=si d= 175 mm rumbo=-3000 cdeg  linea=0x0
[gelatina] t=25408 ms  SEARCH       rival=no d=9999 mm rumbo=+3000 cdeg  linea=0x0
[gelatina] t=25504 ms  TRACK        rival=si d= 126 mm rumbo=+6000 cdeg  linea=0x0
[gelatina] t=25512 ms  ATTACK       rival=si d= 126 mm rumbo=+6000 cdeg  linea=0x0
[gelatina] t=25712 ms  SEARCH       rival=no d=9999 mm rumbo=-4494 cdeg  linea=0x0
[gelatina] t=25872 ms  TRACK        rival=si d= 150 mm rumbo=-3000 cdeg  linea=0x0
WARNING: Contact joints between materials 'patin' and 'dohyo' will only be created for the 10 deepest contact points instead of all the 15 contact points.
[gelatina] t=25904 ms  ATTACK       rival=si d= 126 mm rumbo=+3000 cdeg  linea=0x0
[gelatina] t=26040 ms  SEARCH       rival=no d=9999 mm rumbo=+3000 cdeg  linea=0x0
[gelatina] t=26264 ms  TRACK        rival=si d= 154 mm rumbo=+4471 cdeg  linea=0x0
[gelatina] t=26432 ms  SEARCH       rival=no d=9999 mm rumbo=-3000 cdeg  linea=0x0
[gelatina] t=26560 ms  TRACK        rival=si d= 198 mm rumbo=-4502 cdeg  linea=0x0
[gelatina] t=26760 ms  SEARCH       rival=no d=9999 mm rumbo=+6000 cdeg  linea=0x0
[gelatina] t=26792 ms  TRACK        rival=si d= 209 mm rumbo=+6000 cdeg  linea=0x0
[gelatina] t=26824 ms  ATTACK       rival=si d= 128 mm rumbo=+3000 cdeg  linea=0x0
[gelatina] t=27032 ms  SEARCH       rival=no d=9999 mm rumbo=-6000 cdeg  linea=0x0
[gelatina] t=27152 ms  TRACK        rival=si d= 194 mm rumbo=-6000 cdeg  linea=0x0
[gelatina] t=27360 ms  SEARCH       rival=no d=9999 mm rumbo=+4460 cdeg  linea=0x0
[gelatina] t=27384 ms  TRACK        rival=si d= 181 mm rumbo=+6000 cdeg  linea=0x0
[gelatina] t=27848 ms  ATTACK       rival=si d= 124 mm rumbo=+6000 cdeg  linea=0x0
WARNING: Contact joints between materials 'patin' and 'dohyo' will only be created for the 10 deepest contact points instead of all the 11 contact points.
[gelatina] t=28120 ms  SEARCH       rival=no d=9999 mm rumbo=-6000 cdeg  linea=0x0
[gelatina] t=28208 ms  TRACK        rival=si d=  63 mm rumbo=-6000 cdeg  linea=0x0
[gelatina] t=28216 ms  ATTACK       rival=si d=  63 mm rumbo=-6000 cdeg  linea=0x0
[gelatina] t=28416 ms  SEARCH       rival=no d=9999 mm rumbo=+6000 cdeg  linea=0x0
[gelatina] t=28576 ms  TRACK        rival=si d=  65 mm rumbo=+4483 cdeg  linea=0x0
[gelatina] t=28584 ms  ATTACK       rival=si d=  65 mm rumbo=+4483 cdeg  linea=0x0
[gelatina] t=28776 ms  SEARCH       rival=no d=9999 mm rumbo=-6000 cdeg  linea=0x0
[gelatina] t=28904 ms  TRACK        rival=si d= 116 mm rumbo=-6000 cdeg  linea=0x0
[gelatina] t=28912 ms  ATTACK       rival=si d= 116 mm rumbo=-6000 cdeg  linea=0x0
[gelatina] t=29104 ms  SEARCH       rival=no d=9999 mm rumbo=+4503 cdeg  linea=0x0
[gelatina] t=29232 ms  TRACK        rival=si d= 134 mm rumbo=+6000 cdeg  linea=0x0
[gelatina] t=29264 ms  ATTACK       rival=si d= 116 mm rumbo=+1510 cdeg  linea=0x0
[gelatina] t=29440 ms  SEARCH       rival=no d=9999 mm rumbo=-4503 cdeg  linea=0x0
[gelatina] t=29568 ms  TRACK        rival=si d= 130 mm rumbo=-6000 cdeg  linea=0x0
[gelatina] t=29576 ms  ATTACK       rival=si d= 130 mm rumbo=-6000 cdeg  linea=0x0
WARNING: Contact joints between materials 'patin' and 'dohyo' will only be created for the 10 deepest contact points instead of all the 22 contact points.
[gelatina] t=29768 ms  SEARCH       rival=no d=9999 mm rumbo=+4491 cdeg  linea=0x0
[gelatina] t=29896 ms  TRACK        rival=si d= 164 mm rumbo=+4512 cdeg  linea=0x0
[gelatina] t=29928 ms  ATTACK       rival=si d= 126 mm rumbo=-1534 cdeg  linea=0x0
[gelatina] t=30096 ms  SEARCH       rival=no d=9999 mm rumbo=-6000 cdeg  linea=0x0
[gelatina] t=30224 ms  TRACK        rival=si d= 186 mm rumbo=-6000 cdeg  linea=0x0
[gelatina] t=30256 ms  ATTACK       rival=si d= 126 mm rumbo=-3000 cdeg  linea=0x0
[gelatina] t=30456 ms  SEARCH       rival=no d=9999 mm rumbo=+6000 cdeg  linea=0x0
[gelatina] t=30584 ms  TRACK        rival=si d= 159 mm rumbo=+4546 cdeg  linea=0x0
[gelatina] t=30792 ms  SEARCH       rival=no d=9999 mm rumbo=-6000 cdeg  linea=0x0
[gelatina] t=30816 ms  TRACK        rival=si d= 163 mm rumbo=-6000 cdeg  linea=0x0
[gelatina] t=31024 ms  SEARCH       rival=no d=9999 mm rumbo=+3000 cdeg  linea=0x0
[gelatina] t=31048 ms  TRACK        rival=si d= 158 mm rumbo=+6000 cdeg  linea=0x0
[gelatina] t=31080 ms  ATTACK       rival=si d= 124 mm rumbo=+4459 cdeg  linea=0x0
[gelatina] t=31288 ms  SEARCH       rival=no d=9999 mm rumbo=-3000 cdeg  linea=0x0
[gelatina] t=31448 ms  TRACK        rival=si d= 152 mm rumbo=-6000 cdeg  linea=0x0
WARNING: Contact joints between materials 'patin' and 'dohyo' will only be created for the 10 deepest contact points instead of all the 17 contact points.
[gelatina] t=31744 ms  ATTACK       rival=si d= 117 mm rumbo=-1496 cdeg  linea=0x0
[gelatina] t=31912 ms  SEARCH       rival=no d=9999 mm rumbo=-6000 cdeg  linea=0x0
[gelatina] t=32040 ms  TRACK        rival=si d= 124 mm rumbo=-6000 cdeg  linea=0x0
[gelatina] t=32048 ms  ATTACK       rival=si d= 124 mm rumbo=-6000 cdeg  linea=0x0
[gelatina] t=32240 ms  SEARCH       rival=no d=9999 mm rumbo=+4454 cdeg  linea=0x0
[gelatina] t=32368 ms  TRACK        rival=si d= 156 mm rumbo=+6000 cdeg  linea=0x0
[gelatina] t=32576 ms  SEARCH       rival=no d=9999 mm rumbo=-3000 cdeg  linea=0x0
WARNING: Contact joints between materials 'patin' and 'dohyo' will only be created for the 10 deepest contact points instead of all the 15 contact points.
[gelatina] t=32632 ms  TRACK        rival=si d= 179 mm rumbo=-6000 cdeg  linea=0x0
[gelatina] t=33104 ms  SEARCH       rival=no d=9999 mm rumbo=-3000 cdeg  linea=0x0
[gelatina] t=33128 ms  TRACK        rival=si d= 128 mm rumbo=-6000 cdeg  linea=0x0
[gelatina] t=33136 ms  ATTACK       rival=si d= 128 mm rumbo=-6000 cdeg  linea=0x0
[gelatina] t=33392 ms  SEARCH       rival=no d=9999 mm rumbo=+6000 cdeg  linea=0x0
[gelatina] t=33488 ms  TRACK        rival=si d= 106 mm rumbo=+4552 cdeg  linea=0x0
[gelatina] t=33496 ms  ATTACK       rival=si d= 106 mm rumbo=+4552 cdeg  linea=0x0
[gelatina] t=33696 ms  SEARCH       rival=no d=9999 mm rumbo=-6000 cdeg  linea=0x0
WARNING: Contact joints between materials 'patin' and 'dohyo' will only be created for the 10 deepest contact points instead of all the 15 contact points.
[gelatina] t=33856 ms  TRACK        rival=si d= 106 mm rumbo=-6000 cdeg  linea=0x0
[gelatina] t=33864 ms  ATTACK       rival=si d= 106 mm rumbo=-6000 cdeg  linea=0x0
[gelatina] t=34056 ms  SEARCH       rival=no d=9999 mm rumbo=+6000 cdeg  linea=0x0
[gelatina] t=34184 ms  TRACK        rival=si d= 139 mm rumbo=+6000 cdeg  linea=0x0
[gelatina] t=34248 ms  ATTACK       rival=si d=  84 mm rumbo=-4543 cdeg  linea=0x0
[gelatina] t=34384 ms  SEARCH       rival=no d=9999 mm rumbo=-4543 cdeg  linea=0x0
[gelatina] t=34512 ms  TRACK        rival=si d= 202 mm rumbo=-6000 cdeg  linea=0x0
[gelatina] t=34544 ms  ATTACK       rival=si d= 128 mm rumbo=-1541 cdeg  linea=0x0
[gelatina] t=34752 ms  SEARCH       rival=no d=9999 mm rumbo=+6000 cdeg  linea=0x0
[gelatina] t=34872 ms  TRACK        rival=si d= 146 mm rumbo=+6000 cdeg  linea=0x0
[gelatina] t=34912 ms  ATTACK       rival=si d= 118 mm rumbo=-1527 cdeg  linea=0x0
[gelatina] t=35080 ms  SEARCH       rival=no d=9999 mm rumbo=-6000 cdeg  linea=0x0
[gelatina] t=35240 ms  TRACK        rival=si d= 132 mm rumbo=-4523 cdeg  linea=0x0
[gelatina] t=35248 ms  ATTACK       rival=si d= 132 mm rumbo=-4523 cdeg  linea=0x0
[gelatina] t=35440 ms  SEARCH       rival=no d=9999 mm rumbo=+6000 cdeg  linea=0x0
[gelatina] t=35568 ms  TRACK        rival=si d= 137 mm rumbo=+6000 cdeg  linea=0x0
[gelatina] t=35776 ms  SEARCH       rival=no d=9999 mm rumbo=-4558 cdeg  linea=0x0
[gelatina] t=35864 ms  TRACK        rival=si d= 135 mm rumbo=-4534 cdeg  linea=0x0
WARNING: Contact joints between materials 'patin' and 'dohyo' will only be created for the 10 deepest contact points instead of all the 11 contact points.
[gelatina] t=36072 ms  SEARCH       rival=no d=9999 mm rumbo=+6000 cdeg  linea=0x0
[gelatina] t=36096 ms  TRACK        rival=si d= 151 mm rumbo=+6000 cdeg  linea=0x0
[gelatina] t=36328 ms  ATTACK       rival=si d= 128 mm rumbo=-4548 cdeg  linea=0x0
[gelatina] t=36560 ms  SEARCH       rival=no d=9999 mm rumbo=+6000 cdeg  linea=0x0
[gelatina] t=36656 ms  TRACK        rival=si d= 145 mm rumbo=+6000 cdeg  linea=0x0
[gelatina] t=36688 ms  ATTACK       rival=si d=  98 mm rumbo=+3000 cdeg  linea=0x0
[gelatina] t=36864 ms  SEARCH       rival=no d=9999 mm rumbo=-4524 cdeg  linea=0x0
[gelatina] t=36992 ms  TRACK        rival=si d= 118 mm rumbo=-6000 cdeg  linea=0x0
[gelatina] t=37000 ms  ATTACK       rival=si d= 118 mm rumbo=-6000 cdeg  linea=0x0
[gelatina] t=37192 ms  SEARCH       rival=no d=9999 mm rumbo=+4493 cdeg  linea=0x0
WARNING: Contact joints between materials 'patin' and 'dohyo' will only be created for the 10 deepest contact points instead of all the 11 contact points.
[gelatina] t=37352 ms  TRACK        rival=si d= 133 mm rumbo=+4464 cdeg  linea=0x0
[gelatina] t=37384 ms  ATTACK       rival=si d= 113 mm rumbo=-1467 cdeg  linea=0x0
[gelatina] t=37552 ms  SEARCH       rival=no d=9999 mm rumbo=-6000 cdeg  linea=0x0
[gelatina] t=37712 ms  TRACK        rival=si d= 144 mm rumbo=-6000 cdeg  linea=0x0
[gelatina] t=37744 ms  ATTACK       rival=si d= 120 mm rumbo=-2942 cdeg  linea=0x0
[gelatina] t=37920 ms  SEARCH       rival=no d=9999 mm rumbo=+6000 cdeg  linea=0x0
[gelatina] t=38040 ms  TRACK        rival=si d= 124 mm rumbo=+6000 cdeg  linea=0x0
[gelatina] t=38048 ms  ATTACK       rival=si d= 124 mm rumbo=+4523 cdeg  linea=0x0
[gelatina] t=38216 ms  SEARCH       rival=no d=9999 mm rumbo=-3000 cdeg  linea=0x0
WARNING: Contact joints between materials 'patin' and 'dohyo' will only be created for the 10 deepest contact points instead of all the 12 contact points.
[gelatina] t=38440 ms  TRACK        rival=si d= 138 mm rumbo=-4521 cdeg  linea=0x0
[gelatina] t=38472 ms  ATTACK       rival=si d= 122 mm rumbo=+1498 cdeg  linea=0x0
[gelatina] t=38640 ms  SEARCH       rival=no d=9999 mm rumbo=+6000 cdeg  linea=0x0
[gelatina] t=38800 ms  TRACK        rival=si d= 134 mm rumbo=+4532 cdeg  linea=0x0
[gelatina] t=38976 ms  SEARCH       rival=no d=9999 mm rumbo=-3000 cdeg  linea=0x0
[gelatina] t=39072 ms  TRACK        rival=si d= 191 mm rumbo=-6000 cdeg  linea=0x0
[gelatina] t=39104 ms  ATTACK       rival=si d= 121 mm rumbo=-3000 cdeg  linea=0x0
WARNING: Contact joints between materials 'patin' and 'dohyo' will only be created for the 10 deepest contact points instead of all the 11 contact points.
[gelatina] t=39304 ms  SEARCH       rival=no d=9999 mm rumbo=+6000 cdeg  linea=0x0
[gelatina] t=39432 ms  TRACK        rival=si d= 134 mm rumbo=+6000 cdeg  linea=0x0
[gelatina] t=39632 ms  SEARCH       rival=no d=9999 mm rumbo=-4544 cdeg  linea=0x0
[gelatina] t=39696 ms  TRACK        rival=si d= 171 mm rumbo=-4535 cdeg  linea=0x0
[gelatina] t=39760 ms  ATTACK       rival=si d= 109 mm rumbo=+4596 cdeg  linea=0x0
[gelatina] t=39896 ms  SEARCH       rival=no d=9999 mm rumbo=+4596 cdeg  linea=0x0
[gelatina] t=39992 ms  TRACK        rival=si d= 174 mm rumbo=+6000 cdeg  linea=0x0
[gelatina] t=40056 ms  ATTACK       rival=si d= 107 mm rumbo=-3000 cdeg  linea=0x0
[gelatina] t=40192 ms  SEARCH       rival=no d=9999 mm rumbo=-3000 cdeg  linea=0x0
[gelatina] t=40392 ms  TRACK        rival=si d= 136 mm rumbo=-6000 cdeg  linea=0x0
[gelatina] t=40424 ms  ATTACK       rival=si d= 130 mm rumbo=   +0 cdeg  linea=0x0
[gelatina] t=40592 ms  SEARCH       rival=no d=9999 mm rumbo=+6000 cdeg  linea=0x0
[gelatina] t=40752 ms  TRACK        rival=si d= 120 mm rumbo=+4524 cdeg  linea=0x0
[gelatina] t=40760 ms  ATTACK       rival=si d= 120 mm rumbo=+4524 cdeg  linea=0x0
[gelatina] t=40952 ms  SEARCH       rival=no d=9999 mm rumbo=-6000 cdeg  linea=0x0
WARNING: Contact joints between materials 'patin' and 'dohyo' will only be created for the 10 deepest contact points instead of all the 13 contact points.
[gelatina] t=41112 ms  TRACK        rival=si d= 192 mm rumbo=-6000 cdeg  linea=0x0
[gelatina] t=41352 ms  SEARCH       rival=no d=9999 mm rumbo=+6000 cdeg  linea=0x0
[gelatina] t=41376 ms  TRACK        rival=si d= 129 mm rumbo=+4547 cdeg  linea=0x0
[gelatina] t=41384 ms  ATTACK       rival=si d= 129 mm rumbo=+4547 cdeg  linea=0x0
[gelatina] t=41584 ms  SEARCH       rival=no d=9999 mm rumbo=-4532 cdeg  linea=0x0
[gelatina] t=41712 ms  TRACK        rival=si d= 110 mm rumbo=-6000 cdeg  linea=0x0
[gelatina] t=41720 ms  ATTACK       rival=si d= 110 mm rumbo=-6000 cdeg  linea=0x0
[gelatina] t=41912 ms  SEARCH       rival=no d=9999 mm rumbo=+6000 cdeg  linea=0x0
[gelatina] t=42072 ms  TRACK        rival=si d= 153 mm rumbo=+6000 cdeg  linea=0x0
[gelatina] t=42272 ms  ATTACK       rival=si d= 121 mm rumbo=-6000 cdeg  linea=0x0
[gelatina] t=42568 ms  SEARCH       rival=no d=9999 mm rumbo=+6000 cdeg  linea=0x0
[gelatina] t=42600 ms  TRACK        rival=si d=  79 mm rumbo=+6000 cdeg  linea=0x0
[gelatina] t=42608 ms  ATTACK       rival=si d=  79 mm rumbo=+6000 cdeg  linea=0x0
WARNING: Contact joints between materials 'patin' and 'dohyo' will only be created for the 10 deepest contact points instead of all the 11 contact points.
[gelatina] t=42904 ms  SEARCH       rival=no d=9999 mm rumbo=-6000 cdeg  linea=0x0
[gelatina] t=42992 ms  TRACK        rival=si d=  54 mm rumbo=-3000 cdeg  linea=0x0
[gelatina] t=43000 ms  ATTACK       rival=si d=  54 mm rumbo=-3000 cdeg  linea=0x0
[gelatina] t=43200 ms  SEARCH       rival=no d=9999 mm rumbo=+3000 cdeg  linea=0x0
[gelatina] t=43392 ms  TRACK        rival=si d=  61 mm rumbo=+1530 cdeg  linea=0x0
[gelatina] t=43400 ms  ATTACK       rival=si d=  61 mm rumbo=+1530 cdeg  linea=0x0
[gelatina] t=43560 ms  SEARCH       rival=no d=9999 mm rumbo=-4466 cdeg  linea=0x0
[gelatina] t=43720 ms  TRACK        rival=si d=  77 mm rumbo=-4477 cdeg  linea=0x0
[gelatina] t=43728 ms  ATTACK       rival=si d=  77 mm rumbo=-4477 cdeg  linea=0x0
[gelatina] t=43920 ms  SEARCH       rival=no d=9999 mm rumbo=+6000 cdeg  linea=0x0
[gelatina] t=44048 ms  TRACK        rival=si d= 101 mm rumbo=+6000 cdeg  linea=0x0
[gelatina] t=44056 ms  ATTACK       rival=si d= 101 mm rumbo=+6000 cdeg  linea=0x0
[gelatina] t=44256 ms  SEARCH       rival=no d=9999 mm rumbo=-6000 cdeg  linea=0x0
WARNING: Contact joints between materials 'patin' and 'dohyo' will only be created for the 10 deepest contact points instead of all the 12 contact points.
[gelatina] t=44384 ms  TRACK        rival=si d= 135 mm rumbo=-6000 cdeg  linea=0x0
[gelatina] t=44448 ms  ATTACK       rival=si d= 123 mm rumbo=+4568 cdeg  linea=0x0
[gelatina] t=44584 ms  SEARCH       rival=no d=9999 mm rumbo=+4568 cdeg  linea=0x0
[gelatina] t=44712 ms  TRACK        rival=si d= 156 mm rumbo=+6000 cdeg  linea=0x0
[gelatina] t=44744 ms  ATTACK       rival=si d= 124 mm rumbo=+1479 cdeg  linea=0x0
[gelatina] t=44912 ms  SEARCH       rival=no d=9999 mm rumbo=-4521 cdeg  linea=0x0
[gelatina] t=45072 ms  TRACK        rival=si d= 148 mm rumbo=-4481 cdeg  linea=0x0
[gelatina] t=45272 ms  SEARCH       rival=no d=9999 mm rumbo=+6000 cdeg  linea=0x0
[gelatina] t=45336 ms  TRACK        rival=si d= 144 mm rumbo=+4508 cdeg  linea=0x0
[gelatina] t=45544 ms  SEARCH       rival=no d=9999 mm rumbo=-6000 cdeg  linea=0x0
[gelatina] t=45568 ms  TRACK        rival=si d= 134 mm rumbo=-6000 cdeg  linea=0x0
[gelatina] t=45664 ms  ATTACK       rival=si d=  96 mm rumbo=+6000 cdeg  linea=0x0
[gelatina] t=45800 ms  SEARCH       rival=no d=9999 mm rumbo=+6000 cdeg  linea=0x0
[gelatina] t=45896 ms  TRACK        rival=si d= 137 mm rumbo=+6000 cdeg  linea=0x0
[gelatina] t=45928 ms  ATTACK       rival=si d= 118 mm rumbo=+1565 cdeg  linea=0x0
[gelatina] t=46104 ms  SEARCH       rival=no d=9999 mm rumbo=-4517 cdeg  linea=0x0
[gelatina] t=46264 ms  TRACK        rival=si d= 114 mm rumbo=-4489 cdeg  linea=0x0
[gelatina] t=46272 ms  ATTACK       rival=si d= 114 mm rumbo=-4489 cdeg  linea=0x0
WARNING: Contact joints between materials 'patin' and 'dohyo' will only be created for the 10 deepest contact points instead of all the 11 contact points.
[gelatina] t=46464 ms  SEARCH       rival=no d=9999 mm rumbo=+6000 cdeg  linea=0x0
[gelatina] t=46624 ms  TRACK        rival=si d= 111 mm rumbo=+4504 cdeg  linea=0x0
[gelatina] t=46632 ms  ATTACK       rival=si d= 111 mm rumbo=+4504 cdeg  linea=0x0
[gelatina] t=46864 ms  SEARCH       rival=no d=9999 mm rumbo=-6000 cdeg  linea=0x0
[gelatina] t=46888 ms  TRACK        rival=si d= 115 mm rumbo=-6000 cdeg  linea=0x0
[gelatina] t=46896 ms  ATTACK       rival=si d= 115 mm rumbo=-6000 cdeg  linea=0x0
WARNING: Contact joints between materials 'patin' and 'dohyo' will only be created for the 10 deepest contact points instead of all the 18 contact points.
WARNING: Contact joints between materials 'patin' and 'dohyo' will only be created for the 10 deepest contact points instead of all the 11 contact points.
WARNING: Contact joints between materials 'patin' and 'dohyo' will only be created for the 10 deepest contact points instead of all the 12 contact points.
WARNING: Contact joints between materials 'patin' and 'dohyo' will only be created for the 10 deepest contact points instead of all the 12 contact points.
WARNING: Contact joints between materials 'patin' and 'dohyo' will only be created for the 10 deepest contact points instead of all the 12 contact points.
[gelatina] t=53880 ms  EDGE_ESCAPE  rival=si d= 153 mm rumbo=+4752 cdeg  linea=0x8
[gelatina] t=54048 ms  ATTACK       rival=si d= 130 mm rumbo=+5095 cdeg  linea=0x8
[gelatina] t=54248 ms  EDGE_ESCAPE  rival=si d= 113 mm rumbo=+6000 cdeg  linea=0x8
WARNING: Contact joints between materials 'patin' and 'dohyo' will only be created for the 10 deepest contact points instead of all the 17 contact points.
[gelatina] t=54280 ms  ATTACK       rival=si d= 131 mm rumbo=+4799 cdeg  linea=0x8
[gelatina] t=54312 ms  EDGE_ESCAPE  rival=si d= 159 mm rumbo=+5186 cdeg  linea=0x8
[gelatina] t=54480 ms  ATTACK       rival=si d= 121 mm rumbo=+4858 cdeg  linea=0x8
[arbitro] asalto 26/30  banco    auto-salida     -1  54.58 s
[inercia] asalto=26 robot=GELATINA rueda=0 rotor=1.54931517e-05
[inercia] asalto=26 robot=GELATINA rueda=1 rotor=1.17622864e-05
[inercia] asalto=26 robot=RIVAL rueda=0 rotor=2.777028e-05
[inercia] asalto=26 robot=RIVAL rueda=1 rotor=2.71616879e-05
[planta] asalto=26 mu=1.35029093 slip=0.000660977721 aleatorio=1
[gelatina] fin de asalto motor={"battery_v":8.27235247,"resistance_ohm":[3.80514512,3.92626638],"bridge_ohm":[0.642998934,0.594773662],"omega_rad_s":[28.2057855,93.8611471],"current_a":[0.249724933,0.511893828],"torque_nm":[0.00268827677,0.0143758483],"applied_pwm":[0.36340332,1],"over_1_2a_samples":3118,"over_3_2a_samples":0}
[gelatina] t=    0 ms  WAIT         rival=si d= 105 mm rumbo=+3420 cdeg  linea=0x8
[rival] fin de asalto motor={"battery_v":8.37885891,"resistance_ohm":[4.1211309,4.14997587],"bridge_ohm":[0.601087213,0.697493279],"omega_rad_s":[-52.5457184,38.4466083],"current_a":[-0.12306289,0.352194107],"torque_nm":[-0.000704607048,0.00773561385],"applied_pwm":[-0.5,0.5],"over_1_2a_samples":159,"over_3_2a_samples":0}
[arranque] pulsador=338984 permiso=343984 ms
[planta] gelatina ciclo=28 rueda=0 V=8.30834136 R=3.65600648 Rpuente=0.602661276 I0=0.161727476 Ke=0.0747151705 Kt=0.0483794733
[planta] gelatina ciclo=28 rueda=1 V=8.30834136 R=3.89397373 Rpuente=0.615789807 I0=0.135190693 Ke=0.0847888796 Kt=0.0483794733
[sensores] gelatina ToF alcance=1003.93806 minimo=41.6985828 sigma_rel=0.0465594864
[gelatina] pulsador recibido: permiso previsto 343984 ms
[planta] rival ciclo=28 rueda=0 V=7.09189321 R=3.87593999 Rpuente=0.606464481 I0=0.114516324 Ke=0.0853337899 Kt=0.0483794733
[planta] rival ciclo=28 rueda=1 V=7.09189321 R=4.25763769 Rpuente=0.55996114 I0=0.126802191 Ke=0.0776055521 Kt=0.0483794733
[sensores] rival ToF alcance=991.946936 minimo=27.9371268 sigma_rel=0.0544977999
[gelatina] permiso de arranque a los 343984 ms
[gelatina] t=    0 ms  TRACK        rival=si d= 281 mm rumbo=   +0 cdeg  linea=0x0
WARNING: Contact joints between materials 'rueda' and 'dohyo' will only be created for the 10 deepest contact points instead of all the 14 contact points.
[gelatina] t=  360 ms  ATTACK       rival=si d= 107 mm rumbo=   +0 cdeg  linea=0x0
[gelatina] t=  664 ms  SEARCH       rival=no d=9999 mm rumbo=+3000 cdeg  linea=0x0
[gelatina] t=  952 ms  TRACK        rival=si d=  57 mm rumbo=-3000 cdeg  linea=0x0
[gelatina] t=  960 ms  ATTACK       rival=si d=  57 mm rumbo=-3000 cdeg  linea=0x0
[gelatina] t= 1088 ms  SEARCH       rival=no d=9999 mm rumbo=-3000 cdeg  linea=0x0
[gelatina] t= 1216 ms  TRACK        rival=si d=  51 mm rumbo=-4532 cdeg  linea=0x0
[gelatina] t= 1224 ms  ATTACK       rival=si d=  51 mm rumbo=-4532 cdeg  linea=0x0
WARNING: Contact joints between materials 'patin' and 'dohyo' will only be created for the 10 deepest contact points instead of all the 18 contact points.
[gelatina] t= 1416 ms  SEARCH       rival=no d=9999 mm rumbo=+3000 cdeg  linea=0x0
[gelatina] t= 1544 ms  TRACK        rival=si d=  72 mm rumbo=+4500 cdeg  linea=0x0
[gelatina] t= 1552 ms  ATTACK       rival=si d=  72 mm rumbo=+4500 cdeg  linea=0x0
[gelatina] t= 1752 ms  SEARCH       rival=no d=9999 mm rumbo=-6000 cdeg  linea=0x0
[gelatina] t= 1776 ms  TRACK        rival=si d= 114 mm rumbo=-6000 cdeg  linea=0x0
[gelatina] t= 1784 ms  ATTACK       rival=si d= 114 mm rumbo=-6000 cdeg  linea=0x0
[gelatina] t= 1984 ms  SEARCH       rival=no d=9999 mm rumbo=   +0 cdeg  linea=0x0
[gelatina] t= 2176 ms  TRACK        rival=si d=  65 mm rumbo=+4501 cdeg  linea=0x0
[gelatina] t= 2184 ms  ATTACK       rival=si d=  65 mm rumbo=+4501 cdeg  linea=0x0
WARNING: Contact joints between materials 'patin' and 'dohyo' will only be created for the 10 deepest contact points instead of all the 12 contact points.
[gelatina] t= 2376 ms  SEARCH       rival=no d=9999 mm rumbo=-6000 cdeg  linea=0x0
[gelatina] t= 2408 ms  TRACK        rival=si d= 134 mm rumbo=-6000 cdeg  linea=0x0
[gelatina] t= 2440 ms  ATTACK       rival=si d=  91 mm rumbo=-4500 cdeg  linea=0x0
[arbitro] asalto 27/30  banco    rival fuera     +1   2.46 s
[inercia] asalto=27 robot=GELATINA rueda=0 rotor=1.94309714e-05
[inercia] asalto=27 robot=GELATINA rueda=1 rotor=9.35624832e-06
[inercia] asalto=27 robot=RIVAL rueda=0 rotor=2.79407188e-05
[inercia] asalto=27 robot=RIVAL rueda=1 rotor=1.12463045e-05
[planta] asalto=27 mu=1.12337044 slip=0.00097377944 aleatorio=1
[gelatina] fin de asalto motor={"battery_v":8.30834136,"resistance_ohm":[3.65600648,3.89397373],"bridge_ohm":[0.602661276,0.615789807],"omega_rad_s":[67.4423078,-21.5884922],"current_a":[0.76769967,0.705028638],"torque_nm":[0.0293166156,0.0406493687],"applied_pwm":[1,0.162372768],"over_1_2a_samples":3194,"over_3_2a_samples":0}
[gelatina] t=    0 ms  WAIT         rival=si d=  97 mm rumbo=+1494 cdeg  linea=0x0
[rival] fin de asalto motor={"battery_v":7.09189321,"resistance_ohm":[3.87593999,4.25763769],"bridge_ohm":[0.606464481,0.55996114],"omega_rad_s":[-33.8514023,-26.9796598],"current_a":[-0.146635173,1.17064915],"torque_nm":[-0.001553893,0.0627700128],"applied_pwm":[-0.5,0.5],"over_1_2a_samples":162,"over_3_2a_samples":0}
[arranque] pulsador=346760 permiso=351760 ms
[planta] gelatina ciclo=29 rueda=0 V=8.34215989 R=4.01661582 Rpuente=0.614556992 I0=0.107086676 Ke=0.0736885814 Kt=0.0483794733
[planta] gelatina ciclo=29 rueda=1 V=8.34215989 R=3.8690063 Rpuente=0.691976321 I0=0.105943465 Ke=0.0753897349 Kt=0.0483794733
[sensores] gelatina ToF alcance=954.671735 minimo=47.6820457 sigma_rel=0.083875556
[gelatina] pulsador recibido: permiso previsto 351760 ms
[planta] rival ciclo=29 rueda=0 V=7.20060447 R=3.79002953 Rpuente=0.571846259 I0=0.191470322 Ke=0.0936401875 Kt=0.0483794733
[planta] rival ciclo=29 rueda=1 V=7.20060447 R=4.25690155 Rpuente=0.61379689 I0=0.094638285 Ke=0.0993166171 Kt=0.0483794733
[sensores] rival ToF alcance=1183.85692 minimo=35.2040571 sigma_rel=0.0955069351
[gelatina] permiso de arranque a los 351760 ms
[gelatina] t=    0 ms  TRACK        rival=si d= 261 mm rumbo=   +0 cdeg  linea=0x0
WARNING: Contact joints between materials 'patin' and 'dohyo' will only be created for the 10 deepest contact points instead of all the 11 contact points.
[gelatina] t=  328 ms  ATTACK       rival=si d= 107 mm rumbo=-1493 cdeg  linea=0x0
[gelatina] t=  624 ms  SEARCH       rival=no d=9999 mm rumbo=+3000 cdeg  linea=0x0
[gelatina] t=  656 ms  TRACK        rival=si d=  48 mm rumbo=-3000 cdeg  linea=0x0
[gelatina] t=  664 ms  ATTACK       rival=si d=  48 mm rumbo=-3000 cdeg  linea=0x0
[gelatina] t=  792 ms  SEARCH       rival=no d=9999 mm rumbo=-3000 cdeg  linea=0x0
[gelatina] t=  888 ms  TRACK        rival=si d= 100 mm rumbo=-6000 cdeg  linea=0x6
[gelatina] t=  896 ms  ATTACK       rival=si d= 100 mm rumbo=-6000 cdeg  linea=0x4
[arbitro] asalto 28/30  banco    expulsado       -1   1.01 s
[inercia] asalto=28 robot=GELATINA rueda=0 rotor=2.55414689e-05
[inercia] asalto=28 robot=GELATINA rueda=1 rotor=2.19878901e-05
[inercia] asalto=28 robot=RIVAL rueda=0 rotor=2.79932778e-05
[inercia] asalto=28 robot=RIVAL rueda=1 rotor=1.5502732e-05
[planta] asalto=28 mu=1.46634105 slip=0.00129893672 aleatorio=1
[gelatina] fin de asalto motor={"battery_v":8.34215989,"resistance_ohm":[4.01661582,3.8690063],"bridge_ohm":[0.614556992,0.691976321],"omega_rad_s":[23.5987165,98.5722139],"current_a":[-0.0872802973,0.19969969],"torque_nm":[-0.00940337182,0.00453587677],"applied_pwm":[0.160000026,1],"over_1_2a_samples":3208,"over_3_2a_samples":0}
[gelatina] t=    0 ms  WAIT         rival=no d=9999 mm rumbo=+4535 cdeg  linea=0x0
[rival] fin de asalto motor={"battery_v":7.20060447,"resistance_ohm":[3.79002953,4.25690155],"bridge_ohm":[0.571846259,0.61379689],"omega_rad_s":[-9.09117341,-37.8809989],"current_a":[-0.795314602,-0.114593425],"torque_nm":[-0.0292136685,-0.000965419179],"applied_pwm":[-0.6,-0.6],"over_1_2a_samples":166,"over_3_2a_samples":0}
[planta] gelatina ciclo=30 rueda=0 V=8.37814878 R=3.86747718 Rpuente=0.574219334 I0=0.224655694 Ke=0.0736339521 Kt=0.0483794733
[planta] gelatina ciclo=30 rueda=1 V=8.37814878 R=3.83671365 Rpuente=0.512992465 I0=0.17638801 Ke=0.0926337765 Kt=0.0483794733
[sensores] gelatina ToF alcance=785.083777 minimo=47.8836244 sigma_rel=0.114256158
[gelatina] pulsador recibido: permiso previsto 358080 ms
[planta] rival ciclo=30 rueda=0 V=8.35094497 R=3.98737073 Rpuente=0.627333462 I0=0.219472674 Ke=0.0758553078 Kt=0.0483794733
[planta] rival ciclo=30 rueda=1 V=8.35094497 R=4.21043987 Rpuente=0.662878561 I0=0.150727522 Ke=0.0661402564 Kt=0.0483794733
[sensores] rival ToF alcance=822.924936 minimo=46.2372559 sigma_rel=0.0859497404
[arranque] pulsador=353080 permiso=358080 ms
[gelatina] permiso de arranque a los 358080 ms
[gelatina] t=    0 ms  TRACK        rival=si d= 309 mm rumbo=   +0 cdeg  linea=0x0
WARNING: Contact joints between materials 'patin' and 'dohyo' will only be created for the 10 deepest contact points instead of all the 29 contact points.
[gelatina] t=  392 ms  ATTACK       rival=si d= 128 mm rumbo=-1432 cdeg  linea=0x0
[gelatina] t=  792 ms  SEARCH       rival=no d=9999 mm rumbo=-3000 cdeg  linea=0x0
[gelatina] t=  888 ms  TRACK        rival=si d=  58 mm rumbo=+6000 cdeg  linea=0x0
[arbitro] asalto 29/30  banco    rival fuera     +1   0.88 s
[inercia] asalto=29 robot=GELATINA rueda=0 rotor=1.93387651e-05
[inercia] asalto=29 robot=GELATINA rueda=1 rotor=2.56285785e-05
[inercia] asalto=29 robot=RIVAL rueda=0 rotor=2.94294961e-05
[inercia] asalto=29 robot=RIVAL rueda=1 rotor=3.0536506e-05
[planta] asalto=29 mu=1.28143648 slip=0.000702222109 aleatorio=1
[gelatina] fin de asalto motor={"battery_v":8.37814878,"resistance_ohm":[3.86747718,3.83671365],"bridge_ohm":[0.574219334,0.512992465],"omega_rad_s":[60.9110932,-24.3367099],"current_a":[0.876472368,-1.07501591],"torque_nm":[0.0315345474,-0.0434751447],"applied_pwm":[1,-0.827199996],"over_1_2a_samples":3223,"over_3_2a_samples":0}
[gelatina] t=    0 ms  WAIT         rival=si d=  58 mm rumbo=+6000 cdeg  linea=0x0
[rival] fin de asalto motor={"battery_v":8.35094497,"resistance_ohm":[3.98737073,4.21043987],"bridge_ohm":[0.627333462,0.662878561],"omega_rad_s":[-3.67783681,19.6778908],"current_a":[-0.844363773,0.589736087],"torque_nm":[-0.0302454625,0.0212390031],"applied_pwm":[-0.5,0.5],"over_1_2a_samples":169,"over_3_2a_samples":0}
[planta] gelatina ciclo=31 rueda=0 V=7.01196731 R=4.22808652 Rpuente=0.586115062 I0=0.170014885 Ke=0.072463821 Kt=0.0483794733
[planta] gelatina ciclo=31 rueda=1 V=7.01196731 R=3.81174626 Rpuente=0.589178979 I0=0.147140774 Ke=0.0811089341 Kt=0.0483794733
[sensores] gelatina ToF alcance=735.817456 minimo=23.8670874 sigma_rel=0.0715722275
[gelatina] pulsador recibido: permiso previsto 364272 ms
[planta] rival ciclo=31 rueda=0 V=7.05026116 R=3.70891438 Rpuente=0.630490899 I0=0.0937249482 Ke=0.0711979099 Kt=0.0483794733
[planta] rival ciclo=31 rueda=1 V=7.05026116 R=3.90925069 Rpuente=0.636213768 I0=0.128782082 Ke=0.0974377837 Kt=0.0483794733
[arranque] pulsador=359272 permiso=364272 ms
[sensores] rival ToF alcance=1096.08399 minimo=42.1623528 sigma_rel=0.0406015539
[gelatina] permiso de arranque a los 364272 ms
[gelatina] t=    0 ms  TRACK        rival=si d= 323 mm rumbo=   +0 cdeg  linea=0x0
[gelatina] t=  424 ms  ATTACK       rival=si d= 124 mm rumbo=-1505 cdeg  linea=0x0
WARNING: Contact joints between materials 'rueda' and 'dohyo' will only be created for the 10 deepest contact points instead of all the 14 contact points.
[gelatina] t=  792 ms  SEARCH       rival=no d=9999 mm rumbo=+3000 cdeg  linea=0x0
[gelatina] t=  856 ms  TRACK        rival=si d=  26 mm rumbo=   +0 cdeg  linea=0x0
[gelatina] t=  864 ms  ATTACK       rival=si d=  26 mm rumbo=   +0 cdeg  linea=0x0
WARNING: Contact joints between materials 'patin' and 'dohyo' will only be created for the 10 deepest contact points instead of all the 15 contact points.
WARNING: Contact joints between materials 'patin' and 'dohyo' will only be created for the 10 deepest contact points instead of all the 17 contact points.
WARNING: Contact joints between materials 'patin' and 'dohyo' will only be created for the 10 deepest contact points instead of all the 14 contact points.
WARNING: DEF GELATINA GelatinaNuclear > HingeJoint "rueda_der" > RotationalMotor "motor_der": The requested motor torque -0.298956 exceeds 'maxTorque' = 0.25
WARNING: DEF GELATINA GelatinaNuclear > HingeJoint "rueda_der" > RotationalMotor "motor_der": The requested motor torque 0.278406 exceeds 'maxTorque' = 0.25
[arbitro] asalto 30/30  banco    expulsado       -1   4.50 s

[arbitro] RESULTADO  17W 12L 1D  win rate 56.7%  auto-salidas 4  t medio de victoria 1.90 s

[arbitro] resultados -> ../../../../result.json
INFO: 'arbitro' controller exited successfully.
INFO: medido: Terminating.
INFO: oponente: Terminating.
