WARNING: Contact joints between materials 'patin' and 'dohyo' will only be created for the 10 deepest contact points instead of all the 12 contact points.
INFO: medido: Starting controller: $LAB_ROOT/Mini-Sumo-real/runs/real/20260913T171033747136Z_v22_v0.3.1_banco_static_s0_r1/project/webots/controllers/medido/medido
INFO: oponente: Starting controller: $LAB_ROOT/Mini-Sumo-real/runs/real/20260913T171033747136Z_v22_v0.3.1_banco_static_s0_r1/project/webots/controllers/oponente/oponente static
INFO: arbitro: Starting controller: $LAB_ROOT/Mini-Sumo-real/runs/real/20260913T171033747136Z_v22_v0.3.1_banco_static_s0_r1/project/webots/controllers/arbitro/arbitro --rounds 30 --rival static --version v0.3.1 --colocacion banco --out ../../../../result.json
[planta] gelatina ciclo=1 rueda=0 V=7.36485623 R=4.25602584 Rpuente=0.612744129 I0=0.126091683 Ke=0.092558592 Kt=0.0483794733
[planta] gelatina ciclo=1 rueda=1 V=7.36485623 R=3.87064724 Rpuente=0.5311391 I0=0.129181051 Ke=0.0852744683 Kt=0.0483794733
[sensores] gelatina ToF alcance=1418.63086 minimo=21.0914713 sigma_rel=0.0961221409
[gelatina] HAL Webots listo: paso 8 ms, umbral de linea 400
[gelatina] estrategia v0.3.0 en linea
[planta] rival ciclo=1 rueda=0 V=7.3310377 R=3.8954165 Rpuente=0.600848401 I0=0.180732483 Ke=0.0948581567 Kt=0.0483794733
[planta] rival ciclo=1 rueda=1 V=7.3310377 R=3.89561467 Rpuente=0.654952586 I0=0.158428279 Ke=0.0980418484 Kt=0.0483794733
[sensores] rival ToF alcance=1467.89725 minimo=45.1080084 sigma_rel=0.0588060713
[rival] comportamiento: static

[arbitro] 30 asaltos contra 'static', colocacion banco, limite 60 s por asalto
[gelatina] t=    0 ms  WAIT         rival=no d=9999 mm rumbo=   +0 cdeg  linea=0x0
[inercia] asalto=0 robot=GELATINA rueda=0 rotor=2.26145341e-05
[inercia] asalto=0 robot=GELATINA rueda=1 rotor=2.80318469e-05
[inercia] asalto=0 robot=RIVAL rueda=0 rotor=1.03646774e-05
[inercia] asalto=0 robot=RIVAL rueda=1 rotor=1.89769952e-05
[planta] asalto=0 mu=0.8364555 slip=0.000738541245 aleatorio=1
[planta] gelatina ciclo=2 rueda=0 V=7.40084512 R=4.10688725 Rpuente=0.572406459 I0=0.0936607003 Ke=0.0698853006 Kt=0.0483794733
[planta] gelatina ciclo=2 rueda=1 V=7.40084512 R=3.83835459 Rpuente=0.552155244 I0=0.199625596 Ke=0.0697456861 Kt=0.0483794733
[sensores] gelatina ToF alcance=1249.04298 minimo=21.2930501 sigma_rel=0.0465027428
[gelatina] pulsador recibido: permiso previsto 5312 ms
[planta] rival ciclo=2 rueda=0 V=7.99534413 R=3.71403046 Rpuente=0.594484353 I0=0.0934002846 Ke=0.0948363984 Kt=0.0483794733
[planta] rival ciclo=2 rueda=1 V=7.99534413 R=3.6196208 Rpuente=0.585172546 I0=0.147359303 Ke=0.0827417612 Kt=0.0483794733
[sensores] rival ToF alcance=757.486892 minimo=42.2123063 sigma_rel=0.084336791
[arranque] pulsador=312 permiso=5312 ms
[gelatina] permiso de arranque a los 5312 ms
[gelatina] t=    0 ms  TRACK        rival=si d= 251 mm rumbo=   +0 cdeg  linea=0x0
WARNING: Contact joints between materials 'patin' and 'dohyo' will only be created for the 10 deepest contact points instead of all the 32 contact points.
[gelatina] t=  360 ms  ATTACK       rival=si d= 132 mm rumbo=-1501 cdeg  linea=0x0
[gelatina] t=  984 ms  EDGE_ESCAPE  rival=si d=  39 mm rumbo=-3000 cdeg  linea=0x2
[arbitro] asalto  1/30  banco    rival fuera     +1   1.01 s
[gelatina] t= 1016 ms  ATTACK       rival=si d=  19 mm rumbo=-3000 cdeg  linea=0x2
[inercia] asalto=1 robot=GELATINA rueda=0 rotor=9.44531643e-06
[inercia] asalto=1 robot=GELATINA rueda=1 rotor=2.62596416e-05
[inercia] asalto=1 robot=RIVAL rueda=0 rotor=1.57621794e-05
[inercia] asalto=1 robot=RIVAL rueda=1 rotor=2.04041997e-05
[planta] asalto=1 mu=1.37476293 slip=0.00111237705 aleatorio=1
[gelatina] fin de asalto motor={"battery_v":7.40084512,"resistance_ohm":[4.10688725,3.83835459],"bridge_ohm":[0.572406459,0.552155244],"omega_rad_s":[34.6206501,24.9783654],"current_a":[-0.200736549,-1.00096133],"torque_nm":[-0.0142427839,-0.0580837633],"applied_pwm":[0.200000033,-0.358418167],"over_1_2a_samples":8,"over_3_2a_samples":0}
[gelatina] t=    0 ms  WAIT         rival=si d=  19 mm rumbo=-3000 cdeg  linea=0x2
[rival] fin de asalto motor={"battery_v":7.99534413,"resistance_ohm":[3.71403046,3.6196208],"bridge_ohm":[0.594484353,0.585172546],"omega_rad_s":[0.141869951,0.971204925],"current_a":[-0.00312275477,-0.019111333],"torque_nm":[-0.000787872264,-0.00626600441],"applied_pwm":[0,0],"over_1_2a_samples":0,"over_3_2a_samples":0}
[planta] gelatina ciclo=3 rueda=0 V=7.43466365 R=3.66749654 Rpuente=0.584302187 I0=0.189019892 Ke=0.0942266868 Kt=0.0483794733
[planta] gelatina ciclo=3 rueda=1 V=7.43466365 R=3.81338716 Rpuente=0.628341758 I0=0.170378369 Ke=0.0931979847 Kt=0.0483794733
[sensores] gelatina ToF alcance=1199.77666 minimo=27.276513 sigma_rel=0.0838188124
[gelatina] pulsador recibido: permiso previsto 11632 ms
[planta] rival ciclo=3 rueda=0 V=7.74568462 R=3.91137171 Rpuente=0.649971557 I0=0.121402636 Ke=0.0779893475 Kt=0.0483794733
[planta] rival ciclo=3 rueda=1 V=7.74568462 R=4.37315912 Rpuente=0.634254229 I0=0.20344854 Ke=0.0803429839 Kt=0.0483794733
[sensores] rival ToF alcance=1696.55499 minimo=23.2455051 sigma_rel=0.0747795963
[arranque] pulsador=6632 permiso=11632 ms
[gelatina] permiso de arranque a los 11632 ms
[gelatina] t=    0 ms  TRACK        rival=si d= 273 mm rumbo=   +0 cdeg  linea=0x0
WARNING: Contact joints between materials 'rueda' and 'dohyo' will only be created for the 10 deepest contact points instead of all the 15 contact points.
[gelatina] t=  456 ms  ATTACK       rival=si d= 128 mm rumbo=   +0 cdeg  linea=0x0
[gelatina] t=  728 ms  SEARCH       rival=no d=9999 mm rumbo=   -1 cdeg  linea=0x0
[gelatina] t=  920 ms  TRACK        rival=si d=  33 mm rumbo=+2923 cdeg  linea=0x0
[gelatina] t=  928 ms  ATTACK       rival=si d=  33 mm rumbo=+2923 cdeg  linea=0x0
WARNING: Contact joints between materials 'patin' and 'dohyo' will only be created for the 10 deepest contact points instead of all the 15 contact points.
[gelatina] t= 1480 ms  EDGE_ESCAPE  rival=si d=  35 mm rumbo=-3000 cdeg  linea=0x2
[arbitro] asalto  2/30  banco    rival fuera     +1   1.50 s
[inercia] asalto=2 robot=GELATINA rueda=0 rotor=1.53470491e-05
[inercia] asalto=2 robot=GELATINA rueda=1 rotor=3.54828401e-05
[inercia] asalto=2 robot=RIVAL rueda=0 rotor=3.22439504e-05
[inercia] asalto=2 robot=RIVAL rueda=1 rotor=1.78256371e-05
[planta] asalto=2 mu=1.1906902 slip=0.00167386723 aleatorio=1
[gelatina] fin de asalto motor={"battery_v":7.43466365,"resistance_ohm":[3.66749654,3.81338716],"bridge_ohm":[0.584302187,0.628341758],"omega_rad_s":[17.3959151,2.63683396],"current_a":[-0.0358028393,-0.655255236],"torque_nm":[-0.0108768053,-0.0398596645],"applied_pwm":[0.200000033,-0.358418167],"over_1_2a_samples":25,"over_3_2a_samples":0}
[gelatina] t=    0 ms  WAIT         rival=no d=9999 mm rumbo=-3000 cdeg  linea=0x3
[rival] fin de asalto motor={"battery_v":7.74568462,"resistance_ohm":[3.91137171,4.37315912],"bridge_ohm":[0.649971557,0.634254229],"omega_rad_s":[-0.822104826,-0.0503052954],"current_a":[0.0140562583,0.000807138787],"torque_nm":[0.0046517059,0.000533773302],"applied_pwm":[0,0],"over_1_2a_samples":0,"over_3_2a_samples":0}
[planta] gelatina ciclo=4 rueda=0 V=7.47065254 R=4.31835794 Rpuente=0.543964529 I0=0.156588909 Ke=0.0685665134 Kt=0.0483794733
[planta] gelatina ciclo=4 rueda=1 V=7.47065254 R=3.78109455 Rpuente=0.649357903 I0=0.0908229142 Ke=0.0832451824 Kt=0.0483794733
[sensores] gelatina ToF alcance=1030.18878 minimo=27.4780917 sigma_rel=0.114199414
[gelatina] pulsador recibido: permiso previsto 18448 ms
[planta] rival ciclo=4 rueda=0 V=7.00999113 R=3.72998562 Rpuente=0.643607509 I0=0.184070438 Ke=0.0712029904 Kt=0.0483794733
[planta] rival ciclo=4 rueda=1 V=7.00999113 R=4.0971653 Rpuente=0.564474189 I0=0.192379564 Ke=0.069703396 Kt=0.0483794733
[sensores] rival ToF alcance=986.144626 minimo=20.3498012 sigma_rel=0.100310316
[arranque] pulsador=13448 permiso=18448 ms
[gelatina] permiso de arranque a los 18448 ms
[gelatina] t=    0 ms  TRACK        rival=si d= 344 mm rumbo=   +0 cdeg  linea=0x0
[gelatina] t=  360 ms  ATTACK       rival=si d= 132 mm rumbo=   +0 cdeg  linea=0x0
WARNING: Contact joints between materials 'rueda' and 'dohyo' will only be created for the 10 deepest contact points instead of all the 11 contact points.
[gelatina] t=  632 ms  SEARCH       rival=no d=9999 mm rumbo=-3000 cdeg  linea=0x0
[gelatina] t=  856 ms  TRACK        rival=si d=  45 mm rumbo=+6000 cdeg  linea=0x0
[gelatina] t=  864 ms  ATTACK       rival=si d=  45 mm rumbo=+6000 cdeg  linea=0x0
[gelatina] t=  928 ms  EDGE_ESCAPE  rival=si d=  45 mm rumbo=+6000 cdeg  linea=0x8
[gelatina] t= 1136 ms  SEARCH       rival=no d=9999 mm rumbo=+6000 cdeg  linea=0x0
[gelatina] t= 1184 ms  TRACK        rival=si d=  61 mm rumbo=+6000 cdeg  linea=0x0
[gelatina] t= 1192 ms  ATTACK       rival=si d=  61 mm rumbo=+6000 cdeg  linea=0x0
[gelatina] t= 1424 ms  SEARCH       rival=no d=9999 mm rumbo=-6000 cdeg  linea=0x0
[gelatina] t= 1480 ms  TRACK        rival=si d= 104 mm rumbo=-6000 cdeg  linea=0x0
[gelatina] t= 1488 ms  ATTACK       rival=si d= 104 mm rumbo=-6000 cdeg  linea=0x0
WARNING: Contact joints between materials 'patin' and 'dohyo' will only be created for the 10 deepest contact points instead of all the 11 contact points.
[gelatina] t= 1752 ms  SEARCH       rival=no d=9999 mm rumbo=+6000 cdeg  linea=0x0
[gelatina] t= 1808 ms  TRACK        rival=si d=  75 mm rumbo=+6000 cdeg  linea=0x0
[gelatina] t= 1816 ms  ATTACK       rival=si d=  75 mm rumbo=+6000 cdeg  linea=0x0
[gelatina] t= 2080 ms  SEARCH       rival=no d=9999 mm rumbo=-6000 cdeg  linea=0x0
[gelatina] t= 2144 ms  TRACK        rival=si d=  36 mm rumbo=-6000 cdeg  linea=0x0
[gelatina] t= 2152 ms  ATTACK       rival=si d=  36 mm rumbo=-6000 cdeg  linea=0x0
WARNING: Contact joints between materials 'patin' and 'dohyo' will only be created for the 10 deepest contact points instead of all the 16 contact points.
[gelatina] t= 2512 ms  SEARCH       rival=no d=9999 mm rumbo=   +0 cdeg  linea=0x0
[gelatina] t= 2600 ms  TRACK        rival=si d=  49 mm rumbo=+3000 cdeg  linea=0x0
[gelatina] t= 2608 ms  ATTACK       rival=si d=  49 mm rumbo=+3000 cdeg  linea=0x0
[arbitro] asalto  3/30  banco    rival fuera     +1   3.21 s
[inercia] asalto=3 robot=GELATINA rueda=0 rotor=1.48304331e-05
[inercia] asalto=3 robot=GELATINA rueda=1 rotor=1.18224236e-05
[inercia] asalto=3 robot=RIVAL rueda=0 rotor=1.09047171e-05
[inercia] asalto=3 robot=RIVAL rueda=1 rotor=1.76097783e-05
[planta] asalto=3 mu=1.2826027 slip=0.00106291819 aleatorio=1
WARNING: DEF GELATINA GelatinaNuclear > HingeJoint "rueda_der" > Solid "rueda_der": Webots has detected that this solid is light and oblong according to its inertia matrix. This belongs in the physics edge cases, and can imply weird physical results. Increasing the weight of the object or reducing its eccentricity are recommended.
WARNING: DEF RIVAL GelatinaNuclear > HingeJoint "rueda_izq" > Solid "rueda_izq": Webots has detected that this solid is light and oblong according to its inertia matrix. This belongs in the physics edge cases, and can imply weird physical results. Increasing the weight of the object or reducing its eccentricity are recommended.
[gelatina] fin de asalto motor={"battery_v":7.47065254,"resistance_ohm":[4.31835794,3.78109455],"bridge_ohm":[0.543964529,0.649357903],"omega_rad_s":[35.3518123,25.0436951],"current_a":[1.03792006,1.21565137],"torque_nm":[0.0426383369,0.0544186081],"applied_pwm":[1,1],"over_1_2a_samples":53,"over_3_2a_samples":0}
[gelatina] t=    0 ms  WAIT         rival=si d=  44 mm rumbo=   +0 cdeg  linea=0x3
[rival] fin de asalto motor={"battery_v":7.00999113,"resistance_ohm":[3.72998562,4.0971653],"bridge_ohm":[0.643607509,0.564474189],"omega_rad_s":[-0.360687972,-1.99925811],"current_a":[0.00587207393,0.0298940062],"torque_nm":[0.00336369366,0.0104181868],"applied_pwm":[0,0],"over_1_2a_samples":0,"over_3_2a_samples":0}
[planta] gelatina ciclo=5 rueda=0 V=7.50447108 R=3.87896729 Rpuente=0.555860245 I0=0.101948109 Ke=0.0693291847 Kt=0.0483794733
[planta] gelatina ciclo=5 rueda=1 V=7.50447108 R=3.75612712 Rpuente=0.525544417 I0=0.211575678 Ke=0.0671260551 Kt=0.0483794733
[sensores] gelatina ToF alcance=980.922455 minimo=33.4615546 sigma_rel=0.0715154839
[gelatina] pulsador recibido: permiso previsto 26968 ms
[planta] rival ciclo=5 rueda=0 V=7.33795099 R=4.30922918 Rpuente=0.586078012 I0=0.119217575 Ke=0.0873178988 Kt=0.0483794733
[planta] rival ciclo=5 rueda=1 V=7.33795099 R=4.35173435 Rpuente=0.508019018 I0=0.164089081 Ke=0.0656203404 Kt=0.0483794733
[sensores] rival ToF alcance=1634.49379 minimo=42.0335317 sigma_rel=0.0726668024
[arranque] pulsador=21968 permiso=26968 ms
[gelatina] permiso de arranque a los 26968 ms
[gelatina] t=    0 ms  TRACK        rival=si d= 301 mm rumbo=   +0 cdeg  linea=0x0
[gelatina] t=  360 ms  ATTACK       rival=si d= 120 mm rumbo=+1469 cdeg  linea=0x0
WARNING: Contact joints between materials 'rueda' and 'dohyo' will only be created for the 10 deepest contact points instead of all the 16 contact points.
[gelatina] t=  592 ms  SEARCH       rival=no d=9999 mm rumbo=+1505 cdeg  linea=0x0
[gelatina] t=  688 ms  TRACK        rival=si d=  33 mm rumbo=   +0 cdeg  linea=0x0
[gelatina] t=  696 ms  ATTACK       rival=si d=  33 mm rumbo=   +0 cdeg  linea=0x0
[arbitro] asalto  4/30  banco    rival fuera     +1   0.81 s
[inercia] asalto=4 robot=GELATINA rueda=0 rotor=2.47379504e-05
[inercia] asalto=4 robot=GELATINA rueda=1 rotor=1.92414347e-05
[inercia] asalto=4 robot=RIVAL rueda=0 rotor=1.60995954e-05
[inercia] asalto=4 robot=RIVAL rueda=1 rotor=2.92744263e-05
[planta] asalto=4 mu=0.729815042 slip=0.00141449273 aleatorio=1
[gelatina] fin de asalto motor={"battery_v":7.50447108,"resistance_ohm":[3.87896729,3.75612712],"bridge_ohm":[0.555860245,0.525544417],"omega_rad_s":[48.8133121,7.44232905],"current_a":[0.929074224,0.163754126],"torque_nm":[0.0400159258,-0.00231357448],"applied_pwm":[1,0.160000026],"over_1_2a_samples":62,"over_3_2a_samples":0}
[gelatina] t=    0 ms  WAIT         rival=si d= 297 mm rumbo=   +0 cdeg  linea=0x0
[rival] fin de asalto motor={"battery_v":7.33795099,"resistance_ohm":[4.30922918,4.35173435],"bridge_ohm":[0.586078012,0.508019018],"omega_rad_s":[-3.48563519,-23.4367577],"current_a":[0.0621734916,0.316462154],"torque_nm":[0.00876478892,0.0232488157],"applied_pwm":[0,0],"over_1_2a_samples":0,"over_3_2a_samples":0}
[planta] gelatina ciclo=6 rueda=0 V=7.54045988 R=3.72982864 Rpuente=0.515522587 I0=0.219517127 Ke=0.0691407664 Kt=0.0483794733
[planta] gelatina ciclo=6 rueda=1 V=7.54045988 R=3.72383447 Rpuente=0.546560562 I0=0.132020223 Ke=0.0905072248 Kt=0.0483794733
[sensores] gelatina ToF alcance=811.334574 minimo=33.6631316 sigma_rel=0.101896091
[gelatina] pulsador recibido: permiso previsto 33088 ms
[planta] rival ciclo=6 rueda=0 V=8.00225742 R=4.12784314 Rpuente=0.579713964 I0=0.181885377 Ke=0.0788056002 Kt=0.0483794733
[planta] rival ciclo=6 rueda=1 V=8.00225742 R=4.07574048 Rpuente=0.63823899 I0=0.153020105 Ke=0.0833654349 Kt=0.0483794733
[sensores] rival ToF alcance=924.083501 minimo=39.1378278 sigma_rel=0.0981975222
[arranque] pulsador=28088 permiso=33088 ms
[gelatina] permiso de arranque a los 33088 ms
[gelatina] t=    0 ms  TRACK        rival=si d= 268 mm rumbo=   +0 cdeg  linea=0x0
[gelatina] t=  424 ms  ATTACK       rival=si d= 119 mm rumbo=   +0 cdeg  linea=0x0
WARNING: Contact joints between materials 'rueda' and 'dohyo' will only be created for the 10 deepest contact points instead of all the 16 contact points.
[gelatina] t=  896 ms  SEARCH       rival=no d=9999 mm rumbo=-3000 cdeg  linea=0x0
[gelatina] t=  952 ms  TRACK        rival=si d=  47 mm rumbo=-3000 cdeg  linea=0x0
[gelatina] t=  960 ms  ATTACK       rival=si d=  47 mm rumbo=-3000 cdeg  linea=0x0
[gelatina] t= 1416 ms  SEARCH       rival=no d=9999 mm rumbo=   +0 cdeg  linea=0x0
[arbitro] asalto  5/30  banco    rival fuera     +1   1.46 s
[inercia] asalto=5 robot=GELATINA rueda=0 rotor=1.80220778e-05
[inercia] asalto=5 robot=GELATINA rueda=1 rotor=3.55475205e-05
[inercia] asalto=5 robot=RIVAL rueda=0 rotor=1.94917926e-05
[inercia] asalto=5 robot=RIVAL rueda=1 rotor=2.37972724e-05
[planta] asalto=5 mu=1.5307009 slip=0.000354548097 aleatorio=1
[gelatina] fin de asalto motor={"battery_v":7.54045988,"resistance_ohm":[3.72982864,3.72383447],"bridge_ohm":[0.515522587,0.546560562],"omega_rad_s":[37.5727435,53.9097675],"current_a":[-0.967152029,0.623182732],"torque_nm":[-0.0574104288,0.0237621835],"applied_pwm":[-0.199999973,1],"over_1_2a_samples":79,"over_3_2a_samples":0}
[gelatina] t=    0 ms  WAIT         rival=si d= 298 mm rumbo=   +0 cdeg  linea=0x2
[rival] fin de asalto motor={"battery_v":8.00225742,"resistance_ohm":[4.12784314,4.07574048],"bridge_ohm":[0.579713964,0.63823899],"omega_rad_s":[-3.06589131,-3.30807343],"current_a":[0.0513237332,0.0585023719],"torque_nm":[0.0112443793,0.0102135534],"applied_pwm":[0,0],"over_1_2a_samples":0,"over_3_2a_samples":0}
[planta] gelatina ciclo=7 rueda=0 V=7.5742785 R=4.09043798 Rpuente=0.527418315 I0=0.164876327 Ke=0.0681605179 Kt=0.0483794733
[planta] gelatina ciclo=7 rueda=1 V=7.5742785 R=3.69886703 Rpuente=0.622747076 I0=0.102772996 Ke=0.0797648297 Kt=0.0483794733
[sensores] gelatina ToF alcance=762.068176 minimo=39.6465945 sigma_rel=0.0592121553
[gelatina] pulsador recibido: permiso previsto 39864 ms
[planta] rival ciclo=7 rueda=0 V=7.75259792 R=4.32518439 Rpuente=0.635201168 I0=0.209887719 Ke=0.0654142189 Kt=0.0483794733
[planta] rival ciclo=7 rueda=1 V=7.75259792 R=4.0292788 Rpuente=0.687320662 I0=0.209109342 Ke=0.0831461469 Kt=0.0483794733
[sensores] rival ToF alcance=1863.15152 minimo=20.1710284 sigma_rel=0.0886403275
[arranque] pulsador=34864 permiso=39864 ms
[gelatina] permiso de arranque a los 39864 ms
[gelatina] t=    0 ms  TRACK        rival=si d= 269 mm rumbo=   +0 cdeg  linea=0x0
[gelatina] t=  327 ms  ATTACK       rival=si d= 124 mm rumbo=-1431 cdeg  linea=0x0
WARNING: Contact joints between materials 'rueda' and 'dohyo' will only be created for the 10 deepest contact points instead of all the 16 contact points.
[gelatina] t=  559 ms  SEARCH       rival=no d=9999 mm rumbo=   +7 cdeg  linea=0x0
[gelatina] t=  919 ms  TRACK        rival=si d=  50 mm rumbo=+3000 cdeg  linea=0x0
[gelatina] t=  927 ms  ATTACK       rival=si d=  50 mm rumbo=+3000 cdeg  linea=0x0
[gelatina] t= 1159 ms  SEARCH       rival=no d=9999 mm rumbo=-3000 cdeg  linea=0x0
[gelatina] t= 1511 ms  TRACK        rival=si d=  54 mm rumbo=-3000 cdeg  linea=0x0
[gelatina] t= 1519 ms  ATTACK       rival=si d=  54 mm rumbo=-3000 cdeg  linea=0x0
[gelatina] t= 1719 ms  SEARCH       rival=no d=9999 mm rumbo=+3000 cdeg  linea=0x0
WARNING: Contact joints between materials 'patin' and 'dohyo' will only be created for the 10 deepest contact points instead of all the 12 contact points.
[gelatina] t= 1872 ms  TRACK        rival=si d=  85 mm rumbo=+6000 cdeg  linea=0x0
[gelatina] t= 1879 ms  ATTACK       rival=si d=  82 mm rumbo=+4496 cdeg  linea=0x0
[gelatina] t= 2079 ms  SEARCH       rival=no d=9999 mm rumbo=-6000 cdeg  linea=0x0
[gelatina] t= 2143 ms  TRACK        rival=si d= 109 mm rumbo=-6000 cdeg  linea=0x0
[gelatina] t= 2151 ms  ATTACK       rival=si d= 109 mm rumbo=-6000 cdeg  linea=0x0
[gelatina] t= 2375 ms  SEARCH       rival=no d=9999 mm rumbo=+6000 cdeg  linea=0x0
[gelatina] t= 2439 ms  TRACK        rival=si d=  88 mm rumbo=+6000 cdeg  linea=0x0
[gelatina] t= 2447 ms  ATTACK       rival=si d=  88 mm rumbo=+6000 cdeg  linea=0x0
WARNING: Contact joints between materials 'patin' and 'dohyo' will only be created for the 10 deepest contact points instead of all the 11 contact points.
[gelatina] t= 3271 ms  SEARCH       rival=no d=9999 mm rumbo=-3000 cdeg  linea=0x0
[gelatina] t= 3287 ms  EDGE_ESCAPE  rival=no d=9999 mm rumbo=-3000 cdeg  linea=0x1
[arbitro] asalto  6/30  banco    rival fuera     +1   3.30 s
[inercia] asalto=6 robot=GELATINA rueda=0 rotor=3.26262665e-05
[inercia] asalto=6 robot=GELATINA rueda=1 rotor=2.82080197e-05
[inercia] asalto=6 robot=RIVAL rueda=0 rotor=3.48587131e-05
[inercia] asalto=6 robot=RIVAL rueda=1 rotor=3.53247898e-05
[planta] asalto=6 mu=1.06612322 slip=0.00198867857 aleatorio=1
WARNING: DEF GELATINA GelatinaNuclear > HingeJoint "rueda_der" > Solid "rueda_der": Webots has detected that this solid is light and oblong according to its inertia matrix. This belongs in the physics edge cases, and can imply weird physical results. Increasing the weight of the object or reducing its eccentricity are recommended.
[gelatina] fin de asalto motor={"battery_v":7.5742785,"resistance_ohm":[4.09043798,3.69886703],"bridge_ohm":[0.527418315,0.622747076],"omega_rad_s":[43.4093333,33.9319069],"current_a":[0.343398437,-0.903939123],"torque_nm":[0.00863680567,-0.0487042021],"applied_pwm":[0.600000024,-0.158418164],"over_1_2a_samples":146,"over_3_2a_samples":0}
[gelatina] t=    0 ms  WAIT         rival=no d=9999 mm rumbo=-3000 cdeg  linea=0x1
[rival] fin de asalto motor={"battery_v":7.75259792,"resistance_ohm":[4.32518439,4.0292788],"bridge_ohm":[0.635201168,0.687320662],"omega_rad_s":[1.5136042,14.0632654],"current_a":[-0.0199603912,-0.247913002],"torque_nm":[-0.0101814392,-0.0221105003],"applied_pwm":[0,0],"over_1_2a_samples":0,"over_3_2a_samples":0}
[arranque] pulsador=43472 permiso=48472 ms
[planta] gelatina ciclo=8 rueda=0 V=7.61026731 R=3.94129934 Rpuente=0.687080646 I0=0.132445344 Ke=0.0758400655 Kt=0.0483794733
[planta] gelatina ciclo=8 rueda=1 V=7.61026731 R=3.66657438 Rpuente=0.64376322 I0=0.173217541 Ke=0.0662343072 Kt=0.0483794733
[sensores] gelatina ToF alcance=1892.4803 minimo=39.8481733 sigma_rel=0.089592762
[gelatina] pulsador recibido: permiso previsto 48472 ms
[planta] rival ciclo=8 rueda=0 V=7.8170812 R=3.61420321 Rpuente=0.551313353 I0=0.080521971 Ke=0.0779089017 Kt=0.0483794733
[planta] rival ciclo=8 rueda=1 V=7.8170812 R=3.76878104 Rpuente=0.622384787 I0=0.21851036 Ke=0.0682264983 Kt=0.0483794733
[sensores] rival ToF alcance=1243.96493 minimo=22.8506535 sigma_rel=0.0766100645
[gelatina] permiso de arranque a los 48472 ms
[gelatina] t=    0 ms  OPENING      rival=no d=9999 mm rumbo=   +0 cdeg  linea=0x0
[gelatina] t=   32 ms  TRACK        rival=si d= 311 mm rumbo=   +0 cdeg  linea=0x0
[gelatina] t=  328 ms  ATTACK       rival=si d= 123 mm rumbo=   +0 cdeg  linea=0x0
WARNING: Contact joints between materials 'patin' and 'dohyo' will only be created for the 10 deepest contact points instead of all the 31 contact points.
[gelatina] t=  624 ms  SEARCH       rival=no d=9999 mm rumbo=+3036 cdeg  linea=0x0
[gelatina] t=  920 ms  TRACK        rival=si d= 111 mm rumbo=+6000 cdeg  linea=0x0
[gelatina] t=  928 ms  ATTACK       rival=si d= 111 mm rumbo=+6000 cdeg  linea=0x0
[gelatina] t= 1160 ms  SEARCH       rival=no d=9999 mm rumbo=-6000 cdeg  linea=0x0
[gelatina] t= 1280 ms  TRACK        rival=si d=  94 mm rumbo=-4504 cdeg  linea=0x0
[gelatina] t= 1288 ms  ATTACK       rival=si d=  94 mm rumbo=-4504 cdeg  linea=0x0
WARNING: Contact joints between materials 'patin' and 'dohyo' will only be created for the 10 deepest contact points instead of all the 12 contact points.
[gelatina] t= 1488 ms  SEARCH       rival=no d=9999 mm rumbo=+6000 cdeg  linea=0x0
[gelatina] t= 1616 ms  TRACK        rival=si d= 122 mm rumbo=+4472 cdeg  linea=0x0
[gelatina] t= 1624 ms  ATTACK       rival=si d= 122 mm rumbo=+4472 cdeg  linea=0x0
[gelatina] t= 1816 ms  SEARCH       rival=no d=9999 mm rumbo=-6000 cdeg  linea=0x0
[gelatina] t= 1944 ms  TRACK        rival=si d= 136 mm rumbo=-4491 cdeg  linea=0x0
[gelatina] t= 1976 ms  ATTACK       rival=si d= 119 mm rumbo=   +0 cdeg  linea=0x0
[gelatina] t= 2144 ms  SEARCH       rival=no d=9999 mm rumbo=+4509 cdeg  linea=0x0
[gelatina] t= 2272 ms  TRACK        rival=si d= 146 mm rumbo=+4491 cdeg  linea=0x0
[gelatina] t= 2336 ms  ATTACK       rival=si d= 124 mm rumbo=-6000 cdeg  linea=0x0
[gelatina] t= 2480 ms  SEARCH       rival=no d=9999 mm rumbo=-6000 cdeg  linea=0x0
WARNING: Contact joints between materials 'patin' and 'dohyo' will only be created for the 10 deepest contact points instead of all the 12 contact points.
[gelatina] t= 2568 ms  TRACK        rival=si d= 141 mm rumbo=-6000 cdeg  linea=0x0
[gelatina] t= 2600 ms  ATTACK       rival=si d= 128 mm rumbo=-1478 cdeg  linea=0x0
[gelatina] t= 2808 ms  SEARCH       rival=no d=9999 mm rumbo=+6000 cdeg  linea=0x0
[gelatina] t= 2896 ms  TRACK        rival=si d= 179 mm rumbo=+6000 cdeg  linea=0x0
[gelatina] t= 3128 ms  ATTACK       rival=si d= 120 mm rumbo=-4536 cdeg  linea=0x0
[gelatina] t= 3632 ms  SEARCH       rival=no d=9999 mm rumbo=-4490 cdeg  linea=0x0
[gelatina] t= 3728 ms  TRACK        rival=si d=  40 mm rumbo=-6000 cdeg  linea=0x0
[gelatina] t= 3736 ms  ATTACK       rival=si d=  40 mm rumbo=-6000 cdeg  linea=0x0
WARNING: Contact joints between materials 'patin' and 'dohyo' will only be created for the 10 deepest contact points instead of all the 11 contact points.
[gelatina] t= 4056 ms  SEARCH       rival=no d=9999 mm rumbo=   +0 cdeg  linea=0x0
[gelatina] t= 4088 ms  EDGE_ESCAPE  rival=no d=9999 mm rumbo=   +0 cdeg  linea=0x1
[arbitro] asalto  7/30  banco    rival fuera     +1   4.09 s
[inercia] asalto=7 robot=GELATINA rueda=0 rotor=2.75264398e-05
[inercia] asalto=7 robot=GELATINA rueda=1 rotor=1.34157057e-05
[inercia] asalto=7 robot=RIVAL rueda=0 rotor=2.22894117e-05
[inercia] asalto=7 robot=RIVAL rueda=1 rotor=1.36951441e-05
[planta] asalto=7 mu=0.754957771 slip=0.000744550467 aleatorio=1
WARNING: DEF GELATINA GelatinaNuclear > HingeJoint "rueda_izq" > Solid "rueda_izq": Webots has detected that this solid is light and oblong according to its inertia matrix. This belongs in the physics edge cases, and can imply weird physical results. Increasing the weight of the object or reducing its eccentricity are recommended.
WARNING: DEF RIVAL GelatinaNuclear > HingeJoint "rueda_izq" > Solid "rueda_izq": Webots has detected that this solid is light and oblong according to its inertia matrix. This belongs in the physics edge cases, and can imply weird physical results. Increasing the weight of the object or reducing its eccentricity are recommended.
WARNING: DEF RIVAL GelatinaNuclear > HingeJoint "rueda_der" > Solid "rueda_der": Webots has detected that this solid is light and oblong according to its inertia matrix. This belongs in the physics edge cases, and can imply weird physical results. Increasing the weight of the object or reducing its eccentricity are recommended.
[gelatina] fin de asalto motor={"battery_v":7.61026731,"resistance_ohm":[3.94129934,3.66657438],"bridge_ohm":[0.687080646,0.64376322],"omega_rad_s":[35.7144755,54.5270637],"current_a":[-0.256360639,0.574584146],"torque_nm":[-0.0188102287,0.019417905],"applied_pwm":[0.200000033,0.800000012],"over_1_2a_samples":228,"over_3_2a_samples":0}
[gelatina] t=    0 ms  WAIT         rival=no d=9999 mm rumbo=   +0 cdeg  linea=0x1
[rival] fin de asalto motor={"battery_v":7.8170812,"resistance_ohm":[3.61420321,3.76878104],"bridge_ohm":[0.551313353,0.622384787],"omega_rad_s":[-10.5285879,0.281786836],"current_a":[0.196919328,-0.00437818334],"torque_nm":[0.0134224639,-0.00311428139],"applied_pwm":[0,0],"over_1_2a_samples":0,"over_3_2a_samples":0}
[planta] gelatina ciclo=9 rueda=0 V=7.64408584 R=4.30190868 Rpuente=0.698976374 I0=0.0778045356 Ke=0.0751103081 Kt=0.0483794733
[planta] gelatina ciclo=9 rueda=1 V=7.64408584 R=3.641607 Rpuente=0.519949734 I0=0.143970314 Ke=0.0864147125 Kt=0.0483794733
[sensores] gelatina ToF alcance=1843.21398 minimo=45.8316362 sigma_rel=0.0469088268
[gelatina] pulsador recibido: permiso previsto 57872 ms
[planta] rival ciclo=9 rueda=0 V=7.5674217 R=3.81154442 Rpuente=0.606800556 I0=0.108524323 Ke=0.097516376 Kt=0.0483794733
[planta] rival ciclo=9 rueda=1 V=7.5674217 R=3.72231936 Rpuente=0.671466458 I0=0.124599597 Ke=0.075415294 Kt=0.0483794733
[sensores] rival ToF alcance=883.033025 minimo=33.8838542 sigma_rel=0.0670528698
[arranque] pulsador=52872 permiso=57872 ms
[gelatina] permiso de arranque a los 57872 ms
[gelatina] t=    0 ms  TRACK        rival=si d= 322 mm rumbo=   +0 cdeg  linea=0x0
[gelatina] t=  392 ms  ATTACK       rival=si d= 128 mm rumbo=   +0 cdeg  linea=0x0
WARNING: Contact joints between materials 'rueda' and 'dohyo' will only be created for the 10 deepest contact points instead of all the 24 contact points.
[gelatina] t=  632 ms  SEARCH       rival=no d=9999 mm rumbo=-4502 cdeg  linea=0x0
[gelatina] t=  720 ms  TRACK        rival=si d=  55 mm rumbo=+3000 cdeg  linea=0x0
[gelatina] t=  728 ms  ATTACK       rival=si d=  55 mm rumbo=+3000 cdeg  linea=0x0
[gelatina] t=  856 ms  SEARCH       rival=no d=9999 mm rumbo=+3000 cdeg  linea=0x0
[gelatina] t= 1048 ms  TRACK        rival=si d=  91 mm rumbo=+6000 cdeg  linea=0x0
[gelatina] t= 1056 ms  ATTACK       rival=si d=  91 mm rumbo=+6000 cdeg  linea=0x0
[gelatina] t= 1288 ms  SEARCH       rival=no d=9999 mm rumbo=-6000 cdeg  linea=0x0
[gelatina] t= 1384 ms  TRACK        rival=si d= 113 mm rumbo=-6000 cdeg  linea=0x0
[gelatina] t= 1392 ms  ATTACK       rival=si d= 113 mm rumbo=-6000 cdeg  linea=0x0
[gelatina] t= 1616 ms  SEARCH       rival=no d=9999 mm rumbo=+6000 cdeg  linea=0x0
[gelatina] t= 1744 ms  TRACK        rival=si d= 128 mm rumbo=+6000 cdeg  linea=0x0
[gelatina] t= 1752 ms  ATTACK       rival=si d= 128 mm rumbo=+6000 cdeg  linea=0x0
WARNING: Contact joints between materials 'patin' and 'dohyo' will only be created for the 10 deepest contact points instead of all the 14 contact points.
[gelatina] t= 1984 ms  SEARCH       rival=no d=9999 mm rumbo=-6000 cdeg  linea=0x0
[gelatina] t= 2072 ms  TRACK        rival=si d= 130 mm rumbo=-6000 cdeg  linea=0x0
[gelatina] t= 2080 ms  ATTACK       rival=si d= 130 mm rumbo=-6000 cdeg  linea=0x0
[gelatina] t= 2280 ms  SEARCH       rival=no d=9999 mm rumbo=+4528 cdeg  linea=0x0
[gelatina] t= 2440 ms  TRACK        rival=si d= 151 mm rumbo=+3000 cdeg  linea=0x0
[gelatina] t= 2832 ms  ATTACK       rival=si d= 131 mm rumbo=+6000 cdeg  linea=0x0
WARNING: Contact joints between materials 'patin' and 'dohyo' will only be created for the 10 deepest contact points instead of all the 14 contact points.
[gelatina] t= 3272 ms  SEARCH       rival=no d=9999 mm rumbo=-4561 cdeg  linea=0x0
[gelatina] t= 3296 ms  TRACK        rival=si d=  47 mm rumbo=+3000 cdeg  linea=0x0
[gelatina] t= 3304 ms  ATTACK       rival=si d=  47 mm rumbo=+3000 cdeg  linea=0x0
[gelatina] t= 3464 ms  SEARCH       rival=no d=9999 mm rumbo=+3000 cdeg  linea=0x0
[gelatina] t= 3648 ms  EDGE_ESCAPE  rival=no d=9999 mm rumbo=+3000 cdeg  linea=0x2
[arbitro] asalto  8/30  banco    rival fuera     +1   3.77 s
[inercia] asalto=8 robot=GELATINA rueda=0 rotor=1.79272499e-05
[inercia] asalto=8 robot=GELATINA rueda=1 rotor=9.51810461e-06
[inercia] asalto=8 robot=RIVAL rueda=0 rotor=3.46787792e-05
[inercia] asalto=8 robot=RIVAL rueda=1 rotor=1.52327709e-05
[planta] asalto=8 mu=1.19211463 slip=0.00174366271 aleatorio=1
[gelatina] fin de asalto motor={"battery_v":7.64408584,"resistance_ohm":[4.30190868,3.641607],"bridge_ohm":[0.698976374,0.519949734],"omega_rad_s":[-44.344576,7.8181497],"current_a":[-0.159386137,0.829546148],"torque_nm":[-0.00394687491,0.0331678],"applied_pwm":[-0.540000021,0.540000021],"over_1_2a_samples":272,"over_3_2a_samples":0}
[gelatina] t=    0 ms  WAIT         rival=no d=9999 mm rumbo=+3000 cdeg  linea=0xC
[rival] fin de asalto motor={"battery_v":7.5674217,"resistance_ohm":[3.81154442,3.72231936],"bridge_ohm":[0.606800556,0.671466458],"omega_rad_s":[-10.7471428,-14.3706321],"current_a":[0.237197961,0.246658688],"torque_nm":[0.016725862,0.0179612803],"applied_pwm":[0,0],"over_1_2a_samples":0,"over_3_2a_samples":0}
[planta] gelatina ciclo=10 rueda=0 V=7.68007473 R=4.15277009 Rpuente=0.658638716 I0=0.195373553 Ke=0.074630988 Kt=0.0483794733
[planta] gelatina ciclo=10 rueda=1 V=7.68007473 R=3.60931435 Rpuente=0.540965879 I0=0.214414859 Ke=0.0707102202 Kt=0.0483794733
[sensores] gelatina ToF alcance=1673.6261 minimo=46.0332131 sigma_rel=0.0772894335
[gelatina] pulsador recibido: permiso previsto 66952 ms
[planta] rival ciclo=10 rueda=0 V=7.05552305 R=3.81149516 Rpuente=0.69326303 I0=0.0777789295 Ke=0.0794629481 Kt=0.0483794733
[planta] rival ciclo=10 rueda=1 V=7.05552305 R=4.06926346 Rpuente=0.545976555 I0=0.21167028 Ke=0.0728582793 Kt=0.0483794733
[arranque] pulsador=61952 permiso=66952 ms
[sensores] rival ToF alcance=1193.1313 minimo=34.9402601 sigma_rel=0.0501820707
[gelatina] permiso de arranque a los 66952 ms
[gelatina] t=    0 ms  TRACK        rival=si d= 269 mm rumbo=   +0 cdeg  linea=0x0
WARNING: Contact joints between materials 'patin' and 'dohyo' will only be created for the 10 deepest contact points instead of all the 48 contact points.
[gelatina] t=  392 ms  ATTACK       rival=si d= 118 mm rumbo=   +0 cdeg  linea=0x0
[gelatina] t=  632 ms  SEARCH       rival=no d=9999 mm rumbo=-3000 cdeg  linea=0x0
[gelatina] t=  752 ms  TRACK        rival=si d=  60 mm rumbo=+6000 cdeg  linea=0x0
[gelatina] t=  760 ms  ATTACK       rival=si d=  60 mm rumbo=+6000 cdeg  linea=0x0
[gelatina] t=  888 ms  SEARCH       rival=no d=9999 mm rumbo=+6000 cdeg  linea=0x0
[gelatina] t= 1016 ms  TRACK        rival=si d= 147 mm rumbo=+6000 cdeg  linea=0x0
[gelatina] t= 1088 ms  ATTACK       rival=si d= 129 mm rumbo=-4519 cdeg  linea=0x0
[gelatina] t= 1256 ms  SEARCH       rival=no d=9999 mm rumbo=-6000 cdeg  linea=0x0
[gelatina] t= 1280 ms  TRACK        rival=si d= 208 mm rumbo=-6000 cdeg  linea=0x0
WARNING: Contact joints between materials 'patin' and 'dohyo' will only be created for the 10 deepest contact points instead of all the 13 contact points.
[gelatina] t= 1384 ms  ATTACK       rival=si d= 117 mm rumbo=+4451 cdeg  linea=0x0
[gelatina] t= 1744 ms  EDGE_ESCAPE  rival=si d=  80 mm rumbo=-3000 cdeg  linea=0x2
[arbitro] asalto  9/30  banco    rival fuera     +1   1.75 s
[inercia] asalto=9 robot=GELATINA rueda=0 rotor=1.93642069e-05
[inercia] asalto=9 robot=GELATINA rueda=1 rotor=1.02621617e-05
[inercia] asalto=9 robot=RIVAL rueda=0 rotor=1.83291403e-05
[inercia] asalto=9 robot=RIVAL rueda=1 rotor=1.2540775e-05
[planta] asalto=9 mu=1.43153319 slip=5.18010855e-05 aleatorio=1
WARNING: DEF RIVAL GelatinaNuclear > HingeJoint "rueda_izq" > Solid "rueda_izq": Webots has detected that this solid is light and oblong according to its inertia matrix. This belongs in the physics edge cases, and can imply weird physical results. Increasing the weight of the object or reducing its eccentricity are recommended.
[gelatina] fin de asalto motor={"battery_v":7.68007473,"resistance_ohm":[4.15277009,3.60931435],"bridge_ohm":[0.658638716,0.540965879],"omega_rad_s":[40.1061288,18.1128834],"current_a":[0.335636623,-0.231650464],"torque_nm":[0.00678585343,-0.0215804054],"applied_pwm":[0.600000024,0.0415818393],"over_1_2a_samples":297,"over_3_2a_samples":0}
[gelatina] t=    0 ms  WAIT         rival=no d=9999 mm rumbo=-3000 cdeg  linea=0x2
[rival] fin de asalto motor={"battery_v":7.05552305,"resistance_ohm":[3.81149516,4.06926346],"bridge_ohm":[0.69326303,0.545976555],"omega_rad_s":[11.5725228,-12.721913],"current_a":[-0.204136769,0.200833909],"torque_nm":[-0.013638933,0.0199567354],"applied_pwm":[0,0],"over_1_2a_samples":0,"over_3_2a_samples":0}
[planta] gelatina ciclo=11 rueda=0 V=7.71389326 R=3.71337938 Rpuente=0.670534432 I0=0.140732753 Ke=0.0753222627 Kt=0.0483794733
[planta] gelatina ciclo=11 rueda=1 V=7.71389326 R=4.38434691 Rpuente=0.617152393 I0=0.185167623 Ke=0.0921916795 Kt=0.0483794733
[sensores] gelatina ToF alcance=1624.35977 minimo=22.0166779 sigma_rel=0.114605503
[gelatina] pulsador recibido: permiso previsto 74016 ms
[planta] rival ciclo=11 rueda=0 V=8.34476242 R=4.18496747 Rpuente=0.605813777 I0=0.177209732 Ke=0.0724899875 Kt=0.0483794733
[planta] rival ciclo=11 rueda=1 V=8.34476242 R=4.35398736 Rpuente=0.664154279 I0=0.198033249 Ke=0.0690945462 Kt=0.0483794733
[sensores] rival ToF alcance=931.619328 minimo=35.9328008 sigma_rel=0.076755271
[arranque] pulsador=69016 permiso=74016 ms
[gelatina] permiso de arranque a los 74016 ms
[gelatina] t=    0 ms  TRACK        rival=si d= 305 mm rumbo=   +0 cdeg  linea=0x0
[gelatina] t=  296 ms  ATTACK       rival=si d= 124 mm rumbo=   +0 cdeg  linea=0x0
WARNING: Contact joints between materials 'patin' and 'dohyo' will only be created for the 10 deepest contact points instead of all the 100 contact points.
[gelatina] t=  960 ms  SEARCH       rival=no d=9999 mm rumbo=+3000 cdeg  linea=0x0
[gelatina] t= 1016 ms  TRACK        rival=si d=  49 mm rumbo=+3000 cdeg  linea=0x0
[gelatina] t= 1024 ms  ATTACK       rival=si d=  49 mm rumbo=+3000 cdeg  linea=0x0
[gelatina] t= 1520 ms  SEARCH       rival=no d=9999 mm rumbo=+3000 cdeg  linea=0x0
[gelatina] t= 1576 ms  TRACK        rival=si d=  39 mm rumbo=+3000 cdeg  linea=0x0
[gelatina] t= 1584 ms  ATTACK       rival=si d=  39 mm rumbo=+3000 cdeg  linea=0x0
WARNING: Contact joints between materials 'patin' and 'dohyo' will only be created for the 10 deepest contact points instead of all the 50 contact points.
[arbitro] asalto 10/30  banco    rival fuera     +1   1.80 s
[inercia] asalto=10 robot=GELATINA rueda=0 rotor=1.29774204e-05
[inercia] asalto=10 robot=GELATINA rueda=1 rotor=2.5496477e-05
[inercia] asalto=10 robot=RIVAL rueda=0 rotor=3.04455067e-05
[inercia] asalto=10 robot=RIVAL rueda=1 rotor=3.42000178e-05
[planta] asalto=10 mu=1.40963463 slip=0.000815753222 aleatorio=1
[gelatina] fin de asalto motor={"battery_v":7.71389326,"resistance_ohm":[3.71337938,4.38434691],"bridge_ohm":[0.670534432,0.617152393],"omega_rad_s":[32.2288249,16.4886338],"current_a":[0.223263331,1.23838434],"torque_nm":[0.00399278589,0.0509540701],"applied_pwm":[0.441581845,1],"over_1_2a_samples":327,"over_3_2a_samples":0}
[gelatina] t=    0 ms  WAIT         rival=si d=  23 mm rumbo=+3022 cdeg  linea=0x0
[rival] fin de asalto motor={"battery_v":8.34476242,"resistance_ohm":[4.18496747,4.35398736],"bridge_ohm":[0.605813777,0.664154279],"omega_rad_s":[-1.24006438,-10.5685319],"current_a":[0.0187635892,0.145517597],"torque_nm":[0.00815628585,0.016620809],"applied_pwm":[0,0],"over_1_2a_samples":0,"over_3_2a_samples":0}
[planta] gelatina ciclo=12 rueda=0 V=7.74988215 R=4.36424079 Rpuente=0.630196774 I0=0.108301771 Ke=0.0827230054 Kt=0.0483794733
[planta] gelatina ciclo=12 rueda=1 V=7.74988215 R=4.35205426 Rpuente=0.638168538 I0=0.105612168 Ke=0.0829160018 Kt=0.0483794733
[sensores] gelatina ToF alcance=1454.77189 minimo=22.2182548 sigma_rel=0.064986105
[gelatina] pulsador recibido: permiso previsto 81128 ms
[planta] rival ciclo=12 rueda=0 V=7.47017006 R=3.82745032 Rpuente=0.542386186 I0=0.168449083 Ke=0.0899085413 Kt=0.0483794733
[planta] rival ciclo=12 rueda=1 V=7.47017006 R=3.74680791 Rpuente=0.525278199 I0=0.106690541 Ke=0.0706816333 Kt=0.0483794733
[sensores] rival ToF alcance=1421.78903 minimo=43.077755 sigma_rel=0.0661555958
[arranque] pulsador=76128 permiso=81128 ms
[gelatina] permiso de arranque a los 81128 ms
[gelatina] t=    0 ms  TRACK        rival=si d= 311 mm rumbo=   +0 cdeg  linea=0x0
[gelatina] t=  424 ms  ATTACK       rival=si d= 106 mm rumbo=   +0 cdeg  linea=0x0
WARNING: Contact joints between materials 'rueda' and 'dohyo' will only be created for the 10 deepest contact points instead of all the 12 contact points.
[gelatina] t=  696 ms  SEARCH       rival=no d=9999 mm rumbo=+3000 cdeg  linea=0x0
[gelatina] t=  792 ms  TRACK        rival=si d=  28 mm rumbo=-6000 cdeg  linea=0x0
[gelatina] t=  800 ms  ATTACK       rival=si d=  28 mm rumbo=-6000 cdeg  linea=0x0
[arbitro] asalto 11/30  banco    rival fuera     +1   1.33 s
[inercia] asalto=11 robot=GELATINA rueda=0 rotor=3.59326755e-05
[inercia] asalto=11 robot=GELATINA rueda=1 rotor=3.07028105e-05
[inercia] asalto=11 robot=RIVAL rueda=0 rotor=2.12941518e-05
[inercia] asalto=11 robot=RIVAL rueda=1 rotor=1.95678381e-05
[planta] asalto=11 mu=0.611160374 slip=6.14310503e-05 aleatorio=1
WARNING: DEF RIVAL GelatinaNuclear > HingeJoint "rueda_der" > Solid "rueda_der": Webots has detected that this solid is light and oblong according to its inertia matrix. This belongs in the physics edge cases, and can imply weird physical results. Increasing the weight of the object or reducing its eccentricity are recommended.
[gelatina] fin de asalto motor={"battery_v":7.74988215,"resistance_ohm":[4.36424079,4.35205426],"bridge_ohm":[0.630196774,0.638168538],"omega_rad_s":[36.1446296,37.708444],"current_a":[0.953038195,0.305256123],"torque_nm":[0.0408679033,0.00965866941],"applied_pwm":[1,0.600000024],"over_1_2a_samples":333,"over_3_2a_samples":0}
[gelatina] t=    0 ms  WAIT         rival=si d=  48 mm rumbo=-3000 cdeg  linea=0x3
[rival] fin de asalto motor={"battery_v":7.47017006,"resistance_ohm":[3.82745032,3.74680791],"bridge_ohm":[0.542386186,0.525278199],"omega_rad_s":[-2.83637923,-4.04108437],"current_a":[0.0583579542,0.0668597112],"torque_nm":[0.0109169552,0.00839308089],"applied_pwm":[0,0],"over_1_2a_samples":0,"over_3_2a_samples":0}
[planta] gelatina ciclo=13 rueda=0 V=7.78370068 R=3.92485013 Rpuente=0.642092502 I0=0.203660962 Ke=0.0742814305 Kt=0.0483794733
[planta] gelatina ciclo=13 rueda=1 V=7.78370068 R=4.32708683 Rpuente=0.514355052 I0=0.0763649404 Ke=0.0741961264 Kt=0.0483794733
[sensores] gelatina ToF alcance=1405.5055 minimo=28.2017177 sigma_rel=0.102302175
[gelatina] pulsador recibido: permiso previsto 87768 ms
[planta] rival ciclo=13 rueda=0 V=7.35940934 R=4.20092268 Rpuente=0.654936934 I0=0.117879885 Ke=0.0912495989 Kt=0.0483794733
[planta] rival ciclo=13 rueda=1 V=7.35940934 R=4.03153186 Rpuente=0.643455923 I0=0.0930535108 Ke=0.100742583 Kt=0.0483794733
[sensores] rival ToF alcance=1160.27706 minimo=44.0702975 sigma_rel=0.092728796
[arranque] pulsador=82768 permiso=87768 ms
[gelatina] permiso de arranque a los 87768 ms
[gelatina] t=    0 ms  TRACK        rival=si d= 322 mm rumbo=   +0 cdeg  linea=0x0
[gelatina] t=  360 ms  ATTACK       rival=si d= 101 mm rumbo=   +0 cdeg  linea=0x0
WARNING: Contact joints between materials 'rueda' and 'dohyo' will only be created for the 10 deepest contact points instead of all the 22 contact points.
[gelatina] t= 1024 ms  SEARCH       rival=no d=9999 mm rumbo=-3000 cdeg  linea=0x0
[gelatina] t= 1248 ms  TRACK        rival=si d=  37 mm rumbo=+1507 cdeg  linea=0x0
[gelatina] t= 1256 ms  ATTACK       rival=si d=  37 mm rumbo=+1507 cdeg  linea=0x0
[gelatina] t= 1448 ms  SEARCH       rival=no d=9999 mm rumbo=+6000 cdeg  linea=0x0
WARNING: Contact joints between materials 'rueda' and 'dohyo' will only be created for the 10 deepest contact points instead of all the 20 contact points.
[gelatina] t= 1544 ms  TRACK        rival=si d= 100 mm rumbo=+6000 cdeg  linea=0x0
[gelatina] t= 1552 ms  ATTACK       rival=si d= 100 mm rumbo=+6000 cdeg  linea=0x0
[gelatina] t= 1784 ms  SEARCH       rival=no d=9999 mm rumbo=-6000 cdeg  linea=0x0
[gelatina] t= 1912 ms  TRACK        rival=si d= 106 mm rumbo=-6000 cdeg  linea=0x0
[gelatina] t= 1920 ms  ATTACK       rival=si d= 106 mm rumbo=-6000 cdeg  linea=0x0
[gelatina] t= 2176 ms  SEARCH       rival=no d=9999 mm rumbo=+6000 cdeg  linea=0x0
[gelatina] t= 2272 ms  TRACK        rival=si d= 139 mm rumbo=+6000 cdeg  linea=0x0
[gelatina] t= 2304 ms  ATTACK       rival=si d=  77 mm rumbo=+4493 cdeg  linea=0x0
[gelatina] t= 2512 ms  SEARCH       rival=no d=9999 mm rumbo=-6000 cdeg  linea=0x0
WARNING: Contact joints between materials 'patin' and 'dohyo' will only be created for the 10 deepest contact points instead of all the 58 contact points.
[gelatina] t= 2640 ms  TRACK        rival=si d=  80 mm rumbo=-6000 cdeg  linea=0x0
[gelatina] t= 2648 ms  ATTACK       rival=si d=  80 mm rumbo=-6000 cdeg  linea=0x0
[gelatina] t= 2872 ms  SEARCH       rival=no d=9999 mm rumbo=+6000 cdeg  linea=0x0
[gelatina] t= 3000 ms  TRACK        rival=si d=  93 mm rumbo=+6000 cdeg  linea=0x0
[gelatina] t= 3008 ms  ATTACK       rival=si d=  93 mm rumbo=+6000 cdeg  linea=0x0
[gelatina] t= 3232 ms  SEARCH       rival=no d=9999 mm rumbo=-6000 cdeg  linea=0x0
[gelatina] t= 3392 ms  TRACK        rival=si d= 115 mm rumbo=-4504 cdeg  linea=0x0
[gelatina] t= 3400 ms  ATTACK       rival=si d= 115 mm rumbo=-4504 cdeg  linea=0x0
[gelatina] t= 3600 ms  SEARCH       rival=no d=9999 mm rumbo=+6000 cdeg  linea=0x0
WARNING: Contact joints between materials 'patin' and 'dohyo' will only be created for the 10 deepest contact points instead of all the 18 contact points.
[gelatina] t= 3760 ms  TRACK        rival=si d= 120 mm rumbo=+4513 cdeg  linea=0x0
[gelatina] t= 3768 ms  ATTACK       rival=si d= 120 mm rumbo=+4513 cdeg  linea=0x0
[gelatina] t= 3960 ms  SEARCH       rival=no d=9999 mm rumbo=-6000 cdeg  linea=0x0
[gelatina] t= 4120 ms  TRACK        rival=si d= 153 mm rumbo=-6000 cdeg  linea=0x0
[gelatina] t= 4216 ms  ATTACK       rival=si d= 126 mm rumbo=+6000 cdeg  linea=0x0
[gelatina] t= 4352 ms  SEARCH       rival=no d=9999 mm rumbo=+6000 cdeg  linea=0x0
[gelatina] t= 4448 ms  TRACK        rival=si d= 136 mm rumbo=+6000 cdeg  linea=0x0
[gelatina] t= 4520 ms  ATTACK       rival=si d= 127 mm rumbo=-6000 cdeg  linea=0x0
[gelatina] t= 4656 ms  SEARCH       rival=no d=9999 mm rumbo=-6000 cdeg  linea=0x0
[gelatina] t= 4816 ms  TRACK        rival=si d= 152 mm rumbo=-4539 cdeg  linea=0x0
[gelatina] t= 5016 ms  SEARCH       rival=no d=9999 mm rumbo=+4475 cdeg  linea=0x0
[gelatina] t= 5040 ms  TRACK        rival=si d= 151 mm rumbo=+6000 cdeg  linea=0x0
[gelatina] t= 5112 ms  ATTACK       rival=si d= 124 mm rumbo=-1564 cdeg  linea=0x0
[gelatina] t= 5280 ms  SEARCH       rival=no d=9999 mm rumbo=-4575 cdeg  linea=0x0
WARNING: Contact joints between materials 'patin' and 'dohyo' will only be created for the 10 deepest contact points instead of all the 12 contact points.
[gelatina] t= 5408 ms  TRACK        rival=si d= 158 mm rumbo=-6000 cdeg  linea=0x0
[gelatina] t= 5472 ms  ATTACK       rival=si d= 132 mm rumbo=+3000 cdeg  linea=0x0
[gelatina] t= 5640 ms  SEARCH       rival=no d=9999 mm rumbo=+6000 cdeg  linea=0x0
[gelatina] t= 5768 ms  TRACK        rival=si d= 157 mm rumbo=+6000 cdeg  linea=0x0
[gelatina] t= 5976 ms  SEARCH       rival=no d=9999 mm rumbo=-4501 cdeg  linea=0x0
[gelatina] t= 6032 ms  TRACK        rival=si d= 184 mm rumbo=-6000 cdeg  linea=0x0
[gelatina] t= 6168 ms  ATTACK       rival=si d= 124 mm rumbo=+6000 cdeg  linea=0x0
WARNING: Contact joints between materials 'patin' and 'dohyo' will only be created for the 10 deepest contact points instead of all the 11 contact points.
[gelatina] t= 6664 ms  SEARCH       rival=no d=9999 mm rumbo=-6000 cdeg  linea=0x0
[gelatina] t= 6688 ms  EDGE_ESCAPE  rival=no d=9999 mm rumbo=-6000 cdeg  linea=0x2
[gelatina] t= 6896 ms  SEARCH       rival=si d=  45 mm rumbo=-6000 cdeg  linea=0x0
[gelatina] t= 6904 ms  TRACK        rival=si d=  45 mm rumbo=-6000 cdeg  linea=0x0
[gelatina] t= 6912 ms  ATTACK       rival=si d=  45 mm rumbo=-6000 cdeg  linea=0x0
[gelatina] t= 7032 ms  SEARCH       rival=no d=9999 mm rumbo=-6000 cdeg  linea=0x0
[gelatina] t= 7160 ms  TRACK        rival=si d=  45 mm rumbo=-4532 cdeg  linea=0x0
[gelatina] t= 7168 ms  ATTACK       rival=si d=  45 mm rumbo=-4532 cdeg  linea=0x0
[gelatina] t= 7392 ms  SEARCH       rival=no d=9999 mm rumbo=+6000 cdeg  linea=0x0
[gelatina] t= 7520 ms  TRACK        rival=si d=  83 mm rumbo=+6000 cdeg  linea=0x0
[gelatina] t= 7528 ms  ATTACK       rival=si d=  83 mm rumbo=+6000 cdeg  linea=0x0
[gelatina] t= 7760 ms  SEARCH       rival=no d=9999 mm rumbo=-6000 cdeg  linea=0x0
[gelatina] t= 7920 ms  TRACK        rival=si d=  90 mm rumbo=-4535 cdeg  linea=0x0
[gelatina] t= 7928 ms  ATTACK       rival=si d=  90 mm rumbo=-4535 cdeg  linea=0x0
WARNING: Contact joints between materials 'patin' and 'dohyo' will only be created for the 10 deepest contact points instead of all the 17 contact points.
[gelatina] t= 8120 ms  SEARCH       rival=no d=9999 mm rumbo=+4534 cdeg  linea=0x0
[gelatina] t= 8280 ms  TRACK        rival=si d=  73 mm rumbo=+6000 cdeg  linea=0x0
[gelatina] t= 8288 ms  ATTACK       rival=si d=  73 mm rumbo=+6000 cdeg  linea=0x0
[gelatina] t= 8512 ms  SEARCH       rival=no d=9999 mm rumbo=-6000 cdeg  linea=0x0
[gelatina] t= 8640 ms  TRACK        rival=si d= 146 mm rumbo=-6000 cdeg  linea=0x0
[gelatina] t= 8672 ms  ATTACK       rival=si d= 122 mm rumbo=-1496 cdeg  linea=0x0
[gelatina] t= 8880 ms  SEARCH       rival=no d=9999 mm rumbo=+6000 cdeg  linea=0x0
[gelatina] t= 9040 ms  TRACK        rival=si d= 129 mm rumbo=+3000 cdeg  linea=0x0
[gelatina] t= 9048 ms  ATTACK       rival=si d= 129 mm rumbo=+3000 cdeg  linea=0x0
[gelatina] t= 9208 ms  SEARCH       rival=no d=9999 mm rumbo=-1549 cdeg  linea=0x0
WARNING: Contact joints between materials 'patin' and 'dohyo' will only be created for the 10 deepest contact points instead of all the 14 contact points.
[gelatina] t= 9464 ms  TRACK        rival=si d= 173 mm rumbo=-6000 cdeg  linea=0x0
[gelatina] t= 9568 ms  ATTACK       rival=si d= 127 mm rumbo=+6000 cdeg  linea=0x0
[gelatina] t= 9976 ms  EDGE_ESCAPE  rival=si d=  65 mm rumbo=-6000 cdeg  linea=0x8
[gelatina] t=10184 ms  SEARCH       rival=no d=9999 mm rumbo=-6000 cdeg  linea=0x0
[gelatina] t=10456 ms  TRACK        rival=si d=  82 mm rumbo=-4476 cdeg  linea=0x0
[gelatina] t=10464 ms  ATTACK       rival=si d=  82 mm rumbo=-4476 cdeg  linea=0x0
WARNING: Contact joints between materials 'patin' and 'dohyo' will only be created for the 10 deepest contact points instead of all the 16 contact points.
[gelatina] t=10656 ms  SEARCH       rival=no d=9999 mm rumbo=+6000 cdeg  linea=0x0
[gelatina] t=10784 ms  TRACK        rival=si d= 140 mm rumbo=+6000 cdeg  linea=0x0
[gelatina] t=10816 ms  ATTACK       rival=si d= 125 mm rumbo=+1491 cdeg  linea=0x0
[gelatina] t=11024 ms  SEARCH       rival=no d=9999 mm rumbo=-6000 cdeg  linea=0x0
[gelatina] t=11184 ms  TRACK        rival=si d= 137 mm rumbo=-6000 cdeg  linea=0x0
[gelatina] t=11416 ms  ATTACK       rival=si d= 129 mm rumbo=+6000 cdeg  linea=0x0
WARNING: Contact joints between materials 'patin' and 'dohyo' will only be created for the 10 deepest contact points instead of all the 11 contact points.
WARNING: Contact joints between materials 'patin' and 'dohyo' will only be created for the 10 deepest contact points instead of all the 12 contact points.
[gelatina] t=13352 ms  EDGE_ESCAPE  rival=si d=  53 mm rumbo=-3000 cdeg  linea=0x2
[arbitro] asalto 12/30  banco    rival fuera     +1  13.37 s
[inercia] asalto=12 robot=GELATINA rueda=0 rotor=2.88082981e-05
[inercia] asalto=12 robot=GELATINA rueda=1 rotor=2.21846125e-05
[inercia] asalto=12 robot=RIVAL rueda=0 rotor=2.02228593e-05
[inercia] asalto=12 robot=RIVAL rueda=1 rotor=1.29426815e-05
[planta] asalto=12 mu=1.27170733 slip=0.00193049967 aleatorio=1
WARNING: DEF GELATINA GelatinaNuclear > HingeJoint "rueda_izq" > Solid "rueda_izq": Webots has detected that this solid is light and oblong according to its inertia matrix. This belongs in the physics edge cases, and can imply weird physical results. Increasing the weight of the object or reducing its eccentricity are recommended.
WARNING: DEF GELATINA GelatinaNuclear > HingeJoint "rueda_der" > Solid "rueda_der": Webots has detected that this solid is light and oblong according to its inertia matrix. This belongs in the physics edge cases, and can imply weird physical results. Increasing the weight of the object or reducing its eccentricity are recommended.
[gelatina] fin de asalto motor={"battery_v":7.78370068,"resistance_ohm":[3.92485013,4.32708683],"bridge_ohm":[0.642092502,0.514355052],"omega_rad_s":[48.7895141,20.8716124],"current_a":[-0.111819742,-0.574554529],"torque_nm":[-0.0152627903,-0.0314911411],"applied_pwm":[0.400000036,-0.158418164],"over_1_2a_samples":506,"over_3_2a_samples":0}
[gelatina] t=    0 ms  WAIT         rival=no d=9999 mm rumbo=-3000 cdeg  linea=0x1
[rival] fin de asalto motor={"battery_v":7.35940934,"resistance_ohm":[4.20092268,4.03153186],"bridge_ohm":[0.654936934,0.643455923],"omega_rad_s":[-1.06022122,-1.08549823],"current_a":[0.0199233028,0.0233916966],"torque_nm":[0.00544497656,0.00471170409],"applied_pwm":[0,0],"over_1_2a_samples":0,"over_3_2a_samples":0}
[planta] gelatina ciclo=14 rueda=0 V=7.81968949 R=3.77571149 Rpuente=0.601754832 I0=0.171229979 Ke=0.0835035964 Kt=0.0483794733
[planta] gelatina ciclo=14 rueda=1 V=7.81968949 R=4.29479418 Rpuente=0.535371196 I0=0.146809486 Ke=0.0898969561 Kt=0.0483794733
[sensores] gelatina ToF alcance=1235.91762 minimo=28.4032965 sigma_rel=0.0526827812
[gelatina] pulsador recibido: permiso previsto 106448 ms
[planta] rival ciclo=14 rueda=0 V=7.06243634 R=4.2253078 Rpuente=0.678492641 I0=0.166264021 Ke=0.0672468628 Kt=0.0483794733
[planta] rival ciclo=14 rueda=1 V=7.06243634 R=3.72538314 Rpuente=0.599042988 I0=0.217331082 Ke=0.0752747108 Kt=0.0483794733
[arranque] pulsador=101448 permiso=106448 ms
[sensores] rival ToF alcance=1359.72791 minimo=31.8657815 sigma_rel=0.0640428019
[gelatina] permiso de arranque a los 106448 ms
[gelatina] t=    0 ms  TRACK        rival=si d= 245 mm rumbo=   +0 cdeg  linea=0x0
WARNING: Contact joints between materials 'rueda' and 'dohyo' will only be created for the 10 deepest contact points instead of all the 13 contact points.
[gelatina] t=  359 ms  ATTACK       rival=si d= 128 mm rumbo=-1496 cdeg  linea=0x0
WARNING: Contact joints between materials 'patin' and 'dohyo' will only be created for the 10 deepest contact points instead of all the 16 contact points.
[arbitro] asalto 13/30  banco    rival fuera     +1   1.76 s
[inercia] asalto=13 robot=GELATINA rueda=0 rotor=2.61794023e-05
[inercia] asalto=13 robot=GELATINA rueda=1 rotor=2.46104581e-05
[inercia] asalto=13 robot=RIVAL rueda=0 rotor=2.3552737e-05
[inercia] asalto=13 robot=RIVAL rueda=1 rotor=1.04106477e-05
[planta] asalto=13 mu=1.50209305 slip=0.0014939425 aleatorio=1
[gelatina] fin de asalto motor={"battery_v":7.81968949,"resistance_ohm":[3.77571149,4.29479418],"bridge_ohm":[0.601754832,0.535371196],"omega_rad_s":[23.566109,38.7997647],"current_a":[0.339278009,0.896803404],"torque_nm":[0.00813007518,0.0362843108],"applied_pwm":[0.441581845,1],"over_1_2a_samples":507,"over_3_2a_samples":0}
[gelatina] t=    0 ms  WAIT         rival=si d= 311 mm rumbo=   +0 cdeg  linea=0x3
[rival] fin de asalto motor={"battery_v":7.06243634,"resistance_ohm":[4.2253078,3.72538314],"bridge_ohm":[0.678492641,0.599042988],"omega_rad_s":[-2.43960404,-4.73958382],"current_a":[0.0334548112,0.0825013056],"torque_nm":[0.00954090085,0.0145041259],"applied_pwm":[0,0],"over_1_2a_samples":0,"over_3_2a_samples":0}
[planta] gelatina ciclo=15 rueda=0 V=7.8535081 R=4.13632083 Rpuente=0.61365056 I0=0.11658918 Ke=0.0819797387 Kt=0.0483794733
[planta] gelatina ciclo=15 rueda=1 V=7.8535081 R=4.26982679 Rpuente=0.61155771 I0=0.117562258 Ke=0.0793098335 Kt=0.0483794733
[sensores] gelatina ToF alcance=1186.6513 minimo=34.3867594 sigma_rel=0.0899988461
[gelatina] pulsador recibido: permiso previsto 113520 ms
[planta] rival ciclo=15 rueda=0 V=7.79608055 R=3.89425573 Rpuente=0.562789214 I0=0.12998102 Ke=0.0820266753 Kt=0.0483794733
[planta] rival ciclo=15 rueda=1 V=7.79608055 R=4.28536472 Rpuente=0.640836501 I0=0.182599112 Ke=0.0697131144 Kt=0.0483794733
[sensores] rival ToF alcance=700.536126 minimo=43.0209565 sigma_rel=0.106094422
[arranque] pulsador=108520 permiso=113520 ms
[gelatina] permiso de arranque a los 113520 ms
[gelatina] t=    0 ms  TRACK        rival=si d= 284 mm rumbo=   +0 cdeg  linea=0x0
WARNING: Contact joints between materials 'rueda' and 'dohyo' will only be created for the 10 deepest contact points instead of all the 12 contact points.
[gelatina] t=  392 ms  ATTACK       rival=si d= 129 mm rumbo=+1481 cdeg  linea=0x0
[gelatina] t=  624 ms  SEARCH       rival=no d=9999 mm rumbo=+1501 cdeg  linea=0x0
[gelatina] t=  888 ms  TRACK        rival=si d=  62 mm rumbo=   +0 cdeg  linea=0x0
[gelatina] t=  896 ms  ATTACK       rival=si d=  62 mm rumbo=   +0 cdeg  linea=0x0
[gelatina] t= 1056 ms  SEARCH       rival=no d=9999 mm rumbo=-3000 cdeg  linea=0x0
[gelatina] t= 1184 ms  TRACK        rival=si d=  62 mm rumbo=-4556 cdeg  linea=0x0
[gelatina] t= 1192 ms  ATTACK       rival=si d=  62 mm rumbo=-4556 cdeg  linea=0x0
[gelatina] t= 1416 ms  SEARCH       rival=no d=9999 mm rumbo=+6000 cdeg  linea=0x0
[gelatina] t= 1480 ms  TRACK        rival=si d=  65 mm rumbo=+6000 cdeg  linea=0x0
[gelatina] t= 1488 ms  ATTACK       rival=si d=  65 mm rumbo=+6000 cdeg  linea=0x0
[gelatina] t= 1720 ms  SEARCH       rival=no d=9999 mm rumbo=-6000 cdeg  linea=0x0
WARNING: Contact joints between materials 'patin' and 'dohyo' will only be created for the 10 deepest contact points instead of all the 11 contact points.
[gelatina] t= 1808 ms  TRACK        rival=si d=  81 mm rumbo=-6000 cdeg  linea=0x0
[gelatina] t= 1816 ms  ATTACK       rival=si d=  81 mm rumbo=-6000 cdeg  linea=0x0
[gelatina] t= 2048 ms  SEARCH       rival=no d=9999 mm rumbo=+6000 cdeg  linea=0x0
[gelatina] t= 2136 ms  TRACK        rival=si d=  51 mm rumbo=+6000 cdeg  linea=0x0
[gelatina] t= 2144 ms  ATTACK       rival=si d=  51 mm rumbo=+4515 cdeg  linea=0x0
[gelatina] t= 2376 ms  SEARCH       rival=no d=9999 mm rumbo=-6000 cdeg  linea=0x0
[gelatina] t= 2440 ms  TRACK        rival=si d= 120 mm rumbo=-6000 cdeg  linea=0x0
[gelatina] t= 2448 ms  ATTACK       rival=si d= 120 mm rumbo=-6000 cdeg  linea=0x0
[gelatina] t= 2704 ms  SEARCH       rival=no d=9999 mm rumbo=+6000 cdeg  linea=0x0
[gelatina] t= 2736 ms  TRACK        rival=si d=  46 mm rumbo=+6000 cdeg  linea=0x0
[gelatina] t= 2744 ms  ATTACK       rival=si d=  46 mm rumbo=+6000 cdeg  linea=0x0
WARNING: Contact joints between materials 'patin' and 'dohyo' will only be created for the 10 deepest contact points instead of all the 16 contact points.
[gelatina] t= 2904 ms  SEARCH       rival=no d=9999 mm rumbo=+3000 cdeg  linea=0x0
[gelatina] t= 3096 ms  TRACK        rival=si d=  34 mm rumbo=   +0 cdeg  linea=0x0
[gelatina] t= 3104 ms  ATTACK       rival=si d=  34 mm rumbo=   +0 cdeg  linea=0x0
[gelatina] t= 3304 ms  SEARCH       rival=no d=9999 mm rumbo=-6000 cdeg  linea=0x0
[gelatina] t= 3360 ms  TRACK        rival=si d=  44 mm rumbo=-6000 cdeg  linea=0x0
[gelatina] t= 3368 ms  ATTACK       rival=si d=  44 mm rumbo=-6000 cdeg  linea=0x0
[gelatina] t= 3600 ms  SEARCH       rival=no d=9999 mm rumbo=   +0 cdeg  linea=0x0
[gelatina] t= 3760 ms  TRACK        rival=si d=  58 mm rumbo=+6000 cdeg  linea=0x2
[gelatina] t= 3768 ms  ATTACK       rival=si d=  58 mm rumbo=+6000 cdeg  linea=0x2
[gelatina] t= 3960 ms  SEARCH       rival=no d=9999 mm rumbo=-4506 cdeg  linea=0x0
[gelatina] t= 4024 ms  TRACK        rival=si d=  47 mm rumbo=-6000 cdeg  linea=0x0
[gelatina] t= 4032 ms  ATTACK       rival=si d=  47 mm rumbo=-6000 cdeg  linea=0x0
[gelatina] t= 4160 ms  SEARCH       rival=no d=9999 mm rumbo=-6000 cdeg  linea=0x0
[gelatina] t= 4184 ms  TRACK        rival=si d=  50 mm rumbo=+6000 cdeg  linea=0x0
[arbitro] asalto 14/30  banco    rival fuera     +1   4.18 s
[inercia] asalto=14 robot=GELATINA rueda=0 rotor=3.45519821e-05
[inercia] asalto=14 robot=GELATINA rueda=1 rotor=1.80819447e-05
[inercia] asalto=14 robot=RIVAL rueda=0 rotor=2.99833326e-05
[inercia] asalto=14 robot=RIVAL rueda=1 rotor=1.6403885e-05
[planta] asalto=14 mu=1.02143929 slip=0.00112669098 aleatorio=1
[gelatina] fin de asalto motor={"battery_v":7.8535081,"resistance_ohm":[4.13632083,4.26982679],"bridge_ohm":[0.61365056,0.61155771],"omega_rad_s":[46.2011945,-9.35109802],"current_a":[0.85599384,-0.234197441],"torque_nm":[0.035772008,-0.00564274879],"applied_pwm":[1,-0.23999998],"over_1_2a_samples":607,"over_3_2a_samples":0}
[gelatina] t=    0 ms  WAIT         rival=si d=  50 mm rumbo=+6000 cdeg  linea=0x0
[rival] fin de asalto motor={"battery_v":7.79608055,"resistance_ohm":[3.89425573,4.28536472],"bridge_ohm":[0.562789214,0.640836501],"omega_rad_s":[-0.275649292,-3.29797042],"current_a":[0.00507300133,0.0466712136],"torque_nm":[0.0019362177,0.0110678777],"applied_pwm":[0,0],"over_1_2a_samples":0,"over_3_2a_samples":0}
[planta] gelatina ciclo=16 rueda=0 V=7.88949691 R=3.98718219 Rpuente=0.573312902 I0=0.084158197 Ke=0.0922485782 Kt=0.0483794733
[planta] gelatina ciclo=16 rueda=1 V=7.88949691 R=4.23753414 Rpuente=0.632573855 I0=0.188006803 Ke=0.0651499959 Kt=0.0483794733
[sensores] gelatina ToF alcance=1017.06342 minimo=34.5883363 sigma_rel=0.0403794527
[gelatina] pulsador recibido: permiso previsto 123008 ms
[planta] rival ciclo=16 rueda=0 V=7.74781677 R=3.87866006 Rpuente=0.517816639 I0=0.143965557 Ke=0.0764131643 Kt=0.0483794733
[planta] rival ciclo=16 rueda=1 V=7.74781677 R=3.68229089 Rpuente=0.565757143 I0=0.131612831 Ke=0.0819868945 Kt=0.0483794733
[sensores] rival ToF alcance=1355.56148 minimo=42.1142519 sigma_rel=0.0523576927
[arranque] pulsador=118008 permiso=123008 ms
[gelatina] permiso de arranque a los 123008 ms
[gelatina] t=    0 ms  TRACK        rival=si d= 278 mm rumbo=   +0 cdeg  linea=0x0
WARNING: Contact joints between materials 'patin' and 'dohyo' will only be created for the 10 deepest contact points instead of all the 28 contact points.
[gelatina] t=  392 ms  ATTACK       rival=si d= 121 mm rumbo=   +0 cdeg  linea=0x0
[arbitro] asalto 15/30  banco    rival fuera     +1   0.82 s
[inercia] asalto=15 robot=GELATINA rueda=0 rotor=2.06654978e-05
[inercia] asalto=15 robot=GELATINA rueda=1 rotor=2.06563488e-05
[inercia] asalto=15 robot=RIVAL rueda=0 rotor=1.85423936e-05
[inercia] asalto=15 robot=RIVAL rueda=1 rotor=9.56614619e-06
[planta] asalto=15 mu=1.51105968 slip=0.00188252878 aleatorio=1
WARNING: DEF GELATINA GelatinaNuclear > HingeJoint "rueda_izq" > Solid "rueda_izq": Webots has detected that this solid is light and oblong according to its inertia matrix. This belongs in the physics edge cases, and can imply weird physical results. Increasing the weight of the object or reducing its eccentricity are recommended.
[gelatina] fin de asalto motor={"battery_v":7.88949691,"resistance_ohm":[3.98718219,4.23753414],"bridge_ohm":[0.573312902,0.632573855],"omega_rad_s":[53.8908642,69.5971875],"current_a":[0.639873796,0.601498397],"torque_nm":[0.026885228,0.0200045055],"applied_pwm":[1,0.94601959],"over_1_2a_samples":608,"over_3_2a_samples":0}
[gelatina] t=    0 ms  WAIT         rival=si d=  73 mm rumbo= -290 cdeg  linea=0x1
[rival] fin de asalto motor={"battery_v":7.74781677,"resistance_ohm":[3.87866006,3.68229089],"bridge_ohm":[0.517816639,0.565757143],"omega_rad_s":[-3.80388541,-2.07051959],"current_a":[0.0661136043,0.0399608173],"torque_nm":[0.0101566053,0.00810125191],"applied_pwm":[0,0],"over_1_2a_samples":0,"over_3_2a_samples":0}
[arranque] pulsador=124144 permiso=129144 ms
[planta] gelatina ciclo=17 rueda=0 V=7.92331553 R=4.34779153 Rpuente=0.585208619 I0=0.179517388 Ke=0.0807976665 Kt=0.0483794733
[planta] gelatina ciclo=17 rueda=1 V=7.92331553 R=4.21256671 Rpuente=0.508760369 I0=0.158759567 Ke=0.085664474 Kt=0.0483794733
[sensores] gelatina ToF alcance=967.797095 minimo=40.5717993 sigma_rel=0.0776955175
[gelatina] pulsador recibido: permiso previsto 129144 ms
[planta] rival ciclo=17 rueda=0 V=7.29594277 R=3.91814804 Rpuente=0.694918168 I0=0.0852664769 Ke=0.0773898613 Kt=0.0483794733
[planta] rival ciclo=17 rueda=1 V=7.29594277 R=4.23928041 Rpuente=0.518798161 I0=0.120392793 Ke=0.0784267202 Kt=0.0483794733
[sensores] rival ToF alcance=1742.14522 minimo=20.0355053 sigma_rel=0.0591262054
[gelatina] permiso de arranque a los 129144 ms
[gelatina] t=    0 ms  TRACK        rival=si d= 280 mm rumbo=   +0 cdeg  linea=0x0
WARNING: Contact joints between materials 'patin' and 'dohyo' will only be created for the 10 deepest contact points instead of all the 22 contact points.
[gelatina] t=  359 ms  ATTACK       rival=si d= 124 mm rumbo=   +0 cdeg  linea=0x0
[gelatina] t=  728 ms  SEARCH       rival=no d=9999 mm rumbo=-1475 cdeg  linea=0x0
[gelatina] t=  823 ms  TRACK        rival=si d=  45 mm rumbo=+3000 cdeg  linea=0x0
[gelatina] t=  832 ms  ATTACK       rival=si d=  45 mm rumbo=+3000 cdeg  linea=0x0
[gelatina] t= 1088 ms  SEARCH       rival=no d=9999 mm rumbo=+3000 cdeg  linea=0x0
WARNING: Contact joints between materials 'patin' and 'dohyo' will only be created for the 10 deepest contact points instead of all the 16 contact points.
[arbitro] asalto 16/30  banco    rival fuera     +1   1.26 s
[inercia] asalto=16 robot=GELATINA rueda=0 rotor=2.09316995e-05
[inercia] asalto=16 robot=GELATINA rueda=1 rotor=2.24916315e-05
[inercia] asalto=16 robot=RIVAL rueda=0 rotor=3.16966429e-05
[inercia] asalto=16 robot=RIVAL rueda=1 rotor=1.66253652e-05
[planta] asalto=16 mu=1.26236883 slip=0.00149793386 aleatorio=1
[gelatina] fin de asalto motor={"battery_v":7.92331553,"resistance_ohm":[4.34779153,4.21256671],"bridge_ohm":[0.585208619,0.508760369],"omega_rad_s":[-49.7828012,55.8991627],"current_a":[-0.513243933,0.663953822],"torque_nm":[-0.0161455145,0.024441032],"applied_pwm":[-0.827199996,1],"over_1_2a_samples":636,"over_3_2a_samples":0}
[gelatina] t=    0 ms  WAIT         rival=no d=9999 mm rumbo=+3000 cdeg  linea=0x0
[rival] fin de asalto motor={"battery_v":7.29594277,"resistance_ohm":[3.91814804,4.23928041],"bridge_ohm":[0.694918168,0.518798161],"omega_rad_s":[7.47286041,10.4817987],"current_a":[-0.125366428,-0.172769971],"torque_nm":[-0.0101903063,-0.0141830601],"applied_pwm":[0,0],"over_1_2a_samples":0,"over_3_2a_samples":0}
[planta] gelatina ciclo=18 rueda=0 V=7.95930433 R=4.19865294 Rpuente=0.544870961 I0=0.147086406 Ke=0.0916978946 Kt=0.0483794733
[planta] gelatina ciclo=18 rueda=1 V=7.95930433 R=4.18027406 Rpuente=0.529776514 I0=0.0792041212 Ke=0.0778942518 Kt=0.0483794733
[sensores] gelatina ToF alcance=798.209214 minimo=40.773378 sigma_rel=0.108076124
[gelatina] pulsador recibido: permiso previsto 135712 ms
[planta] rival ciclo=18 rueda=0 V=7.81246369 R=3.69461522 Rpuente=0.516939795 I0=0.197135711 Ke=0.0663764302 Kt=0.0483794733
[planta] rival ciclo=18 rueda=1 V=7.81246369 R=3.95983534 Rpuente=0.695058787 I0=0.139133093 Ke=0.0787810917 Kt=0.0483794733
[arranque] pulsador=130712 permiso=135712 ms
[sensores] rival ToF alcance=1259.21922 minimo=42.7517486 sigma_rel=0.0483312178
[gelatina] permiso de arranque a los 135712 ms
[gelatina] t=    0 ms  OPENING      rival=no d=9999 mm rumbo=   +0 cdeg  linea=0x0
[gelatina] t=   32 ms  TRACK        rival=si d= 344 mm rumbo=   +0 cdeg  linea=0x0
WARNING: Contact joints between materials 'rueda' and 'dohyo' will only be created for the 10 deepest contact points instead of all the 15 contact points.
[gelatina] t=  456 ms  ATTACK       rival=si d=  94 mm rumbo=+1511 cdeg  linea=0x0
[gelatina] t= 1088 ms  SEARCH       rival=no d=9999 mm rumbo=   +0 cdeg  linea=0x0
[gelatina] t= 1216 ms  TRACK        rival=si d=  41 mm rumbo=+3000 cdeg  linea=0x0
[gelatina] t= 1224 ms  ATTACK       rival=si d=  41 mm rumbo=+3000 cdeg  linea=0x0
[gelatina] t= 1424 ms  SEARCH       rival=no d=9999 mm rumbo=-6000 cdeg  linea=0x0
WARNING: Contact joints between materials 'patin' and 'dohyo' will only be created for the 10 deepest contact points instead of all the 12 contact points.
[gelatina] t= 1512 ms  TRACK        rival=si d= 200 mm rumbo=-6000 cdeg  linea=0x0
[gelatina] t= 1576 ms  ATTACK       rival=si d= 125 mm rumbo=-1474 cdeg  linea=0x0
[gelatina] t= 1752 ms  SEARCH       rival=no d=9999 mm rumbo=+6000 cdeg  linea=0x0
[gelatina] t= 1776 ms  TRACK        rival=si d= 167 mm rumbo=+6000 cdeg  linea=0x0
[gelatina] t= 1808 ms  ATTACK       rival=si d= 109 mm rumbo=+4560 cdeg  linea=0x0
[gelatina] t= 2048 ms  SEARCH       rival=no d=9999 mm rumbo=-6000 cdeg  linea=0x0
[gelatina] t= 2144 ms  TRACK        rival=si d= 162 mm rumbo=-6000 cdeg  linea=0x0
[gelatina] t= 2176 ms  ATTACK       rival=si d= 130 mm rumbo=-3000 cdeg  linea=0x0
[gelatina] t= 2376 ms  SEARCH       rival=no d=9999 mm rumbo=+6000 cdeg  linea=0x0
[gelatina] t= 2440 ms  TRACK        rival=si d=  75 mm rumbo=+4437 cdeg  linea=0x0
[gelatina] t= 2448 ms  ATTACK       rival=si d=  75 mm rumbo=+4437 cdeg  linea=0x0
[gelatina] t= 2640 ms  SEARCH       rival=no d=9999 mm rumbo=-4541 cdeg  linea=0x0
WARNING: Contact joints between materials 'patin' and 'dohyo' will only be created for the 10 deepest contact points instead of all the 11 contact points.
[gelatina] t= 2736 ms  TRACK        rival=si d= 106 mm rumbo=-6000 cdeg  linea=0x0
[gelatina] t= 2744 ms  ATTACK       rival=si d= 106 mm rumbo=-6000 cdeg  linea=0x0
[gelatina] t= 2968 ms  SEARCH       rival=no d=9999 mm rumbo=+6000 cdeg  linea=0x0
[gelatina] t= 3000 ms  TRACK        rival=si d=  76 mm rumbo=+6000 cdeg  linea=0x0
[gelatina] t= 3008 ms  ATTACK       rival=si d=  76 mm rumbo=+6000 cdeg  linea=0x0
[gelatina] t= 3272 ms  SEARCH       rival=no d=9999 mm rumbo=-6000 cdeg  linea=0x2
[gelatina] t= 3328 ms  TRACK        rival=si d=  46 mm rumbo=-6000 cdeg  linea=0x0
[gelatina] t= 3336 ms  ATTACK       rival=si d=  46 mm rumbo=-6000 cdeg  linea=0x4
[arbitro] asalto 17/30  banco    expulsado       -1   3.40 s
[inercia] asalto=17 robot=GELATINA rueda=0 rotor=2.68466882e-05
[inercia] asalto=17 robot=GELATINA rueda=1 rotor=1.11827908e-05
[inercia] asalto=17 robot=RIVAL rueda=0 rotor=1.69576362e-05
[inercia] asalto=17 robot=RIVAL rueda=1 rotor=1.48041093e-05
[planta] asalto=17 mu=0.6016011 slip=0.000702346206 aleatorio=1
WARNING: DEF RIVAL GelatinaNuclear > HingeJoint "rueda_izq" > Solid "rueda_izq": Webots has detected that this solid is light and oblong according to its inertia matrix. This belongs in the physics edge cases, and can imply weird physical results. Increasing the weight of the object or reducing its eccentricity are recommended.
[gelatina] fin de asalto motor={"battery_v":7.95930433,"resistance_ohm":[4.19865294,4.18027406],"bridge_ohm":[0.544870961,0.529776514],"omega_rad_s":[55.5959727,22.2402577],"current_a":[0.603195168,0.938113475],"torque_nm":[0.0220663017,0.0415535822],"applied_pwm":[1,0.772799969],"over_1_2a_samples":704,"over_3_2a_samples":0}
[gelatina] t=    0 ms  WAIT         rival=si d=  43 mm rumbo=  -41 cdeg  linea=0x8
[rival] fin de asalto motor={"battery_v":7.81246369,"resistance_ohm":[3.69461522,3.95983534],"bridge_ohm":[0.516939795,0.695058787],"omega_rad_s":[-3.7026382e-08,2.94875235e-09],"current_a":[5.83556204e-10,-4.99057387e-11],"torque_nm":[3.81364664e-10,-2.22630132e-11],"applied_pwm":[0,0],"over_1_2a_samples":0,"over_3_2a_samples":0}
[arranque] pulsador=139424 permiso=144424 ms
[planta] gelatina ciclo=19 rueda=0 V=7.99312286 R=3.75926223 Rpuente=0.556766689 I0=0.092445606 Ke=0.0913266611 Kt=0.0483794733
[planta] gelatina ciclo=19 rueda=1 V=7.99312286 R=4.15530663 Rpuente=0.605963027 I0=0.199956885 Ke=0.0937386803 Kt=0.0483794733
[sensores] gelatina ToF alcance=748.942816 minimo=46.7568409 sigma_rel=0.0653921938
[gelatina] pulsador recibido: permiso previsto 144424 ms
[planta] rival ciclo=19 rueda=0 V=7.5843847 R=3.91543999 Rpuente=0.586867845 I0=0.195023435 Ke=0.0806786317 Kt=0.0483794733
[planta] rival ciclo=19 rueda=1 V=7.5843847 R=4.33976283 Rpuente=0.592389929 I0=0.0760527223 Ke=0.0980154323 Kt=0.0483794733
[sensores] rival ToF alcance=1366.31159 minimo=24.62511 sigma_rel=0.0926982117
[gelatina] permiso de arranque a los 144424 ms
[gelatina] t=    0 ms  TRACK        rival=si d= 297 mm rumbo=   +0 cdeg  linea=0x0
WARNING: Contact joints between materials 'patin' and 'dohyo' will only be created for the 10 deepest contact points instead of all the 27 contact points.
[gelatina] t=  456 ms  ATTACK       rival=si d= 129 mm rumbo=+4471 cdeg  linea=0x0
[gelatina] t=  760 ms  SEARCH       rival=no d=9999 mm rumbo=-6000 cdeg  linea=0x0
[gelatina] t= 1016 ms  TRACK        rival=si d= 112 mm rumbo=-6000 cdeg  linea=0x0
[gelatina] t= 1024 ms  ATTACK       rival=si d= 112 mm rumbo=-6000 cdeg  linea=0x0
[arbitro] asalto 18/30  banco    rival fuera     +1   1.06 s
[inercia] asalto=18 robot=GELATINA rueda=0 rotor=2.25404198e-05
[inercia] asalto=18 robot=GELATINA rueda=1 rotor=2.56114295e-05
[inercia] asalto=18 robot=RIVAL rueda=0 rotor=2.46049333e-05
[inercia] asalto=18 robot=RIVAL rueda=1 rotor=3.5543922e-05
[planta] asalto=18 mu=0.844635224 slip=0.00154555714 aleatorio=1
[gelatina] fin de asalto motor={"battery_v":7.99312286,"resistance_ohm":[3.75926223,4.15530663],"bridge_ohm":[0.556766689,0.605963027],"omega_rad_s":[51.1803726,-36.8387738],"current_a":[0.768991679,1.01536564],"torque_nm":[0.0327309427,0.0587966635],"applied_pwm":[1,0.17279999],"over_1_2a_samples":708,"over_3_2a_samples":0}
[gelatina] t=    0 ms  WAIT         rival=si d= 129 mm rumbo=   +0 cdeg  linea=0x0
[rival] fin de asalto motor={"battery_v":7.5843847,"resistance_ohm":[3.91543999,4.33976283],"bridge_ohm":[0.586867845,0.592389929],"omega_rad_s":[1.81831666,-15.5513874],"current_a":[-0.0325831341,0.309048814],"torque_nm":[-0.0105271837,0.0186310095],"applied_pwm":[0,0],"over_1_2a_samples":0,"over_3_2a_samples":0}
[arranque] pulsador=145800 permiso=150800 ms
[planta] gelatina ciclo=20 rueda=0 V=8.02911175 R=3.61012363 Rpuente=0.516429031 I0=0.210014623 Ke=0.0936193282 Kt=0.0483794733
[planta] gelatina ciclo=20 rueda=1 V=8.02911175 R=4.12301402 Rpuente=0.626979172 I0=0.12040143 Ke=0.0837847377 Kt=0.0483794733
[sensores] gelatina ToF alcance=1879.35494 minimo=46.9584197 sigma_rel=0.0957727957
[gelatina] pulsador recibido: permiso previsto 150800 ms
[planta] rival ciclo=20 rueda=0 V=7.18980441 R=4.06803827 Rpuente=0.515953016 I0=0.11582112 Ke=0.0819734825 Kt=0.0483794733
[planta] rival ciclo=20 rueda=1 V=7.18980441 R=3.79150333 Rpuente=0.687746608 I0=0.212566745 Ke=0.0740779743 Kt=0.0483794733
[sensores] rival ToF alcance=1307.80552 minimo=44.8006952 sigma_rel=0.0580336189
[gelatina] permiso de arranque a los 150800 ms
[gelatina] t=    0 ms  TRACK        rival=si d= 220 mm rumbo=   +0 cdeg  linea=0x0
[gelatina] t=  296 ms  ATTACK       rival=si d= 124 mm rumbo=   +0 cdeg  linea=0x0
WARNING: Contact joints between materials 'rueda' and 'dohyo' will only be created for the 10 deepest contact points instead of all the 11 contact points.
[gelatina] t=  592 ms  SEARCH       rival=no d=9999 mm rumbo=-4494 cdeg  linea=0x0
[gelatina] t=  720 ms  TRACK        rival=si d=  62 mm rumbo=+6000 cdeg  linea=0x0
[gelatina] t=  728 ms  ATTACK       rival=si d=  62 mm rumbo=+6000 cdeg  linea=0x0
[gelatina] t=  856 ms  SEARCH       rival=no d=9999 mm rumbo=+6000 cdeg  linea=0x0
[gelatina] t=  984 ms  TRACK        rival=si d= 106 mm rumbo=+6000 cdeg  linea=0x0
[gelatina] t=  992 ms  ATTACK       rival=si d= 106 mm rumbo=+6000 cdeg  linea=0x0
[gelatina] t= 1224 ms  SEARCH       rival=no d=9999 mm rumbo=-6000 cdeg  linea=0x0
[gelatina] t= 1320 ms  TRACK        rival=si d= 141 mm rumbo=-6000 cdeg  linea=0x0
[gelatina] t= 1416 ms  ATTACK       rival=si d= 119 mm rumbo=+6000 cdeg  linea=0x0
[gelatina] t= 1880 ms  SEARCH       rival=no d=9999 mm rumbo=-6000 cdeg  linea=0x0
WARNING: Contact joints between materials 'patin' and 'dohyo' will only be created for the 10 deepest contact points instead of all the 13 contact points.
[gelatina] t= 1944 ms  TRACK        rival=si d=  60 mm rumbo=-3000 cdeg  linea=0x0
[gelatina] t= 1952 ms  ATTACK       rival=si d=  60 mm rumbo=-3000 cdeg  linea=0x0
[arbitro] asalto 19/30  banco    expulsado       -1   2.31 s
[inercia] asalto=19 robot=GELATINA rueda=0 rotor=3.56502855e-05
[inercia] asalto=19 robot=GELATINA rueda=1 rotor=2.84224543e-05
[inercia] asalto=19 robot=RIVAL rueda=0 rotor=2.59446371e-05
[inercia] asalto=19 robot=RIVAL rueda=1 rotor=2.11662378e-05
[planta] asalto=19 mu=1.07916555 slip=0.000595489621 aleatorio=1
WARNING: DEF RIVAL GelatinaNuclear > HingeJoint "rueda_der" > Solid "rueda_der": Webots has detected that this solid is light and oblong according to its inertia matrix. This belongs in the physics edge cases, and can imply weird physical results. Increasing the weight of the object or reducing its eccentricity are recommended.
[gelatina] fin de asalto motor={"battery_v":8.02911175,"resistance_ohm":[3.61012363,4.12301402],"bridge_ohm":[0.516429031,0.626979172],"omega_rad_s":[28.7202578,30.9948569],"current_a":[0.637517841,1.14362602],"torque_nm":[0.0206823805,0.0495030667],"applied_pwm":[0.662529349,1],"over_1_2a_samples":736,"over_3_2a_samples":0}
[gelatina] t=    0 ms  WAIT         rival=si d=  45 mm rumbo=+1813 cdeg  linea=0x8
[rival] fin de asalto motor={"battery_v":7.18980441,"resistance_ohm":[4.06803827,3.79150333],"bridge_ohm":[0.515953016,0.687746608],"omega_rad_s":[-1.06099969,-1.26421583],"current_a":[0.0189733867,0.0209076406],"torque_nm":[0.0053224259,0.00977564066],"applied_pwm":[0,0],"over_1_2a_samples":0,"over_3_2a_samples":0}
[planta] gelatina ciclo=21 rueda=0 V=8.06293029 R=3.97073298 Rpuente=0.528324747 I0=0.155373824 Ke=0.0909510855 Kt=0.0483794733
[planta] gelatina ciclo=21 rueda=1 V=8.06293029 R=4.09804659 Rpuente=0.503165686 I0=0.0911542028 Ke=0.0747389617 Kt=0.0483794733
[sensores] gelatina ToF alcance=1830.08862 minimo=22.9418826 sigma_rel=0.0530888653
[gelatina] pulsador recibido: permiso previsto 158424 ms
[planta] rival ciclo=21 rueda=0 V=7.15712184 R=4.22095814 Rpuente=0.644258213 I0=0.12137703 Ke=0.0816681165 Kt=0.0483794733
[planta] rival ciclo=21 rueda=1 V=7.15712184 R=4.00081563 Rpuente=0.660281038 I0=0.121148506 Ke=0.0779330288 Kt=0.0483794733
[sensores] rival ToF alcance=1046.47231 minimo=42.354129 sigma_rel=0.0780528402
[arranque] pulsador=153424 permiso=158424 ms
[gelatina] permiso de arranque a los 158424 ms
[gelatina] t=    0 ms  TRACK        rival=si d= 289 mm rumbo=   +0 cdeg  linea=0x0
[gelatina] t=  392 ms  ATTACK       rival=si d= 117 mm rumbo=-1515 cdeg  linea=0x0
WARNING: Contact joints between materials 'patin' and 'dohyo' will only be created for the 10 deepest contact points instead of all the 24 contact points.
[arbitro] asalto 20/30  banco    rival fuera     +1   0.86 s
[inercia] asalto=20 robot=GELATINA rueda=0 rotor=3.43606977e-05
[inercia] asalto=20 robot=GELATINA rueda=1 rotor=3.12603291e-05
[inercia] asalto=20 robot=RIVAL rueda=0 rotor=9.26263064e-06
[inercia] asalto=20 robot=RIVAL rueda=1 rotor=1.42282911e-05
[planta] asalto=20 mu=1.20134381 slip=0.000236595631 aleatorio=1
WARNING: DEF GELATINA GelatinaNuclear > HingeJoint "rueda_izq" > Solid "rueda_izq": Webots has detected that this solid is light and oblong according to its inertia matrix. This belongs in the physics edge cases, and can imply weird physical results. Increasing the weight of the object or reducing its eccentricity are recommended.
[gelatina] fin de asalto motor={"battery_v":8.06293029,"resistance_ohm":[3.97073298,4.09804659],"bridge_ohm":[0.528324747,0.503165686],"omega_rad_s":[58.1507299,44.3852049],"current_a":[0.616586506,1.03138605],"torque_nm":[0.0223132266,0.0454879216],"applied_pwm":[1,1],"over_1_2a_samples":740,"over_3_2a_samples":0}
[gelatina] t=    0 ms  WAIT         rival=si d=  33 mm rumbo=   +0 cdeg  linea=0x1
[rival] fin de asalto motor={"battery_v":7.15712184,"resistance_ohm":[4.22095814,4.00081563],"bridge_ohm":[0.644258213,0.660281038],"omega_rad_s":[-3.37052699,-4.85765101],"current_a":[0.0565780783,0.081219396],"torque_nm":[0.00859551604,0.00978974508],"applied_pwm":[0,0],"over_1_2a_samples":0,"over_3_2a_samples":0}
[planta] gelatina ciclo=22 rueda=0 V=8.09891918 R=3.82159433 Rpuente=0.687987089 I0=0.122942841 Ke=0.0686880602 Kt=0.0483794733
[planta] gelatina ciclo=22 rueda=1 V=8.09891918 R=4.06575394 Rpuente=0.524181831 I0=0.161598748 Ke=0.0911811254 Kt=0.0483794733
[sensores] gelatina ToF alcance=1660.50074 minimo=23.1434596 sigma_rel=0.0834694672
[gelatina] pulsador recibido: permiso previsto 164600 ms
[planta] rival ciclo=22 rueda=0 V=7.89076605 R=3.88990607 Rpuente=0.528554785 I0=0.0850940287 Ke=0.102339163 Kt=0.0483794733
[planta] rival ciclo=22 rueda=1 V=7.89076605 R=3.76079721 Rpuente=0.502074564 I0=0.0864165455 Ke=0.074028238 Kt=0.0483794733
[arranque] pulsador=159600 permiso=164600 ms
[sensores] rival ToF alcance=1687.28053 minimo=23.5093021 sigma_rel=0.0401044607
[gelatina] permiso de arranque a los 164600 ms
[gelatina] t=    0 ms  TRACK        rival=si d= 284 mm rumbo=   +0 cdeg  linea=0x0
WARNING: Contact joints between materials 'patin' and 'dohyo' will only be created for the 10 deepest contact points instead of all the 18 contact points.
[gelatina] t=  392 ms  ATTACK       rival=si d= 122 mm rumbo=-3000 cdeg  linea=0x0
[gelatina] t=  664 ms  SEARCH       rival=no d=9999 mm rumbo=-1505 cdeg  linea=0x0
[gelatina] t=  688 ms  TRACK        rival=si d=  31 mm rumbo=+1509 cdeg  linea=0x0
[gelatina] t=  696 ms  ATTACK       rival=si d=  31 mm rumbo=+1509 cdeg  linea=0x0
[arbitro] asalto 21/30  banco    rival fuera     +1   0.85 s
[inercia] asalto=21 robot=GELATINA rueda=0 rotor=2.41761752e-05
[inercia] asalto=21 robot=GELATINA rueda=1 rotor=2.18299767e-05
[inercia] asalto=21 robot=RIVAL rueda=0 rotor=2.12558225e-05
[inercia] asalto=21 robot=RIVAL rueda=1 rotor=2.09447334e-05
[planta] asalto=21 mu=1.16233686 slip=3.54218483e-05 aleatorio=1
WARNING: DEF GELATINA GelatinaNuclear > HingeJoint "rueda_izq" > Solid "rueda_izq": Webots has detected that this solid is light and oblong according to its inertia matrix. This belongs in the physics edge cases, and can imply weird physical results. Increasing the weight of the object or reducing its eccentricity are recommended.
WARNING: DEF GELATINA GelatinaNuclear > HingeJoint "rueda_der" > Solid "rueda_der": Webots has detected that this solid is light and oblong according to its inertia matrix. This belongs in the physics edge cases, and can imply weird physical results. Increasing the weight of the object or reducing its eccentricity are recommended.
[gelatina] fin de asalto motor={"battery_v":8.09891918,"resistance_ohm":[3.82159433,4.06575394],"bridge_ohm":[0.687987089,0.524181831],"omega_rad_s":[20.9539938,40.8131308],"current_a":[-0.0318126886,0.953724018],"torque_nm":[-0.00748699102,0.0383226034],"applied_pwm":[0.160000026,1],"over_1_2a_samples":747,"over_3_2a_samples":0}
[gelatina] t=    0 ms  WAIT         rival=si d=  52 mm rumbo=   +0 cdeg  linea=0x2
[rival] fin de asalto motor={"battery_v":7.89076605,"resistance_ohm":[3.88990607,3.76079721],"bridge_ohm":[0.528554785,0.502074564],"omega_rad_s":[3.25261904,-1.51479168],"current_a":[-0.0753362587,0.0263055904],"torque_nm":[-0.00774923714,0.00506790925],"applied_pwm":[0,0],"over_1_2a_samples":0,"over_3_2a_samples":0}
[planta] gelatina ciclo=23 rueda=0 V=8.13273771 R=4.18220367 Rpuente=0.699882805 I0=0.218302032 Ke=0.090068279 Kt=0.0483794733
[planta] gelatina ciclo=23 rueda=1 V=8.13273771 R=4.0407865 Rpuente=0.600368345 I0=0.132351521 Ke=0.0801447784 Kt=0.0483794733
[sensores] gelatina ToF alcance=1611.23441 minimo=29.1269225 sigma_rel=0.0407855368
[gelatina] pulsador recibido: permiso previsto 170760 ms
[planta] rival ciclo=23 rueda=0 V=8.38062681 R=4.06832638 Rpuente=0.606924069 I0=0.108852911 Ke=0.0858912756 Kt=0.0483794733
[planta] rival ciclo=23 rueda=1 V=8.38062681 R=3.66455526 Rpuente=0.623745346 I0=0.135405868 Ke=0.0937291894 Kt=0.0483794733
[sensores] rival ToF alcance=885.067499 minimo=32.9394126 sigma_rel=0.108723536
[arranque] pulsador=165760 permiso=170760 ms
[gelatina] permiso de arranque a los 170760 ms
[gelatina] t=    0 ms  TRACK        rival=si d= 272 mm rumbo=   +0 cdeg  linea=0x0
[gelatina] t=  392 ms  ATTACK       rival=si d= 117 mm rumbo=   +0 cdeg  linea=0x0
WARNING: Contact joints between materials 'rueda' and 'dohyo' will only be created for the 10 deepest contact points instead of all the 14 contact points.
[arbitro] asalto 22/30  banco    rival fuera     +1   0.96 s
[inercia] asalto=22 robot=GELATINA rueda=0 rotor=3.47288454e-05
[inercia] asalto=22 robot=GELATINA rueda=1 rotor=2.88815353e-05
[inercia] asalto=22 robot=RIVAL rueda=0 rotor=2.26690709e-05
[inercia] asalto=22 robot=RIVAL rueda=1 rotor=3.08220808e-05
[planta] asalto=22 mu=0.619500673 slip=0.00136060154 aleatorio=1
[gelatina] fin de asalto motor={"battery_v":8.13273771,"resistance_ohm":[4.18220367,4.0407865],"bridge_ohm":[0.699882805,0.600368345],"omega_rad_s":[40.9926954,45.517403],"current_a":[0.438872457,0.966301637],"torque_nm":[0.010671081,0.0403460674],"applied_pwm":[0.717440426,1],"over_1_2a_samples":752,"over_3_2a_samples":0}
[gelatina] t=    0 ms  WAIT         rival=no d=9999 mm rumbo=+1518 cdeg  linea=0x1
[rival] fin de asalto motor={"battery_v":8.38062681,"resistance_ohm":[4.06832638,3.66455526],"bridge_ohm":[0.606924069,0.623745346],"omega_rad_s":[-0.0163607744,0.113816752],"current_a":[0.000300571659,-0.00248768753],"torque_nm":[0.000100693683,-0.000862748186],"applied_pwm":[0,0],"over_1_2a_samples":0,"over_3_2a_samples":0}
[planta] gelatina ciclo=24 rueda=0 V=8.16872652 R=4.03306503 Rpuente=0.659545147 I0=0.18587105 Ke=0.0674814979 Kt=0.0483794733
[planta] gelatina ciclo=24 rueda=1 V=8.16872652 R=4.00849385 Rpuente=0.62138449 I0=0.202796066 Ke=0.0658805613 Kt=0.0483794733
[sensores] gelatina ToF alcance=1441.64653 minimo=29.3285012 sigma_rel=0.0711661434
[gelatina] pulsador recibido: permiso previsto 177032 ms
[planta] rival ciclo=24 rueda=0 V=7.43880427 R=3.66269288 Rpuente=0.615391648 I0=0.176589221 Ke=0.067912769 Kt=0.0483794733
[planta] rival ciclo=24 rueda=1 V=7.43880427 R=4.27961082 Rpuente=0.657067728 I0=0.0886220098 Ke=0.0838948678 Kt=0.0483794733
[arranque] pulsador=172032 permiso=177032 ms
[sensores] rival ToF alcance=814.122832 minimo=37.7100253 sigma_rel=0.0649522638
[gelatina] permiso de arranque a los 177032 ms
[gelatina] t=    0 ms  OPENING      rival=no d=9999 mm rumbo=   +0 cdeg  linea=0x0
[gelatina] t=   32 ms  TRACK        rival=si d= 283 mm rumbo=   +0 cdeg  linea=0x0
[gelatina] t=  424 ms  ATTACK       rival=si d= 122 mm rumbo=   +0 cdeg  linea=0x0
WARNING: Contact joints between materials 'rueda' and 'dohyo' will only be created for the 10 deepest contact points instead of all the 16 contact points.
[gelatina] t=  992 ms  SEARCH       rival=no d=9999 mm rumbo=+3000 cdeg  linea=0x0
[gelatina] t= 1016 ms  TRACK        rival=si d=  34 mm rumbo=-3000 cdeg  linea=0x0
[gelatina] t= 1024 ms  ATTACK       rival=si d=  34 mm rumbo=-3000 cdeg  linea=0x0
[gelatina] t= 1352 ms  SEARCH       rival=no d=9999 mm rumbo=   +0 cdeg  linea=0x0
WARNING: Contact joints between materials 'patin' and 'dohyo' will only be created for the 10 deepest contact points instead of all the 13 contact points.
[gelatina] t= 1576 ms  TRACK        rival=si d=  87 mm rumbo=+6000 cdeg  linea=0x0
[gelatina] t= 1584 ms  ATTACK       rival=si d=  87 mm rumbo=+6000 cdeg  linea=0x0
[gelatina] t= 1784 ms  SEARCH       rival=no d=9999 mm rumbo=-4503 cdeg  linea=0x0
[gelatina] t= 1944 ms  TRACK        rival=si d= 128 mm rumbo=-6000 cdeg  linea=0x0
[gelatina] t= 1952 ms  ATTACK       rival=si d= 128 mm rumbo=-6000 cdeg  linea=0x0
[gelatina] t= 2144 ms  SEARCH       rival=no d=9999 mm rumbo=+4512 cdeg  linea=0x0
[gelatina] t= 2304 ms  TRACK        rival=si d= 134 mm rumbo=+6000 cdeg  linea=0x0
[gelatina] t= 2336 ms  ATTACK       rival=si d= 125 mm rumbo=+1467 cdeg  linea=0x0
[gelatina] t= 2512 ms  SEARCH       rival=no d=9999 mm rumbo=-4561 cdeg  linea=0x0
WARNING: Contact joints between materials 'patin' and 'dohyo' will only be created for the 10 deepest contact points instead of all the 11 contact points.
[gelatina] t= 2704 ms  TRACK        rival=si d= 139 mm rumbo=-4482 cdeg  linea=0x0
[gelatina] t= 2768 ms  ATTACK       rival=si d= 114 mm rumbo=+6000 cdeg  linea=0x0
[gelatina] t= 2904 ms  SEARCH       rival=no d=9999 mm rumbo=+6000 cdeg  linea=0x0
[gelatina] t= 3032 ms  TRACK        rival=si d= 148 mm rumbo=+6000 cdeg  linea=0x0
[gelatina] t= 3272 ms  SEARCH       rival=no d=9999 mm rumbo=-6000 cdeg  linea=0x0
[gelatina] t= 3296 ms  TRACK        rival=si d= 135 mm rumbo=-6000 cdeg  linea=0x0
[gelatina] t= 3392 ms  ATTACK       rival=si d= 132 mm rumbo=+4557 cdeg  linea=0x0
[gelatina] t= 3560 ms  SEARCH       rival=no d=9999 mm rumbo=+6000 cdeg  linea=0x0
[gelatina] t= 3656 ms  TRACK        rival=si d= 143 mm rumbo=+6000 cdeg  linea=0x0
WARNING: Contact joints between materials 'rueda' and 'dohyo' will only be created for the 10 deepest contact points instead of all the 14 contact points.
[gelatina] t= 3688 ms  ATTACK       rival=si d= 127 mm rumbo=+1518 cdeg  linea=0x0
[gelatina] t= 3864 ms  SEARCH       rival=no d=9999 mm rumbo=-4518 cdeg  linea=0x0
[gelatina] t= 4024 ms  TRACK        rival=si d= 121 mm rumbo=-6000 cdeg  linea=0x0
[gelatina] t= 4032 ms  ATTACK       rival=si d= 121 mm rumbo=-6000 cdeg  linea=0x0
[gelatina] t= 4224 ms  SEARCH       rival=no d=9999 mm rumbo=+4513 cdeg  linea=0x0
[gelatina] t= 4384 ms  TRACK        rival=si d= 152 mm rumbo=+6000 cdeg  linea=0x0
[gelatina] t= 4680 ms  ATTACK       rival=si d= 131 mm rumbo=+1510 cdeg  linea=0x0
WARNING: Contact joints between materials 'rueda' and 'dohyo' will only be created for the 10 deepest contact points instead of all the 11 contact points.
[gelatina] t= 4848 ms  SEARCH       rival=no d=9999 mm rumbo=+4573 cdeg  linea=0x0
[gelatina] t= 4976 ms  TRACK        rival=si d= 171 mm rumbo=+6000 cdeg  linea=0x0
[gelatina] t= 5216 ms  SEARCH       rival=no d=9999 mm rumbo=-6000 cdeg  linea=0x0
[gelatina] t= 5344 ms  TRACK        rival=si d= 157 mm rumbo=-4508 cdeg  linea=0x0
[gelatina] t= 5568 ms  ATTACK       rival=si d= 124 mm rumbo=+6000 cdeg  linea=0x0
WARNING: Contact joints between materials 'rueda' and 'dohyo' will only be created for the 10 deepest contact points instead of all the 13 contact points.
[gelatina] t= 5840 ms  SEARCH       rival=no d=9999 mm rumbo=-6000 cdeg  linea=0x0
[gelatina] t= 5904 ms  TRACK        rival=si d= 123 mm rumbo=-6000 cdeg  linea=0x0
[gelatina] t= 5912 ms  ATTACK       rival=si d= 123 mm rumbo=-6000 cdeg  linea=0x0
[gelatina] t= 6136 ms  SEARCH       rival=no d=9999 mm rumbo=+4573 cdeg  linea=0x0
[gelatina] t= 6264 ms  TRACK        rival=si d= 167 mm rumbo=+6000 cdeg  linea=0x0
[gelatina] t= 6296 ms  ATTACK       rival=si d= 106 mm rumbo=+4518 cdeg  linea=0x0
[gelatina] t= 6504 ms  SEARCH       rival=no d=9999 mm rumbo=-6000 cdeg  linea=0x0
[gelatina] t= 6632 ms  TRACK        rival=si d= 136 mm rumbo=-6000 cdeg  linea=0x0
[gelatina] t= 6664 ms  ATTACK       rival=si d= 106 mm rumbo=-4440 cdeg  linea=0x0
[gelatina] t= 6864 ms  SEARCH       rival=no d=9999 mm rumbo=+6000 cdeg  linea=0x0
WARNING: Contact joints between materials 'rueda' and 'dohyo' will only be created for the 10 deepest contact points instead of all the 13 contact points.
[gelatina] t= 6992 ms  TRACK        rival=si d= 137 mm rumbo=+6000 cdeg  linea=0x0
[gelatina] t= 7024 ms  ATTACK       rival=si d= 102 mm rumbo=+3000 cdeg  linea=0x0
[gelatina] t= 7232 ms  SEARCH       rival=no d=9999 mm rumbo=-4570 cdeg  linea=0x0
[gelatina] t= 7352 ms  TRACK        rival=si d= 133 mm rumbo=-6000 cdeg  linea=0x0
[gelatina] t= 7560 ms  SEARCH       rival=no d=9999 mm rumbo=+4500 cdeg  linea=0x0
[gelatina] t= 7616 ms  TRACK        rival=si d= 128 mm rumbo=+6000 cdeg  linea=0x0
[gelatina] t= 7624 ms  ATTACK       rival=si d= 128 mm rumbo=+6000 cdeg  linea=0x0
[gelatina] t= 7856 ms  SEARCH       rival=no d=9999 mm rumbo=-6000 cdeg  linea=0x0
[gelatina] t= 7984 ms  TRACK        rival=si d= 140 mm rumbo=-6000 cdeg  linea=0x0
[gelatina] t= 8048 ms  ATTACK       rival=si d= 130 mm rumbo=+4515 cdeg  linea=0x0
[gelatina] t= 8184 ms  SEARCH       rival=no d=9999 mm rumbo=+4515 cdeg  linea=0x0
[gelatina] t= 8344 ms  TRACK        rival=si d= 129 mm rumbo=+4616 cdeg  linea=0x0
[gelatina] t= 8352 ms  ATTACK       rival=si d= 129 mm rumbo=+4616 cdeg  linea=0x0
[gelatina] t= 8552 ms  SEARCH       rival=no d=9999 mm rumbo=-4506 cdeg  linea=0x0
[gelatina] t= 8712 ms  TRACK        rival=si d= 150 mm rumbo=-6000 cdeg  linea=0x0
[gelatina] t= 8944 ms  SEARCH       rival=no d=9999 mm rumbo=+6000 cdeg  linea=0x0
[gelatina] t= 9000 ms  TRACK        rival=si d= 143 mm rumbo=+6000 cdeg  linea=0x0
[gelatina] t= 9208 ms  SEARCH       rival=no d=9999 mm rumbo=-4513 cdeg  linea=0x0
[gelatina] t= 9240 ms  TRACK        rival=si d= 171 mm rumbo=-6000 cdeg  linea=0x0
[gelatina] t= 9272 ms  ATTACK       rival=si d= 126 mm rumbo=-4478 cdeg  linea=0x0
WARNING: Contact joints between materials 'patin' and 'dohyo' will only be created for the 10 deepest contact points instead of all the 12 contact points.
[gelatina] t= 9504 ms  SEARCH       rival=no d=9999 mm rumbo=+6000 cdeg  linea=0x0
[gelatina] t= 9632 ms  TRACK        rival=si d= 146 mm rumbo=+4490 cdeg  linea=0x0
[gelatina] t= 9696 ms  ATTACK       rival=si d= 130 mm rumbo=-4557 cdeg  linea=0x0
[gelatina] t= 9832 ms  SEARCH       rival=no d=9999 mm rumbo=-4557 cdeg  linea=0x0
[gelatina] t= 9992 ms  TRACK        rival=si d= 119 mm rumbo=-3000 cdeg  linea=0x0
[gelatina] t=10000 ms  ATTACK       rival=si d= 119 mm rumbo=-3000 cdeg  linea=0x0
[gelatina] t=10200 ms  SEARCH       rival=no d=9999 mm rumbo=+6000 cdeg  linea=0x0
[gelatina] t=10360 ms  TRACK        rival=si d= 155 mm rumbo=+6000 cdeg  linea=0x0
[gelatina] t=10560 ms  SEARCH       rival=no d=9999 mm rumbo=-4471 cdeg  linea=0x0
[gelatina] t=10624 ms  TRACK        rival=si d= 152 mm rumbo=-6000 cdeg  linea=0x0
WARNING: Contact joints between materials 'rueda' and 'dohyo' will only be created for the 10 deepest contact points instead of all the 12 contact points.
[gelatina] t=10888 ms  ATTACK       rival=si d= 120 mm rumbo=+4459 cdeg  linea=0x0
[gelatina] t=11120 ms  SEARCH       rival=no d=9999 mm rumbo=-6000 cdeg  linea=0x0
[gelatina] t=11280 ms  TRACK        rival=si d= 104 mm rumbo=-4524 cdeg  linea=0x0
[gelatina] t=11288 ms  ATTACK       rival=si d= 104 mm rumbo=-4524 cdeg  linea=0x0
WARNING: Contact joints between materials 'rueda' and 'dohyo' will only be created for the 10 deepest contact points instead of all the 15 contact points.
[gelatina] t=11912 ms  SEARCH       rival=no d=9999 mm rumbo=-6000 cdeg  linea=0x0
[gelatina] t=11944 ms  TRACK        rival=si d=  41 mm rumbo=-6000 cdeg  linea=0x0
[gelatina] t=11952 ms  ATTACK       rival=si d=  41 mm rumbo=-6000 cdeg  linea=0x0
[gelatina] t=12344 ms  SEARCH       rival=no d=9999 mm rumbo=+3000 cdeg  linea=0x0
[gelatina] t=12440 ms  TRACK        rival=si d=  40 mm rumbo=+3000 cdeg  linea=0x0
[gelatina] t=12448 ms  ATTACK       rival=si d=  40 mm rumbo=+3000 cdeg  linea=0x0
[gelatina] t=12704 ms  SEARCH       rival=no d=9999 mm rumbo=-6000 cdeg  linea=0x0
WARNING: Contact joints between materials 'patin' and 'dohyo' will only be created for the 10 deepest contact points instead of all the 12 contact points.
[gelatina] t=12800 ms  TRACK        rival=si d=  46 mm rumbo=-4525 cdeg  linea=0x0
[gelatina] t=12808 ms  ATTACK       rival=si d=  46 mm rumbo=-4525 cdeg  linea=0x0
[gelatina] t=12920 ms  EDGE_ESCAPE  rival=si d=  45 mm rumbo=+3000 cdeg  linea=0x8
[gelatina] t=13128 ms  SEARCH       rival=no d=9999 mm rumbo=+3000 cdeg  linea=0x2
[gelatina] t=13264 ms  ATTACK       rival=si d=  42 mm rumbo=+1530 cdeg  linea=0x4
[gelatina] t=13464 ms  SEARCH       rival=no d=9999 mm rumbo=-6000 cdeg  linea=0x2
[gelatina] t=13624 ms  ATTACK       rival=si d=  64 mm rumbo=-4495 cdeg  linea=0x4
[gelatina] t=13728 ms  EDGE_ESCAPE  rival=si d=  65 mm rumbo=+6000 cdeg  linea=0x2
[gelatina] t=13936 ms  SEARCH       rival=no d=9999 mm rumbo=+6000 cdeg  linea=0x2
[gelatina] t=14024 ms  ATTACK       rival=si d=  30 mm rumbo=   +0 cdeg  linea=0x8
WARNING: Contact joints between materials 'patin' and 'dohyo' will only be created for the 10 deepest contact points instead of all the 12 contact points.
[gelatina] t=14520 ms  EDGE_ESCAPE  rival=si d= 149 mm rumbo=-6000 cdeg  linea=0x8
[gelatina] t=14728 ms  SEARCH       rival=si d= 190 mm rumbo=-6000 cdeg  linea=0x8
[gelatina] t=14736 ms  TRACK        rival=si d= 190 mm rumbo=-6000 cdeg  linea=0x8
[arbitro] asalto 23/30  banco    auto-salida     -1  14.86 s
[inercia] asalto=23 robot=GELATINA rueda=0 rotor=3.50999542e-05
[inercia] asalto=23 robot=GELATINA rueda=1 rotor=1.70414917e-05
[inercia] asalto=23 robot=RIVAL rueda=0 rotor=3.00675711e-05
[inercia] asalto=23 robot=RIVAL rueda=1 rotor=2.47809886e-05
[planta] asalto=23 mu=0.949570215 slip=0.00127460468 aleatorio=1
WARNING: DEF GELATINA GelatinaNuclear > HingeJoint "rueda_izq" > Solid "rueda_izq": Webots has detected that this solid is light and oblong according to its inertia matrix. This belongs in the physics edge cases, and can imply weird physical results. Increasing the weight of the object or reducing its eccentricity are recommended.
WARNING: DEF RIVAL GelatinaNuclear > HingeJoint "rueda_der" > Solid "rueda_der": Webots has detected that this solid is light and oblong according to its inertia matrix. This belongs in the physics edge cases, and can imply weird physical results. Increasing the weight of the object or reducing its eccentricity are recommended.
[gelatina] fin de asalto motor={"battery_v":8.16872652,"resistance_ohm":[4.03306503,4.00849385],"bridge_ohm":[0.659545147,0.62138449],"omega_rad_s":[47.1867746,-28.7556153],"current_a":[1.06220037,-0.296563857],"torque_nm":[0.0423963511,-0.00453643637],"applied_pwm":[1,-0.400000006],"over_1_2a_samples":1054,"over_3_2a_samples":0}
[gelatina] t=    0 ms  WAIT         rival=si d= 221 mm rumbo=-6000 cdeg  linea=0x8
[rival] fin de asalto motor={"battery_v":7.43880427,"resistance_ohm":[3.66269288,4.27961082],"bridge_ohm":[0.615391648,0.657067728],"omega_rad_s":[-2.83435497e-08,4.18189927e-08],"current_a":[4.49941775e-10,-7.10680031e-10],"torque_nm":[2.6391521e-10,-2.13680678e-10],"applied_pwm":[0,0],"over_1_2a_samples":0,"over_3_2a_samples":0}
[planta] gelatina ciclo=25 rueda=0 V=8.20254513 R=4.39367437 Rpuente=0.671440876 I0=0.13123025 Ke=0.0669557527 Kt=0.0483794733
[planta] gelatina ciclo=25 rueda=1 V=8.20254513 R=3.98352647 Rpuente=0.697571003 I0=0.17354883 Ke=0.0868823042 Kt=0.0483794733
[sensores] gelatina ToF alcance=1392.38014 minimo=35.3119642 sigma_rel=0.108482208
[gelatina] pulsador recibido: permiso previsto 197200 ms
[planta] rival ciclo=25 rueda=0 V=7.96421191 R=4.10517569 Rpuente=0.551964056 I0=0.167828563 Ke=0.0806549315 Kt=0.0483794733
[planta] rival ciclo=25 rueda=1 V=7.96421191 R=3.67243137 Rpuente=0.518191636 I0=0.147279301 Ke=0.0759574003 Kt=0.0483794733
[sensores] rival ToF alcance=1304.29261 minimo=44.8549813 sigma_rel=0.0543525887
[arranque] pulsador=192200 permiso=197200 ms
[gelatina] permiso de arranque a los 197200 ms
[gelatina] t=    0 ms  TRACK        rival=si d= 369 mm rumbo=   +0 cdeg  linea=0x0
[gelatina] t=  391 ms  ATTACK       rival=si d= 128 mm rumbo=   +0 cdeg  linea=0x0
WARNING: Contact joints between materials 'rueda' and 'dohyo' will only be created for the 10 deepest contact points instead of all the 19 contact points.
[gelatina] t=  663 ms  SEARCH       rival=no d=9999 mm rumbo=-1521 cdeg  linea=0x0
[gelatina] t=  751 ms  TRACK        rival=si d=  38 mm rumbo=   +0 cdeg  linea=0x0
[gelatina] t=  759 ms  ATTACK       rival=si d=  38 mm rumbo=   +0 cdeg  linea=0x0
[arbitro] asalto 24/30  banco    rival fuera     +1   0.82 s
[inercia] asalto=24 robot=GELATINA rueda=0 rotor=9.69655949e-06
[inercia] asalto=24 robot=GELATINA rueda=1 rotor=2.4212451e-05
[inercia] asalto=24 robot=RIVAL rueda=0 rotor=3.15720313e-05
[inercia] asalto=24 robot=RIVAL rueda=1 rotor=1.12083823e-05
[planta] asalto=24 mu=1.17989329 slip=0.000279034257 aleatorio=1
WARNING: DEF GELATINA GelatinaNuclear > HingeJoint "rueda_izq" > Solid "rueda_izq": Webots has detected that this solid is light and oblong according to its inertia matrix. This belongs in the physics edge cases, and can imply weird physical results. Increasing the weight of the object or reducing its eccentricity are recommended.
[gelatina] fin de asalto motor={"battery_v":8.20254513,"resistance_ohm":[4.39367437,3.98352647],"bridge_ohm":[0.671440876,0.697571003],"omega_rad_s":[61.9703609,13.6705955],"current_a":[0.800233118,0.749970468],"torque_nm":[0.0323660064,0.0278869753],"applied_pwm":[1,0.572799981],"over_1_2a_samples":1062,"over_3_2a_samples":0}
[gelatina] t=    0 ms  WAIT         rival=no d=9999 mm rumbo=   +0 cdeg  linea=0x0
[rival] fin de asalto motor={"battery_v":7.96421191,"resistance_ohm":[4.10517569,3.67243137],"bridge_ohm":[0.551964056,0.518191636],"omega_rad_s":[-13.4980171,-28.7970597],"current_a":[0.233766153,0.521962912],"torque_nm":[0.0194289408,0.0323775858],"applied_pwm":[0,0],"over_1_2a_samples":0,"over_3_2a_samples":0}
[planta] gelatina ciclo=26 rueda=0 V=8.23853394 R=4.24453578 Rpuente=0.631103218 I0=0.0987992674 Ke=0.0743115635 Kt=0.0483794733
[planta] gelatina ciclo=26 rueda=1 V=8.23853394 R=3.95123382 Rpuente=0.518587148 I0=0.0939933747 Ke=0.0785624439 Kt=0.0483794733
[sensores] gelatina ToF alcance=1222.79226 minimo=35.5135429 sigma_rel=0.0588628149
[gelatina] pulsador recibido: permiso previsto 203328 ms
[planta] rival ciclo=26 rueda=0 V=7.85345128 R=3.67864804 Rpuente=0.664514804 I0=0.117259365 Ke=0.0835980642 Kt=0.0483794733
[planta] rival ciclo=26 rueda=1 V=7.85345128 R=3.95715528 Rpuente=0.636369371 I0=0.133642271 Ke=0.0722743059 Kt=0.0483794733
[sensores] rival ToF alcance=1042.78057 minimo=45.847522 sigma_rel=0.0809257889
[arranque] pulsador=198328 permiso=203328 ms
[gelatina] permiso de arranque a los 203328 ms
[gelatina] t=    0 ms  TRACK        rival=si d= 284 mm rumbo=   +0 cdeg  linea=0x0
WARNING: Contact joints between materials 'rueda' and 'dohyo' will only be created for the 10 deepest contact points instead of all the 16 contact points.
[gelatina] t=  328 ms  ATTACK       rival=si d= 120 mm rumbo=+1502 cdeg  linea=0x0
[gelatina] t=  592 ms  SEARCH       rival=no d=9999 mm rumbo=+3000 cdeg  linea=0x0
[gelatina] t=  624 ms  TRACK        rival=si d=  36 mm rumbo=   +0 cdeg  linea=0x0
[gelatina] t=  632 ms  ATTACK       rival=si d=  36 mm rumbo=   +0 cdeg  linea=0x0
[arbitro] asalto 25/30  banco    rival fuera     +1   0.78 s
[inercia] asalto=25 robot=GELATINA rueda=0 rotor=1.51063374e-05
[inercia] asalto=25 robot=GELATINA rueda=1 rotor=1.77277225e-05
[inercia] asalto=25 robot=RIVAL rueda=0 rotor=1.69141039e-05
[inercia] asalto=25 robot=RIVAL rueda=1 rotor=2.07750269e-05
[planta] asalto=25 mu=0.640810823 slip=0.00191908431 aleatorio=1
WARNING: DEF RIVAL GelatinaNuclear > HingeJoint "rueda_izq" > Solid "rueda_izq": Webots has detected that this solid is light and oblong according to its inertia matrix. This belongs in the physics edge cases, and can imply weird physical results. Increasing the weight of the object or reducing its eccentricity are recommended.
[gelatina] fin de asalto motor={"battery_v":8.23853394,"resistance_ohm":[4.24453578,3.95123382],"bridge_ohm":[0.631103218,0.518587148],"omega_rad_s":[56.2757685,31.038407],"current_a":[0.832012707,-0.250633632],"torque_nm":[0.03547248,-0.0166728731],"applied_pwm":[1,0.160000026],"over_1_2a_samples":1071,"over_3_2a_samples":0}
[gelatina] t=    0 ms  WAIT         rival=no d=9999 mm rumbo=-6000 cdeg  linea=0x2
[rival] fin de asalto motor={"battery_v":7.85345128,"resistance_ohm":[3.67864804,3.95715528],"bridge_ohm":[0.664514804,0.636369371],"omega_rad_s":[-7.4788324,-2.73984904],"current_a":[0.143954057,0.043108659],"torque_nm":[0.0126373642,0.00849741066],"applied_pwm":[0,0],"over_1_2a_samples":0,"over_3_2a_samples":0}
[planta] gelatina ciclo=27 rueda=0 V=8.27235247 R=3.80514512 Rpuente=0.642998934 I0=0.194158459 Ke=0.0671985495 Kt=0.0483794733
[planta] gelatina ciclo=27 rueda=1 V=8.27235247 R=3.92626638 Rpuente=0.594773662 I0=0.214746147 Ke=0.0634773829 Kt=0.0483794733
[sensores] gelatina ToF alcance=1173.52594 minimo=41.4970058 sigma_rel=0.0961788797
[gelatina] pulsador recibido: permiso previsto 209416 ms
[planta] rival ciclo=27 rueda=0 V=8.37885891 R=4.1211309 Rpuente=0.601087213 I0=0.108498716 Ke=0.0686697177 Kt=0.0483794733
[planta] rival ciclo=27 rueda=1 V=8.37885891 R=4.14997587 Rpuente=0.697493279 I0=0.192299563 Ke=0.0645617259 Kt=0.0483794733
[arranque] pulsador=204416 permiso=209416 ms
[sensores] rival ToF alcance=1532.95035 minimo=22.9924762 sigma_rel=0.0703261137
[gelatina] permiso de arranque a los 209416 ms
[gelatina] t=    0 ms  TRACK        rival=si d= 285 mm rumbo=   +0 cdeg  linea=0x0
WARNING: Contact joints between materials 'rueda' and 'dohyo' will only be created for the 10 deepest contact points instead of all the 11 contact points.
[gelatina] t=  392 ms  ATTACK       rival=si d= 103 mm rumbo=-4477 cdeg  linea=0x0
[gelatina] t=  824 ms  SEARCH       rival=no d=9999 mm rumbo=+6000 cdeg  linea=0x0
[gelatina] t=  952 ms  TRACK        rival=si d=  43 mm rumbo=   +0 cdeg  linea=0x0
[gelatina] t=  960 ms  ATTACK       rival=si d=  43 mm rumbo=   +0 cdeg  linea=0x0
[gelatina] t= 1088 ms  SEARCH       rival=no d=9999 mm rumbo=   +0 cdeg  linea=0x0
[gelatina] t= 1152 ms  TRACK        rival=si d=  60 mm rumbo=+6000 cdeg  linea=0x0
[gelatina] t= 1160 ms  ATTACK       rival=si d=  60 mm rumbo=+6000 cdeg  linea=0x0
[gelatina] t= 1384 ms  SEARCH       rival=no d=9999 mm rumbo=-6000 cdeg  linea=0x0
[gelatina] t= 1512 ms  TRACK        rival=si d=  59 mm rumbo=-6000 cdeg  linea=0x0
[gelatina] t= 1520 ms  ATTACK       rival=si d=  59 mm rumbo=-6000 cdeg  linea=0x0
[gelatina] t= 1720 ms  SEARCH       rival=no d=9999 mm rumbo=+3000 cdeg  linea=0x0
[gelatina] t= 1912 ms  TRACK        rival=si d=  96 mm rumbo=+6000 cdeg  linea=0x0
[gelatina] t= 1920 ms  ATTACK       rival=si d=  96 mm rumbo=+6000 cdeg  linea=0x0
[gelatina] t= 2112 ms  SEARCH       rival=no d=9999 mm rumbo=-4495 cdeg  linea=0x0
[gelatina] t= 2272 ms  TRACK        rival=si d=  82 mm rumbo=-4503 cdeg  linea=0x0
[gelatina] t= 2280 ms  ATTACK       rival=si d=  82 mm rumbo=-4503 cdeg  linea=0x0
[gelatina] t= 2472 ms  SEARCH       rival=no d=9999 mm rumbo=+6000 cdeg  linea=0x0
[gelatina] t= 2632 ms  TRACK        rival=si d=  68 mm rumbo=+6000 cdeg  linea=0x0
[gelatina] t= 2640 ms  ATTACK       rival=si d=  68 mm rumbo=+6000 cdeg  linea=0x0
[gelatina] t= 2840 ms  SEARCH       rival=no d=9999 mm rumbo=-6000 cdeg  linea=0x0
[gelatina] t= 2968 ms  TRACK        rival=si d=  93 mm rumbo=-6000 cdeg  linea=0x0
[gelatina] t= 2976 ms  ATTACK       rival=si d=  93 mm rumbo=-6000 cdeg  linea=0x0
[gelatina] t= 3168 ms  SEARCH       rival=no d=9999 mm rumbo=+6000 cdeg  linea=0x0
[gelatina] t= 3328 ms  TRACK        rival=si d=  95 mm rumbo=+6000 cdeg  linea=0x0
[gelatina] t= 3336 ms  ATTACK       rival=si d=  95 mm rumbo=+6000 cdeg  linea=0x0
[gelatina] t= 3536 ms  SEARCH       rival=no d=9999 mm rumbo=-6000 cdeg  linea=0x0
WARNING: Contact joints between materials 'patin' and 'dohyo' will only be created for the 10 deepest contact points instead of all the 12 contact points.
[gelatina] t= 3696 ms  TRACK        rival=si d= 110 mm rumbo=-6000 cdeg  linea=0x0
[gelatina] t= 3704 ms  ATTACK       rival=si d= 110 mm rumbo=-6000 cdeg  linea=0x0
[gelatina] t= 3896 ms  SEARCH       rival=no d=9999 mm rumbo=+4487 cdeg  linea=0x0
[gelatina] t= 4056 ms  TRACK        rival=si d= 100 mm rumbo=+4538 cdeg  linea=0x0
[gelatina] t= 4064 ms  ATTACK       rival=si d= 100 mm rumbo=+4538 cdeg  linea=0x0
[gelatina] t= 4256 ms  SEARCH       rival=no d=9999 mm rumbo=-6000 cdeg  linea=0x0
[gelatina] t= 4416 ms  TRACK        rival=si d= 112 mm rumbo=-6000 cdeg  linea=0x0
[gelatina] t= 4424 ms  ATTACK       rival=si d= 112 mm rumbo=-6000 cdeg  linea=0x0
[gelatina] t= 4616 ms  SEARCH       rival=no d=9999 mm rumbo=+6000 cdeg  linea=0x0
[gelatina] t= 4776 ms  TRACK        rival=si d= 110 mm rumbo=+6000 cdeg  linea=0x0
[gelatina] t= 4784 ms  ATTACK       rival=si d= 110 mm rumbo=+4517 cdeg  linea=0x0
[gelatina] t= 4984 ms  SEARCH       rival=no d=9999 mm rumbo=-6000 cdeg  linea=0x0
[gelatina] t= 5144 ms  TRACK        rival=si d= 121 mm rumbo=-4496 cdeg  linea=0x0
[gelatina] t= 5152 ms  ATTACK       rival=si d= 121 mm rumbo=-4496 cdeg  linea=0x0
[gelatina] t= 5344 ms  SEARCH       rival=no d=9999 mm rumbo=+6000 cdeg  linea=0x0
[gelatina] t= 5504 ms  TRACK        rival=si d= 140 mm rumbo=+3000 cdeg  linea=0x0
[gelatina] t= 5544 ms  ATTACK       rival=si d= 131 mm rumbo=-4512 cdeg  linea=0x0
[gelatina] t= 5680 ms  SEARCH       rival=no d=9999 mm rumbo=-4512 cdeg  linea=0x0
[gelatina] t= 5840 ms  TRACK        rival=si d= 185 mm rumbo=-6000 cdeg  linea=0x0
[gelatina] t= 5872 ms  ATTACK       rival=si d=  99 mm rumbo=-1567 cdeg  linea=0x0
[gelatina] t= 6040 ms  SEARCH       rival=no d=9999 mm rumbo=+4545 cdeg  linea=0x0
[gelatina] t= 6200 ms  TRACK        rival=si d= 125 mm rumbo=+4505 cdeg  linea=0x0
[gelatina] t= 6208 ms  ATTACK       rival=si d= 125 mm rumbo=+4505 cdeg  linea=0x0
[gelatina] t= 6400 ms  SEARCH       rival=no d=9999 mm rumbo=-6000 cdeg  linea=0x0
[gelatina] t= 6528 ms  TRACK        rival=si d= 148 mm rumbo=-6000 cdeg  linea=0x0
[gelatina] t= 6736 ms  SEARCH       rival=no d=9999 mm rumbo=+3000 cdeg  linea=0x0
[gelatina] t= 6792 ms  TRACK        rival=si d= 146 mm rumbo=+6000 cdeg  linea=0x0
[gelatina] t= 6824 ms  ATTACK       rival=si d= 128 mm rumbo=+3000 cdeg  linea=0x0
[gelatina] t= 7032 ms  SEARCH       rival=no d=9999 mm rumbo=-6000 cdeg  linea=0x0
[gelatina] t= 7224 ms  TRACK        rival=si d= 150 mm rumbo=+3000 cdeg  linea=0x0
[gelatina] t= 7360 ms  SEARCH       rival=no d=9999 mm rumbo=+3000 cdeg  linea=0x0
[gelatina] t= 7488 ms  TRACK        rival=si d= 149 mm rumbo=+6000 cdeg  linea=0x0
WARNING: Contact joints between materials 'patin' and 'dohyo' will only be created for the 10 deepest contact points instead of all the 12 contact points.
[gelatina] t= 7688 ms  SEARCH       rival=no d=9999 mm rumbo=-3000 cdeg  linea=0x0
[gelatina] t= 7784 ms  TRACK        rival=si d= 134 mm rumbo=-4484 cdeg  linea=0x0
[gelatina] t= 7816 ms  ATTACK       rival=si d= 124 mm rumbo=+3000 cdeg  linea=0x0
[gelatina] t= 7984 ms  SEARCH       rival=no d=9999 mm rumbo=+6000 cdeg  linea=0x0
[gelatina] t= 8112 ms  TRACK        rival=si d= 168 mm rumbo=+6000 cdeg  linea=0x0
[gelatina] t= 8320 ms  SEARCH       rival=no d=9999 mm rumbo=-6000 cdeg  linea=0x0
[gelatina] t= 8376 ms  TRACK        rival=si d= 151 mm rumbo=-6000 cdeg  linea=0x0
[gelatina] t= 8712 ms  ATTACK       rival=si d= 120 mm rumbo=-6000 cdeg  linea=0x0
[gelatina] t= 8848 ms  SEARCH       rival=no d=9999 mm rumbo=-6000 cdeg  linea=0x0
WARNING: Contact joints between materials 'patin' and 'dohyo' will only be created for the 10 deepest contact points instead of all the 18 contact points.
[gelatina] t= 8936 ms  TRACK        rival=si d= 128 mm rumbo=-6000 cdeg  linea=0x0
[gelatina] t= 8944 ms  ATTACK       rival=si d= 128 mm rumbo=-6000 cdeg  linea=0x0
[gelatina] t= 9176 ms  SEARCH       rival=no d=9999 mm rumbo=+6000 cdeg  linea=0x0
[gelatina] t= 9304 ms  TRACK        rival=si d= 112 mm rumbo=+4450 cdeg  linea=0x0
[gelatina] t= 9312 ms  ATTACK       rival=si d= 112 mm rumbo=+4450 cdeg  linea=0x0
[gelatina] t= 9504 ms  SEARCH       rival=no d=9999 mm rumbo=-6000 cdeg  linea=0x0
[gelatina] t= 9696 ms  TRACK        rival=si d= 114 mm rumbo=-1470 cdeg  linea=0x0
[gelatina] t= 9704 ms  ATTACK       rival=si d= 114 mm rumbo=-1470 cdeg  linea=0x0
[gelatina] t= 9864 ms  SEARCH       rival=no d=9999 mm rumbo=+4551 cdeg  linea=0x0
[gelatina] t=10024 ms  TRACK        rival=si d= 132 mm rumbo=+4582 cdeg  linea=0x0
[gelatina] t=10032 ms  ATTACK       rival=si d= 132 mm rumbo=+4582 cdeg  linea=0x0
[gelatina] t=10200 ms  SEARCH       rival=no d=9999 mm rumbo=-3000 cdeg  linea=0x0
[gelatina] t=10424 ms  TRACK        rival=si d= 149 mm rumbo=-3000 cdeg  linea=0x0
[gelatina] t=10456 ms  ATTACK       rival=si d= 102 mm rumbo=+3000 cdeg  linea=0x0
[gelatina] t=10592 ms  SEARCH       rival=no d=9999 mm rumbo=+3000 cdeg  linea=0x0
[gelatina] t=10816 ms  TRACK        rival=si d= 202 mm rumbo=+3000 cdeg  linea=0x0
[gelatina] t=10992 ms  SEARCH       rival=no d=9999 mm rumbo=-4479 cdeg  linea=0x0
[gelatina] t=11088 ms  TRACK        rival=si d= 169 mm rumbo=-6000 cdeg  linea=0x0
[gelatina] t=11288 ms  SEARCH       rival=no d=9999 mm rumbo=+4534 cdeg  linea=0x0
[gelatina] t=11312 ms  TRACK        rival=si d= 156 mm rumbo=+6000 cdeg  linea=0x0
WARNING: Contact joints between materials 'patin' and 'dohyo' will only be created for the 10 deepest contact points instead of all the 13 contact points.
[gelatina] t=11608 ms  ATTACK       rival=si d= 131 mm rumbo=-2937 cdeg  linea=0x0
[gelatina] t=11784 ms  SEARCH       rival=no d=9999 mm rumbo=+6000 cdeg  linea=0x0
[gelatina] t=11944 ms  TRACK        rival=si d= 127 mm rumbo=+1515 cdeg  linea=0x0
[gelatina] t=11952 ms  ATTACK       rival=si d= 127 mm rumbo=+1515 cdeg  linea=0x0
[gelatina] t=12112 ms  SEARCH       rival=no d=9999 mm rumbo=-4514 cdeg  linea=0x0
[gelatina] t=12272 ms  TRACK        rival=si d= 143 mm rumbo=-4421 cdeg  linea=0x0
[gelatina] t=12304 ms  ATTACK       rival=si d= 124 mm rumbo=+3000 cdeg  linea=0x0
[gelatina] t=12440 ms  SEARCH       rival=no d=9999 mm rumbo=+3000 cdeg  linea=0x0
WARNING: Contact joints between materials 'patin' and 'dohyo' will only be created for the 10 deepest contact points instead of all the 11 contact points.
[gelatina] t=12632 ms  TRACK        rival=si d= 175 mm rumbo=+6000 cdeg  linea=0x0
[gelatina] t=12840 ms  SEARCH       rival=no d=9999 mm rumbo=-4533 cdeg  linea=0x0
[gelatina] t=12936 ms  TRACK        rival=si d= 156 mm rumbo=-4631 cdeg  linea=0x0
[gelatina] t=13136 ms  SEARCH       rival=no d=9999 mm rumbo=+6000 cdeg  linea=0x0
[gelatina] t=13192 ms  TRACK        rival=si d= 128 mm rumbo=+4487 cdeg  linea=0x0
[gelatina] t=13200 ms  ATTACK       rival=si d= 128 mm rumbo=+4487 cdeg  linea=0x0
[gelatina] t=13400 ms  SEARCH       rival=no d=9999 mm rumbo=-6000 cdeg  linea=0x0
[gelatina] t=13560 ms  TRACK        rival=si d= 151 mm rumbo=-3000 cdeg  linea=0x0
[gelatina] t=13592 ms  ATTACK       rival=si d= 106 mm rumbo=+3000 cdeg  linea=0x0
[gelatina] t=13728 ms  SEARCH       rival=no d=9999 mm rumbo=+3000 cdeg  linea=0x0
[gelatina] t=13920 ms  TRACK        rival=si d= 162 mm rumbo=+6000 cdeg  linea=0x0
WARNING: Contact joints between materials 'patin' and 'dohyo' will only be created for the 10 deepest contact points instead of all the 12 contact points.
[gelatina] t=14128 ms  SEARCH       rival=no d=9999 mm rumbo=-6000 cdeg  linea=0x0
[gelatina] t=14184 ms  TRACK        rival=si d= 169 mm rumbo=-6000 cdeg  linea=0x0
[gelatina] t=14248 ms  ATTACK       rival=si d= 121 mm rumbo= +113 cdeg  linea=0x0
[gelatina] t=14424 ms  SEARCH       rival=no d=9999 mm rumbo=+6000 cdeg  linea=0x0
[gelatina] t=14544 ms  TRACK        rival=si d= 146 mm rumbo=+6000 cdeg  linea=0x0
[gelatina] t=14752 ms  SEARCH       rival=no d=9999 mm rumbo=-4590 cdeg  linea=0x0
[gelatina] t=14784 ms  TRACK        rival=si d= 159 mm rumbo=-6000 cdeg  linea=0x0
[gelatina] t=14848 ms  ATTACK       rival=si d= 126 mm rumbo=+1473 cdeg  linea=0x0
[gelatina] t=15016 ms  SEARCH       rival=no d=9999 mm rumbo=+6000 cdeg  linea=0x0
[gelatina] t=15144 ms  TRACK        rival=si d= 160 mm rumbo=+4493 cdeg  linea=0x0
[gelatina] t=15344 ms  SEARCH       rival=no d=9999 mm rumbo=-6000 cdeg  linea=0x0
[gelatina] t=15408 ms  TRACK        rival=si d= 163 mm rumbo=-4536 cdeg  linea=0x0
[gelatina] t=15608 ms  SEARCH       rival=no d=9999 mm rumbo=+6000 cdeg  linea=0x0
[gelatina] t=15640 ms  TRACK        rival=si d= 147 mm rumbo=+6000 cdeg  linea=0x0
[gelatina] t=15704 ms  ATTACK       rival=si d= 116 mm rumbo=-3000 cdeg  linea=0x0
[gelatina] t=15872 ms  SEARCH       rival=no d=9999 mm rumbo=-6000 cdeg  linea=0x0
[gelatina] t=16000 ms  TRACK        rival=si d= 164 mm rumbo=-4451 cdeg  linea=0x0
[gelatina] t=16200 ms  SEARCH       rival=no d=9999 mm rumbo=+6000 cdeg  linea=0x0
[gelatina] t=16232 ms  TRACK        rival=si d= 165 mm rumbo=+6000 cdeg  linea=0x0
[gelatina] t=16464 ms  ATTACK       rival=si d= 114 mm rumbo=-4589 cdeg  linea=0x0
[gelatina] t=16696 ms  SEARCH       rival=no d=9999 mm rumbo=+4544 cdeg  linea=0x0
[gelatina] t=16792 ms  TRACK        rival=si d=  96 mm rumbo=+4513 cdeg  linea=0x0
[gelatina] t=16800 ms  ATTACK       rival=si d=  96 mm rumbo=+4513 cdeg  linea=0x0
[gelatina] t=17000 ms  SEARCH       rival=no d=9999 mm rumbo=-6000 cdeg  linea=0x0
WARNING: Contact joints between materials 'patin' and 'dohyo' will only be created for the 10 deepest contact points instead of all the 12 contact points.
[gelatina] t=17160 ms  TRACK        rival=si d= 126 mm rumbo=-4484 cdeg  linea=0x0
[gelatina] t=17168 ms  ATTACK       rival=si d= 126 mm rumbo=-4484 cdeg  linea=0x0
[gelatina] t=17360 ms  SEARCH       rival=no d=9999 mm rumbo=+6000 cdeg  linea=0x0
[gelatina] t=17520 ms  TRACK        rival=si d= 155 mm rumbo=+3000 cdeg  linea=0x0
[gelatina] t=17688 ms  SEARCH       rival=no d=9999 mm rumbo=-4439 cdeg  linea=0x0
[gelatina] t=17784 ms  TRACK        rival=si d= 129 mm rumbo=-6000 cdeg  linea=0x0
[gelatina] t=17792 ms  ATTACK       rival=si d= 129 mm rumbo=-6000 cdeg  linea=0x0
[gelatina] t=17984 ms  SEARCH       rival=no d=9999 mm rumbo=+4518 cdeg  linea=0x0
[gelatina] t=18112 ms  TRACK        rival=si d= 124 mm rumbo=+6000 cdeg  linea=0x0
[gelatina] t=18120 ms  ATTACK       rival=si d= 124 mm rumbo=+6000 cdeg  linea=0x0
[gelatina] t=18320 ms  SEARCH       rival=no d=9999 mm rumbo=-4529 cdeg  linea=0x0
WARNING: Contact joints between materials 'patin' and 'dohyo' will only be created for the 10 deepest contact points instead of all the 11 contact points.
[gelatina] t=18512 ms  TRACK        rival=si d= 134 mm rumbo=-3000 cdeg  linea=0x0
[gelatina] t=18680 ms  SEARCH       rival=no d=9999 mm rumbo=+3000 cdeg  linea=0x0
[gelatina] t=18768 ms  TRACK        rival=si d= 122 mm rumbo=+6000 cdeg  linea=0x0
[gelatina] t=18776 ms  ATTACK       rival=si d= 122 mm rumbo=+4521 cdeg  linea=0x0
[gelatina] t=18976 ms  SEARCH       rival=no d=9999 mm rumbo=-6000 cdeg  linea=0x0
[gelatina] t=19136 ms  TRACK        rival=si d= 119 mm rumbo=-6000 cdeg  linea=0x0
[gelatina] t=19144 ms  ATTACK       rival=si d= 119 mm rumbo=-6000 cdeg  linea=0x0
[gelatina] t=19336 ms  SEARCH       rival=no d=9999 mm rumbo=+6000 cdeg  linea=0x0
[gelatina] t=19496 ms  TRACK        rival=si d= 129 mm rumbo=+4512 cdeg  linea=0x0
[gelatina] t=19504 ms  ATTACK       rival=si d= 129 mm rumbo=+4512 cdeg  linea=0x0
[gelatina] t=19672 ms  SEARCH       rival=no d=9999 mm rumbo=-4483 cdeg  linea=0x0
[gelatina] t=19832 ms  TRACK        rival=si d= 127 mm rumbo=-4525 cdeg  linea=0x0
[gelatina] t=19840 ms  ATTACK       rival=si d= 127 mm rumbo=-4525 cdeg  linea=0x0
[gelatina] t=20032 ms  SEARCH       rival=no d=9999 mm rumbo=+6000 cdeg  linea=0x0
[gelatina] t=20192 ms  TRACK        rival=si d= 172 mm rumbo=+3000 cdeg  linea=0x0
[gelatina] t=20360 ms  SEARCH       rival=no d=9999 mm rumbo=-3000 cdeg  linea=0x0
[gelatina] t=20456 ms  TRACK        rival=si d= 226 mm rumbo=-6000 cdeg  linea=0x0
[gelatina] t=20888 ms  ATTACK       rival=si d= 127 mm rumbo=-6000 cdeg  linea=0x0
[gelatina] t=21216 ms  SEARCH       rival=no d=9999 mm rumbo=+6000 cdeg  linea=0x0
[gelatina] t=21248 ms  TRACK        rival=si d=  85 mm rumbo=+6000 cdeg  linea=0x0
[gelatina] t=21256 ms  ATTACK       rival=si d=  85 mm rumbo=+6000 cdeg  linea=0x0
WARNING: Contact joints between materials 'patin' and 'dohyo' will only be created for the 10 deepest contact points instead of all the 18 contact points.
[gelatina] t=21448 ms  SEARCH       rival=no d=9999 mm rumbo=+6000 cdeg  linea=0x0
[gelatina] t=21840 ms  TRACK        rival=si d=  54 mm rumbo=+3000 cdeg  linea=0x0
[gelatina] t=21848 ms  ATTACK       rival=si d=  54 mm rumbo=+3000 cdeg  linea=0x0
[gelatina] t=22048 ms  SEARCH       rival=no d=9999 mm rumbo=-4507 cdeg  linea=0x0
[gelatina] t=22176 ms  TRACK        rival=si d=  73 mm rumbo=-6000 cdeg  linea=0x0
[gelatina] t=22184 ms  ATTACK       rival=si d=  73 mm rumbo=-6000 cdeg  linea=0x0
[gelatina] t=22408 ms  SEARCH       rival=no d=9999 mm rumbo=+6000 cdeg  linea=0x0
[gelatina] t=22536 ms  TRACK        rival=si d= 102 mm rumbo=+6000 cdeg  linea=0x0
[gelatina] t=22544 ms  ATTACK       rival=si d= 102 mm rumbo=+6000 cdeg  linea=0x0
[gelatina] t=22736 ms  SEARCH       rival=no d=9999 mm rumbo=-4506 cdeg  linea=0x0
[gelatina] t=22896 ms  TRACK        rival=si d=  87 mm rumbo=-6000 cdeg  linea=0x0
[gelatina] t=22904 ms  ATTACK       rival=si d=  87 mm rumbo=-6000 cdeg  linea=0x0
[gelatina] t=23096 ms  SEARCH       rival=no d=9999 mm rumbo=+6000 cdeg  linea=0x0
[gelatina] t=23256 ms  TRACK        rival=si d= 129 mm rumbo=+6000 cdeg  linea=0x0
[gelatina] t=23264 ms  ATTACK       rival=si d= 115 mm rumbo=+2977 cdeg  linea=0x0
[gelatina] t=23432 ms  SEARCH       rival=no d=9999 mm rumbo=-4491 cdeg  linea=0x0
[gelatina] t=23592 ms  TRACK        rival=si d= 124 mm rumbo=-6000 cdeg  linea=0x0
[gelatina] t=23600 ms  ATTACK       rival=si d= 124 mm rumbo=-6000 cdeg  linea=0x0
[gelatina] t=23792 ms  SEARCH       rival=no d=9999 mm rumbo=+6000 cdeg  linea=0x0
[gelatina] t=23920 ms  TRACK        rival=si d= 136 mm rumbo=+6000 cdeg  linea=0x0
WARNING: Contact joints between materials 'patin' and 'dohyo' will only be created for the 10 deepest contact points instead of all the 11 contact points.
[gelatina] t=24128 ms  SEARCH       rival=no d=9999 mm rumbo=-3000 cdeg  linea=0x0
[gelatina] t=24184 ms  TRACK        rival=si d= 117 mm rumbo=-6000 cdeg  linea=0x0
[gelatina] t=24192 ms  ATTACK       rival=si d= 117 mm rumbo=-6000 cdeg  linea=0x0
[gelatina] t=24424 ms  SEARCH       rival=no d=9999 mm rumbo=+3000 cdeg  linea=0x0
[gelatina] t=24616 ms  TRACK        rival=si d= 150 mm rumbo=+4492 cdeg  linea=0x0
[gelatina] t=24632 ms  EDGE_ESCAPE  rival=si d= 150 mm rumbo=+4492 cdeg  linea=0x8
[gelatina] t=24840 ms  SEARCH       rival=no d=9999 mm rumbo=-6000 cdeg  linea=0x0
[gelatina] t=24880 ms  TRACK        rival=si d= 169 mm rumbo=+6000 cdeg  linea=0x0
[gelatina] t=25040 ms  ATTACK       rival=si d= 125 mm rumbo=-4537 cdeg  linea=0x0
WARNING: Contact joints between materials 'patin' and 'dohyo' will only be created for the 10 deepest contact points instead of all the 12 contact points.
[gelatina] t=25440 ms  SEARCH       rival=no d=9999 mm rumbo=+3000 cdeg  linea=0x0
[gelatina] t=25536 ms  TRACK        rival=si d=  42 mm rumbo=-6000 cdeg  linea=0x0
[gelatina] t=25544 ms  ATTACK       rival=si d=  42 mm rumbo=-6000 cdeg  linea=0x0
[gelatina] t=25672 ms  SEARCH       rival=no d=9999 mm rumbo=-6000 cdeg  linea=0x0
[gelatina] t=25872 ms  TRACK        rival=si d=  50 mm rumbo=-4503 cdeg  linea=0x0
[gelatina] t=25880 ms  ATTACK       rival=si d=  50 mm rumbo=-4503 cdeg  linea=0x0
[gelatina] t=26072 ms  SEARCH       rival=no d=9999 mm rumbo=+6000 cdeg  linea=0x0
[gelatina] t=26200 ms  TRACK        rival=si d=  81 mm rumbo=+6000 cdeg  linea=0x0
[gelatina] t=26208 ms  ATTACK       rival=si d=  81 mm rumbo=+6000 cdeg  linea=0x0
[gelatina] t=26400 ms  SEARCH       rival=no d=9999 mm rumbo=-6000 cdeg  linea=0x0
[gelatina] t=26560 ms  TRACK        rival=si d=  77 mm rumbo=-6000 cdeg  linea=0x0
[gelatina] t=26568 ms  ATTACK       rival=si d=  77 mm rumbo=-6000 cdeg  linea=0x0
WARNING: Contact joints between materials 'patin' and 'dohyo' will only be created for the 10 deepest contact points instead of all the 11 contact points.
[gelatina] t=26760 ms  SEARCH       rival=no d=9999 mm rumbo=+4528 cdeg  linea=0x0
[gelatina] t=26920 ms  TRACK        rival=si d=  82 mm rumbo=+4512 cdeg  linea=0x0
[gelatina] t=26928 ms  ATTACK       rival=si d=  82 mm rumbo=+4512 cdeg  linea=0x0
[gelatina] t=27096 ms  SEARCH       rival=no d=9999 mm rumbo=-4468 cdeg  linea=0x0
[gelatina] t=27256 ms  TRACK        rival=si d=  79 mm rumbo=-6000 cdeg  linea=0x0
[gelatina] t=27264 ms  ATTACK       rival=si d=  79 mm rumbo=-6000 cdeg  linea=0x0
[gelatina] t=27456 ms  SEARCH       rival=no d=9999 mm rumbo=+4514 cdeg  linea=0x0
[gelatina] t=27584 ms  TRACK        rival=si d= 116 mm rumbo=+6000 cdeg  linea=0x0
[gelatina] t=27592 ms  ATTACK       rival=si d= 116 mm rumbo=+6000 cdeg  linea=0x0
[gelatina] t=27784 ms  SEARCH       rival=no d=9999 mm rumbo=-4475 cdeg  linea=0x0
[gelatina] t=27944 ms  TRACK        rival=si d=  78 mm rumbo=-4478 cdeg  linea=0x0
[gelatina] t=27952 ms  ATTACK       rival=si d=  78 mm rumbo=-4478 cdeg  linea=0x0
[gelatina] t=28056 ms  EDGE_ESCAPE  rival=si d=  86 mm rumbo=+3000 cdeg  linea=0x4
WARNING: Contact joints between materials 'patin' and 'dohyo' will only be created for the 10 deepest contact points instead of all the 13 contact points.
[gelatina] t=28264 ms  SEARCH       rival=si d= 124 mm rumbo=-6000 cdeg  linea=0x0
[gelatina] t=28272 ms  TRACK        rival=si d= 124 mm rumbo=-6000 cdeg  linea=0x0
[gelatina] t=28280 ms  ATTACK       rival=si d= 111 mm rumbo=-4496 cdeg  linea=0x0
[gelatina] t=28512 ms  SEARCH       rival=no d=9999 mm rumbo=+6000 cdeg  linea=0x0
[gelatina] t=28576 ms  TRACK        rival=si d= 132 mm rumbo=+6000 cdeg  linea=0x0
[gelatina] t=28584 ms  ATTACK       rival=si d= 132 mm rumbo=+6000 cdeg  linea=0x0
[gelatina] t=28808 ms  SEARCH       rival=no d=9999 mm rumbo=-6000 cdeg  linea=0x0
[gelatina] t=28936 ms  TRACK        rival=si d=  97 mm rumbo=-4542 cdeg  linea=0x0
[gelatina] t=28944 ms  ATTACK       rival=si d=  97 mm rumbo=-4542 cdeg  linea=0x0
[gelatina] t=29136 ms  SEARCH       rival=no d=9999 mm rumbo=+6000 cdeg  linea=0x0
[gelatina] t=29296 ms  TRACK        rival=si d= 107 mm rumbo=+4482 cdeg  linea=0x0
[gelatina] t=29304 ms  ATTACK       rival=si d= 107 mm rumbo=+4482 cdeg  linea=0x0
WARNING: Contact joints between materials 'patin' and 'dohyo' will only be created for the 10 deepest contact points instead of all the 11 contact points.
[gelatina] t=29504 ms  SEARCH       rival=no d=9999 mm rumbo=-6000 cdeg  linea=0x0
[gelatina] t=29576 ms  EDGE_ESCAPE  rival=no d=9999 mm rumbo=-6000 cdeg  linea=0x1
[gelatina] t=29696 ms  ATTACK       rival=si d= 132 mm rumbo=-3000 cdeg  linea=0x4
[gelatina] t=29728 ms  EDGE_ESCAPE  rival=si d= 145 mm rumbo=   +0 cdeg  linea=0xC
[gelatina] t=29936 ms  SEARCH       rival=si d= 162 mm rumbo=+6000 cdeg  linea=0x9
[gelatina] t=29944 ms  TRACK        rival=si d= 162 mm rumbo=+6000 cdeg  linea=0x9
[gelatina] t=29960 ms  SEARCH       rival=no d=9999 mm rumbo=+6000 cdeg  linea=0x1
[gelatina] t=30120 ms  TRACK        rival=si d= 146 mm rumbo=+6000 cdeg  linea=0x2
[gelatina] t=30160 ms  ATTACK       rival=si d= 138 mm rumbo=   +0 cdeg  linea=0x4
[gelatina] t=30328 ms  SEARCH       rival=no d=9999 mm rumbo=-6000 cdeg  linea=0x3
[gelatina] t=30488 ms  TRACK        rival=si d= 116 mm rumbo=-4522 cdeg  linea=0x0
[gelatina] t=30496 ms  ATTACK       rival=si d= 116 mm rumbo=-4522 cdeg  linea=0x0
[gelatina] t=30520 ms  EDGE_ESCAPE  rival=si d= 152 mm rumbo=   +0 cdeg  linea=0x4
[arbitro] asalto 26/30  banco    auto-salida     -1  30.63 s
[inercia] asalto=26 robot=GELATINA rueda=0 rotor=1.54931517e-05
[inercia] asalto=26 robot=GELATINA rueda=1 rotor=1.17622864e-05
[inercia] asalto=26 robot=RIVAL rueda=0 rotor=2.777028e-05
[inercia] asalto=26 robot=RIVAL rueda=1 rotor=2.71616879e-05
[planta] asalto=26 mu=1.35029093 slip=0.000660977721 aleatorio=1
[gelatina] fin de asalto motor={"battery_v":8.27235247,"resistance_ohm":[3.80514512,3.92626638],"bridge_ohm":[0.642998934,0.594773662],"omega_rad_s":[39.4073943,-0.667464901],"current_a":[0.408923531,-0.74082413],"torque_nm":[0.0103902211,-0.0297804972],"applied_pwm":[0.540000021,-0.409999996],"over_1_2a_samples":1516,"over_3_2a_samples":0}
[gelatina] t=    0 ms  WAIT         rival=si d= 458 mm rumbo=-4237 cdeg  linea=0x0
[rival] fin de asalto motor={"battery_v":8.37885891,"resistance_ohm":[4.1211309,4.14997587],"bridge_ohm":[0.601087213,0.697493279],"omega_rad_s":[-1.09466214e-07,6.89972524e-08],"current_a":[1.59183965e-09,-9.18949983e-10],"torque_nm":[6.51612644e-10,-6.86364012e-10],"applied_pwm":[0,0],"over_1_2a_samples":0,"over_3_2a_samples":0}
[arranque] pulsador=240360 permiso=245360 ms
[planta] gelatina ciclo=28 rueda=0 V=8.30834136 R=3.65600648 Rpuente=0.602661276 I0=0.161727476 Ke=0.0747151705 Kt=0.0483794733
[planta] gelatina ciclo=28 rueda=1 V=8.30834136 R=3.89397373 Rpuente=0.615789807 I0=0.135190693 Ke=0.0847888796 Kt=0.0483794733
[sensores] gelatina ToF alcance=1003.93806 minimo=41.6985828 sigma_rel=0.0465594864
[gelatina] pulsador recibido: permiso previsto 245360 ms
[planta] rival ciclo=28 rueda=0 V=7.09189321 R=3.87593999 Rpuente=0.606464481 I0=0.114516324 Ke=0.0853337899 Kt=0.0483794733
[planta] rival ciclo=28 rueda=1 V=7.09189321 R=4.25763769 Rpuente=0.55996114 I0=0.126802191 Ke=0.0776055521 Kt=0.0483794733
[sensores] rival ToF alcance=991.946936 minimo=27.9371268 sigma_rel=0.0544977999
[gelatina] permiso de arranque a los 245360 ms
[gelatina] t=    0 ms  TRACK        rival=si d= 281 mm rumbo=   +0 cdeg  linea=0x0
WARNING: Contact joints between materials 'rueda' and 'dohyo' will only be created for the 10 deepest contact points instead of all the 11 contact points.
[gelatina] t=  360 ms  ATTACK       rival=si d= 117 mm rumbo=+1517 cdeg  linea=0x0
[gelatina] t=  824 ms  SEARCH       rival=no d=9999 mm rumbo=  +21 cdeg  linea=0x0
[gelatina] t= 1120 ms  TRACK        rival=si d= 109 mm rumbo=+6000 cdeg  linea=0x0
[gelatina] t= 1128 ms  ATTACK       rival=si d= 109 mm rumbo=+6000 cdeg  linea=0x0
[arbitro] asalto 27/30  banco    rival fuera     +1   1.25 s
[inercia] asalto=27 robot=GELATINA rueda=0 rotor=1.94309714e-05
[inercia] asalto=27 robot=GELATINA rueda=1 rotor=9.35624832e-06
[inercia] asalto=27 robot=RIVAL rueda=0 rotor=2.79407188e-05
[inercia] asalto=27 robot=RIVAL rueda=1 rotor=1.12463045e-05
[planta] asalto=27 mu=1.12337044 slip=0.00097377944 aleatorio=1
[gelatina] fin de asalto motor={"battery_v":8.30834136,"resistance_ohm":[3.65600648,3.89397373],"bridge_ohm":[0.602661276,0.615789807],"omega_rad_s":[45.1498702,18.444777],"current_a":[1.15880397,-0.0466151763],"torque_nm":[0.0482380357,-0.00879567218],"applied_pwm":[1,0.162931263],"over_1_2a_samples":1552,"over_3_2a_samples":0}
[gelatina] t=    0 ms  WAIT         rival=no d=9999 mm rumbo=-4497 cdeg  linea=0x0
[rival] fin de asalto motor={"battery_v":7.09189321,"resistance_ohm":[3.87593999,4.25763769],"bridge_ohm":[0.606464481,0.55996114],"omega_rad_s":[-1.67373494,-5.97205747],"current_a":[0.0318637345,0.0962024514],"torque_nm":[0.00670529635,0.0107887674],"applied_pwm":[0,0],"over_1_2a_samples":0,"over_3_2a_samples":0}
[planta] gelatina ciclo=29 rueda=0 V=8.34215989 R=4.01661582 Rpuente=0.614556992 I0=0.107086676 Ke=0.0736885814 Kt=0.0483794733
[planta] gelatina ciclo=29 rueda=1 V=8.34215989 R=3.8690063 Rpuente=0.691976321 I0=0.105943465 Ke=0.0753897349 Kt=0.0483794733
[sensores] gelatina ToF alcance=954.671735 minimo=47.6820457 sigma_rel=0.083875556
[gelatina] pulsador recibido: permiso previsto 251920 ms
[planta] rival ciclo=29 rueda=0 V=7.20060447 R=3.79002953 Rpuente=0.571846259 I0=0.191470322 Ke=0.0936401875 Kt=0.0483794733
[planta] rival ciclo=29 rueda=1 V=7.20060447 R=4.25690155 Rpuente=0.61379689 I0=0.094638285 Ke=0.0993166171 Kt=0.0483794733
[sensores] rival ToF alcance=1183.85692 minimo=35.2040571 sigma_rel=0.0955069351
[arranque] pulsador=246920 permiso=251920 ms
[gelatina] permiso de arranque a los 251920 ms
[gelatina] t=    0 ms  TRACK        rival=si d= 262 mm rumbo=   +0 cdeg  linea=0x0
[gelatina] t=  328 ms  ATTACK       rival=si d= 107 mm rumbo=   +0 cdeg  linea=0x0
WARNING: Contact joints between materials 'rueda' and 'dohyo' will only be created for the 10 deepest contact points instead of all the 12 contact points.
[gelatina] t=  631 ms  SEARCH       rival=no d=9999 mm rumbo=-3000 cdeg  linea=0x0
[gelatina] t= 1015 ms  TRACK        rival=si d=  69 mm rumbo=+6000 cdeg  linea=0x0
[gelatina] t= 1024 ms  ATTACK       rival=si d=  69 mm rumbo=+6000 cdeg  linea=0x0
[gelatina] t= 1151 ms  SEARCH       rival=no d=9999 mm rumbo=+6000 cdeg  linea=0x0
[gelatina] t= 1311 ms  TRACK        rival=si d=  74 mm rumbo=+4507 cdeg  linea=0x0
[gelatina] t= 1319 ms  ATTACK       rival=si d=  74 mm rumbo=+4507 cdeg  linea=0x0
[gelatina] t= 1519 ms  SEARCH       rival=no d=9999 mm rumbo=-6000 cdeg  linea=0x0
WARNING: Contact joints between materials 'patin' and 'dohyo' will only be created for the 10 deepest contact points instead of all the 12 contact points.
[gelatina] t= 1584 ms  TRACK        rival=si d= 158 mm rumbo=-6000 cdeg  linea=0x0
[gelatina] t= 1615 ms  ATTACK       rival=si d=  98 mm rumbo=-4494 cdeg  linea=0x0
[gelatina] t= 1816 ms  SEARCH       rival=no d=9999 mm rumbo=+4513 cdeg  linea=0x0
[gelatina] t= 1911 ms  TRACK        rival=si d= 107 mm rumbo=+4494 cdeg  linea=0x0
[gelatina] t= 1919 ms  ATTACK       rival=si d= 107 mm rumbo=+4494 cdeg  linea=0x0
[gelatina] t= 2111 ms  SEARCH       rival=no d=9999 mm rumbo=-6000 cdeg  linea=0x0
[gelatina] t= 2175 ms  TRACK        rival=si d= 137 mm rumbo=-6000 cdeg  linea=0x0
[gelatina] t= 2207 ms  ATTACK       rival=si d= 107 mm rumbo=-6000 cdeg  linea=0x0
[gelatina] t= 2439 ms  SEARCH       rival=no d=9999 mm rumbo=+4520 cdeg  linea=0x0
[gelatina] t= 2471 ms  TRACK        rival=si d= 105 mm rumbo=+6000 cdeg  linea=0x0
[gelatina] t= 2479 ms  ATTACK       rival=si d= 105 mm rumbo=+6000 cdeg  linea=0x0
[gelatina] t= 2775 ms  SEARCH       rival=no d=9999 mm rumbo=-3000 cdeg  linea=0x0
[gelatina] t= 2831 ms  TRACK        rival=si d=  46 mm rumbo=-6000 cdeg  linea=0x0
[gelatina] t= 2840 ms  ATTACK       rival=si d=  46 mm rumbo=-6000 cdeg  linea=0x0
WARNING: Contact joints between materials 'patin' and 'dohyo' will only be created for the 10 deepest contact points instead of all the 20 contact points.
[gelatina] t= 2967 ms  SEARCH       rival=no d=9999 mm rumbo=-6000 cdeg  linea=0x0
[gelatina] t= 3232 ms  TRACK        rival=si d=  44 mm rumbo=-3000 cdeg  linea=0x0
[gelatina] t= 3239 ms  ATTACK       rival=si d=  44 mm rumbo=-3000 cdeg  linea=0x0
[gelatina] t= 3399 ms  SEARCH       rival=no d=9999 mm rumbo=+3000 cdeg  linea=0x0
[gelatina] t= 3560 ms  TRACK        rival=si d= 126 mm rumbo=+6000 cdeg  linea=0x0
[gelatina] t= 3567 ms  ATTACK       rival=si d= 126 mm rumbo=+6000 cdeg  linea=0x0
[gelatina] t= 3759 ms  SEARCH       rival=no d=9999 mm rumbo=-6000 cdeg  linea=0x0
[gelatina] t= 3887 ms  TRACK        rival=si d= 174 mm rumbo=-3000 cdeg  linea=0x1
[gelatina] t= 3919 ms  ATTACK       rival=si d= 125 mm rumbo=+1448 cdeg  linea=0x4
[gelatina] t= 4087 ms  SEARCH       rival=no d=9999 mm rumbo=+6000 cdeg  linea=0xA
[gelatina] t= 4183 ms  TRACK        rival=si d= 210 mm rumbo=+6000 cdeg  linea=0x8
WARNING: Contact joints between materials 'patin' and 'dohyo' will only be created for the 10 deepest contact points instead of all the 12 contact points.
[gelatina] t= 4584 ms  ATTACK       rival=si d= 111 mm rumbo=+6000 cdeg  linea=0x0
[gelatina] t= 5216 ms  SEARCH       rival=no d=9999 mm rumbo=+6000 cdeg  linea=0x0
[gelatina] t= 5271 ms  TRACK        rival=si d=  97 mm rumbo=+6000 cdeg  linea=0x0
[gelatina] t= 5279 ms  ATTACK       rival=si d=  97 mm rumbo=+6000 cdeg  linea=0x0
[gelatina] t= 5512 ms  SEARCH       rival=no d=9999 mm rumbo=-6000 cdeg  linea=0x0
[gelatina] t= 5608 ms  TRACK        rival=si d=  55 mm rumbo=-4546 cdeg  linea=0x0
[gelatina] t= 5615 ms  ATTACK       rival=si d=  55 mm rumbo=-4546 cdeg  linea=0x0
[gelatina] t= 5807 ms  SEARCH       rival=no d=9999 mm rumbo=+4548 cdeg  linea=0x0
[gelatina] t= 5903 ms  TRACK        rival=si d= 112 mm rumbo=+6000 cdeg  linea=0x0
[gelatina] t= 5911 ms  ATTACK       rival=si d= 112 mm rumbo=+6000 cdeg  linea=0x0
WARNING: Contact joints between materials 'patin' and 'dohyo' will only be created for the 10 deepest contact points instead of all the 15 contact points.
[gelatina] t= 6135 ms  SEARCH       rival=no d=9999 mm rumbo=-6000 cdeg  linea=0x0
[gelatina] t= 6168 ms  TRACK        rival=si d= 114 mm rumbo=-6000 cdeg  linea=0x0
[gelatina] t= 6175 ms  ATTACK       rival=si d= 114 mm rumbo=-6000 cdeg  linea=0x0
[gelatina] t= 6432 ms  SEARCH       rival=no d=9999 mm rumbo=+6000 cdeg  linea=0x0
[gelatina] t= 6495 ms  TRACK        rival=si d= 111 mm rumbo=+6000 cdeg  linea=0x0
[gelatina] t= 6503 ms  ATTACK       rival=si d= 111 mm rumbo=+6000 cdeg  linea=0x0
[gelatina] t= 6735 ms  SEARCH       rival=no d=9999 mm rumbo=-6000 cdeg  linea=0x0
[gelatina] t= 6791 ms  TRACK        rival=si d= 114 mm rumbo=-6000 cdeg  linea=0x0
[gelatina] t= 6800 ms  ATTACK       rival=si d= 114 mm rumbo=-6000 cdeg  linea=0x0
[gelatina] t= 7031 ms  SEARCH       rival=no d=9999 mm rumbo=+6000 cdeg  linea=0x0
[gelatina] t= 7120 ms  TRACK        rival=si d=  77 mm rumbo=+6000 cdeg  linea=0x0
[gelatina] t= 7127 ms  ATTACK       rival=si d=  77 mm rumbo=+6000 cdeg  linea=0x0
[gelatina] t= 7327 ms  SEARCH       rival=no d=9999 mm rumbo=-4516 cdeg  linea=0x0
[gelatina] t= 7423 ms  TRACK        rival=si d=  87 mm rumbo=-3000 cdeg  linea=0x0
[gelatina] t= 7432 ms  ATTACK       rival=si d=  87 mm rumbo=-3000 cdeg  linea=0x0
WARNING: Contact joints between materials 'patin' and 'dohyo' will only be created for the 10 deepest contact points instead of all the 13 contact points.
[gelatina] t= 7623 ms  SEARCH       rival=no d=9999 mm rumbo=+6000 cdeg  linea=0x0
[gelatina] t= 7752 ms  TRACK        rival=si d=  92 mm rumbo=+4526 cdeg  linea=0x0
[gelatina] t= 7759 ms  ATTACK       rival=si d=  92 mm rumbo=+4526 cdeg  linea=0x0
[gelatina] t= 7951 ms  SEARCH       rival=no d=9999 mm rumbo=-6000 cdeg  linea=0x0
[gelatina] t= 8015 ms  TRACK        rival=si d= 142 mm rumbo=-6000 cdeg  linea=0x0
[gelatina] t= 8048 ms  ATTACK       rival=si d= 126 mm rumbo=-3000 cdeg  linea=0x0
[gelatina] t= 8247 ms  SEARCH       rival=no d=9999 mm rumbo=+6000 cdeg  linea=0x0
[gelatina] t= 8343 ms  TRACK        rival=si d= 115 mm rumbo=+4580 cdeg  linea=0x0
[gelatina] t= 8351 ms  ATTACK       rival=si d= 115 mm rumbo=+4580 cdeg  linea=0x0
[gelatina] t= 8551 ms  SEARCH       rival=no d=9999 mm rumbo=-6000 cdeg  linea=0x0
[gelatina] t= 8671 ms  TRACK        rival=si d= 146 mm rumbo=-4501 cdeg  linea=0x0
WARNING: Contact joints between materials 'patin' and 'dohyo' will only be created for the 10 deepest contact points instead of all the 15 contact points.
[gelatina] t= 8879 ms  SEARCH       rival=no d=9999 mm rumbo=+6000 cdeg  linea=0x0
[gelatina] t= 8903 ms  TRACK        rival=si d= 159 mm rumbo=+6000 cdeg  linea=0x0
[gelatina] t= 8976 ms  ATTACK       rival=si d= 131 mm rumbo=-4545 cdeg  linea=0x0
[gelatina] t= 9111 ms  SEARCH       rival=no d=9999 mm rumbo=-4545 cdeg  linea=0x0
[gelatina] t= 9199 ms  TRACK        rival=si d= 141 mm rumbo=-4492 cdeg  linea=0x0
[gelatina] t= 9408 ms  SEARCH       rival=no d=9999 mm rumbo=+6000 cdeg  linea=0x0
[gelatina] t= 9432 ms  TRACK        rival=si d= 126 mm rumbo=+4507 cdeg  linea=0x0
[gelatina] t= 9439 ms  ATTACK       rival=si d= 126 mm rumbo=+4507 cdeg  linea=0x0
[gelatina] t= 9639 ms  SEARCH       rival=no d=9999 mm rumbo=-6000 cdeg  linea=0x0
[gelatina] t= 9728 ms  TRACK        rival=si d= 195 mm rumbo=-6000 cdeg  linea=0x0
WARNING: Contact joints between materials 'patin' and 'dohyo' will only be created for the 10 deepest contact points instead of all the 11 contact points.
[gelatina] t= 9935 ms  SEARCH       rival=no d=9999 mm rumbo=+3000 cdeg  linea=0x0
[gelatina] t= 9991 ms  TRACK        rival=si d= 184 mm rumbo=+6000 cdeg  linea=0x0
[gelatina] t=10199 ms  SEARCH       rival=no d=9999 mm rumbo=-4468 cdeg  linea=0x0
[gelatina] t=10223 ms  TRACK        rival=si d= 147 mm rumbo=-6000 cdeg  linea=0x0
[gelatina] t=10255 ms  ATTACK       rival=si d= 122 mm rumbo=-1586 cdeg  linea=0x0
[gelatina] t=10463 ms  SEARCH       rival=no d=9999 mm rumbo=+6000 cdeg  linea=0x0
[gelatina] t=10519 ms  TRACK        rival=si d= 152 mm rumbo=+6000 cdeg  linea=0x0
[gelatina] t=10551 ms  ATTACK       rival=si d= 131 mm rumbo=+3000 cdeg  linea=0x0
[gelatina] t=10759 ms  SEARCH       rival=no d=9999 mm rumbo=-6000 cdeg  linea=0x0
[gelatina] t=10823 ms  TRACK        rival=si d= 109 mm rumbo=-6000 cdeg  linea=0x0
[gelatina] t=10831 ms  ATTACK       rival=si d= 109 mm rumbo=-6000 cdeg  linea=0x0
[gelatina] t=11023 ms  SEARCH       rival=no d=9999 mm rumbo=+4450 cdeg  linea=0x0
[gelatina] t=11151 ms  TRACK        rival=si d= 141 mm rumbo=+4473 cdeg  linea=0x0
[gelatina] t=11183 ms  ATTACK       rival=si d= 127 mm rumbo=-2253 cdeg  linea=0x0
[gelatina] t=11351 ms  SEARCH       rival=no d=9999 mm rumbo=-6000 cdeg  linea=0x0
[gelatina] t=11415 ms  TRACK        rival=si d= 203 mm rumbo=-6000 cdeg  linea=0x0
[gelatina] t=11639 ms  ATTACK       rival=si d= 126 mm rumbo=+6000 cdeg  linea=0x0
[gelatina] t=11879 ms  SEARCH       rival=no d=9999 mm rumbo=-6000 cdeg  linea=0x0
[gelatina] t=11911 ms  TRACK        rival=si d= 116 mm rumbo=-6000 cdeg  linea=0x0
[gelatina] t=11920 ms  ATTACK       rival=si d= 116 mm rumbo=-6000 cdeg  linea=0x0
[gelatina] t=12175 ms  SEARCH       rival=no d=9999 mm rumbo=+6000 cdeg  linea=0x0
[gelatina] t=12239 ms  TRACK        rival=si d=  68 mm rumbo=+3000 cdeg  linea=0x0
[gelatina] t=12247 ms  ATTACK       rival=si d=  68 mm rumbo=+3000 cdeg  linea=0x0
[gelatina] t=12408 ms  SEARCH       rival=no d=9999 mm rumbo=+3000 cdeg  linea=0x0
WARNING: Contact joints between materials 'patin' and 'dohyo' will only be created for the 10 deepest contact points instead of all the 12 contact points.
[gelatina] t=12503 ms  TRACK        rival=si d=  76 mm rumbo=+3000 cdeg  linea=0x0
[gelatina] t=12511 ms  ATTACK       rival=si d=  76 mm rumbo=+3000 cdeg  linea=0x0
[gelatina] t=12703 ms  SEARCH       rival=no d=9999 mm rumbo=-3000 cdeg  linea=0x0
[gelatina] t=12831 ms  TRACK        rival=si d=  84 mm rumbo=-6000 cdeg  linea=0x0
[gelatina] t=12839 ms  ATTACK       rival=si d=  84 mm rumbo=-6000 cdeg  linea=0x0
[gelatina] t=13031 ms  SEARCH       rival=no d=9999 mm rumbo=+6000 cdeg  linea=0x0
[gelatina] t=13127 ms  TRACK        rival=si d= 113 mm rumbo=+6000 cdeg  linea=0x0
[gelatina] t=13135 ms  ATTACK       rival=si d= 113 mm rumbo=+6000 cdeg  linea=0x0
[gelatina] t=13335 ms  SEARCH       rival=no d=9999 mm rumbo=-6000 cdeg  linea=0x0
[gelatina] t=13463 ms  TRACK        rival=si d= 148 mm rumbo=-4503 cdeg  linea=0x0
[gelatina] t=13663 ms  SEARCH       rival=no d=9999 mm rumbo=+6000 cdeg  linea=0x0
[gelatina] t=13719 ms  TRACK        rival=si d= 142 mm rumbo=+6000 cdeg  linea=0x0
WARNING: Contact joints between materials 'patin' and 'dohyo' will only be created for the 10 deepest contact points instead of all the 11 contact points.
[gelatina] t=13983 ms  ATTACK       rival=si d= 103 mm rumbo=+4448 cdeg  linea=0x0
[gelatina] t=14391 ms  SEARCH       rival=no d=9999 mm rumbo=   +0 cdeg  linea=0x0
[gelatina] t=14511 ms  TRACK        rival=si d=  72 mm rumbo=+3000 cdeg  linea=0x0
[gelatina] t=14519 ms  ATTACK       rival=si d=  72 mm rumbo=+3000 cdeg  linea=0x0
[gelatina] t=14751 ms  SEARCH       rival=no d=9999 mm rumbo=-6000 cdeg  linea=0x0
[gelatina] t=14879 ms  TRACK        rival=si d=  70 mm rumbo=-4455 cdeg  linea=0x0
[gelatina] t=14887 ms  ATTACK       rival=si d=  70 mm rumbo=-4455 cdeg  linea=0x0
[gelatina] t=15079 ms  SEARCH       rival=no d=9999 mm rumbo=+6000 cdeg  linea=0x0
[gelatina] t=15175 ms  TRACK        rival=si d= 103 mm rumbo=+6000 cdeg  linea=0x0
[gelatina] t=15183 ms  ATTACK       rival=si d= 103 mm rumbo=+6000 cdeg  linea=0x0
WARNING: Contact joints between materials 'patin' and 'dohyo' will only be created for the 10 deepest contact points instead of all the 15 contact points.
[gelatina] t=15375 ms  SEARCH       rival=no d=9999 mm rumbo=-4552 cdeg  linea=0x0
[gelatina] t=15471 ms  TRACK        rival=si d= 127 mm rumbo=-6000 cdeg  linea=0x0
[gelatina] t=15479 ms  ATTACK       rival=si d= 127 mm rumbo=-6000 cdeg  linea=0x0
[gelatina] t=15671 ms  SEARCH       rival=no d=9999 mm rumbo=+4472 cdeg  linea=0x0
[gelatina] t=15767 ms  TRACK        rival=si d= 129 mm rumbo=+6000 cdeg  linea=0x0
[gelatina] t=15775 ms  ATTACK       rival=si d= 129 mm rumbo=+6000 cdeg  linea=0x0
[gelatina] t=15975 ms  SEARCH       rival=no d=9999 mm rumbo=-4464 cdeg  linea=0x0
[gelatina] t=16031 ms  TRACK        rival=si d= 162 mm rumbo=-6000 cdeg  linea=0x0
[gelatina] t=16127 ms  ATTACK       rival=si d= 120 mm rumbo=+4550 cdeg  linea=0x0
[gelatina] t=16271 ms  SEARCH       rival=no d=9999 mm rumbo=+6000 cdeg  linea=0x0
[gelatina] t=16327 ms  TRACK        rival=si d= 116 mm rumbo=+6000 cdeg  linea=0x0
[gelatina] t=16335 ms  ATTACK       rival=si d= 116 mm rumbo=+6000 cdeg  linea=0x0
WARNING: Contact joints between materials 'patin' and 'dohyo' will only be created for the 10 deepest contact points instead of all the 15 contact points.
[gelatina] t=16535 ms  SEARCH       rival=no d=9999 mm rumbo=-4490 cdeg  linea=0x0
[gelatina] t=16631 ms  TRACK        rival=si d= 105 mm rumbo=-6000 cdeg  linea=0x0
[gelatina] t=16639 ms  ATTACK       rival=si d= 105 mm rumbo=-6000 cdeg  linea=0x0
[gelatina] t=16831 ms  SEARCH       rival=no d=9999 mm rumbo=+4526 cdeg  linea=0x0
[gelatina] t=16959 ms  TRACK        rival=si d= 147 mm rumbo=+3000 cdeg  linea=0x0
[gelatina] t=17127 ms  SEARCH       rival=no d=9999 mm rumbo=-3000 cdeg  linea=0x0
[gelatina] t=17159 ms  TRACK        rival=si d= 150 mm rumbo=-6000 cdeg  linea=0x0
[gelatina] t=17255 ms  ATTACK       rival=si d= 131 mm rumbo=+6000 cdeg  linea=0x0
[gelatina] t=17391 ms  SEARCH       rival=no d=9999 mm rumbo=+6000 cdeg  linea=0x0
[gelatina] t=17447 ms  TRACK        rival=si d= 136 mm rumbo=+6000 cdeg  linea=0x0
[gelatina] t=17487 ms  ATTACK       rival=si d= 114 mm rumbo=   +0 cdeg  linea=0x0
WARNING: Contact joints between materials 'patin' and 'dohyo' will only be created for the 10 deepest contact points instead of all the 14 contact points.
[gelatina] t=17655 ms  SEARCH       rival=no d=9999 mm rumbo=-4502 cdeg  linea=0x0
[gelatina] t=17751 ms  TRACK        rival=si d= 117 mm rumbo=-4525 cdeg  linea=0x0
[gelatina] t=17759 ms  ATTACK       rival=si d= 117 mm rumbo=-4525 cdeg  linea=0x0
[gelatina] t=17951 ms  SEARCH       rival=no d=9999 mm rumbo=+4534 cdeg  linea=0x0
[gelatina] t=18047 ms  TRACK        rival=si d= 149 mm rumbo=+6000 cdeg  linea=0x0
[gelatina] t=18343 ms  ATTACK       rival=si d= 116 mm rumbo=+4476 cdeg  linea=0x0
[gelatina] t=18479 ms  SEARCH       rival=no d=9999 mm rumbo=+4476 cdeg  linea=0x0
WARNING: Contact joints between materials 'patin' and 'dohyo' will only be created for the 10 deepest contact points instead of all the 18 contact points.
[gelatina] t=18607 ms  TRACK        rival=si d= 171 mm rumbo=+6000 cdeg  linea=0x0
[gelatina] t=18903 ms  ATTACK       rival=si d= 126 mm rumbo=+6000 cdeg  linea=0x0
[gelatina] t=19375 ms  SEARCH       rival=no d=9999 mm rumbo=-6000 cdeg  linea=0x0
WARNING: Contact joints between materials 'patin' and 'dohyo' will only be created for the 10 deepest contact points instead of all the 13 contact points.
[gelatina] t=19927 ms  TRACK        rival=si d=  56 mm rumbo=+1505 cdeg  linea=0x0
[gelatina] t=19935 ms  ATTACK       rival=si d=  56 mm rumbo=+1505 cdeg  linea=0x0
[gelatina] t=20095 ms  SEARCH       rival=no d=9999 mm rumbo=+6000 cdeg  linea=0x0
[gelatina] t=20223 ms  TRACK        rival=si d= 102 mm rumbo=+4515 cdeg  linea=0x0
[gelatina] t=20231 ms  ATTACK       rival=si d= 102 mm rumbo=+4515 cdeg  linea=0x0
[gelatina] t=20432 ms  SEARCH       rival=no d=9999 mm rumbo=-6000 cdeg  linea=0x0
[gelatina] t=20519 ms  TRACK        rival=si d= 112 mm rumbo=-6000 cdeg  linea=0x0
[gelatina] t=20527 ms  ATTACK       rival=si d= 112 mm rumbo=-6000 cdeg  linea=0x0
[gelatina] t=20727 ms  SEARCH       rival=no d=9999 mm rumbo=+3000 cdeg  linea=0x0
[gelatina] t=20879 ms  TRACK        rival=si d= 168 mm rumbo=+6000 cdeg  linea=0x0
[gelatina] t=21087 ms  SEARCH       rival=no d=9999 mm rumbo=-6000 cdeg  linea=0x0
[gelatina] t=21119 ms  TRACK        rival=si d= 163 mm rumbo=-3000 cdeg  linea=0x0
[gelatina] t=21151 ms  ATTACK       rival=si d= 120 mm rumbo=+1550 cdeg  linea=0x0
[gelatina] t=21319 ms  SEARCH       rival=no d=9999 mm rumbo=+6000 cdeg  linea=0x0
[gelatina] t=21447 ms  TRACK        rival=si d= 185 mm rumbo=+1478 cdeg  linea=0x0
[gelatina] t=21615 ms  SEARCH       rival=no d=9999 mm rumbo=-4501 cdeg  linea=0x0
[gelatina] t=21647 ms  TRACK        rival=si d= 210 mm rumbo=-6000 cdeg  linea=0x0
[gelatina] t=21911 ms  ATTACK       rival=si d= 131 mm rumbo=-1539 cdeg  linea=0x0
[gelatina] t=22079 ms  SEARCH       rival=no d=9999 mm rumbo=-6000 cdeg  linea=0x0
[gelatina] t=22175 ms  TRACK        rival=si d= 137 mm rumbo=-3000 cdeg  linea=0x0
[gelatina] t=22183 ms  ATTACK       rival=si d= 137 mm rumbo=-3000 cdeg  linea=0x4
[gelatina] t=22343 ms  SEARCH       rival=no d=9999 mm rumbo=+3000 cdeg  linea=0x0
[gelatina] t=22503 ms  TRACK        rival=si d= 180 mm rumbo=+4465 cdeg  linea=0x8
[gelatina] t=22903 ms  SEARCH       rival=no d=9999 mm rumbo=+4517 cdeg  linea=0x8
[gelatina] t=22959 ms  TRACK        rival=si d= 181 mm rumbo=+4509 cdeg  linea=0x0
[gelatina] t=23191 ms  ATTACK       rival=si d= 127 mm rumbo=-4529 cdeg  linea=0x0
[gelatina] t=23399 ms  SEARCH       rival=no d=9999 mm rumbo=+6000 cdeg  linea=0x0
[gelatina] t=23487 ms  TRACK        rival=si d= 153 mm rumbo=+6000 cdeg  linea=0x0
[gelatina] t=23783 ms  ATTACK       rival=si d= 120 mm rumbo=+3040 cdeg  linea=0x0
[gelatina] t=23927 ms  SEARCH       rival=no d=9999 mm rumbo=+6000 cdeg  linea=0x0
WARNING: Contact joints between materials 'patin' and 'dohyo' will only be created for the 10 deepest contact points instead of all the 13 contact points.
[gelatina] t=23983 ms  TRACK        rival=si d= 160 mm rumbo=+6000 cdeg  linea=0x0
[gelatina] t=24055 ms  ATTACK       rival=si d= 113 mm rumbo=-3000 cdeg  linea=0x0
[gelatina] t=24223 ms  SEARCH       rival=no d=9999 mm rumbo=-6000 cdeg  linea=0x0
[gelatina] t=24319 ms  TRACK        rival=si d= 124 mm rumbo=-4480 cdeg  linea=0x0
[gelatina] t=24327 ms  ATTACK       rival=si d= 124 mm rumbo=-4480 cdeg  linea=0x0
[gelatina] t=24519 ms  SEARCH       rival=no d=9999 mm rumbo=+6000 cdeg  linea=0x0
[gelatina] t=24647 ms  TRACK        rival=si d= 157 mm rumbo=+4493 cdeg  linea=0x0
[gelatina] t=24911 ms  ATTACK       rival=si d= 132 mm rumbo=+4476 cdeg  linea=0x0
WARNING: Contact joints between materials 'patin' and 'dohyo' will only be created for the 10 deepest contact points instead of all the 13 contact points.
[gelatina] t=25447 ms  SEARCH       rival=no d=9999 mm rumbo=-6000 cdeg  linea=0x0
[gelatina] t=25535 ms  TRACK        rival=si d= 404 mm rumbo=-3000 cdeg  linea=0x0
[gelatina] t=25671 ms  SEARCH       rival=no d=9999 mm rumbo=-3000 cdeg  linea=0x0
[gelatina] t=25767 ms  TRACK        rival=si d=  63 mm rumbo=-3000 cdeg  linea=0x0
[gelatina] t=25775 ms  ATTACK       rival=si d=  63 mm rumbo=-3000 cdeg  linea=0x0
[gelatina] t=25935 ms  SEARCH       rival=no d=9999 mm rumbo=+1505 cdeg  linea=0x0
[gelatina] t=26127 ms  TRACK        rival=si d=  88 mm rumbo=+6000 cdeg  linea=0x0
[gelatina] t=26135 ms  ATTACK       rival=si d=  88 mm rumbo=+6000 cdeg  linea=0x0
[gelatina] t=26335 ms  SEARCH       rival=no d=9999 mm rumbo=-6000 cdeg  linea=0x0
[gelatina] t=26432 ms  TRACK        rival=si d= 112 mm rumbo=-6000 cdeg  linea=0x1
[gelatina] t=26439 ms  ATTACK       rival=si d= 112 mm rumbo=-6000 cdeg  linea=0x1
[gelatina] t=26631 ms  SEARCH       rival=no d=9999 mm rumbo=+4503 cdeg  linea=0x2
[gelatina] t=26727 ms  TRACK        rival=si d= 143 mm rumbo=+6000 cdeg  linea=0x8
[gelatina] t=26791 ms  ATTACK       rival=si d= 133 mm rumbo=-3000 cdeg  linea=0x4
[gelatina] t=26959 ms  SEARCH       rival=no d=9999 mm rumbo=-6000 cdeg  linea=0x1
[gelatina] t=27023 ms  TRACK        rival=si d= 160 mm rumbo=-6000 cdeg  linea=0x4
WARNING: Contact joints between materials 'patin' and 'dohyo' will only be created for the 10 deepest contact points instead of all the 18 contact points.
[gelatina] t=27255 ms  SEARCH       rival=no d=9999 mm rumbo=+6000 cdeg  linea=0x0
[gelatina] t=27415 ms  TRACK        rival=si d= 115 mm rumbo=+6000 cdeg  linea=0x6
[gelatina] t=27423 ms  ATTACK       rival=si d= 115 mm rumbo=+6000 cdeg  linea=0x6
WARNING: Contact joints between materials 'patin' and 'dohyo' will only be created for the 10 deepest contact points instead of all the 15 contact points.
WARNING: Contact joints between materials 'patin' and 'dohyo' will only be created for the 10 deepest contact points instead of all the 17 contact points.
WARNING: Contact joints between materials 'patin' and 'dohyo' will only be created for the 10 deepest contact points instead of all the 15 contact points.
[gelatina] t=30519 ms  EDGE_ESCAPE  rival=si d= 166 mm rumbo=+6000 cdeg  linea=0x4
[gelatina] t=30727 ms  SEARCH       rival=si d= 396 mm rumbo=+6000 cdeg  linea=0x4
[gelatina] t=30735 ms  TRACK        rival=si d= 396 mm rumbo=+6000 cdeg  linea=0x4
[arbitro] asalto 28/30  banco    auto-salida     -1  30.78 s
[inercia] asalto=28 robot=GELATINA rueda=0 rotor=2.55414689e-05
[inercia] asalto=28 robot=GELATINA rueda=1 rotor=2.19878901e-05
[inercia] asalto=28 robot=RIVAL rueda=0 rotor=2.79932778e-05
[inercia] asalto=28 robot=RIVAL rueda=1 rotor=1.5502732e-05
[planta] asalto=28 mu=1.46634105 slip=0.00129893672 aleatorio=1
[gelatina] fin de asalto motor={"battery_v":8.34215989,"resistance_ohm":[4.01661582,3.8690063],"bridge_ohm":[0.614556992,0.691976321],"omega_rad_s":[8.96765221,12.8451353],"current_a":[-0.863210625,0.629031563],"torque_nm":[-0.0469424722,0.0253067267],"applied_pwm":[-0.400000006,0.459999979],"over_1_2a_samples":2221,"over_3_2a_samples":0}
[gelatina] t=    0 ms  WAIT         rival=no d=9999 mm rumbo=+6000 cdeg  linea=0x0
[rival] fin de asalto motor={"battery_v":7.20060447,"resistance_ohm":[3.79002953,4.25690155],"bridge_ohm":[0.571846259,0.61379689],"omega_rad_s":[-2.25914221e-05,2.6238137e-05],"current_a":[4.84989739e-07,-5.35012183e-07],"torque_nm":[2.32733162e-07,-1.4601624e-07],"applied_pwm":[0,0],"over_1_2a_samples":0,"over_3_2a_samples":0}
[planta] gelatina ciclo=30 rueda=0 V=8.37814878 R=3.86747718 Rpuente=0.574219334 I0=0.224655694 Ke=0.0736339521 Kt=0.0483794733
[planta] gelatina ciclo=30 rueda=1 V=8.37814878 R=3.83671365 Rpuente=0.512992465 I0=0.17638801 Ke=0.0926337765 Kt=0.0483794733
[sensores] gelatina ToF alcance=785.083777 minimo=47.8836244 sigma_rel=0.114256158
[gelatina] pulsador recibido: permiso previsto 288008 ms
[planta] rival ciclo=30 rueda=0 V=8.35094497 R=3.98737073 Rpuente=0.627333462 I0=0.219472674 Ke=0.0758553078 Kt=0.0483794733
[planta] rival ciclo=30 rueda=1 V=8.35094497 R=4.21043987 Rpuente=0.662878561 I0=0.150727522 Ke=0.0661402564 Kt=0.0483794733
[sensores] rival ToF alcance=822.924936 minimo=46.2372559 sigma_rel=0.0859497404
[arranque] pulsador=283008 permiso=288008 ms
[gelatina] permiso de arranque a los 288008 ms
[gelatina] t=    0 ms  TRACK        rival=si d= 309 mm rumbo=   +0 cdeg  linea=0x0
WARNING: Contact joints between materials 'rueda' and 'dohyo' will only be created for the 10 deepest contact points instead of all the 11 contact points.
[gelatina] t=  424 ms  ATTACK       rival=si d= 122 mm rumbo=-1467 cdeg  linea=0x0
[gelatina] t=  664 ms  SEARCH       rival=no d=9999 mm rumbo=   +0 cdeg  linea=0x0
[gelatina] t=  824 ms  TRACK        rival=si d=  76 mm rumbo=-6000 cdeg  linea=0x0
[gelatina] t=  832 ms  ATTACK       rival=si d=  76 mm rumbo=-6000 cdeg  linea=0x0
[arbitro] asalto 29/30  banco    rival fuera     +1   0.86 s
[inercia] asalto=29 robot=GELATINA rueda=0 rotor=1.93387651e-05
[inercia] asalto=29 robot=GELATINA rueda=1 rotor=2.56285785e-05
[inercia] asalto=29 robot=RIVAL rueda=0 rotor=2.94294961e-05
[inercia] asalto=29 robot=RIVAL rueda=1 rotor=3.0536506e-05
[planta] asalto=29 mu=1.28143648 slip=0.000702222109 aleatorio=1
[gelatina] fin de asalto motor={"battery_v":8.37814878,"resistance_ohm":[3.86747718,3.83671365],"bridge_ohm":[0.574219334,0.512992465],"omega_rad_s":[-41.5032851,65.0882878],"current_a":[0.259480891,-0.61570001],"torque_nm":[0.023422273,-0.0383208012],"applied_pwm":[-0.227200016,0.400000036],"over_1_2a_samples":2236,"over_3_2a_samples":0}
[gelatina] t=    0 ms  WAIT         rival=no d=9999 mm rumbo=-6000 cdeg  linea=0x0
[rival] fin de asalto motor={"battery_v":8.35094497,"resistance_ohm":[3.98737073,4.21043987],"bridge_ohm":[0.627333462,0.662878561],"omega_rad_s":[5.3930629,3.99812111],"current_a":[-0.0886497659,-0.054262154],"torque_nm":[-0.0149063621,-0.00991238335],"applied_pwm":[0,0],"over_1_2a_samples":0,"over_3_2a_samples":0}
[planta] gelatina ciclo=31 rueda=0 V=7.01196731 R=4.22808652 Rpuente=0.586115062 I0=0.170014885 Ke=0.072463821 Kt=0.0483794733
[planta] gelatina ciclo=31 rueda=1 V=7.01196731 R=3.81174626 Rpuente=0.589178979 I0=0.147140774 Ke=0.0811089341 Kt=0.0483794733
[sensores] gelatina ToF alcance=735.817456 minimo=23.8670874 sigma_rel=0.0715722275
[gelatina] pulsador recibido: permiso previsto 294176 ms
[planta] rival ciclo=31 rueda=0 V=7.05026116 R=3.70891438 Rpuente=0.630490899 I0=0.0937249482 Ke=0.0711979099 Kt=0.0483794733
[planta] rival ciclo=31 rueda=1 V=7.05026116 R=3.90925069 Rpuente=0.636213768 I0=0.128782082 Ke=0.0974377837 Kt=0.0483794733
[arranque] pulsador=289176 permiso=294176 ms
[sensores] rival ToF alcance=1096.08399 minimo=42.1623528 sigma_rel=0.0406015539
[gelatina] permiso de arranque a los 294176 ms
[gelatina] t=    0 ms  TRACK        rival=si d= 323 mm rumbo=   +0 cdeg  linea=0x0
WARNING: Contact joints between materials 'patin' and 'dohyo' will only be created for the 10 deepest contact points instead of all the 14 contact points.
[gelatina] t=  456 ms  ATTACK       rival=si d= 127 mm rumbo=   +0 cdeg  linea=0x0
[gelatina] t=  792 ms  SEARCH       rival=no d=9999 mm rumbo=-6000 cdeg  linea=0x0
[gelatina] t=  824 ms  TRACK        rival=si d=  28 mm rumbo=-3000 cdeg  linea=0x0
[gelatina] t=  832 ms  ATTACK       rival=si d=  28 mm rumbo=-3000 cdeg  linea=0x0
[arbitro] asalto 30/30  banco    rival fuera     +1   1.26 s

[arbitro] RESULTADO  25W 5L 0D  win rate 83.3%  auto-salidas 3  t medio de victoria 2.16 s

[arbitro] resultados -> ../../../../result.json
INFO: 'arbitro' controller exited successfully.
INFO: medido: Terminating.
INFO: oponente: Terminating.
