WARNING: Contact joints between materials 'patin' and 'dohyo' will only be created for the 10 deepest contact points instead of all the 12 contact points.
INFO: medido: Starting controller: $LAB_ROOT/Mini-Sumo-real/runs/real/20260913T170920847874Z_v22_v0.3.1_reglamento_spinner_s0_r1/project/webots/controllers/medido/medido
INFO: oponente: Starting controller: $LAB_ROOT/Mini-Sumo-real/runs/real/20260913T170920847874Z_v22_v0.3.1_reglamento_spinner_s0_r1/project/webots/controllers/oponente/oponente spinner
INFO: arbitro: Starting controller: $LAB_ROOT/Mini-Sumo-real/runs/real/20260913T170920847874Z_v22_v0.3.1_reglamento_spinner_s0_r1/project/webots/controllers/arbitro/arbitro --rounds 30 --rival spinner --version v0.3.1 --colocacion reglamento --out ../../../../result.json
[planta] gelatina ciclo=1 rueda=0 V=7.36485623 R=4.25602584 Rpuente=0.612744129 I0=0.126091683 Ke=0.092558592 Kt=0.0483794733
[planta] gelatina ciclo=1 rueda=1 V=7.36485623 R=3.87064724 Rpuente=0.5311391 I0=0.129181051 Ke=0.0852744683 Kt=0.0483794733
[sensores] gelatina ToF alcance=1418.63086 minimo=21.0914713 sigma_rel=0.0961221409
[gelatina] HAL Webots listo: paso 8 ms, umbral de linea 400
[gelatina] estrategia v0.3.0 en linea
[planta] rival ciclo=1 rueda=0 V=7.3310377 R=3.8954165 Rpuente=0.600848401 I0=0.180732483 Ke=0.0948581567 Kt=0.0483794733
[planta] rival ciclo=1 rueda=1 V=7.3310377 R=3.89561467 Rpuente=0.654952586 I0=0.158428279 Ke=0.0980418484 Kt=0.0483794733
[sensores] rival ToF alcance=1467.89725 minimo=45.1080084 sigma_rel=0.0588060713
[rival] comportamiento: spinner

[arbitro] 30 asaltos contra 'spinner', colocacion reglamento, limite 60 s por asalto
[gelatina] t=    0 ms  WAIT         rival=no d=9999 mm rumbo=   +0 cdeg  linea=0x0
[inercia] asalto=0 robot=GELATINA rueda=0 rotor=2.26145341e-05
[inercia] asalto=0 robot=GELATINA rueda=1 rotor=2.80318469e-05
[inercia] asalto=0 robot=RIVAL rueda=0 rotor=1.03646774e-05
[inercia] asalto=0 robot=RIVAL rueda=1 rotor=1.89769952e-05
[planta] asalto=0 mu=0.8364555 slip=0.000738541245 aleatorio=1
[planta] gelatina ciclo=2 rueda=0 V=7.40084512 R=4.10688725 Rpuente=0.572406459 I0=0.0936607003 Ke=0.0698853006 Kt=0.0483794733
[planta] gelatina ciclo=2 rueda=1 V=7.40084512 R=3.83835459 Rpuente=0.552155244 I0=0.199625596 Ke=0.0697456861 Kt=0.0483794733
[sensores] gelatina ToF alcance=1249.04298 minimo=21.2930501 sigma_rel=0.0465027428
[gelatina] pulsador recibido: permiso previsto 5312 ms
[planta] rival ciclo=2 rueda=0 V=7.99534413 R=3.71403046 Rpuente=0.594484353 I0=0.0934002846 Ke=0.0948363984 Kt=0.0483794733
[planta] rival ciclo=2 rueda=1 V=7.99534413 R=3.6196208 Rpuente=0.585172546 I0=0.147359303 Ke=0.0827417612 Kt=0.0483794733
[sensores] rival ToF alcance=757.486892 minimo=42.2123063 sigma_rel=0.084336791
[arranque] pulsador=312 permiso=5312 ms
[gelatina] permiso de arranque a los 5312 ms
[gelatina] t=    0 ms  TRACK        rival=si d=  71 mm rumbo=+1494 cdeg  linea=0x0
[gelatina] t=    8 ms  ATTACK       rival=si d=  71 mm rumbo=+1494 cdeg  linea=0x0
WARNING: Contact joints between materials 'patin' and 'dohyo' will only be created for the 10 deepest contact points instead of all the 15 contact points.
[gelatina] t=  360 ms  SEARCH       rival=no d=9999 mm rumbo=   +0 cdeg  linea=0x0
[gelatina] t=  424 ms  TRACK        rival=si d=  46 mm rumbo=-3000 cdeg  linea=0x0
[gelatina] t=  432 ms  ATTACK       rival=si d=  46 mm rumbo=-3000 cdeg  linea=0x0
[arbitro] asalto  1/30  frente   rival fuera     +1   0.78 s
[inercia] asalto=1 robot=GELATINA rueda=0 rotor=9.44531643e-06
[inercia] asalto=1 robot=GELATINA rueda=1 rotor=2.62596416e-05
[inercia] asalto=1 robot=RIVAL rueda=0 rotor=1.57621794e-05
[inercia] asalto=1 robot=RIVAL rueda=1 rotor=2.04041997e-05
[planta] asalto=1 mu=1.37476293 slip=0.00111237705 aleatorio=1
[gelatina] fin de asalto motor={"battery_v":7.40084512,"resistance_ohm":[4.10688725,3.83835459],"bridge_ohm":[0.572406459,0.552155244],"omega_rad_s":[38.1203736,27.6483785],"current_a":[1.01228768,0.642269977],"torque_nm":[0.0444426893,0.021414902],"applied_pwm":[1,0.641581833],"over_1_2a_samples":12,"over_3_2a_samples":0}
[gelatina] t=    0 ms  WAIT         rival=si d=  24 mm rumbo=   +0 cdeg  linea=0x0
[rival] fin de asalto motor={"battery_v":7.99534413,"resistance_ohm":[3.71403046,3.6196208],"bridge_ohm":[0.594484353,0.585172546],"omega_rad_s":[-46.5712592,-25.2417362],"current_a":[-0.0883264873,-0.64418404],"torque_nm":[0.000245467645,-0.0240361192],"applied_pwm":[-0.6,-0.6],"over_1_2a_samples":6,"over_3_2a_samples":0}
[planta] gelatina ciclo=3 rueda=0 V=7.43466365 R=3.66749654 Rpuente=0.584302187 I0=0.189019892 Ke=0.0942266868 Kt=0.0483794733
[planta] gelatina ciclo=3 rueda=1 V=7.43466365 R=3.81338716 Rpuente=0.628341758 I0=0.170378369 Ke=0.0931979847 Kt=0.0483794733
[sensores] gelatina ToF alcance=1199.77666 minimo=27.276513 sigma_rel=0.0838188124
[gelatina] pulsador recibido: permiso previsto 11408 ms
[planta] rival ciclo=3 rueda=0 V=7.74568462 R=3.91137171 Rpuente=0.649971557 I0=0.121402636 Ke=0.0779893475 Kt=0.0483794733
[planta] rival ciclo=3 rueda=1 V=7.74568462 R=4.37315912 Rpuente=0.634254229 I0=0.20344854 Ke=0.0803429839 Kt=0.0483794733
[sensores] rival ToF alcance=1696.55499 minimo=23.2455051 sigma_rel=0.0747795963
[arranque] pulsador=6408 permiso=11408 ms
[gelatina] permiso de arranque a los 11408 ms
[gelatina] t=    0 ms  OPENING      rival=no d=9999 mm rumbo=   +0 cdeg  linea=0x0
WARNING: Contact joints between materials 'rueda' and 'dohyo' will only be created for the 10 deepest contact points instead of all the 16 contact points.
[gelatina] t=   96 ms  TRACK        rival=si d=  53 mm rumbo=-6000 cdeg  linea=0x0
[gelatina] t=  104 ms  ATTACK       rival=si d=  53 mm rumbo=-6000 cdeg  linea=0x0
[gelatina] t=  528 ms  SEARCH       rival=no d=9999 mm rumbo=   +0 cdeg  linea=0x0
[gelatina] t=  624 ms  TRACK        rival=si d=  30 mm rumbo=   +0 cdeg  linea=0x0
[gelatina] t=  632 ms  ATTACK       rival=si d=  30 mm rumbo=   +0 cdeg  linea=0x0
[gelatina] t=  760 ms  SEARCH       rival=no d=9999 mm rumbo=   +0 cdeg  linea=0x0
[gelatina] t=  784 ms  TRACK        rival=si d=  36 mm rumbo=   +0 cdeg  linea=0x0
[gelatina] t=  792 ms  ATTACK       rival=si d=  36 mm rumbo=   +0 cdeg  linea=0x0
[gelatina] t=  928 ms  SEARCH       rival=no d=9999 mm rumbo=   +0 cdeg  linea=0x0
[gelatina] t=  952 ms  TRACK        rival=si d=  28 mm rumbo=-6000 cdeg  linea=0x0
[gelatina] t=  960 ms  ATTACK       rival=si d=  28 mm rumbo=-6000 cdeg  linea=0x0
WARNING: Contact joints between materials 'patin' and 'dohyo' will only be created for the 10 deepest contact points instead of all the 16 contact points.
[gelatina] t= 1280 ms  EDGE_ESCAPE  rival=si d=  52 mm rumbo=   +0 cdeg  linea=0x4
[gelatina] t= 1488 ms  SEARCH       rival=si d=  27 mm rumbo=+2987 cdeg  linea=0x0
[gelatina] t= 1496 ms  TRACK        rival=si d=  27 mm rumbo=+2987 cdeg  linea=0x0
[gelatina] t= 1504 ms  ATTACK       rival=si d=  27 mm rumbo=+2987 cdeg  linea=0x0
[gelatina] t= 1648 ms  SEARCH       rival=no d=9999 mm rumbo=+3061 cdeg  linea=0x0
[gelatina] t= 1744 ms  TRACK        rival=si d=  43 mm rumbo=   +0 cdeg  linea=0x0
[gelatina] t= 1752 ms  ATTACK       rival=si d=  43 mm rumbo=   +0 cdeg  linea=0x0
[gelatina] t= 2072 ms  EDGE_ESCAPE  rival=si d= 234 mm rumbo=+3306 cdeg  linea=0x2
[gelatina] t= 2104 ms  ATTACK       rival=si d=  78 mm rumbo=+3006 cdeg  linea=0x2
[arbitro] asalto  2/30  lado     rival fuera     +1   2.14 s
[inercia] asalto=2 robot=GELATINA rueda=0 rotor=1.53470491e-05
[inercia] asalto=2 robot=GELATINA rueda=1 rotor=3.54828401e-05
[inercia] asalto=2 robot=RIVAL rueda=0 rotor=3.22439504e-05
[inercia] asalto=2 robot=RIVAL rueda=1 rotor=1.78256371e-05
[planta] asalto=2 mu=1.1906902 slip=0.00167386723 aleatorio=1
[gelatina] fin de asalto motor={"battery_v":7.43466365,"resistance_ohm":[3.66749654,3.81338716],"bridge_ohm":[0.584302187,0.628341758],"omega_rad_s":[68.9399964,22.976797],"current_a":[0.220771552,0.926550604],"torque_nm":[0.00153612861,0.0365832145],"applied_pwm":[1,0.841581821],"over_1_2a_samples":78,"over_3_2a_samples":0}
[gelatina] t=    0 ms  WAIT         rival=si d=  35 mm rumbo= -197 cdeg  linea=0xA
[rival] fin de asalto motor={"battery_v":7.74568462,"resistance_ohm":[3.91137171,4.37315912],"bridge_ohm":[0.649971557,0.634254229],"omega_rad_s":[14.0474555,8.76816198],"current_a":[-1.25905075,-1.06878955],"torque_nm":[-0.0667856079,-0.0615502084],"applied_pwm":[-0.6,-0.6],"over_1_2a_samples":17,"over_3_2a_samples":0}
WARNING: Contact joints between materials 'patin' and 'dohyo' will only be created for the 10 deepest contact points instead of all the 14 contact points.
[planta] gelatina ciclo=4 rueda=0 V=7.47065254 R=4.31835794 Rpuente=0.543964529 I0=0.156588909 Ke=0.0685665134 Kt=0.0483794733
[planta] gelatina ciclo=4 rueda=1 V=7.47065254 R=3.78109455 Rpuente=0.649357903 I0=0.0908229142 Ke=0.0832451824 Kt=0.0483794733
[sensores] gelatina ToF alcance=1030.18878 minimo=27.4780917 sigma_rel=0.114199414
[gelatina] pulsador recibido: permiso previsto 18864 ms
[planta] rival ciclo=4 rueda=0 V=7.00999113 R=3.72998562 Rpuente=0.643607509 I0=0.184070438 Ke=0.0712029904 Kt=0.0483794733
[planta] rival ciclo=4 rueda=1 V=7.00999113 R=4.0971653 Rpuente=0.564474189 I0=0.192379564 Ke=0.069703396 Kt=0.0483794733
[arranque] pulsador=13864 permiso=18864 ms
[sensores] rival ToF alcance=986.144626 minimo=20.3498012 sigma_rel=0.100310316
[gelatina] permiso de arranque a los 18864 ms
[gelatina] t=    0 ms  OPENING      rival=no d=9999 mm rumbo= -197 cdeg  linea=0x0
[gelatina] t=  112 ms  SEARCH       rival=no d=9999 mm rumbo= -197 cdeg  linea=0x0
WARNING: Contact joints between materials 'rueda' and 'dohyo' will only be created for the 10 deepest contact points instead of all the 16 contact points.
[gelatina] t=  224 ms  TRACK        rival=si d=  42 mm rumbo=-4492 cdeg  linea=0x0
[gelatina] t=  232 ms  ATTACK       rival=si d=  42 mm rumbo=-4492 cdeg  linea=0x0
[gelatina] t=  432 ms  SEARCH       rival=no d=9999 mm rumbo=+4534 cdeg  linea=0x0
[gelatina] t=  488 ms  TRACK        rival=si d=  74 mm rumbo=+6000 cdeg  linea=0x0
[gelatina] t=  496 ms  ATTACK       rival=si d=  74 mm rumbo=+6000 cdeg  linea=0x0
[gelatina] t=  992 ms  SEARCH       rival=no d=9999 mm rumbo=-3000 cdeg  linea=0x0
[gelatina] t= 1120 ms  TRACK        rival=si d=  31 mm rumbo=+3000 cdeg  linea=0x0
[gelatina] t= 1128 ms  ATTACK       rival=si d=  31 mm rumbo=+3000 cdeg  linea=0x0
WARNING: Contact joints between materials 'rueda' and 'dohyo' will only be created for the 10 deepest contact points instead of all the 24 contact points.
[gelatina] t= 1256 ms  SEARCH       rival=no d=9999 mm rumbo=+3000 cdeg  linea=0x0
[gelatina] t= 1416 ms  TRACK        rival=si d= 102 mm rumbo=+6000 cdeg  linea=0x0
[gelatina] t= 1424 ms  ATTACK       rival=si d= 102 mm rumbo=+6000 cdeg  linea=0x0
[gelatina] t= 1880 ms  SEARCH       rival=no d=9999 mm rumbo=   +0 cdeg  linea=0x0
[gelatina] t= 1912 ms  TRACK        rival=si d=  25 mm rumbo=+6000 cdeg  linea=0x0
[gelatina] t= 1920 ms  ATTACK       rival=si d=  25 mm rumbo=+6000 cdeg  linea=0x0
[arbitro] asalto  3/30  espalda  rival fuera     +1   2.14 s
[inercia] asalto=3 robot=GELATINA rueda=0 rotor=1.48304331e-05
[inercia] asalto=3 robot=GELATINA rueda=1 rotor=1.18224236e-05
[inercia] asalto=3 robot=RIVAL rueda=0 rotor=1.09047171e-05
[inercia] asalto=3 robot=RIVAL rueda=1 rotor=1.76097783e-05
[planta] asalto=3 mu=1.2826027 slip=0.00106291819 aleatorio=1
WARNING: DEF GELATINA GelatinaNuclear > HingeJoint "rueda_der" > Solid "rueda_der": Webots has detected that this solid is light and oblong according to its inertia matrix. This belongs in the physics edge cases, and can imply weird physical results. Increasing the weight of the object or reducing its eccentricity are recommended.
WARNING: DEF RIVAL GelatinaNuclear > HingeJoint "rueda_izq" > Solid "rueda_izq": Webots has detected that this solid is light and oblong according to its inertia matrix. This belongs in the physics edge cases, and can imply weird physical results. Increasing the weight of the object or reducing its eccentricity are recommended.
[gelatina] fin de asalto motor={"battery_v":7.47065254,"resistance_ohm":[4.31835794,3.78109455],"bridge_ohm":[0.543964529,0.649357903],"omega_rad_s":[34.8860802,58.2362144],"current_a":[0.737200228,0.591986546],"torque_nm":[0.0280896698,0.0242460326],"applied_pwm":[0.800000012,1],"over_1_2a_samples":123,"over_3_2a_samples":0}
[gelatina] t=    0 ms  WAIT         rival=si d=  46 mm rumbo=+3043 cdeg  linea=0x0
[rival] fin de asalto motor={"battery_v":7.00999113,"resistance_ohm":[3.72998562,4.0971653],"bridge_ohm":[0.643607509,0.564474189],"omega_rad_s":[-44.6228733,-11.7937594],"current_a":[-0.23520996,-0.725909759],"torque_nm":[-0.00247410311,-0.0258119098],"applied_pwm":[-0.6,-0.6],"over_1_2a_samples":23,"over_3_2a_samples":0}
WARNING: Contact joints between materials 'patin' and 'dohyo' will only be created for the 10 deepest contact points instead of all the 31 contact points.
[planta] gelatina ciclo=5 rueda=0 V=7.50447108 R=3.87896729 Rpuente=0.555860245 I0=0.101948109 Ke=0.0693291847 Kt=0.0483794733
[planta] gelatina ciclo=5 rueda=1 V=7.50447108 R=3.75612712 Rpuente=0.525544417 I0=0.211575678 Ke=0.0671260551 Kt=0.0483794733
[sensores] gelatina ToF alcance=980.922455 minimo=33.4615546 sigma_rel=0.0715154839
[gelatina] pulsador recibido: permiso previsto 26312 ms
[planta] rival ciclo=5 rueda=0 V=7.33795099 R=4.30922918 Rpuente=0.586078012 I0=0.119217575 Ke=0.0873178988 Kt=0.0483794733
[planta] rival ciclo=5 rueda=1 V=7.33795099 R=4.35173435 Rpuente=0.508019018 I0=0.164089081 Ke=0.0656203404 Kt=0.0483794733
[arranque] pulsador=21312 permiso=26312 ms
[sensores] rival ToF alcance=1634.49379 minimo=42.0335317 sigma_rel=0.0726668024
[gelatina] permiso de arranque a los 26312 ms
[gelatina] t=    0 ms  TRACK        rival=si d=  81 mm rumbo=   +0 cdeg  linea=0x0
[gelatina] t=    8 ms  ATTACK       rival=si d=  81 mm rumbo=   +0 cdeg  linea=0x0
WARNING: Contact joints between materials 'rueda' and 'dohyo' will only be created for the 10 deepest contact points instead of all the 11 contact points.
[gelatina] t=  296 ms  SEARCH       rival=no d=9999 mm rumbo=-3000 cdeg  linea=0x0
[gelatina] t=  456 ms  TRACK        rival=si d=  38 mm rumbo=+6000 cdeg  linea=0x0
[gelatina] t=  464 ms  ATTACK       rival=si d=  38 mm rumbo=+6000 cdeg  linea=0x0
[gelatina] t=  592 ms  SEARCH       rival=no d=9999 mm rumbo=+6000 cdeg  linea=0x0
[gelatina] t=  720 ms  TRACK        rival=si d= 105 mm rumbo=+6000 cdeg  linea=0x0
[gelatina] t=  728 ms  ATTACK       rival=si d= 105 mm rumbo=+6000 cdeg  linea=0x0
[gelatina] t=  960 ms  SEARCH       rival=no d=9999 mm rumbo=-6000 cdeg  linea=0x0
[gelatina] t= 1016 ms  TRACK        rival=si d=  82 mm rumbo=-6000 cdeg  linea=0x0
[gelatina] t= 1024 ms  ATTACK       rival=si d=  82 mm rumbo=-6000 cdeg  linea=0x0
WARNING: Contact joints between materials 'patin' and 'dohyo' will only be created for the 10 deepest contact points instead of all the 11 contact points.
[gelatina] t= 1256 ms  SEARCH       rival=no d=9999 mm rumbo=+6000 cdeg  linea=0x0
[gelatina] t= 1312 ms  TRACK        rival=si d=  65 mm rumbo=+6000 cdeg  linea=0x0
[gelatina] t= 1320 ms  ATTACK       rival=si d=  65 mm rumbo=+6000 cdeg  linea=0x0
[gelatina] t= 1912 ms  SEARCH       rival=no d=9999 mm rumbo=   +0 cdeg  linea=0x0
[gelatina] t= 1976 ms  TRACK        rival=si d=  43 mm rumbo=+6000 cdeg  linea=0x0
[gelatina] t= 1984 ms  ATTACK       rival=si d=  43 mm rumbo=+6000 cdeg  linea=0x0
[gelatina] t= 2208 ms  EDGE_ESCAPE  rival=si d=  69 mm rumbo=+3000 cdeg  linea=0x2
[gelatina] t= 2416 ms  SEARCH       rival=si d=  39 mm rumbo=+6000 cdeg  linea=0x0
[gelatina] t= 2424 ms  TRACK        rival=si d=  39 mm rumbo=+6000 cdeg  linea=0x0
[gelatina] t= 2432 ms  ATTACK       rival=si d=  39 mm rumbo=+6000 cdeg  linea=0x0
[gelatina] t= 2472 ms  SEARCH       rival=no d=9999 mm rumbo=+6000 cdeg  linea=0x0
[gelatina] t= 2568 ms  ATTACK       rival=si d=  46 mm rumbo=+3000 cdeg  linea=0x8
[gelatina] t= 2776 ms  SEARCH       rival=no d=9999 mm rumbo=+3000 cdeg  linea=0x1
[gelatina] t= 2800 ms  TRACK        rival=si d=  37 mm rumbo=+6000 cdeg  linea=0x1
[gelatina] t= 2808 ms  ATTACK       rival=si d=  37 mm rumbo=+6000 cdeg  linea=0x1
[gelatina] t= 3200 ms  SEARCH       rival=no d=9999 mm rumbo=+3000 cdeg  linea=0x0
[gelatina] t= 3208 ms  EDGE_ESCAPE  rival=no d=9999 mm rumbo=+3000 cdeg  linea=0x2
WARNING: Contact joints between materials 'patin' and 'dohyo' will only be created for the 10 deepest contact points instead of all the 20 contact points.
[gelatina] t= 3392 ms  ATTACK       rival=si d=  41 mm rumbo=+3044 cdeg  linea=0x4
[gelatina] t= 3424 ms  EDGE_ESCAPE  rival=si d=  41 mm rumbo=+3044 cdeg  linea=0x6
[arbitro] asalto  4/30  frente   expulsado       -1   3.57 s
[inercia] asalto=4 robot=GELATINA rueda=0 rotor=2.47379504e-05
[inercia] asalto=4 robot=GELATINA rueda=1 rotor=1.92414347e-05
[inercia] asalto=4 robot=RIVAL rueda=0 rotor=1.60995954e-05
[inercia] asalto=4 robot=RIVAL rueda=1 rotor=2.92744263e-05
[planta] asalto=4 mu=0.729815042 slip=0.00141449273 aleatorio=1
[gelatina] fin de asalto motor={"battery_v":7.50447108,"resistance_ohm":[3.87896729,3.75612712],"bridge_ohm":[0.555860245,0.525544417],"omega_rad_s":[41.0456803,-45.5513745],"current_a":[0.272107761,-0.232322928],"torque_nm":[0.00823223434,-0.00100374105],"applied_pwm":[0.540000021,-0.540000021],"over_1_2a_samples":219,"over_3_2a_samples":0}
[gelatina] t=    0 ms  WAIT         rival=no d=9999 mm rumbo=+3044 cdeg  linea=0x2
[rival] fin de asalto motor={"battery_v":7.33795099,"resistance_ohm":[4.30922918,4.35173435],"bridge_ohm":[0.586078012,0.508019018],"omega_rad_s":[-26.6715195,30.1434975],"current_a":[-0.273746755,0.347949535],"torque_nm":[-0.00747604035,0.00889507196],"applied_pwm":[-0.5,0.5],"over_1_2a_samples":25,"over_3_2a_samples":0}
[planta] gelatina ciclo=6 rueda=0 V=7.54045988 R=3.72982864 Rpuente=0.515522587 I0=0.219517127 Ke=0.0691407664 Kt=0.0483794733
[planta] gelatina ciclo=6 rueda=1 V=7.54045988 R=3.72383447 Rpuente=0.546560562 I0=0.132020223 Ke=0.0905072248 Kt=0.0483794733
[sensores] gelatina ToF alcance=811.334574 minimo=33.6631316 sigma_rel=0.101896091
[gelatina] pulsador recibido: permiso previsto 35192 ms
[planta] rival ciclo=6 rueda=0 V=8.00225742 R=4.12784314 Rpuente=0.579713964 I0=0.181885377 Ke=0.0788056002 Kt=0.0483794733
[planta] rival ciclo=6 rueda=1 V=8.00225742 R=4.07574048 Rpuente=0.63823899 I0=0.153020105 Ke=0.0833654349 Kt=0.0483794733
[sensores] rival ToF alcance=924.083501 minimo=39.1378278 sigma_rel=0.0981975222
[arranque] pulsador=30192 permiso=35192 ms
[gelatina] permiso de arranque a los 35192 ms
[gelatina] t=    0 ms  OPENING      rival=no d=9999 mm rumbo=+3044 cdeg  linea=0x0
WARNING: Contact joints between materials 'rueda' and 'dohyo' will only be created for the 10 deepest contact points instead of all the 12 contact points.
[gelatina] t=   64 ms  TRACK        rival=si d=  92 mm rumbo=-6000 cdeg  linea=0x0
[gelatina] t=   72 ms  ATTACK       rival=si d=  92 mm rumbo=-6000 cdeg  linea=0x0
[gelatina] t=  368 ms  SEARCH       rival=no d=9999 mm rumbo=-3000 cdeg  linea=0x0
[gelatina] t=  424 ms  TRACK        rival=si d=  57 mm rumbo=   +0 cdeg  linea=0x0
[gelatina] t=  432 ms  ATTACK       rival=si d=  57 mm rumbo=   +0 cdeg  linea=0x0
[gelatina] t=  560 ms  SEARCH       rival=no d=9999 mm rumbo=   +0 cdeg  linea=0x0
[gelatina] t=  752 ms  TRACK        rival=si d=  94 mm rumbo=+6000 cdeg  linea=0x0
[gelatina] t=  760 ms  ATTACK       rival=si d=  94 mm rumbo=+6000 cdeg  linea=0x0
[gelatina] t=  992 ms  SEARCH       rival=no d=9999 mm rumbo=-6000 cdeg  linea=0x0
[gelatina] t= 1088 ms  TRACK        rival=si d=  73 mm rumbo=-6000 cdeg  linea=0x0
[gelatina] t= 1096 ms  ATTACK       rival=si d=  73 mm rumbo=-6000 cdeg  linea=0x0
WARNING: Contact joints between materials 'patin' and 'dohyo' will only be created for the 10 deepest contact points instead of all the 11 contact points.
[gelatina] t= 1320 ms  SEARCH       rival=no d=9999 mm rumbo=+6000 cdeg  linea=0x0
[gelatina] t= 1416 ms  TRACK        rival=si d=  87 mm rumbo=+4510 cdeg  linea=0x0
[gelatina] t= 1424 ms  ATTACK       rival=si d=  87 mm rumbo=+4510 cdeg  linea=0x0
[gelatina] t= 1616 ms  SEARCH       rival=no d=9999 mm rumbo=-4492 cdeg  linea=0x0
[gelatina] t= 1712 ms  TRACK        rival=si d=  94 mm rumbo=-6000 cdeg  linea=0x0
[gelatina] t= 1720 ms  ATTACK       rival=si d=  94 mm rumbo=-6000 cdeg  linea=0x0
[gelatina] t= 1976 ms  SEARCH       rival=no d=9999 mm rumbo=+6000 cdeg  linea=0x0
[gelatina] t= 2072 ms  TRACK        rival=si d= 117 mm rumbo=+6000 cdeg  linea=0x0
[gelatina] t= 2080 ms  ATTACK       rival=si d= 117 mm rumbo=+6000 cdeg  linea=0x0
[gelatina] t= 2312 ms  SEARCH       rival=no d=9999 mm rumbo=-6000 cdeg  linea=0x0
[gelatina] t= 2408 ms  TRACK        rival=si d= 116 mm rumbo=-6000 cdeg  linea=0x0
[gelatina] t= 2416 ms  ATTACK       rival=si d= 116 mm rumbo=-6000 cdeg  linea=0x0
[gelatina] t= 2640 ms  SEARCH       rival=no d=9999 mm rumbo=+6000 cdeg  linea=0x0
[gelatina] t= 2736 ms  TRACK        rival=si d= 114 mm rumbo=+6000 cdeg  linea=0x0
[gelatina] t= 2744 ms  ATTACK       rival=si d= 114 mm rumbo=+6000 cdeg  linea=0x0
[gelatina] t= 2968 ms  SEARCH       rival=no d=9999 mm rumbo=-6000 cdeg  linea=0x0
[gelatina] t= 3064 ms  TRACK        rival=si d= 133 mm rumbo=-6000 cdeg  linea=0x0
[gelatina] t= 3096 ms  ATTACK       rival=si d= 125 mm rumbo=-3000 cdeg  linea=0x0
[gelatina] t= 3304 ms  SEARCH       rival=no d=9999 mm rumbo=+3000 cdeg  linea=0x0
[gelatina] t= 3424 ms  TRACK        rival=si d= 182 mm rumbo=+6000 cdeg  linea=0x0
[gelatina] t= 3464 ms  ATTACK       rival=si d= 123 mm rumbo=+1544 cdeg  linea=0x0
WARNING: Contact joints between materials 'patin' and 'dohyo' will only be created for the 10 deepest contact points instead of all the 12 contact points.
[gelatina] t= 3664 ms  SEARCH       rival=no d=9999 mm rumbo=-6000 cdeg  linea=0x0
[gelatina] t= 3760 ms  TRACK        rival=si d= 120 mm rumbo=-6000 cdeg  linea=0x0
[gelatina] t= 3768 ms  ATTACK       rival=si d= 120 mm rumbo=-6000 cdeg  linea=0x0
[gelatina] t= 3992 ms  SEARCH       rival=no d=9999 mm rumbo=+6000 cdeg  linea=0x0
[gelatina] t= 4088 ms  TRACK        rival=si d= 197 mm rumbo=+6000 cdeg  linea=0x0
[gelatina] t= 4184 ms  ATTACK       rival=si d= 121 mm rumbo=-6000 cdeg  linea=0x0
[gelatina] t= 4328 ms  SEARCH       rival=no d=9999 mm rumbo=-6000 cdeg  linea=0x0
[gelatina] t= 4384 ms  TRACK        rival=si d= 153 mm rumbo=-6000 cdeg  linea=0x0
[gelatina] t= 4448 ms  ATTACK       rival=si d= 122 mm rumbo=+1469 cdeg  linea=0x0
WARNING: Contact joints between materials 'patin' and 'dohyo' will only be created for the 10 deepest contact points instead of all the 12 contact points.
[gelatina] t= 4624 ms  SEARCH       rival=no d=9999 mm rumbo=+3000 cdeg  linea=0x0
[gelatina] t= 4776 ms  TRACK        rival=si d= 200 mm rumbo=+6000 cdeg  linea=0x0
[gelatina] t= 4816 ms  ATTACK       rival=si d= 126 mm rumbo=+1550 cdeg  linea=0x0
[gelatina] t= 5016 ms  SEARCH       rival=no d=9999 mm rumbo=-6000 cdeg  linea=0x0
[gelatina] t= 5112 ms  TRACK        rival=si d= 172 mm rumbo=-6000 cdeg  linea=0x0
[gelatina] t= 5376 ms  ATTACK       rival=si d= 130 mm rumbo=+3000 cdeg  linea=0x0
WARNING: Contact joints between materials 'patin' and 'dohyo' will only be created for the 10 deepest contact points instead of all the 19 contact points.
[gelatina] t= 5936 ms  SEARCH       rival=no d=9999 mm rumbo=+6000 cdeg  linea=0x0
[gelatina] t= 5968 ms  TRACK        rival=si d=  96 mm rumbo=+6000 cdeg  linea=0x0
[gelatina] t= 5976 ms  ATTACK       rival=si d=  96 mm rumbo=+6000 cdeg  linea=0x0
[gelatina] t= 6168 ms  SEARCH       rival=no d=9999 mm rumbo=+4496 cdeg  linea=0x0
[gelatina] t= 6232 ms  TRACK        rival=si d=  45 mm rumbo=-3000 cdeg  linea=0x0
[gelatina] t= 6240 ms  ATTACK       rival=si d=  45 mm rumbo=-3000 cdeg  linea=0x0
[gelatina] t= 6400 ms  SEARCH       rival=no d=9999 mm rumbo=-6000 cdeg  linea=0x0
[gelatina] t= 6496 ms  TRACK        rival=si d=  38 mm rumbo=-6000 cdeg  linea=0x0
[gelatina] t= 6504 ms  ATTACK       rival=si d=  38 mm rumbo=-6000 cdeg  linea=0x0
WARNING: Contact joints between materials 'patin' and 'dohyo' will only be created for the 10 deepest contact points instead of all the 18 contact points.
[gelatina] t= 6728 ms  SEARCH       rival=no d=9999 mm rumbo=+6000 cdeg  linea=0x0
[gelatina] t= 6824 ms  TRACK        rival=si d=  55 mm rumbo=+6000 cdeg  linea=0x0
[gelatina] t= 6832 ms  ATTACK       rival=si d=  55 mm rumbo=+6000 cdeg  linea=0x0
[gelatina] t= 7064 ms  SEARCH       rival=no d=9999 mm rumbo=-6000 cdeg  linea=0x0
[gelatina] t= 7160 ms  TRACK        rival=si d=  56 mm rumbo=-6000 cdeg  linea=0x0
[gelatina] t= 7168 ms  ATTACK       rival=si d=  56 mm rumbo=-6000 cdeg  linea=0x0
[gelatina] t= 7424 ms  SEARCH       rival=no d=9999 mm rumbo=+6000 cdeg  linea=0x0
[gelatina] t= 7488 ms  TRACK        rival=si d=  55 mm rumbo=+6000 cdeg  linea=0x0
[gelatina] t= 7496 ms  ATTACK       rival=si d=  55 mm rumbo=+6000 cdeg  linea=0x0
[gelatina] t= 7760 ms  SEARCH       rival=no d=9999 mm rumbo=-6000 cdeg  linea=0x0
[gelatina] t= 7880 ms  TRACK        rival=si d=  58 mm rumbo=-4579 cdeg  linea=0x0
[gelatina] t= 7888 ms  ATTACK       rival=si d=  58 mm rumbo=-4579 cdeg  linea=0x0
[gelatina] t= 8088 ms  SEARCH       rival=no d=9999 mm rumbo=+3000 cdeg  linea=0x0
[gelatina] t= 8280 ms  TRACK        rival=si d=  99 mm rumbo=+4525 cdeg  linea=0x0
[gelatina] t= 8288 ms  ATTACK       rival=si d=  99 mm rumbo=+4525 cdeg  linea=0x0
[gelatina] t= 8480 ms  SEARCH       rival=no d=9999 mm rumbo=-4522 cdeg  linea=0x0
[gelatina] t= 8576 ms  TRACK        rival=si d= 143 mm rumbo=-6000 cdeg  linea=0x0
[gelatina] t= 8608 ms  ATTACK       rival=si d= 124 mm rumbo=-4492 cdeg  linea=0x0
[gelatina] t= 8808 ms  SEARCH       rival=no d=9999 mm rumbo=+4523 cdeg  linea=0x0
[gelatina] t= 8904 ms  TRACK        rival=si d= 111 mm rumbo=+4560 cdeg  linea=0x0
[gelatina] t= 8912 ms  ATTACK       rival=si d= 111 mm rumbo=+4560 cdeg  linea=0x0
[gelatina] t= 9144 ms  SEARCH       rival=no d=9999 mm rumbo=-6000 cdeg  linea=0x0
WARNING: Contact joints between materials 'patin' and 'dohyo' will only be created for the 10 deepest contact points instead of all the 13 contact points.
[gelatina] t= 9240 ms  TRACK        rival=si d= 135 mm rumbo=-4554 cdeg  linea=0x0
[gelatina] t= 9272 ms  ATTACK       rival=si d= 121 mm rumbo=-1483 cdeg  linea=0x0
[gelatina] t= 9472 ms  SEARCH       rival=no d=9999 mm rumbo=+6000 cdeg  linea=0x0
[gelatina] t= 9568 ms  TRACK        rival=si d= 102 mm rumbo=+4553 cdeg  linea=0x0
[gelatina] t= 9576 ms  ATTACK       rival=si d= 102 mm rumbo=+4553 cdeg  linea=0x0
[gelatina] t= 9768 ms  SEARCH       rival=no d=9999 mm rumbo=-4485 cdeg  linea=0x0
[gelatina] t= 9864 ms  TRACK        rival=si d= 150 mm rumbo=-6000 cdeg  linea=0x0
[gelatina] t= 9896 ms  ATTACK       rival=si d= 123 mm rumbo=-4458 cdeg  linea=0x0
[gelatina] t=10128 ms  SEARCH       rival=no d=9999 mm rumbo=+6000 cdeg  linea=0x0
[gelatina] t=10224 ms  TRACK        rival=si d= 125 mm rumbo=+6000 cdeg  linea=0x0
[gelatina] t=10232 ms  ATTACK       rival=si d= 125 mm rumbo=+6000 cdeg  linea=0x0
WARNING: Contact joints between materials 'patin' and 'dohyo' will only be created for the 10 deepest contact points instead of all the 11 contact points.
[gelatina] t=10464 ms  SEARCH       rival=no d=9999 mm rumbo=-6000 cdeg  linea=0x0
[gelatina] t=10560 ms  TRACK        rival=si d= 129 mm rumbo=-4550 cdeg  linea=0x0
[gelatina] t=10568 ms  ATTACK       rival=si d= 129 mm rumbo=-4550 cdeg  linea=0x0
[gelatina] t=10760 ms  SEARCH       rival=no d=9999 mm rumbo=+4506 cdeg  linea=0x0
[gelatina] t=10888 ms  TRACK        rival=si d= 133 mm rumbo=+6000 cdeg  linea=0x0
[gelatina] t=11120 ms  ATTACK       rival=si d= 121 mm rumbo=-4489 cdeg  linea=0x0
[gelatina] t=11352 ms  SEARCH       rival=no d=9999 mm rumbo=+6000 cdeg  linea=0x0
[gelatina] t=11448 ms  TRACK        rival=si d= 114 mm rumbo=+4488 cdeg  linea=0x0
[gelatina] t=11456 ms  ATTACK       rival=si d= 114 mm rumbo=+4488 cdeg  linea=0x0
WARNING: Contact joints between materials 'patin' and 'dohyo' will only be created for the 10 deepest contact points instead of all the 16 contact points.
[gelatina] t=11680 ms  SEARCH       rival=no d=9999 mm rumbo=-6000 cdeg  linea=0x0
[gelatina] t=11776 ms  TRACK        rival=si d= 109 mm rumbo=-6000 cdeg  linea=0x0
[gelatina] t=11784 ms  ATTACK       rival=si d= 109 mm rumbo=-6000 cdeg  linea=0x0
[gelatina] t=12008 ms  SEARCH       rival=no d=9999 mm rumbo=+6000 cdeg  linea=0x0
[gelatina] t=12104 ms  TRACK        rival=si d= 119 mm rumbo=+6000 cdeg  linea=0x0
[gelatina] t=12112 ms  ATTACK       rival=si d= 119 mm rumbo=+6000 cdeg  linea=0x0
[gelatina] t=12344 ms  SEARCH       rival=no d=9999 mm rumbo=-6000 cdeg  linea=0x0
[gelatina] t=12440 ms  TRACK        rival=si d= 121 mm rumbo=-4564 cdeg  linea=0x0
[gelatina] t=12448 ms  ATTACK       rival=si d= 121 mm rumbo=-4564 cdeg  linea=0x0
[gelatina] t=12640 ms  SEARCH       rival=no d=9999 mm rumbo=+4503 cdeg  linea=0x0
[gelatina] t=12768 ms  TRACK        rival=si d= 119 mm rumbo=+6000 cdeg  linea=0x0
[gelatina] t=12776 ms  ATTACK       rival=si d= 119 mm rumbo=+6000 cdeg  linea=0x0
[gelatina] t=13000 ms  SEARCH       rival=no d=9999 mm rumbo=-6000 cdeg  linea=0x0
[gelatina] t=13096 ms  TRACK        rival=si d= 135 mm rumbo=-6000 cdeg  linea=0x0
[gelatina] t=13128 ms  ATTACK       rival=si d= 124 mm rumbo=-1507 cdeg  linea=0x0
[gelatina] t=13328 ms  SEARCH       rival=no d=9999 mm rumbo=+6000 cdeg  linea=0x0
WARNING: Contact joints between materials 'patin' and 'dohyo' will only be created for the 10 deepest contact points instead of all the 12 contact points.
[gelatina] t=13424 ms  TRACK        rival=si d= 176 mm rumbo=+6000 cdeg  linea=0x0
[gelatina] t=13656 ms  ATTACK       rival=si d= 115 mm rumbo=-6000 cdeg  linea=0x0
[gelatina] t=13928 ms  SEARCH       rival=no d=9999 mm rumbo=+6000 cdeg  linea=0x0
[gelatina] t=13952 ms  TRACK        rival=si d= 128 mm rumbo=+6000 cdeg  linea=0x0
[gelatina] t=13960 ms  ATTACK       rival=si d= 128 mm rumbo=+6000 cdeg  linea=0x0
[gelatina] t=14448 ms  EDGE_ESCAPE  rival=si d=  76 mm rumbo=+3000 cdeg  linea=0x1
WARNING: Contact joints between materials 'patin' and 'dohyo' will only be created for the 10 deepest contact points instead of all the 16 contact points.
[gelatina] t=14656 ms  SEARCH       rival=no d=9999 mm rumbo=+6000 cdeg  linea=0x2
[gelatina] t=14880 ms  ATTACK       rival=si d=  31 mm rumbo=   -2 cdeg  linea=0x8
[gelatina] t=15080 ms  SEARCH       rival=no d=9999 mm rumbo=-6000 cdeg  linea=0x5
[gelatina] t=15112 ms  TRACK        rival=si d=  79 mm rumbo=-6000 cdeg  linea=0x5
[gelatina] t=15120 ms  ATTACK       rival=si d=  79 mm rumbo=-6000 cdeg  linea=0x4
WARNING: Contact joints between materials 'patin' and 'dohyo' will only be created for the 10 deepest contact points instead of all the 16 contact points.
[gelatina] t=15608 ms  SEARCH       rival=no d=9999 mm rumbo=+6000 cdeg  linea=0x0
[gelatina] t=15672 ms  TRACK        rival=si d=  32 mm rumbo=+3000 cdeg  linea=0x0
[gelatina] t=15680 ms  ATTACK       rival=si d=  32 mm rumbo=+3000 cdeg  linea=0x0
[gelatina] t=16272 ms  SEARCH       rival=no d=9999 mm rumbo=+3000 cdeg  linea=0x0
[gelatina] t=16496 ms  TRACK        rival=si d=  47 mm rumbo=+3000 cdeg  linea=0x0
[gelatina] t=16504 ms  ATTACK       rival=si d=  47 mm rumbo=+3000 cdeg  linea=0x0
WARNING: Contact joints between materials 'patin' and 'dohyo' will only be created for the 10 deepest contact points instead of all the 44 contact points.
[gelatina] t=17360 ms  SEARCH       rival=no d=9999 mm rumbo=+3000 cdeg  linea=0x0
[gelatina] t=17456 ms  TRACK        rival=si d=  50 mm rumbo=+3000 cdeg  linea=0x0
[gelatina] t=17464 ms  ATTACK       rival=si d=  50 mm rumbo=+3000 cdeg  linea=0x0
WARNING: Contact joints between materials 'patin' and 'dohyo' will only be created for the 10 deepest contact points instead of all the 14 contact points.
[gelatina] t=17984 ms  SEARCH       rival=no d=9999 mm rumbo=+2966 cdeg  linea=0x0
[gelatina] t=18080 ms  TRACK        rival=si d=  39 mm rumbo=   +0 cdeg  linea=0x0
[gelatina] t=18088 ms  ATTACK       rival=si d=  39 mm rumbo=   +0 cdeg  linea=0x0
[gelatina] t=18280 ms  SEARCH       rival=no d=9999 mm rumbo=-6000 cdeg  linea=0x0
[gelatina] t=18376 ms  TRACK        rival=si d=  83 mm rumbo=-6000 cdeg  linea=0x0
[gelatina] t=18384 ms  ATTACK       rival=si d=  83 mm rumbo=-6000 cdeg  linea=0x0
[gelatina] t=18608 ms  SEARCH       rival=no d=9999 mm rumbo=+6000 cdeg  linea=0x0
[gelatina] t=18704 ms  TRACK        rival=si d=  84 mm rumbo=+6000 cdeg  linea=0x0
[gelatina] t=18712 ms  ATTACK       rival=si d=  84 mm rumbo=+6000 cdeg  linea=0x0
WARNING: Contact joints between materials 'patin' and 'dohyo' will only be created for the 10 deepest contact points instead of all the 15 contact points.
[gelatina] t=18944 ms  SEARCH       rival=no d=9999 mm rumbo=-6000 cdeg  linea=0x0
[gelatina] t=19008 ms  TRACK        rival=si d= 122 mm rumbo=-6000 cdeg  linea=0x0
[gelatina] t=19016 ms  ATTACK       rival=si d= 122 mm rumbo=-6000 cdeg  linea=0x0
[gelatina] t=19272 ms  SEARCH       rival=no d=9999 mm rumbo=+6000 cdeg  linea=0x0
[gelatina] t=19368 ms  TRACK        rival=si d=  81 mm rumbo=+4510 cdeg  linea=0x0
[gelatina] t=19376 ms  ATTACK       rival=si d=  81 mm rumbo=+4510 cdeg  linea=0x0
[gelatina] t=19600 ms  SEARCH       rival=no d=9999 mm rumbo=-6000 cdeg  linea=0x0
[gelatina] t=19664 ms  TRACK        rival=si d=  85 mm rumbo=-6000 cdeg  linea=0x0
[gelatina] t=19672 ms  ATTACK       rival=si d=  85 mm rumbo=-6000 cdeg  linea=0x0
WARNING: Contact joints between materials 'patin' and 'dohyo' will only be created for the 10 deepest contact points instead of all the 14 contact points.
[gelatina] t=19896 ms  SEARCH       rival=no d=9999 mm rumbo=+4507 cdeg  linea=0x0
[gelatina] t=19992 ms  TRACK        rival=si d=  46 mm rumbo=+6000 cdeg  linea=0x0
[gelatina] t=20000 ms  ATTACK       rival=si d=  46 mm rumbo=+6000 cdeg  linea=0x0
[gelatina] t=20232 ms  SEARCH       rival=no d=9999 mm rumbo=-6000 cdeg  linea=0x0
[gelatina] t=20328 ms  TRACK        rival=si d=  37 mm rumbo=-4564 cdeg  linea=0x0
[gelatina] t=20336 ms  ATTACK       rival=si d=  37 mm rumbo=-4564 cdeg  linea=0x0
[gelatina] t=20560 ms  SEARCH       rival=no d=9999 mm rumbo=+6000 cdeg  linea=0x0
[gelatina] t=20688 ms  TRACK        rival=si d=  59 mm rumbo=+4513 cdeg  linea=0x0
[gelatina] t=20696 ms  ATTACK       rival=si d=  59 mm rumbo=+4513 cdeg  linea=0x0
[gelatina] t=20888 ms  SEARCH       rival=no d=9999 mm rumbo=-4520 cdeg  linea=0x0
[gelatina] t=21016 ms  TRACK        rival=si d=  71 mm rumbo=-4525 cdeg  linea=0x0
[gelatina] t=21024 ms  ATTACK       rival=si d=  71 mm rumbo=-4525 cdeg  linea=0x0
[gelatina] t=21216 ms  SEARCH       rival=no d=9999 mm rumbo=+4542 cdeg  linea=0x0
[gelatina] t=21344 ms  TRACK        rival=si d= 100 mm rumbo=+6000 cdeg  linea=0x0
[gelatina] t=21352 ms  ATTACK       rival=si d= 100 mm rumbo=+6000 cdeg  linea=0x0
[gelatina] t=21552 ms  SEARCH       rival=no d=9999 mm rumbo=-4516 cdeg  linea=0x0
[gelatina] t=21680 ms  TRACK        rival=si d=  92 mm rumbo=-4528 cdeg  linea=0x0
[gelatina] t=21688 ms  ATTACK       rival=si d=  92 mm rumbo=-4528 cdeg  linea=0x0
[gelatina] t=21880 ms  SEARCH       rival=no d=9999 mm rumbo=+4564 cdeg  linea=0x0
[gelatina] t=22040 ms  TRACK        rival=si d=  82 mm rumbo=+4533 cdeg  linea=0x0
[gelatina] t=22048 ms  ATTACK       rival=si d=  82 mm rumbo=+4533 cdeg  linea=0x0
[gelatina] t=22240 ms  SEARCH       rival=no d=9999 mm rumbo=-6000 cdeg  linea=0x0
[gelatina] t=22368 ms  TRACK        rival=si d= 109 mm rumbo=-4477 cdeg  linea=0x0
[gelatina] t=22376 ms  ATTACK       rival=si d= 109 mm rumbo=-4477 cdeg  linea=0x0
[gelatina] t=22568 ms  SEARCH       rival=no d=9999 mm rumbo=+6000 cdeg  linea=0x0
[gelatina] t=22696 ms  TRACK        rival=si d= 140 mm rumbo=+6000 cdeg  linea=0x0
[gelatina] t=22736 ms  ATTACK       rival=si d= 114 mm rumbo=+1494 cdeg  linea=0x0
WARNING: Contact joints between materials 'patin' and 'dohyo' will only be created for the 10 deepest contact points instead of all the 12 contact points.
[gelatina] t=22936 ms  SEARCH       rival=no d=9999 mm rumbo=-6000 cdeg  linea=0x0
[gelatina] t=23032 ms  TRACK        rival=si d= 132 mm rumbo=-6000 cdeg  linea=0x0
[gelatina] t=23040 ms  ATTACK       rival=si d= 132 mm rumbo=-6000 cdeg  linea=0x0
[gelatina] t=23232 ms  SEARCH       rival=no d=9999 mm rumbo=+1523 cdeg  linea=0x0
[gelatina] t=23456 ms  TRACK        rival=si d= 121 mm rumbo=+6000 cdeg  linea=0x0
[gelatina] t=23464 ms  ATTACK       rival=si d= 121 mm rumbo=+6000 cdeg  linea=0x0
[gelatina] t=23664 ms  SEARCH       rival=no d=9999 mm rumbo=-6000 cdeg  linea=0x0
[gelatina] t=23760 ms  TRACK        rival=si d= 144 mm rumbo=-6000 cdeg  linea=0x0
[gelatina] t=23824 ms  ATTACK       rival=si d= 132 mm rumbo=+3000 cdeg  linea=0x0
[gelatina] t=23992 ms  SEARCH       rival=no d=9999 mm rumbo=+6000 cdeg  linea=0x0
[gelatina] t=24088 ms  TRACK        rival=si d= 178 mm rumbo=+6000 cdeg  linea=0x0
[gelatina] t=24544 ms  ATTACK       rival=si d= 119 mm rumbo=+1596 cdeg  linea=0x0
[gelatina] t=24784 ms  SEARCH       rival=no d=9999 mm rumbo=-6000 cdeg  linea=0x0
[gelatina] t=24816 ms  TRACK        rival=si d=  60 mm rumbo=-6000 cdeg  linea=0x0
[gelatina] t=24824 ms  ATTACK       rival=si d=  60 mm rumbo=-6000 cdeg  linea=0x0
[gelatina] t=25080 ms  SEARCH       rival=no d=9999 mm rumbo=+6000 cdeg  linea=0x0
WARNING: Contact joints between materials 'patin' and 'dohyo' will only be created for the 10 deepest contact points instead of all the 14 contact points.
[gelatina] t=25176 ms  TRACK        rival=si d=  57 mm rumbo=+6000 cdeg  linea=0x0
[gelatina] t=25184 ms  ATTACK       rival=si d=  57 mm rumbo=+6000 cdeg  linea=0x0
[gelatina] t=25448 ms  SEARCH       rival=no d=9999 mm rumbo=-6000 cdeg  linea=0x0
[gelatina] t=25504 ms  TRACK        rival=si d=  70 mm rumbo=-6000 cdeg  linea=0x0
[gelatina] t=25512 ms  ATTACK       rival=si d=  70 mm rumbo=-6000 cdeg  linea=0x0
[gelatina] t=25744 ms  SEARCH       rival=no d=9999 mm rumbo=+3000 cdeg  linea=0x0
[gelatina] t=25896 ms  TRACK        rival=si d=  69 mm rumbo=+6000 cdeg  linea=0x0
[gelatina] t=25904 ms  ATTACK       rival=si d=  69 mm rumbo=+4508 cdeg  linea=0x0
[gelatina] t=26104 ms  SEARCH       rival=no d=9999 mm rumbo=-4576 cdeg  linea=0x0
[gelatina] t=26200 ms  TRACK        rival=si d=  96 mm rumbo=-6000 cdeg  linea=0x0
[gelatina] t=26208 ms  ATTACK       rival=si d=  96 mm rumbo=-6000 cdeg  linea=0x0
[gelatina] t=26432 ms  SEARCH       rival=no d=9999 mm rumbo=+6000 cdeg  linea=0x0
[gelatina] t=26560 ms  TRACK        rival=si d=  95 mm rumbo=+4520 cdeg  linea=0x0
[gelatina] t=26568 ms  ATTACK       rival=si d=  95 mm rumbo=+4520 cdeg  linea=0x0
WARNING: Contact joints between materials 'patin' and 'dohyo' will only be created for the 10 deepest contact points instead of all the 13 contact points.
[gelatina] t=26768 ms  SEARCH       rival=no d=9999 mm rumbo=-4511 cdeg  linea=0x0
[gelatina] t=26888 ms  TRACK        rival=si d=  94 mm rumbo=-4506 cdeg  linea=0x0
[gelatina] t=26896 ms  ATTACK       rival=si d=  94 mm rumbo=-4506 cdeg  linea=0x0
[gelatina] t=27096 ms  SEARCH       rival=no d=9999 mm rumbo=+6000 cdeg  linea=0x0
[gelatina] t=27256 ms  TRACK        rival=si d=  95 mm rumbo=+4466 cdeg  linea=0x0
[gelatina] t=27264 ms  ATTACK       rival=si d=  95 mm rumbo=+4466 cdeg  linea=0x0
[gelatina] t=27456 ms  SEARCH       rival=no d=9999 mm rumbo=-6000 cdeg  linea=0x0
[gelatina] t=27552 ms  TRACK        rival=si d= 143 mm rumbo=-6000 cdeg  linea=0x0
[gelatina] t=27600 ms  ATTACK       rival=si d= 138 mm rumbo=-1521 cdeg  linea=0x4
[gelatina] t=27784 ms  SEARCH       rival=no d=9999 mm rumbo=+6000 cdeg  linea=0x0
[gelatina] t=27880 ms  TRACK        rival=si d= 226 mm rumbo=+6000 cdeg  linea=0x0
[gelatina] t=28112 ms  ATTACK       rival=si d= 125 mm rumbo=-6000 cdeg  linea=0x0
WARNING: Contact joints between materials 'patin' and 'dohyo' will only be created for the 10 deepest contact points instead of all the 20 contact points.
[gelatina] t=28744 ms  SEARCH       rival=no d=9999 mm rumbo=   +0 cdeg  linea=0x0
[gelatina] t=28768 ms  TRACK        rival=si d=  46 mm rumbo=   +0 cdeg  linea=0x0
[gelatina] t=28776 ms  ATTACK       rival=si d=  46 mm rumbo=   +0 cdeg  linea=0x0
[gelatina] t=28848 ms  EDGE_ESCAPE  rival=si d=  46 mm rumbo=   +0 cdeg  linea=0x1
[arbitro] asalto  5/30  lado     rival fuera     +1  28.90 s
[inercia] asalto=5 robot=GELATINA rueda=0 rotor=1.80220778e-05
[inercia] asalto=5 robot=GELATINA rueda=1 rotor=3.55475205e-05
[inercia] asalto=5 robot=RIVAL rueda=0 rotor=1.94917926e-05
[inercia] asalto=5 robot=RIVAL rueda=1 rotor=2.37972724e-05
[planta] asalto=5 mu=1.5307009 slip=0.000354548097 aleatorio=1
[gelatina] fin de asalto motor={"battery_v":7.54045988,"resistance_ohm":[3.72982864,3.72383447],"bridge_ohm":[0.515522587,0.546560562],"omega_rad_s":[29.601637,3.59750285],"current_a":[-1.17480488,-0.782546755],"torque_nm":[-0.0674565643,-0.0442366912],"applied_pwm":[-0.390000015,-0.399999976],"over_1_2a_samples":592,"over_3_2a_samples":0}
[gelatina] t=    0 ms  WAIT         rival=no d=9999 mm rumbo=   +0 cdeg  linea=0x4
[rival] fin de asalto motor={"battery_v":8.00225742,"resistance_ohm":[4.12784314,4.07574048],"bridge_ohm":[0.579713964,0.63823899],"omega_rad_s":[-46.6111648,-7.30252673],"current_a":[-0.239643113,-0.889392107],"torque_nm":[-0.00279428885,-0.0356252964],"applied_pwm":[-0.6,-0.6],"over_1_2a_samples":48,"over_3_2a_samples":0}
[planta] gelatina ciclo=7 rueda=0 V=7.5742785 R=4.09043798 Rpuente=0.527418315 I0=0.164876327 Ke=0.0681605179 Kt=0.0483794733
[planta] gelatina ciclo=7 rueda=1 V=7.5742785 R=3.69886703 Rpuente=0.622747076 I0=0.102772996 Ke=0.0797648297 Kt=0.0483794733
[sensores] gelatina ToF alcance=762.068176 minimo=39.6465945 sigma_rel=0.0592121553
[gelatina] pulsador recibido: permiso previsto 69400 ms
[planta] rival ciclo=7 rueda=0 V=7.75259792 R=4.32518439 Rpuente=0.635201168 I0=0.209887719 Ke=0.0654142189 Kt=0.0483794733
[planta] rival ciclo=7 rueda=1 V=7.75259792 R=4.0292788 Rpuente=0.687320662 I0=0.209109342 Ke=0.0831461469 Kt=0.0483794733
[sensores] rival ToF alcance=1863.15152 minimo=20.1710284 sigma_rel=0.0886403275
[arranque] pulsador=64400 permiso=69400 ms
[gelatina] permiso de arranque a los 69400 ms
[gelatina] t=    0 ms  OPENING      rival=no d=9999 mm rumbo=   +0 cdeg  linea=0x0
[gelatina] t=  112 ms  SEARCH       rival=no d=9999 mm rumbo=   +0 cdeg  linea=0x0
WARNING: Contact joints between materials 'rueda' and 'dohyo' will only be created for the 10 deepest contact points instead of all the 12 contact points.
[gelatina] t=  328 ms  TRACK        rival=si d=  73 mm rumbo=+6000 cdeg  linea=0x0
[gelatina] t=  336 ms  ATTACK       rival=si d=  73 mm rumbo=+6000 cdeg  linea=0x0
[gelatina] t=  528 ms  SEARCH       rival=no d=9999 mm rumbo=-4496 cdeg  linea=0x0
[gelatina] t=  624 ms  TRACK        rival=si d=  69 mm rumbo=-4505 cdeg  linea=0x0
[gelatina] t=  632 ms  ATTACK       rival=si d=  69 mm rumbo=-4505 cdeg  linea=0x0
[gelatina] t=  824 ms  SEARCH       rival=no d=9999 mm rumbo=+4523 cdeg  linea=0x0
[gelatina] t=  888 ms  TRACK        rival=si d= 114 mm rumbo=+6000 cdeg  linea=0x0
[gelatina] t=  896 ms  ATTACK       rival=si d= 114 mm rumbo=+6000 cdeg  linea=0x0
[gelatina] t= 1160 ms  SEARCH       rival=no d=9999 mm rumbo=-6000 cdeg  linea=0x0
[gelatina] t= 1216 ms  TRACK        rival=si d=  75 mm rumbo=-6000 cdeg  linea=0x0
[gelatina] t= 1224 ms  ATTACK       rival=si d=  75 mm rumbo=-6000 cdeg  linea=0x0
WARNING: Contact joints between materials 'rueda' and 'dohyo' will only be created for the 10 deepest contact points instead of all the 18 contact points.
[gelatina] t= 1416 ms  SEARCH       rival=no d=9999 mm rumbo=+1509 cdeg  linea=0x0
[gelatina] t= 1576 ms  TRACK        rival=si d= 103 mm rumbo=+6000 cdeg  linea=0x0
[gelatina] t= 1584 ms  ATTACK       rival=si d= 103 mm rumbo=+6000 cdeg  linea=0x0
[gelatina] t= 1816 ms  SEARCH       rival=no d=9999 mm rumbo=-6000 cdeg  linea=0x0
[gelatina] t= 1880 ms  TRACK        rival=si d=  94 mm rumbo=-6000 cdeg  linea=0x0
[gelatina] t= 1888 ms  ATTACK       rival=si d=  94 mm rumbo=-6000 cdeg  linea=0x0
WARNING: Contact joints between materials 'rueda' and 'dohyo' will only be created for the 10 deepest contact points instead of all the 97 contact points.
[gelatina] t= 2544 ms  SEARCH       rival=no d=9999 mm rumbo=-6000 cdeg  linea=0x0
[gelatina] t= 2704 ms  TRACK        rival=si d=  53 mm rumbo=+6000 cdeg  linea=0x0
[gelatina] t= 2712 ms  ATTACK       rival=si d=  53 mm rumbo=+6000 cdeg  linea=0x0
[gelatina] t= 2840 ms  SEARCH       rival=no d=9999 mm rumbo=+6000 cdeg  linea=0x0
[gelatina] t= 3000 ms  TRACK        rival=si d=  73 mm rumbo=+4486 cdeg  linea=0x0
[gelatina] t= 3008 ms  ATTACK       rival=si d=  73 mm rumbo=+4486 cdeg  linea=0x0
[gelatina] t= 3200 ms  SEARCH       rival=no d=9999 mm rumbo=-4524 cdeg  linea=0x0
[gelatina] t= 3296 ms  TRACK        rival=si d=  81 mm rumbo=-4506 cdeg  linea=0x0
[gelatina] t= 3304 ms  ATTACK       rival=si d=  81 mm rumbo=-4506 cdeg  linea=0x0
WARNING: Contact joints between materials 'patin' and 'dohyo' will only be created for the 10 deepest contact points instead of all the 24 contact points.
[gelatina] t= 3496 ms  SEARCH       rival=no d=9999 mm rumbo=+4519 cdeg  linea=0x0
[gelatina] t= 3592 ms  TRACK        rival=si d=  77 mm rumbo=+4545 cdeg  linea=0x0
[gelatina] t= 3600 ms  ATTACK       rival=si d=  77 mm rumbo=+4545 cdeg  linea=0x0
[gelatina] t= 3832 ms  SEARCH       rival=no d=9999 mm rumbo=-6000 cdeg  linea=0x0
[gelatina] t= 3856 ms  TRACK        rival=si d= 128 mm rumbo=-6000 cdeg  linea=0x0
[gelatina] t= 3864 ms  ATTACK       rival=si d= 128 mm rumbo=-6000 cdeg  linea=0x0
[gelatina] t= 4320 ms  SEARCH       rival=no d=9999 mm rumbo=+6000 cdeg  linea=0x0
WARNING: Contact joints between materials 'patin' and 'dohyo' will only be created for the 10 deepest contact points instead of all the 14 contact points.
[gelatina] t= 4584 ms  TRACK        rival=si d=  45 mm rumbo=+3000 cdeg  linea=0x0
[gelatina] t= 4592 ms  ATTACK       rival=si d=  45 mm rumbo=+3000 cdeg  linea=0x0
[gelatina] t= 4720 ms  SEARCH       rival=no d=9999 mm rumbo=+3000 cdeg  linea=0x0
[gelatina] t= 4912 ms  ATTACK       rival=si d=  41 mm rumbo=+3000 cdeg  linea=0x8
[gelatina] t= 5112 ms  SEARCH       rival=no d=9999 mm rumbo=+3000 cdeg  linea=0x0
[gelatina] t= 5272 ms  TRACK        rival=si d=  41 mm rumbo=+3000 cdeg  linea=0x0
[gelatina] t= 5280 ms  ATTACK       rival=si d=  41 mm rumbo=+3000 cdeg  linea=0x0
[gelatina] t= 5480 ms  SEARCH       rival=no d=9999 mm rumbo=   +0 cdeg  linea=0x0
WARNING: Contact joints between materials 'patin' and 'dohyo' will only be created for the 10 deepest contact points instead of all the 15 contact points.
[gelatina] t= 5544 ms  TRACK        rival=si d=  52 mm rumbo=-6000 cdeg  linea=0x0
[gelatina] t= 5552 ms  ATTACK       rival=si d=  52 mm rumbo=-6000 cdeg  linea=0x0
[gelatina] t= 5680 ms  SEARCH       rival=no d=9999 mm rumbo=-6000 cdeg  linea=0x0
[gelatina] t= 5800 ms  TRACK        rival=si d=  39 mm rumbo=+1520 cdeg  linea=0x0
[gelatina] t= 5808 ms  ATTACK       rival=si d=  39 mm rumbo=+1520 cdeg  linea=0x0
[gelatina] t= 6240 ms  SEARCH       rival=no d=9999 mm rumbo=+3000 cdeg  linea=0x0
WARNING: Contact joints between materials 'patin' and 'dohyo' will only be created for the 10 deepest contact points instead of all the 14 contact points.
[gelatina] t= 6728 ms  TRACK        rival=si d=  86 mm rumbo=+6000 cdeg  linea=0x0
[gelatina] t= 6736 ms  ATTACK       rival=si d=  86 mm rumbo=+6000 cdeg  linea=0x0
[arbitro] asalto  6/30  espalda  rival fuera     +1   7.17 s
[inercia] asalto=6 robot=GELATINA rueda=0 rotor=3.26262665e-05
[inercia] asalto=6 robot=GELATINA rueda=1 rotor=2.82080197e-05
[inercia] asalto=6 robot=RIVAL rueda=0 rotor=3.48587131e-05
[inercia] asalto=6 robot=RIVAL rueda=1 rotor=3.53247898e-05
[planta] asalto=6 mu=1.06612322 slip=0.00198867857 aleatorio=1
WARNING: DEF GELATINA GelatinaNuclear > HingeJoint "rueda_der" > Solid "rueda_der": Webots has detected that this solid is light and oblong according to its inertia matrix. This belongs in the physics edge cases, and can imply weird physical results. Increasing the weight of the object or reducing its eccentricity are recommended.
[gelatina] fin de asalto motor={"battery_v":7.5742785,"resistance_ohm":[4.09043798,3.69886703],"bridge_ohm":[0.527418315,0.622747076],"omega_rad_s":[77.7803353,56.2196493],"current_a":[-0.16392469,0.714993905],"torque_nm":[-0.01590722,0.0296189252],"applied_pwm":[0.600000024,1],"over_1_2a_samples":854,"over_3_2a_samples":0}
[gelatina] t=    0 ms  WAIT         rival=si d=  43 mm rumbo=+4472 cdeg  linea=0x0
[rival] fin de asalto motor={"battery_v":7.75259792,"resistance_ohm":[4.32518439,4.0292788],"bridge_ohm":[0.635201168,0.687320662],"omega_rad_s":[-49.0667809,17.141653],"current_a":[-0.290681759,-1.28839033],"torque_nm":[-0.00390877311,-0.0724482455],"applied_pwm":[-0.6,-0.6],"over_1_2a_samples":69,"over_3_2a_samples":0}
[planta] gelatina ciclo=8 rueda=0 V=7.61026731 R=3.94129934 Rpuente=0.687080646 I0=0.132445344 Ke=0.0758400655 Kt=0.0483794733
[planta] gelatina ciclo=8 rueda=1 V=7.61026731 R=3.66657438 Rpuente=0.64376322 I0=0.173217541 Ke=0.0662343072 Kt=0.0483794733
[sensores] gelatina ToF alcance=1892.4803 minimo=39.8481733 sigma_rel=0.089592762
[gelatina] pulsador recibido: permiso previsto 81880 ms
[planta] rival ciclo=8 rueda=0 V=7.8170812 R=3.61420321 Rpuente=0.551313353 I0=0.080521971 Ke=0.0779089017 Kt=0.0483794733
[planta] rival ciclo=8 rueda=1 V=7.8170812 R=3.76878104 Rpuente=0.622384787 I0=0.21851036 Ke=0.0682264983 Kt=0.0483794733
[arranque] pulsador=76880 permiso=81880 ms
[sensores] rival ToF alcance=1243.96493 minimo=22.8506535 sigma_rel=0.0766100645
[gelatina] permiso de arranque a los 81880 ms
[gelatina] t=    0 ms  OPENING      rival=no d=9999 mm rumbo=   +0 cdeg  linea=0x0
[gelatina] t=   32 ms  TRACK        rival=si d=  70 mm rumbo=+1447 cdeg  linea=0x0
[gelatina] t=   40 ms  ATTACK       rival=si d=  70 mm rumbo=+1447 cdeg  linea=0x0
WARNING: Contact joints between materials 'rueda' and 'dohyo' will only be created for the 10 deepest contact points instead of all the 11 contact points.
[gelatina] t=  296 ms  SEARCH       rival=no d=9999 mm rumbo=+6000 cdeg  linea=0x0
[gelatina] t=  392 ms  TRACK        rival=si d=  50 mm rumbo=   +0 cdeg  linea=0x0
[gelatina] t=  400 ms  ATTACK       rival=si d=  50 mm rumbo=   +0 cdeg  linea=0x0
[gelatina] t=  592 ms  SEARCH       rival=no d=9999 mm rumbo=-6000 cdeg  linea=0x0
[gelatina] t=  688 ms  TRACK        rival=si d=  47 mm rumbo=-6000 cdeg  linea=0x0
[gelatina] t=  696 ms  ATTACK       rival=si d=  47 mm rumbo=-6000 cdeg  linea=0x0
[gelatina] t=  888 ms  SEARCH       rival=no d=9999 mm rumbo=+2991 cdeg  linea=0x0
[gelatina] t= 1048 ms  TRACK        rival=si d=  85 mm rumbo=+4477 cdeg  linea=0x0
[gelatina] t= 1056 ms  ATTACK       rival=si d=  85 mm rumbo=+4477 cdeg  linea=0x0
WARNING: Contact joints between materials 'rueda' and 'dohyo' will only be created for the 10 deepest contact points instead of all the 18 contact points.
[gelatina] t= 1256 ms  SEARCH       rival=no d=9999 mm rumbo=-4517 cdeg  linea=0x0
[gelatina] t= 1352 ms  TRACK        rival=si d= 106 mm rumbo=-4574 cdeg  linea=0x0
[gelatina] t= 1360 ms  ATTACK       rival=si d= 106 mm rumbo=-4574 cdeg  linea=0x0
[gelatina] t= 1584 ms  SEARCH       rival=no d=9999 mm rumbo=+6000 cdeg  linea=0x0
[gelatina] t= 1648 ms  TRACK        rival=si d= 133 mm rumbo=+6000 cdeg  linea=0x0
[gelatina] t= 1680 ms  ATTACK       rival=si d= 121 mm rumbo=+4511 cdeg  linea=0x0
[gelatina] t= 1912 ms  SEARCH       rival=no d=9999 mm rumbo=-6000 cdeg  linea=0x0
[gelatina] t= 1976 ms  TRACK        rival=si d= 137 mm rumbo=-6000 cdeg  linea=0x0
[gelatina] t= 2008 ms  ATTACK       rival=si d=  95 mm rumbo=-4529 cdeg  linea=0x0
WARNING: Contact joints between materials 'patin' and 'dohyo' will only be created for the 10 deepest contact points instead of all the 24 contact points.
[gelatina] t= 2280 ms  SEARCH       rival=no d=9999 mm rumbo=+6000 cdeg  linea=0x0
[gelatina] t= 2304 ms  TRACK        rival=si d=  94 mm rumbo=+6000 cdeg  linea=0x0
[gelatina] t= 2312 ms  ATTACK       rival=si d=  94 mm rumbo=+6000 cdeg  linea=0x0
[gelatina] t= 2736 ms  SEARCH       rival=no d=9999 mm rumbo=   +0 cdeg  linea=0x0
[arbitro] asalto  7/30  frente   rival fuera     +1   3.01 s
[inercia] asalto=7 robot=GELATINA rueda=0 rotor=2.75264398e-05
[inercia] asalto=7 robot=GELATINA rueda=1 rotor=1.34157057e-05
[inercia] asalto=7 robot=RIVAL rueda=0 rotor=2.22894117e-05
[inercia] asalto=7 robot=RIVAL rueda=1 rotor=1.36951441e-05
[planta] asalto=7 mu=0.754957771 slip=0.000744550467 aleatorio=1
WARNING: DEF GELATINA GelatinaNuclear > HingeJoint "rueda_izq" > Solid "rueda_izq": Webots has detected that this solid is light and oblong according to its inertia matrix. This belongs in the physics edge cases, and can imply weird physical results. Increasing the weight of the object or reducing its eccentricity are recommended.
WARNING: DEF RIVAL GelatinaNuclear > HingeJoint "rueda_izq" > Solid "rueda_izq": Webots has detected that this solid is light and oblong according to its inertia matrix. This belongs in the physics edge cases, and can imply weird physical results. Increasing the weight of the object or reducing its eccentricity are recommended.
WARNING: DEF RIVAL GelatinaNuclear > HingeJoint "rueda_der" > Solid "rueda_der": Webots has detected that this solid is light and oblong according to its inertia matrix. This belongs in the physics edge cases, and can imply weird physical results. Increasing the weight of the object or reducing its eccentricity are recommended.
[gelatina] fin de asalto motor={"battery_v":7.61026731,"resistance_ohm":[3.94129934,3.66657438],"bridge_ohm":[0.687080646,0.64376322],"omega_rad_s":[-60.6277765,63.9056048],"current_a":[-0.366693864,0.783586845],"torque_nm":[-0.01133282,0.0295293455],"applied_pwm":[-0.827199996,1],"over_1_2a_samples":943,"over_3_2a_samples":0}
[gelatina] t=    0 ms  WAIT         rival=no d=9999 mm rumbo=   +0 cdeg  linea=0x0
[rival] fin de asalto motor={"battery_v":7.8170812,"resistance_ohm":[3.61420321,3.76878104],"bridge_ohm":[0.551313353,0.622384787],"omega_rad_s":[-22.419725,7.43181171],"current_a":[-0.518985921,0.774622104],"torque_nm":[-0.021212655,0.0269044007],"applied_pwm":[-0.5,0.5],"over_1_2a_samples":78,"over_3_2a_samples":0}
[planta] gelatina ciclo=9 rueda=0 V=7.64408584 R=4.30190868 Rpuente=0.698976374 I0=0.0778045356 Ke=0.0751103081 Kt=0.0483794733
[planta] gelatina ciclo=9 rueda=1 V=7.64408584 R=3.641607 Rpuente=0.519949734 I0=0.143970314 Ke=0.0864147125 Kt=0.0483794733
[sensores] gelatina ToF alcance=1843.21398 minimo=45.8316362 sigma_rel=0.0469088268
[gelatina] pulsador recibido: permiso previsto 90200 ms
[planta] rival ciclo=9 rueda=0 V=7.5674217 R=3.81154442 Rpuente=0.606800556 I0=0.108524323 Ke=0.097516376 Kt=0.0483794733
[planta] rival ciclo=9 rueda=1 V=7.5674217 R=3.72231936 Rpuente=0.671466458 I0=0.124599597 Ke=0.075415294 Kt=0.0483794733
[sensores] rival ToF alcance=883.033025 minimo=33.8838542 sigma_rel=0.0670528698
[arranque] pulsador=85200 permiso=90200 ms
[gelatina] permiso de arranque a los 90200 ms
[gelatina] t=    0 ms  OPENING      rival=no d=9999 mm rumbo=   +0 cdeg  linea=0x0
WARNING: Contact joints between materials 'rueda' and 'dohyo' will only be created for the 10 deepest contact points instead of all the 14 contact points.
[gelatina] t=   64 ms  TRACK        rival=si d=  70 mm rumbo=-6000 cdeg  linea=0x0
[gelatina] t=   72 ms  ATTACK       rival=si d=  70 mm rumbo=-6000 cdeg  linea=0x0
[gelatina] t=  328 ms  SEARCH       rival=no d=9999 mm rumbo=-2991 cdeg  linea=0x0
[gelatina] t=  424 ms  TRACK        rival=si d=  50 mm rumbo=+3000 cdeg  linea=0x0
[gelatina] t=  432 ms  ATTACK       rival=si d=  50 mm rumbo=+3000 cdeg  linea=0x0
[gelatina] t=  560 ms  SEARCH       rival=no d=9999 mm rumbo=+3000 cdeg  linea=0x0
[gelatina] t=  752 ms  TRACK        rival=si d= 129 mm rumbo=+4524 cdeg  linea=0x0
[gelatina] t=  760 ms  ATTACK       rival=si d= 129 mm rumbo=+4524 cdeg  linea=0x0
[gelatina] t=  992 ms  SEARCH       rival=no d=9999 mm rumbo=-6000 cdeg  linea=0x0
[gelatina] t= 1056 ms  TRACK        rival=si d= 120 mm rumbo=-6000 cdeg  linea=0x0
[gelatina] t= 1064 ms  ATTACK       rival=si d= 120 mm rumbo=-6000 cdeg  linea=0x0
WARNING: Contact joints between materials 'rueda' and 'dohyo' will only be created for the 10 deepest contact points instead of all the 15 contact points.
[gelatina] t= 1288 ms  SEARCH       rival=no d=9999 mm rumbo=+4527 cdeg  linea=0x0
[gelatina] t= 1384 ms  TRACK        rival=si d= 128 mm rumbo=+6000 cdeg  linea=0x0
[gelatina] t= 1392 ms  ATTACK       rival=si d= 128 mm rumbo=+6000 cdeg  linea=0x0
[gelatina] t= 1616 ms  SEARCH       rival=no d=9999 mm rumbo=-4546 cdeg  linea=0x0
[gelatina] t= 1680 ms  TRACK        rival=si d= 103 mm rumbo=-6000 cdeg  linea=0x0
[gelatina] t= 1688 ms  ATTACK       rival=si d= 103 mm rumbo=-6000 cdeg  linea=0x0
[gelatina] t= 1944 ms  SEARCH       rival=no d=9999 mm rumbo=+6000 cdeg  linea=0x0
[gelatina] t= 2008 ms  TRACK        rival=si d= 117 mm rumbo=+6000 cdeg  linea=0x0
[gelatina] t= 2016 ms  ATTACK       rival=si d= 117 mm rumbo=+6000 cdeg  linea=0x0
WARNING: Contact joints between materials 'patin' and 'dohyo' will only be created for the 10 deepest contact points instead of all the 38 contact points.
[gelatina] t= 2280 ms  SEARCH       rival=no d=9999 mm rumbo=-6000 cdeg  linea=0x0
[gelatina] t= 2336 ms  TRACK        rival=si d=  99 mm rumbo=-6000 cdeg  linea=0x0
[gelatina] t= 2344 ms  ATTACK       rival=si d=  99 mm rumbo=-6000 cdeg  linea=0x0
[gelatina] t= 2608 ms  SEARCH       rival=no d=9999 mm rumbo=+6000 cdeg  linea=0x0
[gelatina] t= 2704 ms  TRACK        rival=si d=  69 mm rumbo=+6000 cdeg  linea=0x0
[gelatina] t= 2712 ms  ATTACK       rival=si d=  69 mm rumbo=+6000 cdeg  linea=0x0
[gelatina] t= 2936 ms  SEARCH       rival=no d=9999 mm rumbo=-6000 cdeg  linea=0x0
[gelatina] t= 3000 ms  TRACK        rival=si d=  70 mm rumbo=-6000 cdeg  linea=0x0
[gelatina] t= 3008 ms  ATTACK       rival=si d=  70 mm rumbo=-6000 cdeg  linea=0x0
WARNING: Contact joints between materials 'rueda' and 'dohyo' will only be created for the 10 deepest contact points instead of all the 13 contact points.
[gelatina] t= 3264 ms  SEARCH       rival=no d=9999 mm rumbo=+6000 cdeg  linea=0x0
[gelatina] t= 3360 ms  TRACK        rival=si d=  77 mm rumbo=+6000 cdeg  linea=0x0
[gelatina] t= 3368 ms  ATTACK       rival=si d=  77 mm rumbo=+6000 cdeg  linea=0x0
[gelatina] t= 3600 ms  SEARCH       rival=no d=9999 mm rumbo=-6000 cdeg  linea=0x0
[gelatina] t= 3696 ms  TRACK        rival=si d=  83 mm rumbo=-4527 cdeg  linea=0x0
[gelatina] t= 3704 ms  ATTACK       rival=si d=  83 mm rumbo=-4527 cdeg  linea=0x0
[gelatina] t= 3928 ms  SEARCH       rival=no d=9999 mm rumbo=+6000 cdeg  linea=0x0
[gelatina] t= 4024 ms  TRACK        rival=si d= 112 mm rumbo=+6000 cdeg  linea=0x0
[gelatina] t= 4032 ms  ATTACK       rival=si d= 112 mm rumbo=+6000 cdeg  linea=0x0
[gelatina] t= 4288 ms  SEARCH       rival=no d=9999 mm rumbo=-6000 cdeg  linea=0x0
[gelatina] t= 4352 ms  TRACK        rival=si d=  89 mm rumbo=-3000 cdeg  linea=0x0
WARNING: Contact joints between materials 'rueda' and 'dohyo' will only be created for the 10 deepest contact points instead of all the 15 contact points.
[gelatina] t= 4360 ms  ATTACK       rival=si d=  89 mm rumbo=-3000 cdeg  linea=0x0
[gelatina] t= 4584 ms  SEARCH       rival=no d=9999 mm rumbo=+6000 cdeg  linea=0x0
[gelatina] t= 4680 ms  TRACK        rival=si d=  81 mm rumbo=+6000 cdeg  linea=0x0
[gelatina] t= 4688 ms  ATTACK       rival=si d=  81 mm rumbo=+6000 cdeg  linea=0x0
[gelatina] t= 4920 ms  SEARCH       rival=no d=9999 mm rumbo=-6000 cdeg  linea=0x0
[gelatina] t= 5016 ms  TRACK        rival=si d=  76 mm rumbo=-6000 cdeg  linea=0x0
[gelatina] t= 5024 ms  ATTACK       rival=si d=  76 mm rumbo=-6000 cdeg  linea=0x0
[gelatina] t= 5248 ms  SEARCH       rival=no d=9999 mm rumbo=+6000 cdeg  linea=0x0
[gelatina] t= 5376 ms  TRACK        rival=si d=  83 mm rumbo=+6000 cdeg  linea=0x0
[gelatina] t= 5384 ms  ATTACK       rival=si d=  83 mm rumbo=+6000 cdeg  linea=0x0
[gelatina] t= 5608 ms  SEARCH       rival=no d=9999 mm rumbo=-6000 cdeg  linea=0x0
[gelatina] t= 5672 ms  TRACK        rival=si d= 108 mm rumbo=-6000 cdeg  linea=0x0
[gelatina] t= 5680 ms  ATTACK       rival=si d= 108 mm rumbo=-6000 cdeg  linea=0x0
WARNING: Contact joints between materials 'rueda' and 'dohyo' will only be created for the 10 deepest contact points instead of all the 25 contact points.
[gelatina] t= 5936 ms  SEARCH       rival=no d=9999 mm rumbo=+6000 cdeg  linea=0x0
[gelatina] t= 6032 ms  TRACK        rival=si d= 101 mm rumbo=+6000 cdeg  linea=0x0
[gelatina] t= 6040 ms  ATTACK       rival=si d= 101 mm rumbo=+6000 cdeg  linea=0x0
[gelatina] t= 6272 ms  SEARCH       rival=no d=9999 mm rumbo=-6000 cdeg  linea=0x0
[gelatina] t= 6336 ms  TRACK        rival=si d= 103 mm rumbo=-6000 cdeg  linea=0x0
[gelatina] t= 6344 ms  ATTACK       rival=si d= 103 mm rumbo=-6000 cdeg  linea=0x0
[gelatina] t= 6600 ms  SEARCH       rival=no d=9999 mm rumbo=+6000 cdeg  linea=0x0
[gelatina] t= 6696 ms  TRACK        rival=si d= 108 mm rumbo=+6000 cdeg  linea=0x0
[gelatina] t= 6704 ms  ATTACK       rival=si d= 108 mm rumbo=+6000 cdeg  linea=0x0
[gelatina] t= 6928 ms  SEARCH       rival=no d=9999 mm rumbo=-6000 cdeg  linea=0x0
[gelatina] t= 7024 ms  TRACK        rival=si d=  94 mm rumbo=-6000 cdeg  linea=0x0
[gelatina] t= 7032 ms  ATTACK       rival=si d=  94 mm rumbo=-6000 cdeg  linea=0x0
WARNING: Contact joints between materials 'rueda' and 'dohyo' will only be created for the 10 deepest contact points instead of all the 11 contact points.
[gelatina] t= 7256 ms  SEARCH       rival=no d=9999 mm rumbo=+6000 cdeg  linea=0x0
[gelatina] t= 7384 ms  TRACK        rival=si d= 129 mm rumbo=+4500 cdeg  linea=0x0
[gelatina] t= 7392 ms  ATTACK       rival=si d= 129 mm rumbo=+4500 cdeg  linea=0x0
[gelatina] t= 7560 ms  SEARCH       rival=no d=9999 mm rumbo=-3000 cdeg  linea=0x0
[gelatina] t= 7720 ms  TRACK        rival=si d= 142 mm rumbo=-6000 cdeg  linea=0x0
[gelatina] t= 8016 ms  ATTACK       rival=si d= 115 mm rumbo=-1539 cdeg  linea=0x0
[gelatina] t= 8184 ms  SEARCH       rival=no d=9999 mm rumbo=-4573 cdeg  linea=0x0
[gelatina] t= 8216 ms  TRACK        rival=si d= 107 mm rumbo=-6000 cdeg  linea=0x0
[gelatina] t= 8224 ms  ATTACK       rival=si d= 107 mm rumbo=-6000 cdeg  linea=0x0
WARNING: Contact joints between materials 'rueda' and 'dohyo' will only be created for the 10 deepest contact points instead of all the 12 contact points.
[gelatina] t= 8544 ms  SEARCH       rival=no d=9999 mm rumbo=+6000 cdeg  linea=0x0
[gelatina] t= 8640 ms  TRACK        rival=si d=  59 mm rumbo=+6000 cdeg  linea=0x0
[gelatina] t= 8648 ms  ATTACK       rival=si d=  59 mm rumbo=+6000 cdeg  linea=0x0
[gelatina] t= 8912 ms  SEARCH       rival=no d=9999 mm rumbo=-6000 cdeg  linea=0x0
[gelatina] t= 8976 ms  TRACK        rival=si d=  50 mm rumbo=-6000 cdeg  linea=0x0
[gelatina] t= 8984 ms  ATTACK       rival=si d=  50 mm rumbo=-6000 cdeg  linea=0x0
[gelatina] t= 9176 ms  SEARCH       rival=no d=9999 mm rumbo=+2969 cdeg  linea=0x0
[gelatina] t= 9336 ms  TRACK        rival=si d=  74 mm rumbo=+6000 cdeg  linea=0x0
[gelatina] t= 9344 ms  ATTACK       rival=si d=  74 mm rumbo=+6000 cdeg  linea=0x0
[gelatina] t= 9536 ms  SEARCH       rival=no d=9999 mm rumbo=-4516 cdeg  linea=0x0
[gelatina] t= 9664 ms  TRACK        rival=si d=  90 mm rumbo=-6000 cdeg  linea=0x0
[gelatina] t= 9672 ms  ATTACK       rival=si d=  90 mm rumbo=-6000 cdeg  linea=0x0
WARNING: Contact joints between materials 'patin' and 'dohyo' will only be created for the 10 deepest contact points instead of all the 19 contact points.
[gelatina] t= 9864 ms  SEARCH       rival=no d=9999 mm rumbo=+1551 cdeg  linea=0x0
[gelatina] t=10096 ms  TRACK        rival=si d= 113 mm rumbo=+6000 cdeg  linea=0x0
[gelatina] t=10104 ms  ATTACK       rival=si d= 113 mm rumbo=+6000 cdeg  linea=0x0
[gelatina] t=10296 ms  SEARCH       rival=no d=9999 mm rumbo=-4497 cdeg  linea=0x0
[gelatina] t=10424 ms  TRACK        rival=si d= 120 mm rumbo=-4548 cdeg  linea=0x0
[gelatina] t=10432 ms  ATTACK       rival=si d= 120 mm rumbo=-4548 cdeg  linea=0x0
[gelatina] t=10624 ms  SEARCH       rival=no d=9999 mm rumbo=+4510 cdeg  linea=0x0
[gelatina] t=10752 ms  TRACK        rival=si d= 122 mm rumbo=+6000 cdeg  linea=0x0
[gelatina] t=10760 ms  ATTACK       rival=si d= 122 mm rumbo=+6000 cdeg  linea=0x0
[gelatina] t=10960 ms  SEARCH       rival=no d=9999 mm rumbo=-4514 cdeg  linea=0x0
[gelatina] t=11048 ms  TRACK        rival=si d= 125 mm rumbo=-6000 cdeg  linea=0x0
[gelatina] t=11056 ms  ATTACK       rival=si d= 125 mm rumbo=-6000 cdeg  linea=0x0
WARNING: Contact joints between materials 'patin' and 'dohyo' will only be created for the 10 deepest contact points instead of all the 11 contact points.
[gelatina] t=11288 ms  SEARCH       rival=no d=9999 mm rumbo=+6000 cdeg  linea=0x0
[gelatina] t=11376 ms  TRACK        rival=si d= 183 mm rumbo=+6000 cdeg  linea=0x0
[gelatina] t=11680 ms  ATTACK       rival=si d= 109 mm rumbo=+3000 cdeg  linea=0x0
[gelatina] t=11848 ms  SEARCH       rival=no d=9999 mm rumbo=+6000 cdeg  linea=0x0
[gelatina] t=11944 ms  TRACK        rival=si d= 109 mm rumbo=+4503 cdeg  linea=0x0
[gelatina] t=11952 ms  ATTACK       rival=si d= 109 mm rumbo=+4503 cdeg  linea=0x0
[gelatina] t=12144 ms  SEARCH       rival=no d=9999 mm rumbo=-4553 cdeg  linea=0x0
[gelatina] t=12240 ms  TRACK        rival=si d= 115 mm rumbo=-6000 cdeg  linea=0x0
[gelatina] t=12248 ms  ATTACK       rival=si d= 115 mm rumbo=-6000 cdeg  linea=0x0
[gelatina] t=12440 ms  SEARCH       rival=no d=9999 mm rumbo=+3000 cdeg  linea=0x0
[gelatina] t=12632 ms  TRACK        rival=si d= 128 mm rumbo=+3000 cdeg  linea=0x0
[gelatina] t=12640 ms  ATTACK       rival=si d= 128 mm rumbo=+3000 cdeg  linea=0x0
WARNING: Contact joints between materials 'patin' and 'dohyo' will only be created for the 10 deepest contact points instead of all the 12 contact points.
[gelatina] t=12840 ms  SEARCH       rival=no d=9999 mm rumbo=-6000 cdeg  linea=0x0
[gelatina] t=12936 ms  TRACK        rival=si d= 149 mm rumbo=-6000 cdeg  linea=0x0
[gelatina] t=13136 ms  SEARCH       rival=no d=9999 mm rumbo=+4488 cdeg  linea=0x0
[gelatina] t=13160 ms  TRACK        rival=si d= 150 mm rumbo=+6000 cdeg  linea=0x0
[gelatina] t=13232 ms  ATTACK       rival=si d= 120 mm rumbo=   +0 cdeg  linea=0x0
[gelatina] t=13400 ms  SEARCH       rival=no d=9999 mm rumbo=-4516 cdeg  linea=0x0
[gelatina] t=13496 ms  TRACK        rival=si d= 120 mm rumbo=-6000 cdeg  linea=0x0
[gelatina] t=13504 ms  ATTACK       rival=si d= 120 mm rumbo=-6000 cdeg  linea=0x0
WARNING: Contact joints between materials 'patin' and 'dohyo' will only be created for the 10 deepest contact points instead of all the 18 contact points.
[gelatina] t=13728 ms  SEARCH       rival=no d=9999 mm rumbo=+6000 cdeg  linea=0x0
[gelatina] t=13824 ms  TRACK        rival=si d= 124 mm rumbo=+6000 cdeg  linea=0x0
[gelatina] t=13832 ms  ATTACK       rival=si d= 124 mm rumbo=+6000 cdeg  linea=0x0
[gelatina] t=14056 ms  SEARCH       rival=no d=9999 mm rumbo=-6000 cdeg  linea=0x0
[gelatina] t=14120 ms  TRACK        rival=si d= 119 mm rumbo=-6000 cdeg  linea=0x0
[gelatina] t=14128 ms  ATTACK       rival=si d= 119 mm rumbo=-6000 cdeg  linea=0x0
[gelatina] t=14352 ms  SEARCH       rival=no d=9999 mm rumbo=+6000 cdeg  linea=0x0
[gelatina] t=14480 ms  TRACK        rival=si d= 113 mm rumbo=+4548 cdeg  linea=0x0
[gelatina] t=14488 ms  ATTACK       rival=si d= 113 mm rumbo=+4548 cdeg  linea=0x0
[gelatina] t=14688 ms  SEARCH       rival=no d=9999 mm rumbo=-4531 cdeg  linea=0x0
[gelatina] t=14784 ms  TRACK        rival=si d= 133 mm rumbo=-4490 cdeg  linea=0x0
WARNING: Contact joints between materials 'patin' and 'dohyo' will only be created for the 10 deepest contact points instead of all the 14 contact points.
[gelatina] t=14816 ms  ATTACK       rival=si d= 127 mm rumbo=   +0 cdeg  linea=0x0
[gelatina] t=14984 ms  SEARCH       rival=no d=9999 mm rumbo=+4491 cdeg  linea=0x0
[gelatina] t=15112 ms  TRACK        rival=si d= 163 mm rumbo=+6000 cdeg  linea=0x0
[gelatina] t=15408 ms  ATTACK       rival=si d= 129 mm rumbo=+1519 cdeg  linea=0x0
[gelatina] t=15544 ms  SEARCH       rival=no d=9999 mm rumbo=+1519 cdeg  linea=0x0
[gelatina] t=15736 ms  TRACK        rival=si d= 178 mm rumbo=+6000 cdeg  linea=0x0
WARNING: Contact joints between materials 'patin' and 'dohyo' will only be created for the 10 deepest contact points instead of all the 15 contact points.
[gelatina] t=16296 ms  ATTACK       rival=si d= 129 mm rumbo=-4528 cdeg  linea=0x0
[gelatina] t=16760 ms  SEARCH       rival=no d=9999 mm rumbo=+6000 cdeg  linea=0x0
[gelatina] t=16792 ms  TRACK        rival=si d=  67 mm rumbo=+6000 cdeg  linea=0x0
[gelatina] t=16800 ms  ATTACK       rival=si d=  67 mm rumbo=+6000 cdeg  linea=0x0
WARNING: Contact joints between materials 'patin' and 'dohyo' will only be created for the 10 deepest contact points instead of all the 16 contact points.
[gelatina] t=16960 ms  SEARCH       rival=no d=9999 mm rumbo=+3000 cdeg  linea=0x0
[gelatina] t=16992 ms  TRACK        rival=si d=  59 mm rumbo=   +0 cdeg  linea=0x0
[gelatina] t=17000 ms  ATTACK       rival=si d=  59 mm rumbo=   +0 cdeg  linea=0x0
[gelatina] t=17128 ms  SEARCH       rival=no d=9999 mm rumbo=   +0 cdeg  linea=0x0
[gelatina] t=17192 ms  TRACK        rival=si d=  46 mm rumbo=  +12 cdeg  linea=0x0
[gelatina] t=17200 ms  ATTACK       rival=si d=  46 mm rumbo=  +12 cdeg  linea=0x0
[gelatina] t=17424 ms  SEARCH       rival=no d=9999 mm rumbo=+3000 cdeg  linea=0x0
[gelatina] t=17456 ms  TRACK        rival=si d=  52 mm rumbo=-3000 cdeg  linea=0x0
[gelatina] t=17464 ms  ATTACK       rival=si d=  52 mm rumbo=-3000 cdeg  linea=0x0
[gelatina] t=17592 ms  SEARCH       rival=no d=9999 mm rumbo=-3000 cdeg  linea=0x0
[gelatina] t=17680 ms  TRACK        rival=si d=  51 mm rumbo=   +0 cdeg  linea=0x0
[gelatina] t=17688 ms  ATTACK       rival=si d=  51 mm rumbo=   +0 cdeg  linea=0x0
[gelatina] t=17824 ms  SEARCH       rival=no d=9999 mm rumbo=   +0 cdeg  linea=0x0
WARNING: Contact joints between materials 'patin' and 'dohyo' will only be created for the 10 deepest contact points instead of all the 11 contact points.
[gelatina] t=18080 ms  TRACK        rival=si d=  87 mm rumbo=+6000 cdeg  linea=0x0
[gelatina] t=18088 ms  ATTACK       rival=si d=  87 mm rumbo=+6000 cdeg  linea=0x0
[gelatina] t=18320 ms  SEARCH       rival=no d=9999 mm rumbo=-6000 cdeg  linea=0x0
[gelatina] t=18408 ms  TRACK        rival=si d=  91 mm rumbo=-4551 cdeg  linea=0x0
[gelatina] t=18416 ms  ATTACK       rival=si d=  91 mm rumbo=-4551 cdeg  linea=0x0
[gelatina] t=18616 ms  SEARCH       rival=no d=9999 mm rumbo=+3000 cdeg  linea=0x0
[gelatina] t=18808 ms  TRACK        rival=si d= 120 mm rumbo=+4533 cdeg  linea=0x0
[gelatina] t=18816 ms  ATTACK       rival=si d= 120 mm rumbo=+4533 cdeg  linea=0x0
[gelatina] t=19008 ms  SEARCH       rival=no d=9999 mm rumbo=-4521 cdeg  linea=0x0
[gelatina] t=19104 ms  TRACK        rival=si d= 130 mm rumbo=-6000 cdeg  linea=0x0
[gelatina] t=19112 ms  ATTACK       rival=si d= 130 mm rumbo=-6000 cdeg  linea=0x0
WARNING: Contact joints between materials 'patin' and 'dohyo' will only be created for the 10 deepest contact points instead of all the 11 contact points.
[gelatina] t=19336 ms  SEARCH       rival=no d=9999 mm rumbo=+6000 cdeg  linea=0x0
[gelatina] t=19464 ms  TRACK        rival=si d= 159 mm rumbo=+6000 cdeg  linea=0x0
[gelatina] t=19896 ms  ATTACK       rival=si d= 123 mm rumbo=+6000 cdeg  linea=0x0
WARNING: Contact joints between materials 'patin' and 'dohyo' will only be created for the 10 deepest contact points instead of all the 28 contact points.
[gelatina] t=20328 ms  SEARCH       rival=no d=9999 mm rumbo=-3000 cdeg  linea=0x0
[gelatina] t=20424 ms  TRACK        rival=si d=  51 mm rumbo=+6000 cdeg  linea=0x0
[gelatina] t=20432 ms  ATTACK       rival=si d=  51 mm rumbo=+6000 cdeg  linea=0x0
[gelatina] t=20560 ms  SEARCH       rival=no d=9999 mm rumbo=+6000 cdeg  linea=0x0
[gelatina] t=20720 ms  TRACK        rival=si d= 116 mm rumbo=+6000 cdeg  linea=0x0
[gelatina] t=20728 ms  ATTACK       rival=si d= 116 mm rumbo=+6000 cdeg  linea=0x0
[gelatina] t=20960 ms  SEARCH       rival=no d=9999 mm rumbo=-6000 cdeg  linea=0x0
[gelatina] t=21048 ms  TRACK        rival=si d=  84 mm rumbo=-6000 cdeg  linea=0x0
[gelatina] t=21056 ms  ATTACK       rival=si d=  84 mm rumbo=-6000 cdeg  linea=0x0
[gelatina] t=21288 ms  SEARCH       rival=no d=9999 mm rumbo=+6000 cdeg  linea=0x0
[gelatina] t=21408 ms  TRACK        rival=si d= 122 mm rumbo=+6000 cdeg  linea=0x0
[gelatina] t=21416 ms  ATTACK       rival=si d= 122 mm rumbo=+4504 cdeg  linea=0x0
[gelatina] t=21648 ms  SEARCH       rival=no d=9999 mm rumbo=-6000 cdeg  linea=0x0
WARNING: Contact joints between materials 'patin' and 'dohyo' will only be created for the 10 deepest contact points instead of all the 15 contact points.
[gelatina] t=21712 ms  TRACK        rival=si d= 119 mm rumbo=-6000 cdeg  linea=0x0
[gelatina] t=21720 ms  ATTACK       rival=si d= 119 mm rumbo=-6000 cdeg  linea=0x0
[gelatina] t=21944 ms  SEARCH       rival=no d=9999 mm rumbo=+4539 cdeg  linea=0x0
[gelatina] t=22040 ms  TRACK        rival=si d= 124 mm rumbo=+6000 cdeg  linea=0x0
[gelatina] t=22048 ms  ATTACK       rival=si d= 124 mm rumbo=+6000 cdeg  linea=0x0
[gelatina] t=22280 ms  SEARCH       rival=no d=9999 mm rumbo=-6000 cdeg  linea=0x0
[gelatina] t=22368 ms  TRACK        rival=si d= 116 mm rumbo=-4522 cdeg  linea=0x0
[gelatina] t=22376 ms  ATTACK       rival=si d= 116 mm rumbo=-4522 cdeg  linea=0x0
WARNING: Contact joints between materials 'patin' and 'dohyo' will only be created for the 10 deepest contact points instead of all the 12 contact points.
[gelatina] t=22936 ms  SEARCH       rival=no d=9999 mm rumbo=+1495 cdeg  linea=0x0
[gelatina] t=23264 ms  TRACK        rival=si d=  52 mm rumbo=-1497 cdeg  linea=0x0
[gelatina] t=23272 ms  ATTACK       rival=si d=  52 mm rumbo=-1497 cdeg  linea=0x0
[gelatina] t=23496 ms  SEARCH       rival=no d=9999 mm rumbo=-6000 cdeg  linea=0x0
[gelatina] t=23528 ms  TRACK        rival=si d=  60 mm rumbo=-6000 cdeg  linea=0x0
[gelatina] t=23536 ms  ATTACK       rival=si d=  60 mm rumbo=-6000 cdeg  linea=0x0
[gelatina] t=23728 ms  SEARCH       rival=no d=9999 mm rumbo=-1500 cdeg  linea=0x0
[gelatina] t=23920 ms  TRACK        rival=si d=  66 mm rumbo=-4463 cdeg  linea=0x0
[gelatina] t=23928 ms  ATTACK       rival=si d=  66 mm rumbo=-4463 cdeg  linea=0x0
[gelatina] t=24120 ms  SEARCH       rival=no d=9999 mm rumbo=+6000 cdeg  linea=0x0
[gelatina] t=24248 ms  TRACK        rival=si d= 151 mm rumbo=+6000 cdeg  linea=0x0
[gelatina] t=24280 ms  ATTACK       rival=si d=  98 mm rumbo=+3000 cdeg  linea=0x0
[gelatina] t=24456 ms  SEARCH       rival=no d=9999 mm rumbo=-3000 cdeg  linea=0x0
[gelatina] t=24616 ms  TRACK        rival=si d= 118 mm rumbo=-4483 cdeg  linea=0x0
[gelatina] t=24624 ms  ATTACK       rival=si d= 118 mm rumbo=-4483 cdeg  linea=0x0
WARNING: Contact joints between materials 'patin' and 'dohyo' will only be created for the 10 deepest contact points instead of all the 12 contact points.
[gelatina] t=24816 ms  SEARCH       rival=no d=9999 mm rumbo=+6000 cdeg  linea=0x0
[gelatina] t=24944 ms  TRACK        rival=si d= 143 mm rumbo=+4523 cdeg  linea=0x0
[gelatina] t=25176 ms  ATTACK       rival=si d= 131 mm rumbo=-1535 cdeg  linea=0x0
[gelatina] t=25376 ms  SEARCH       rival=no d=9999 mm rumbo=+6000 cdeg  linea=0x0
[gelatina] t=25472 ms  TRACK        rival=si d= 135 mm rumbo=+6000 cdeg  linea=0x0
[gelatina] t=25672 ms  ATTACK       rival=si d= 116 mm rumbo=-6000 cdeg  linea=0x0
WARNING: Contact joints between materials 'patin' and 'dohyo' will only be created for the 10 deepest contact points instead of all the 13 contact points.
[gelatina] t=26368 ms  SEARCH       rival=no d=9999 mm rumbo=-3000 cdeg  linea=0x0
[gelatina] t=26664 ms  TRACK        rival=si d=  65 mm rumbo=-6000 cdeg  linea=0x0
[gelatina] t=26672 ms  ATTACK       rival=si d=  65 mm rumbo=-6000 cdeg  linea=0x0
WARNING: Contact joints between materials 'patin' and 'dohyo' will only be created for the 10 deepest contact points instead of all the 13 contact points.
[gelatina] t=26864 ms  SEARCH       rival=no d=9999 mm rumbo=+6000 cdeg  linea=0x0
[gelatina] t=26992 ms  TRACK        rival=si d=  88 mm rumbo=+6000 cdeg  linea=0x0
[gelatina] t=27000 ms  ATTACK       rival=si d=  88 mm rumbo=+6000 cdeg  linea=0x0
[gelatina] t=27224 ms  SEARCH       rival=no d=9999 mm rumbo=-6000 cdeg  linea=0x0
[gelatina] t=27320 ms  TRACK        rival=si d= 136 mm rumbo=-6000 cdeg  linea=0x0
[gelatina] t=27352 ms  ATTACK       rival=si d=  95 mm rumbo=-4460 cdeg  linea=0x0
[gelatina] t=27552 ms  SEARCH       rival=no d=9999 mm rumbo=+6000 cdeg  linea=0x0
[gelatina] t=27680 ms  TRACK        rival=si d= 119 mm rumbo=+4522 cdeg  linea=0x0
[gelatina] t=27688 ms  ATTACK       rival=si d= 119 mm rumbo=+4522 cdeg  linea=0x0
[gelatina] t=27888 ms  SEARCH       rival=no d=9999 mm rumbo=-6000 cdeg  linea=0x0
[gelatina] t=27984 ms  TRACK        rival=si d= 123 mm rumbo=-6000 cdeg  linea=0x0
[gelatina] t=27992 ms  ATTACK       rival=si d= 123 mm rumbo=-6000 cdeg  linea=0x0
[gelatina] t=28216 ms  SEARCH       rival=no d=9999 mm rumbo=+6000 cdeg  linea=0x0
[gelatina] t=28344 ms  TRACK        rival=si d= 158 mm rumbo=+6000 cdeg  linea=0x0
[gelatina] t=28640 ms  ATTACK       rival=si d= 115 mm rumbo=+3000 cdeg  linea=0x0
[gelatina] t=28808 ms  SEARCH       rival=no d=9999 mm rumbo=+6000 cdeg  linea=0x0
[gelatina] t=28872 ms  EDGE_ESCAPE  rival=no d=9999 mm rumbo=+6000 cdeg  linea=0x2
[gelatina] t=28904 ms  ATTACK       rival=si d= 112 mm rumbo=+4535 cdeg  linea=0x8
[gelatina] t=29144 ms  SEARCH       rival=no d=9999 mm rumbo=-6000 cdeg  linea=0x0
[gelatina] t=29200 ms  TRACK        rival=si d= 112 mm rumbo=-6000 cdeg  linea=0x0
[gelatina] t=29208 ms  ATTACK       rival=si d= 112 mm rumbo=-6000 cdeg  linea=0x0
WARNING: Contact joints between materials 'patin' and 'dohyo' will only be created for the 10 deepest contact points instead of all the 14 contact points.
[gelatina] t=29440 ms  SEARCH       rival=no d=9999 mm rumbo=+3000 cdeg  linea=0x0
[gelatina] t=29632 ms  TRACK        rival=si d= 126 mm rumbo=+1530 cdeg  linea=0x0
[gelatina] t=29640 ms  ATTACK       rival=si d= 126 mm rumbo=+1530 cdeg  linea=0x0
[gelatina] t=29800 ms  SEARCH       rival=no d=9999 mm rumbo=-4482 cdeg  linea=0x0
[gelatina] t=29832 ms  EDGE_ESCAPE  rival=no d=9999 mm rumbo=-4482 cdeg  linea=0x1
[gelatina] t=30040 ms  SEARCH       rival=si d= 144 mm rumbo=-3000 cdeg  linea=0x8
[gelatina] t=30048 ms  TRACK        rival=si d= 144 mm rumbo=-3000 cdeg  linea=0x8
[gelatina] t=30320 ms  ATTACK       rival=si d= 123 mm rumbo=-4502 cdeg  linea=0x0
WARNING: Contact joints between materials 'patin' and 'dohyo' will only be created for the 10 deepest contact points instead of all the 13 contact points.
[gelatina] t=30624 ms  SEARCH       rival=no d=9999 mm rumbo=+1537 cdeg  linea=0x0
[gelatina] t=30776 ms  EDGE_ESCAPE  rival=no d=9999 mm rumbo=+1537 cdeg  linea=0x8
[gelatina] t=30784 ms  ATTACK       rival=si d=  48 mm rumbo=+3000 cdeg  linea=0x8
[gelatina] t=30816 ms  EDGE_ESCAPE  rival=si d=  48 mm rumbo=+3000 cdeg  linea=0x8
[gelatina] t=30848 ms  ATTACK       rival=si d=  55 mm rumbo=-3039 cdeg  linea=0x4
[gelatina] t=30880 ms  EDGE_ESCAPE  rival=si d=  55 mm rumbo=-6000 cdeg  linea=0x4
[gelatina] t=31088 ms  SEARCH       rival=no d=9999 mm rumbo=-6000 cdeg  linea=0x5
[gelatina] t=31112 ms  TRACK        rival=si d=  52 mm rumbo=-6000 cdeg  linea=0x4
[gelatina] t=31120 ms  ATTACK       rival=si d=  52 mm rumbo=-6000 cdeg  linea=0x4
[gelatina] t=31320 ms  SEARCH       rival=no d=9999 mm rumbo=   +0 cdeg  linea=0x0
[gelatina] t=31416 ms  TRACK        rival=si d=  75 mm rumbo=-6000 cdeg  linea=0x4
[gelatina] t=31424 ms  ATTACK       rival=si d=  75 mm rumbo=-6000 cdeg  linea=0x4
[gelatina] t=31552 ms  SEARCH       rival=no d=9999 mm rumbo=-6000 cdeg  linea=0x1
[gelatina] t=31640 ms  TRACK        rival=si d=  71 mm rumbo=-6000 cdeg  linea=0x4
[gelatina] t=31648 ms  ATTACK       rival=si d=  71 mm rumbo=-6000 cdeg  linea=0x4
[gelatina] t=31768 ms  EDGE_ESCAPE  rival=si d=  72 mm rumbo=+6000 cdeg  linea=0x2
WARNING: Contact joints between materials 'patin' and 'dohyo' will only be created for the 10 deepest contact points instead of all the 12 contact points.
[gelatina] t=31976 ms  SEARCH       rival=si d=  71 mm rumbo=+6000 cdeg  linea=0x0
[gelatina] t=31984 ms  TRACK        rival=si d=  71 mm rumbo=+6000 cdeg  linea=0x0
[gelatina] t=31992 ms  ATTACK       rival=si d=  71 mm rumbo=+6000 cdeg  linea=0x0
[gelatina] t=32376 ms  SEARCH       rival=no d=9999 mm rumbo=+3000 cdeg  linea=0x0
[gelatina] t=32504 ms  TRACK        rival=si d=  45 mm rumbo=-3000 cdeg  linea=0x0
[gelatina] t=32512 ms  ATTACK       rival=si d=  45 mm rumbo=-3000 cdeg  linea=0x0
[gelatina] t=32840 ms  SEARCH       rival=no d=9999 mm rumbo=-6000 cdeg  linea=0x0
WARNING: Contact joints between materials 'patin' and 'dohyo' will only be created for the 10 deepest contact points instead of all the 11 contact points.
[gelatina] t=33424 ms  TRACK        rival=si d=  75 mm rumbo=+6000 cdeg  linea=0x0
[gelatina] t=33432 ms  ATTACK       rival=si d=  75 mm rumbo=+6000 cdeg  linea=0x0
[gelatina] t=33560 ms  SEARCH       rival=no d=9999 mm rumbo=+6000 cdeg  linea=0x0
[gelatina] t=33752 ms  TRACK        rival=si d=  57 mm rumbo=+6000 cdeg  linea=0x0
[gelatina] t=33760 ms  ATTACK       rival=si d=  57 mm rumbo=+6000 cdeg  linea=0x0
WARNING: Contact joints between materials 'patin' and 'dohyo' will only be created for the 10 deepest contact points instead of all the 11 contact points.
[gelatina] t=33960 ms  SEARCH       rival=no d=9999 mm rumbo=-4517 cdeg  linea=0x0
[gelatina] t=34056 ms  TRACK        rival=si d=  55 mm rumbo=-6000 cdeg  linea=0x0
[gelatina] t=34064 ms  ATTACK       rival=si d=  55 mm rumbo=-6000 cdeg  linea=0x0
[gelatina] t=34288 ms  SEARCH       rival=no d=9999 mm rumbo=+6000 cdeg  linea=0x0
[gelatina] t=34416 ms  TRACK        rival=si d=  72 mm rumbo=+6000 cdeg  linea=0x0
[gelatina] t=34424 ms  ATTACK       rival=si d=  72 mm rumbo=+6000 cdeg  linea=0x0
[gelatina] t=34616 ms  SEARCH       rival=no d=9999 mm rumbo=-4493 cdeg  linea=0x0
[gelatina] t=34744 ms  TRACK        rival=si d=  85 mm rumbo=-4504 cdeg  linea=0x0
[gelatina] t=34752 ms  ATTACK       rival=si d=  85 mm rumbo=-4504 cdeg  linea=0x0
[gelatina] t=34944 ms  SEARCH       rival=no d=9999 mm rumbo=+6000 cdeg  linea=0x0
[gelatina] t=35072 ms  TRACK        rival=si d= 146 mm rumbo=+6000 cdeg  linea=0x0
[gelatina] t=35104 ms  ATTACK       rival=si d= 118 mm rumbo=+3000 cdeg  linea=0x0
[gelatina] t=35312 ms  SEARCH       rival=no d=9999 mm rumbo=-6000 cdeg  linea=0x0
[gelatina] t=35352 ms  EDGE_ESCAPE  rival=no d=9999 mm rumbo=-6000 cdeg  linea=0x1
WARNING: Contact joints between materials 'patin' and 'dohyo' will only be created for the 10 deepest contact points instead of all the 14 contact points.
[gelatina] t=35560 ms  SEARCH       rival=si d= 150 mm rumbo=+3000 cdeg  linea=0xC
[gelatina] t=35568 ms  TRACK        rival=si d= 154 mm rumbo=+4478 cdeg  linea=0xC
[gelatina] t=35736 ms  ATTACK       rival=si d= 143 mm rumbo=+4451 cdeg  linea=0xC
[gelatina] t=35968 ms  SEARCH       rival=no d=9999 mm rumbo=-6000 cdeg  linea=0x0
[gelatina] t=36000 ms  TRACK        rival=si d= 127 mm rumbo=-6000 cdeg  linea=0x4
[gelatina] t=36008 ms  ATTACK       rival=si d= 127 mm rumbo=-6000 cdeg  linea=0x4
[gelatina] t=36160 ms  EDGE_ESCAPE  rival=si d=  84 mm rumbo=+6000 cdeg  linea=0x8
[gelatina] t=36368 ms  SEARCH       rival=no d=9999 mm rumbo=+6000 cdeg  linea=0x8
[gelatina] t=36424 ms  TRACK        rival=si d= 109 mm rumbo=+3000 cdeg  linea=0x0
WARNING: Contact joints between materials 'patin' and 'dohyo' will only be created for the 10 deepest contact points instead of all the 12 contact points.
[gelatina] t=36432 ms  ATTACK       rival=si d= 109 mm rumbo=+3000 cdeg  linea=0x0
[gelatina] t=36664 ms  SEARCH       rival=no d=9999 mm rumbo=-6000 cdeg  linea=0x1
[gelatina] t=36696 ms  TRACK        rival=si d= 116 mm rumbo=-6000 cdeg  linea=0x1
[gelatina] t=36704 ms  ATTACK       rival=si d= 116 mm rumbo=-6000 cdeg  linea=0x1
[gelatina] t=37024 ms  SEARCH       rival=no d=9999 mm rumbo=+6000 cdeg  linea=0x0
[gelatina] t=37120 ms  TRACK        rival=si d= 107 mm rumbo=+3000 cdeg  linea=0x0
[gelatina] t=37128 ms  ATTACK       rival=si d= 107 mm rumbo=+3000 cdeg  linea=0x0
WARNING: Contact joints between materials 'patin' and 'dohyo' will only be created for the 10 deepest contact points instead of all the 15 contact points.
[gelatina] t=37552 ms  EDGE_ESCAPE  rival=no d=9999 mm rumbo=+6000 cdeg  linea=0x1
[gelatina] t=37760 ms  SEARCH       rival=no d=9999 mm rumbo=+6000 cdeg  linea=0x0
[gelatina] t=37976 ms  TRACK        rival=si d=  62 mm rumbo=+6000 cdeg  linea=0x0
[gelatina] t=37984 ms  ATTACK       rival=si d=  62 mm rumbo=+6000 cdeg  linea=0x0
[gelatina] t=38216 ms  SEARCH       rival=no d=9999 mm rumbo=-4434 cdeg  linea=0x0
[gelatina] t=38544 ms  TRACK        rival=si d=  63 mm rumbo=-6000 cdeg  linea=0x0
[gelatina] t=38552 ms  ATTACK       rival=si d=  63 mm rumbo=-6000 cdeg  linea=0x0
WARNING: Contact joints between materials 'patin' and 'dohyo' will only be created for the 10 deepest contact points instead of all the 12 contact points.
[gelatina] t=38744 ms  SEARCH       rival=no d=9999 mm rumbo=+6000 cdeg  linea=0x0
[gelatina] t=38832 ms  TRACK        rival=si d=  51 mm rumbo=+6000 cdeg  linea=0x0
[gelatina] t=38839 ms  ATTACK       rival=si d=  51 mm rumbo=+6000 cdeg  linea=0x0
[gelatina] t=39303 ms  SEARCH       rival=no d=9999 mm rumbo=   +0 cdeg  linea=0x0
WARNING: Contact joints between materials 'patin' and 'dohyo' will only be created for the 10 deepest contact points instead of all the 14 contact points.
[gelatina] t=39696 ms  TRACK        rival=si d=  46 mm rumbo=-1507 cdeg  linea=0x0
[gelatina] t=39704 ms  ATTACK       rival=si d=  46 mm rumbo=-1507 cdeg  linea=0x0
[gelatina] t=39864 ms  SEARCH       rival=no d=9999 mm rumbo=-6000 cdeg  linea=0x0
[gelatina] t=39992 ms  TRACK        rival=si d= 109 mm rumbo=-6000 cdeg  linea=0x0
[gelatina] t=39999 ms  ATTACK       rival=si d= 109 mm rumbo=-6000 cdeg  linea=0x0
[gelatina] t=40224 ms  SEARCH       rival=no d=9999 mm rumbo=+4524 cdeg  linea=0x0
[gelatina] t=40288 ms  TRACK        rival=si d= 147 mm rumbo=+6000 cdeg  linea=0x0
[gelatina] t=40392 ms  ATTACK       rival=si d= 132 mm rumbo=-6000 cdeg  linea=0x0
[arbitro] asalto  8/30  lado     rival fuera     +1  40.38 s
[inercia] asalto=8 robot=GELATINA rueda=0 rotor=1.79272499e-05
[inercia] asalto=8 robot=GELATINA rueda=1 rotor=9.51810461e-06
[inercia] asalto=8 robot=RIVAL rueda=0 rotor=3.46787792e-05
[inercia] asalto=8 robot=RIVAL rueda=1 rotor=1.52327709e-05
[planta] asalto=8 mu=1.19211463 slip=0.00174366271 aleatorio=1
[gelatina] fin de asalto motor={"battery_v":7.64408584,"resistance_ohm":[4.30190868,3.641607],"bridge_ohm":[0.698976374,0.519949734],"omega_rad_s":[-18.46027,40.1546602],"current_a":[1.42847424,-0.833811393],"torque_nm":[0.0728729737,-0.047304564],"applied_pwm":[0.753141582,0],"over_1_2a_samples":1393,"over_3_2a_samples":0}
[gelatina] t=    0 ms  WAIT         rival=si d= 132 mm rumbo=-6000 cdeg  linea=0x0
[rival] fin de asalto motor={"battery_v":7.5674217,"resistance_ohm":[3.81154442,3.72231936],"bridge_ohm":[0.606800556,0.671466458],"omega_rad_s":[-35.9114685,23.1459439],"current_a":[-0.0637692591,0.463871652],"torque_nm":[0.0021652264,0.0164138034],"applied_pwm":[-0.5,0.5],"over_1_2a_samples":109,"over_3_2a_samples":0}
[planta] gelatina ciclo=10 rueda=0 V=7.68007473 R=4.15277009 Rpuente=0.658638716 I0=0.195373553 Ke=0.074630988 Kt=0.0483794733
[planta] gelatina ciclo=10 rueda=1 V=7.68007473 R=3.60931435 Rpuente=0.540965879 I0=0.214414859 Ke=0.0707102202 Kt=0.0483794733
[sensores] gelatina ToF alcance=1673.6261 minimo=46.0332131 sigma_rel=0.0772894335
[gelatina] pulsador recibido: permiso previsto 135896 ms
[planta] rival ciclo=10 rueda=0 V=7.05552305 R=3.81149516 Rpuente=0.69326303 I0=0.0777789295 Ke=0.0794629481 Kt=0.0483794733
[planta] rival ciclo=10 rueda=1 V=7.05552305 R=4.06926346 Rpuente=0.545976555 I0=0.21167028 Ke=0.0728582793 Kt=0.0483794733
[sensores] rival ToF alcance=1193.1313 minimo=34.9402601 sigma_rel=0.0501820707
[arranque] pulsador=130896 permiso=135896 ms
[gelatina] permiso de arranque a los 135896 ms
[gelatina] t=    0 ms  OPENING      rival=no d=9999 mm rumbo=-6000 cdeg  linea=0x0
WARNING: Contact joints between materials 'rueda' and 'dohyo' will only be created for the 10 deepest contact points instead of all the 11 contact points.
[gelatina] t=  111 ms  SEARCH       rival=no d=9999 mm rumbo=-6000 cdeg  linea=0x0
[gelatina] t=  223 ms  TRACK        rival=si d=  51 mm rumbo=-4508 cdeg  linea=0x0
[gelatina] t=  231 ms  ATTACK       rival=si d=  51 mm rumbo=-4508 cdeg  linea=0x0
[gelatina] t=  431 ms  SEARCH       rival=no d=9999 mm rumbo=+6000 cdeg  linea=0x0
[gelatina] t=  455 ms  TRACK        rival=si d= 110 mm rumbo=+6000 cdeg  linea=0x0
[gelatina] t=  463 ms  ATTACK       rival=si d= 110 mm rumbo=+6000 cdeg  linea=0x0
[gelatina] t=  695 ms  SEARCH       rival=no d=9999 mm rumbo=+1498 cdeg  linea=0x0
[gelatina] t=  983 ms  TRACK        rival=si d=  55 mm rumbo=+6000 cdeg  linea=0x0
[gelatina] t=  991 ms  ATTACK       rival=si d=  55 mm rumbo=+6000 cdeg  linea=0x0
[gelatina] t= 1191 ms  SEARCH       rival=no d=9999 mm rumbo=-2978 cdeg  linea=0x0
[gelatina] t= 1280 ms  TRACK        rival=si d=  75 mm rumbo=-6000 cdeg  linea=0x0
[gelatina] t= 1287 ms  ATTACK       rival=si d=  75 mm rumbo=-6000 cdeg  linea=0x0
WARNING: Contact joints between materials 'patin' and 'dohyo' will only be created for the 10 deepest contact points instead of all the 12 contact points.
[gelatina] t= 1487 ms  SEARCH       rival=no d=9999 mm rumbo=   +0 cdeg  linea=0x0
[gelatina] t= 1711 ms  TRACK        rival=si d=  67 mm rumbo=+6000 cdeg  linea=0x0
[gelatina] t= 1719 ms  ATTACK       rival=si d=  67 mm rumbo=+6000 cdeg  linea=0x0
[gelatina] t= 1911 ms  SEARCH       rival=no d=9999 mm rumbo=-6000 cdeg  linea=0x0
[gelatina] t= 2007 ms  TRACK        rival=si d= 111 mm rumbo=-4509 cdeg  linea=0x0
[gelatina] t= 2015 ms  ATTACK       rival=si d= 111 mm rumbo=-4509 cdeg  linea=0x0
[gelatina] t= 2207 ms  SEARCH       rival=no d=9999 mm rumbo=+4544 cdeg  linea=0x0
[gelatina] t= 2239 ms  TRACK        rival=si d= 129 mm rumbo=+6000 cdeg  linea=0x0
[gelatina] t= 2247 ms  ATTACK       rival=si d= 129 mm rumbo=+6000 cdeg  linea=0x0
WARNING: Contact joints between materials 'patin' and 'dohyo' will only be created for the 10 deepest contact points instead of all the 14 contact points.
[gelatina] t= 2639 ms  SEARCH       rival=no d=9999 mm rumbo=-3000 cdeg  linea=0x0
[gelatina] t= 2735 ms  TRACK        rival=si d=  53 mm rumbo=   +0 cdeg  linea=0x0
[gelatina] t= 2744 ms  ATTACK       rival=si d=  53 mm rumbo=   +0 cdeg  linea=0x0
[gelatina] t= 2871 ms  SEARCH       rival=no d=9999 mm rumbo=   +0 cdeg  linea=0x0
[gelatina] t= 3063 ms  TRACK        rival=si d= 171 mm rumbo=+3000 cdeg  linea=0x0
[gelatina] t= 3095 ms  ATTACK       rival=si d= 113 mm rumbo=   +0 cdeg  linea=0x0
[gelatina] t= 3271 ms  SEARCH       rival=no d=9999 mm rumbo=-6000 cdeg  linea=0x0
[gelatina] t= 3359 ms  TRACK        rival=si d= 137 mm rumbo=-6000 cdeg  linea=0x0
[gelatina] t= 3391 ms  ATTACK       rival=si d= 121 mm rumbo=-1552 cdeg  linea=0x0
[gelatina] t= 3599 ms  SEARCH       rival=no d=9999 mm rumbo=+6000 cdeg  linea=0x0
[gelatina] t= 3655 ms  TRACK        rival=si d= 116 mm rumbo=+6000 cdeg  linea=0x0
[gelatina] t= 3663 ms  ATTACK       rival=si d= 116 mm rumbo=+6000 cdeg  linea=0x0
WARNING: Contact joints between materials 'patin' and 'dohyo' will only be created for the 10 deepest contact points instead of all the 14 contact points.
[gelatina] t= 4351 ms  SEARCH       rival=no d=9999 mm rumbo=+6000 cdeg  linea=0x0
[gelatina] t= 4519 ms  TRACK        rival=si d=  68 mm rumbo=-3000 cdeg  linea=0x0
[gelatina] t= 4527 ms  ATTACK       rival=si d=  68 mm rumbo=-3000 cdeg  linea=0x0
[gelatina] t= 4687 ms  SEARCH       rival=no d=9999 mm rumbo=-6000 cdeg  linea=0x0
WARNING: Contact joints between materials 'patin' and 'dohyo' will only be created for the 10 deepest contact points instead of all the 11 contact points.
[gelatina] t= 4815 ms  TRACK        rival=si d=  55 mm rumbo=   +0 cdeg  linea=0x0
[gelatina] t= 4823 ms  ATTACK       rival=si d=  55 mm rumbo=   +0 cdeg  linea=0x0
[gelatina] t= 4951 ms  SEARCH       rival=no d=9999 mm rumbo=   +0 cdeg  linea=0x0
[gelatina] t= 5207 ms  TRACK        rival=si d=  51 mm rumbo=+4509 cdeg  linea=0x0
[gelatina] t= 5215 ms  ATTACK       rival=si d=  51 mm rumbo=+4509 cdeg  linea=0x0
[gelatina] t= 5415 ms  SEARCH       rival=no d=9999 mm rumbo=-6000 cdeg  linea=0x0
[gelatina] t= 5471 ms  TRACK        rival=si d=  79 mm rumbo=-6000 cdeg  linea=0x0
[gelatina] t= 5479 ms  ATTACK       rival=si d=  79 mm rumbo=-6000 cdeg  linea=0x0
[gelatina] t= 5744 ms  SEARCH       rival=no d=9999 mm rumbo=+6000 cdeg  linea=0x0
WARNING: Contact joints between materials 'rueda' and 'dohyo' will only be created for the 10 deepest contact points instead of all the 14 contact points.
[gelatina] t= 5967 ms  TRACK        rival=si d= 313 mm rumbo=+1441 cdeg  linea=0x0
[gelatina] t= 6031 ms  ATTACK       rival=si d=  71 mm rumbo=-3000 cdeg  linea=0x0
[gelatina] t= 6239 ms  SEARCH       rival=no d=9999 mm rumbo=-6000 cdeg  linea=0x0
[gelatina] t= 6399 ms  TRACK        rival=si d=  98 mm rumbo=+6000 cdeg  linea=0x0
[gelatina] t= 6407 ms  ATTACK       rival=si d=  98 mm rumbo=+6000 cdeg  linea=0x0
[gelatina] t= 6536 ms  SEARCH       rival=no d=9999 mm rumbo=+6000 cdeg  linea=0x0
[gelatina] t= 6663 ms  TRACK        rival=si d= 142 mm rumbo=+6000 cdeg  linea=0x0
[gelatina] t= 6695 ms  ATTACK       rival=si d= 106 mm rumbo=+1569 cdeg  linea=0x0
[gelatina] t= 6863 ms  SEARCH       rival=no d=9999 mm rumbo=-3000 cdeg  linea=0x0
[gelatina] t= 6991 ms  TRACK        rival=si d= 138 mm rumbo=-4540 cdeg  linea=0x0
WARNING: Contact joints between materials 'rueda' and 'dohyo' will only be created for the 10 deepest contact points instead of all the 26 contact points.
[gelatina] t= 7055 ms  ATTACK       rival=si d= 124 mm rumbo=+6000 cdeg  linea=0x0
[gelatina] t= 7191 ms  SEARCH       rival=no d=9999 mm rumbo=+6000 cdeg  linea=0x0
[gelatina] t= 7223 ms  TRACK        rival=si d= 119 mm rumbo=+6000 cdeg  linea=0x0
[gelatina] t= 7231 ms  ATTACK       rival=si d= 119 mm rumbo=+6000 cdeg  linea=0x0
[gelatina] t= 7687 ms  SEARCH       rival=no d=9999 mm rumbo=-4500 cdeg  linea=0x0
[gelatina] t= 7879 ms  TRACK        rival=si d=  58 mm rumbo=   +0 cdeg  linea=0x0
[gelatina] t= 7887 ms  ATTACK       rival=si d=  58 mm rumbo=   +0 cdeg  linea=0x0
WARNING: Contact joints between materials 'rueda' and 'dohyo' will only be created for the 10 deepest contact points instead of all the 12 contact points.
[gelatina] t= 8087 ms  SEARCH       rival=no d=9999 mm rumbo=+6000 cdeg  linea=0x0
[gelatina] t= 8143 ms  TRACK        rival=si d=  73 mm rumbo=+6000 cdeg  linea=0x0
[gelatina] t= 8151 ms  ATTACK       rival=si d=  73 mm rumbo=+6000 cdeg  linea=0x0
[gelatina] t= 8647 ms  SEARCH       rival=no d=9999 mm rumbo=+3000 cdeg  linea=0x0
[gelatina] t= 8744 ms  TRACK        rival=si d=  51 mm rumbo=   +0 cdeg  linea=0x0
[gelatina] t= 8751 ms  ATTACK       rival=si d=  51 mm rumbo=   +0 cdeg  linea=0x0
[gelatina] t= 8879 ms  SEARCH       rival=no d=9999 mm rumbo=   +0 cdeg  linea=0x0
[gelatina] t= 9039 ms  TRACK        rival=si d= 127 mm rumbo=+6000 cdeg  linea=0x0
[gelatina] t= 9048 ms  ATTACK       rival=si d= 127 mm rumbo=+6000 cdeg  linea=0x0
WARNING: Contact joints between materials 'patin' and 'dohyo' will only be created for the 10 deepest contact points instead of all the 14 contact points.
[gelatina] t= 9271 ms  SEARCH       rival=no d=9999 mm rumbo=-6000 cdeg  linea=0x0
[gelatina] t= 9304 ms  TRACK        rival=si d= 104 mm rumbo=-6000 cdeg  linea=0x0
[gelatina] t= 9311 ms  ATTACK       rival=si d= 104 mm rumbo=-6000 cdeg  linea=0x0
[gelatina] t= 9671 ms  SEARCH       rival=no d=9999 mm rumbo=+3000 cdeg  linea=0x0
WARNING: Contact joints between materials 'patin' and 'dohyo' will only be created for the 10 deepest contact points instead of all the 12 contact points.
[gelatina] t=10295 ms  TRACK        rival=si d= 288 mm rumbo=-3000 cdeg  linea=0x0
[gelatina] t=10423 ms  ATTACK       rival=si d=  48 mm rumbo=  +12 cdeg  linea=0x0
[gelatina] t=10695 ms  SEARCH       rival=no d=9999 mm rumbo=+3000 cdeg  linea=0x0
[gelatina] t=10815 ms  TRACK        rival=si d=  44 mm rumbo=   +0 cdeg  linea=0x0
[gelatina] t=10823 ms  ATTACK       rival=si d=  44 mm rumbo=   +0 cdeg  linea=0x0
[gelatina] t=11191 ms  SEARCH       rival=no d=9999 mm rumbo=-6000 cdeg  linea=0x0
WARNING: Contact joints between materials 'patin' and 'dohyo' will only be created for the 10 deepest contact points instead of all the 11 contact points.
[gelatina] t=11343 ms  TRACK        rival=si d=  46 mm rumbo=+2179 cdeg  linea=0x0
[gelatina] t=11351 ms  ATTACK       rival=si d=  46 mm rumbo=+2179 cdeg  linea=0x0
[gelatina] t=11487 ms  SEARCH       rival=no d=9999 mm rumbo=+2179 cdeg  linea=0x0
[gelatina] t=11679 ms  ATTACK       rival=si d= 110 mm rumbo=+4482 cdeg  linea=0x8
[gelatina] t=11879 ms  SEARCH       rival=no d=9999 mm rumbo=-6000 cdeg  linea=0x0
[gelatina] t=11975 ms  TRACK        rival=si d= 169 mm rumbo=-6000 cdeg  linea=0x0
[gelatina] t=12007 ms  ATTACK       rival=si d= 130 mm rumbo=-4468 cdeg  linea=0x0
[gelatina] t=12143 ms  SEARCH       rival=no d=9999 mm rumbo=-4468 cdeg  linea=0x4
[gelatina] t=12271 ms  TRACK        rival=si d= 218 mm rumbo=-6000 cdeg  linea=0x0
WARNING: Contact joints between materials 'patin' and 'dohyo' will only be created for the 10 deepest contact points instead of all the 12 contact points.
WARNING: DEF GELATINA GelatinaNuclear > HingeJoint "rueda_izq" > RotationalMotor "motor_izq": The requested motor torque -0.705387 exceeds 'maxTorque' = 0.25
[gelatina] t=12399 ms  ATTACK       rival=si d=  99 mm rumbo= -682 cdeg  linea=0x0
[arbitro] asalto  9/30  espalda  auto-salida     -1  12.41 s
[inercia] asalto=9 robot=GELATINA rueda=0 rotor=1.93642069e-05
[inercia] asalto=9 robot=GELATINA rueda=1 rotor=1.02621617e-05
[inercia] asalto=9 robot=RIVAL rueda=0 rotor=1.83291403e-05
[inercia] asalto=9 robot=RIVAL rueda=1 rotor=1.2540775e-05
[planta] asalto=9 mu=1.43153319 slip=5.18010855e-05 aleatorio=1
WARNING: DEF RIVAL GelatinaNuclear > HingeJoint "rueda_izq" > Solid "rueda_izq": Webots has detected that this solid is light and oblong according to its inertia matrix. This belongs in the physics edge cases, and can imply weird physical results. Increasing the weight of the object or reducing its eccentricity are recommended.
[gelatina] fin de asalto motor={"battery_v":7.68007473,"resistance_ohm":[4.15277009,3.60931435],"bridge_ohm":[0.658638716,0.540965879],"omega_rad_s":[67.6593732,-36.8093455],"current_a":[0.227495532,0.257038536],"torque_nm":[0.0015540444,0.022808667],"applied_pwm":[0.800000012,-0.200000003],"over_1_2a_samples":1742,"over_3_2a_samples":2}
[gelatina] t=    0 ms  WAIT         rival=si d=  99 mm rumbo=+3000 cdeg  linea=0x0
[rival] fin de asalto motor={"battery_v":7.05552305,"resistance_ohm":[3.81149516,4.06926346],"bridge_ohm":[0.69326303,0.545976555],"omega_rad_s":[-37.4157853,27.504677],"current_a":[-0.123112695,0.330170929],"torque_nm":[-0.0021932237,0.00573299901],"applied_pwm":[-0.5,0.5],"over_1_2a_samples":122,"over_3_2a_samples":0}
[planta] gelatina ciclo=11 rueda=0 V=7.71389326 R=3.71337938 Rpuente=0.670534432 I0=0.140732753 Ke=0.0753222627 Kt=0.0483794733
[planta] gelatina ciclo=11 rueda=1 V=7.71389326 R=4.38434691 Rpuente=0.617152393 I0=0.185167623 Ke=0.0921916795 Kt=0.0483794733
[sensores] gelatina ToF alcance=1624.35977 minimo=22.0166779 sigma_rel=0.114605503
[gelatina] pulsador recibido: permiso previsto 153616 ms
[planta] rival ciclo=11 rueda=0 V=8.34476242 R=4.18496747 Rpuente=0.605813777 I0=0.177209732 Ke=0.0724899875 Kt=0.0483794733
[planta] rival ciclo=11 rueda=1 V=8.34476242 R=4.35398736 Rpuente=0.664154279 I0=0.198033249 Ke=0.0690945462 Kt=0.0483794733
[arranque] pulsador=148616 permiso=153616 ms
[sensores] rival ToF alcance=931.619328 minimo=35.9328008 sigma_rel=0.076755271
[gelatina] permiso de arranque a los 153616 ms
[gelatina] t=    0 ms  TRACK        rival=si d= 120 mm rumbo=-6000 cdeg  linea=0x0
[gelatina] t=    8 ms  ATTACK       rival=si d= 120 mm rumbo=-6000 cdeg  linea=0x0
WARNING: Contact joints between materials 'patin' and 'dohyo' will only be created for the 10 deepest contact points instead of all the 11 contact points.
[gelatina] t=  592 ms  SEARCH       rival=no d=9999 mm rumbo=+6000 cdeg  linea=0x0
[gelatina] t=  720 ms  TRACK        rival=si d=  59 mm rumbo=+3000 cdeg  linea=0x0
[gelatina] t=  728 ms  ATTACK       rival=si d=  59 mm rumbo=+3000 cdeg  linea=0x0
WARNING: Contact joints between materials 'patin' and 'dohyo' will only be created for the 10 deepest contact points instead of all the 14 contact points.
[gelatina] t= 1488 ms  SEARCH       rival=no d=9999 mm rumbo=+6000 cdeg  linea=0x0
[gelatina] t= 1544 ms  TRACK        rival=si d=  54 mm rumbo=+6000 cdeg  linea=0x0
[gelatina] t= 1552 ms  ATTACK       rival=si d=  54 mm rumbo=+6000 cdeg  linea=0x2
WARNING: Contact joints between materials 'patin' and 'dohyo' will only be created for the 10 deepest contact points instead of all the 18 contact points.
[gelatina] t= 2640 ms  SEARCH       rival=no d=9999 mm rumbo=+3000 cdeg  linea=0x0
[gelatina] t= 2672 ms  TRACK        rival=si d=  20 mm rumbo=+3000 cdeg  linea=0x0
[gelatina] t= 2680 ms  ATTACK       rival=si d=  20 mm rumbo=+3000 cdeg  linea=0x0
WARNING: Contact joints between materials 'patin' and 'dohyo' will only be created for the 10 deepest contact points instead of all the 30 contact points.
[gelatina] t= 3896 ms  SEARCH       rival=no d=9999 mm rumbo=   +0 cdeg  linea=0x0
[gelatina] t= 3992 ms  TRACK        rival=si d=  65 mm rumbo=   +0 cdeg  linea=0x0
[gelatina] t= 4000 ms  ATTACK       rival=si d=  65 mm rumbo=   +0 cdeg  linea=0x0
WARNING: Contact joints between materials 'patin' and 'dohyo' will only be created for the 10 deepest contact points instead of all the 26 contact points.
[gelatina] t= 4920 ms  SEARCH       rival=no d=9999 mm rumbo=   +0 cdeg  linea=0x1
[arbitro] asalto 10/30  frente   rival fuera     +1   4.91 s
[inercia] asalto=10 robot=GELATINA rueda=0 rotor=1.29774204e-05
[inercia] asalto=10 robot=GELATINA rueda=1 rotor=2.5496477e-05
[inercia] asalto=10 robot=RIVAL rueda=0 rotor=3.04455067e-05
[inercia] asalto=10 robot=RIVAL rueda=1 rotor=3.42000178e-05
[planta] asalto=10 mu=1.40963463 slip=0.000815753222 aleatorio=1
[gelatina] fin de asalto motor={"battery_v":7.71389326,"resistance_ohm":[3.71337938,4.38434691],"bridge_ohm":[0.670534432,0.617152393],"omega_rad_s":[40.7064606,41.6302684],"current_a":[1.06019204,0.774953401],"torque_nm":[0.0444829562,0.0285335253],"applied_pwm":[1,1],"over_1_2a_samples":1872,"over_3_2a_samples":2}
[gelatina] t=    0 ms  WAIT         rival=no d=9999 mm rumbo=   +0 cdeg  linea=0x3
[rival] fin de asalto motor={"battery_v":8.34476242,"resistance_ohm":[4.18496747,4.35398736],"bridge_ohm":[0.605813777,0.664154279],"omega_rad_s":[-56.0134944,-61.0851692],"current_a":[-0.197554407,-0.156672622],"torque_nm":[-0.000984264649,0.00200100537],"applied_pwm":[-0.6,-0.6],"over_1_2a_samples":139,"over_3_2a_samples":0}
[planta] gelatina ciclo=12 rueda=0 V=7.74988215 R=4.36424079 Rpuente=0.630196774 I0=0.108301771 Ke=0.0827230054 Kt=0.0483794733
[planta] gelatina ciclo=12 rueda=1 V=7.74988215 R=4.35205426 Rpuente=0.638168538 I0=0.105612168 Ke=0.0829160018 Kt=0.0483794733
[sensores] gelatina ToF alcance=1454.77189 minimo=22.2182548 sigma_rel=0.064986105
[gelatina] pulsador recibido: permiso previsto 163840 ms
[planta] rival ciclo=12 rueda=0 V=7.47017006 R=3.82745032 Rpuente=0.542386186 I0=0.168449083 Ke=0.0899085413 Kt=0.0483794733
[planta] rival ciclo=12 rueda=1 V=7.47017006 R=3.74680791 Rpuente=0.525278199 I0=0.106690541 Ke=0.0706816333 Kt=0.0483794733
[sensores] rival ToF alcance=1421.78903 minimo=43.077755 sigma_rel=0.0661555958
[arranque] pulsador=158840 permiso=163840 ms
[gelatina] permiso de arranque a los 163840 ms
[gelatina] t=    0 ms  OPENING      rival=no d=9999 mm rumbo=-6000 cdeg  linea=0x0
[gelatina] t=   32 ms  TRACK        rival=si d=  81 mm rumbo=-6000 cdeg  linea=0x0
[gelatina] t=   40 ms  ATTACK       rival=si d=  81 mm rumbo=-6000 cdeg  linea=0x0
WARNING: Contact joints between materials 'rueda' and 'dohyo' will only be created for the 10 deepest contact points instead of all the 14 contact points.
[gelatina] t=  664 ms  SEARCH       rival=no d=9999 mm rumbo=-3000 cdeg  linea=0x0
[gelatina] t=  752 ms  TRACK        rival=si d=  23 mm rumbo=   +0 cdeg  linea=0x0
[gelatina] t=  760 ms  ATTACK       rival=si d=  23 mm rumbo=   +0 cdeg  linea=0x0
[arbitro] asalto 11/30  lado     rival fuera     +1   1.02 s
[inercia] asalto=11 robot=GELATINA rueda=0 rotor=3.59326755e-05
[inercia] asalto=11 robot=GELATINA rueda=1 rotor=3.07028105e-05
[inercia] asalto=11 robot=RIVAL rueda=0 rotor=2.12941518e-05
[inercia] asalto=11 robot=RIVAL rueda=1 rotor=1.95678381e-05
[planta] asalto=11 mu=0.611160374 slip=6.14310503e-05 aleatorio=1
WARNING: DEF RIVAL GelatinaNuclear > HingeJoint "rueda_der" > Solid "rueda_der": Webots has detected that this solid is light and oblong according to its inertia matrix. This belongs in the physics edge cases, and can imply weird physical results. Increasing the weight of the object or reducing its eccentricity are recommended.
[gelatina] fin de asalto motor={"battery_v":7.74988215,"resistance_ohm":[4.36424079,4.35205426],"bridge_ohm":[0.630196774,0.638168538],"omega_rad_s":[1.76883632,64.7853571],"current_a":[0.224967805,0.476559758],"torque_nm":[0.00594037336,0.017946249],"applied_pwm":[0.16386199,1],"over_1_2a_samples":1895,"over_3_2a_samples":2}
[gelatina] t=    0 ms  WAIT         rival=si d= 155 mm rumbo=+4492 cdeg  linea=0x0
[rival] fin de asalto motor={"battery_v":7.47017006,"resistance_ohm":[3.82745032,3.74680791],"bridge_ohm":[0.542386186,0.525278199],"omega_rad_s":[-39.3131564,-8.5384826],"current_a":[-0.21683042,-0.907890909],"torque_nm":[-0.0023406636,-0.0387616522],"applied_pwm":[-0.6,-0.6],"over_1_2a_samples":152,"over_3_2a_samples":0}
WARNING: Contact joints between materials 'patin' and 'dohyo' will only be created for the 10 deepest contact points instead of all the 18 contact points.
[planta] gelatina ciclo=13 rueda=0 V=7.78370068 R=3.92485013 Rpuente=0.642092502 I0=0.203660962 Ke=0.0742814305 Kt=0.0483794733
[planta] gelatina ciclo=13 rueda=1 V=7.78370068 R=4.32708683 Rpuente=0.514355052 I0=0.0763649404 Ke=0.0741961264 Kt=0.0483794733
[sensores] gelatina ToF alcance=1405.5055 minimo=28.2017177 sigma_rel=0.102302175
[gelatina] pulsador recibido: permiso previsto 170176 ms
[planta] rival ciclo=13 rueda=0 V=7.35940934 R=4.20092268 Rpuente=0.654936934 I0=0.117879885 Ke=0.0912495989 Kt=0.0483794733
[planta] rival ciclo=13 rueda=1 V=7.35940934 R=4.03153186 Rpuente=0.643455923 I0=0.0930535108 Ke=0.100742583 Kt=0.0483794733
[arranque] pulsador=165176 permiso=170176 ms
[sensores] rival ToF alcance=1160.27706 minimo=44.0702975 sigma_rel=0.092728796
[gelatina] permiso de arranque a los 170176 ms
[gelatina] t=    0 ms  OPENING      rival=no d=9999 mm rumbo=+4492 cdeg  linea=0x0
[gelatina] t=  111 ms  SEARCH       rival=no d=9999 mm rumbo=+4492 cdeg  linea=0x0
WARNING: Contact joints between materials 'patin' and 'dohyo' will only be created for the 10 deepest contact points instead of all the 14 contact points.
[gelatina] t=  359 ms  TRACK        rival=si d= 101 mm rumbo=+4516 cdeg  linea=0x0
[gelatina] t=  367 ms  ATTACK       rival=si d= 101 mm rumbo=+4516 cdeg  linea=0x0
[gelatina] t=  559 ms  SEARCH       rival=no d=9999 mm rumbo=-6000 cdeg  linea=0x0
[gelatina] t=  720 ms  TRACK        rival=si d=  98 mm rumbo=-4537 cdeg  linea=0x0
[gelatina] t=  727 ms  ATTACK       rival=si d=  98 mm rumbo=-4537 cdeg  linea=0x0
WARNING: Contact joints between materials 'patin' and 'dohyo' will only be created for the 10 deepest contact points instead of all the 60 contact points.
[gelatina] t= 1488 ms  SEARCH       rival=no d=9999 mm rumbo=-3000 cdeg  linea=0x0
[gelatina] t= 1679 ms  TRACK        rival=si d=  26 mm rumbo=   +0 cdeg  linea=0x0
[gelatina] t= 1687 ms  ATTACK       rival=si d=  26 mm rumbo=   +0 cdeg  linea=0x0
[gelatina] t= 1911 ms  SEARCH       rival=no d=9999 mm rumbo=+6000 cdeg  linea=0x0
[gelatina] t= 2007 ms  TRACK        rival=si d=  92 mm rumbo=+6000 cdeg  linea=0x0
[gelatina] t= 2015 ms  ATTACK       rival=si d=  92 mm rumbo=+6000 cdeg  linea=0x0
WARNING: Contact joints between materials 'patin' and 'dohyo' will only be created for the 10 deepest contact points instead of all the 12 contact points.
[gelatina] t= 2247 ms  SEARCH       rival=no d=9999 mm rumbo=-4528 cdeg  linea=0x0
[gelatina] t= 2439 ms  TRACK        rival=si d=  89 mm rumbo=-1506 cdeg  linea=0x0
[gelatina] t= 2447 ms  ATTACK       rival=si d=  89 mm rumbo=-1506 cdeg  linea=0x0
[gelatina] t= 2607 ms  SEARCH       rival=no d=9999 mm rumbo=+6000 cdeg  linea=0x0
[gelatina] t= 2768 ms  TRACK        rival=si d=  87 mm rumbo=+4527 cdeg  linea=0x0
[gelatina] t= 2775 ms  ATTACK       rival=si d=  87 mm rumbo=+4527 cdeg  linea=0x0
[gelatina] t= 2967 ms  SEARCH       rival=no d=9999 mm rumbo=-6000 cdeg  linea=0x0
[gelatina] t= 3167 ms  TRACK        rival=si d=  85 mm rumbo=-4505 cdeg  linea=0x0
[gelatina] t= 3175 ms  ATTACK       rival=si d=  85 mm rumbo=-4505 cdeg  linea=0x0
[gelatina] t= 3367 ms  SEARCH       rival=no d=9999 mm rumbo=+6000 cdeg  linea=0x0
[gelatina] t= 3527 ms  TRACK        rival=si d=  73 mm rumbo=+4521 cdeg  linea=0x0
WARNING: Contact joints between materials 'patin' and 'dohyo' will only be created for the 10 deepest contact points instead of all the 12 contact points.
[gelatina] t= 3536 ms  ATTACK       rival=si d=  73 mm rumbo=+4521 cdeg  linea=0x0
[gelatina] t= 3759 ms  SEARCH       rival=no d=9999 mm rumbo=-6000 cdeg  linea=0x0
[gelatina] t= 3887 ms  TRACK        rival=si d= 176 mm rumbo=-6000 cdeg  linea=0x0
[gelatina] t= 3919 ms  ATTACK       rival=si d= 124 mm rumbo=-3000 cdeg  linea=0x0
[gelatina] t= 4127 ms  SEARCH       rival=no d=9999 mm rumbo=+6000 cdeg  linea=0x0
[gelatina] t= 4287 ms  TRACK        rival=si d= 241 mm rumbo=+6000 cdeg  linea=0x0
[gelatina] t= 4488 ms  SEARCH       rival=no d=9999 mm rumbo=-6000 cdeg  linea=0x0
[gelatina] t= 4551 ms  TRACK        rival=si d= 126 mm rumbo=-6000 cdeg  linea=0x0
WARNING: Contact joints between materials 'patin' and 'dohyo' will only be created for the 10 deepest contact points instead of all the 11 contact points.
[gelatina] t= 4559 ms  ATTACK       rival=si d= 126 mm rumbo=-6000 cdeg  linea=0x0
[gelatina] t= 4783 ms  SEARCH       rival=no d=9999 mm rumbo=+6000 cdeg  linea=0x0
[gelatina] t= 4911 ms  TRACK        rival=si d= 152 mm rumbo=+6000 cdeg  linea=0x0
[gelatina] t= 5175 ms  ATTACK       rival=si d= 123 mm rumbo=-4564 cdeg  linea=0x0
[gelatina] t= 5407 ms  SEARCH       rival=no d=9999 mm rumbo=+6000 cdeg  linea=0x0
[gelatina] t= 5503 ms  TRACK        rival=si d= 145 mm rumbo=+6000 cdeg  linea=0x0
[gelatina] t= 5536 ms  ATTACK       rival=si d= 125 mm rumbo=+4469 cdeg  linea=0x0
[gelatina] t= 5744 ms  SEARCH       rival=no d=9999 mm rumbo=-6000 cdeg  linea=0x0
WARNING: Contact joints between materials 'patin' and 'dohyo' will only be created for the 10 deepest contact points instead of all the 15 contact points.
[gelatina] t= 5903 ms  TRACK        rival=si d= 115 mm rumbo=-4529 cdeg  linea=0x0
[gelatina] t= 5911 ms  ATTACK       rival=si d= 115 mm rumbo=-4529 cdeg  linea=0x0
[gelatina] t= 6103 ms  SEARCH       rival=no d=9999 mm rumbo=+4559 cdeg  linea=0x0
[gelatina] t= 6263 ms  TRACK        rival=si d= 107 mm rumbo=+6000 cdeg  linea=0x0
[gelatina] t= 6271 ms  ATTACK       rival=si d= 107 mm rumbo=+6000 cdeg  linea=0x0
[gelatina] t= 6471 ms  SEARCH       rival=no d=9999 mm rumbo=-6000 cdeg  linea=0x0
[gelatina] t= 6663 ms  TRACK        rival=si d= 154 mm rumbo=-4486 cdeg  linea=0x0
WARNING: Contact joints between materials 'patin' and 'dohyo' will only be created for the 10 deepest contact points instead of all the 12 contact points.
[gelatina] t= 6863 ms  SEARCH       rival=no d=9999 mm rumbo=+6000 cdeg  linea=0x0
[gelatina] t= 6887 ms  TRACK        rival=si d= 164 mm rumbo=+6000 cdeg  linea=0x0
[gelatina] t= 6991 ms  ATTACK       rival=si d= 117 mm rumbo=-4471 cdeg  linea=0x0
[gelatina] t= 7159 ms  SEARCH       rival=no d=9999 mm rumbo=-6000 cdeg  linea=0x0
[gelatina] t= 7256 ms  TRACK        rival=si d= 110 mm rumbo=-6000 cdeg  linea=0x0
[gelatina] t= 7263 ms  ATTACK       rival=si d= 110 mm rumbo=-6000 cdeg  linea=0x0
[gelatina] t= 7455 ms  SEARCH       rival=no d=9999 mm rumbo=+4479 cdeg  linea=0x0
[gelatina] t= 7615 ms  TRACK        rival=si d= 110 mm rumbo=+6000 cdeg  linea=0x0
[gelatina] t= 7623 ms  ATTACK       rival=si d= 110 mm rumbo=+6000 cdeg  linea=0x0
[gelatina] t= 7823 ms  SEARCH       rival=no d=9999 mm rumbo=-4529 cdeg  linea=0x0
[gelatina] t= 8015 ms  TRACK        rival=si d= 104 mm rumbo=-4555 cdeg  linea=0x0
[gelatina] t= 8024 ms  ATTACK       rival=si d= 104 mm rumbo=-4555 cdeg  linea=0x0
[gelatina] t= 8215 ms  SEARCH       rival=no d=9999 mm rumbo=+4502 cdeg  linea=0x0
[gelatina] t= 8343 ms  TRACK        rival=si d= 138 mm rumbo=+6000 cdeg  linea=0x0
[gelatina] t= 8375 ms  ATTACK       rival=si d= 121 mm rumbo=+1481 cdeg  linea=0x0
WARNING: Contact joints between materials 'patin' and 'dohyo' will only be created for the 10 deepest contact points instead of all the 12 contact points.
[gelatina] t= 8583 ms  SEARCH       rival=no d=9999 mm rumbo=-6000 cdeg  linea=0x0
[gelatina] t= 8744 ms  TRACK        rival=si d= 134 mm rumbo=-4523 cdeg  linea=0x0
[gelatina] t= 8943 ms  SEARCH       rival=no d=9999 mm rumbo=+4540 cdeg  linea=0x0
[gelatina] t= 8967 ms  TRACK        rival=si d= 134 mm rumbo=+6000 cdeg  linea=0x0
[gelatina] t= 9007 ms  ATTACK       rival=si d= 104 mm rumbo=+4454 cdeg  linea=0x0
[gelatina] t= 9239 ms  SEARCH       rival=no d=9999 mm rumbo=-6000 cdeg  linea=0x0
[gelatina] t= 9367 ms  TRACK        rival=si d= 136 mm rumbo=-6000 cdeg  linea=0x0
[gelatina] t= 9399 ms  ATTACK       rival=si d= 100 mm rumbo=-3000 cdeg  linea=0x0
[gelatina] t= 9599 ms  SEARCH       rival=no d=9999 mm rumbo=+4576 cdeg  linea=0x0
[gelatina] t= 9727 ms  TRACK        rival=si d= 166 mm rumbo=+6000 cdeg  linea=0x0
[gelatina] t= 9799 ms  ATTACK       rival=si d= 131 mm rumbo=-4500 cdeg  linea=0x0
[gelatina] t= 9935 ms  SEARCH       rival=no d=9999 mm rumbo=-4500 cdeg  linea=0x0
WARNING: Contact joints between materials 'patin' and 'dohyo' will only be created for the 10 deepest contact points instead of all the 11 contact points.
[gelatina] t=10095 ms  TRACK        rival=si d= 152 mm rumbo=-4577 cdeg  linea=0x0
[gelatina] t=10295 ms  SEARCH       rival=no d=9999 mm rumbo=+4560 cdeg  linea=0x0
[gelatina] t=10319 ms  TRACK        rival=si d= 138 mm rumbo=+6000 cdeg  linea=0x0
[gelatina] t=10359 ms  ATTACK       rival=si d=  97 mm rumbo=+3000 cdeg  linea=0x0
[gelatina] t=10591 ms  SEARCH       rival=no d=9999 mm rumbo=-6000 cdeg  linea=0x0
[gelatina] t=10720 ms  TRACK        rival=si d= 144 mm rumbo=-4503 cdeg  linea=0x0
[gelatina] t=10783 ms  ATTACK       rival=si d= 113 mm rumbo=+3000 cdeg  linea=0x0
WARNING: Contact joints between materials 'patin' and 'dohyo' will only be created for the 10 deepest contact points instead of all the 16 contact points.
[gelatina] t=11647 ms  SEARCH       rival=no d=9999 mm rumbo=   +0 cdeg  linea=0x0
[gelatina] t=11871 ms  TRACK        rival=si d=  45 mm rumbo=+6000 cdeg  linea=0x0
[gelatina] t=11879 ms  ATTACK       rival=si d=  45 mm rumbo=+6000 cdeg  linea=0x0
[gelatina] t=12143 ms  SEARCH       rival=no d=9999 mm rumbo=-6000 cdeg  linea=0x0
[gelatina] t=12207 ms  TRACK        rival=si d=  66 mm rumbo=-6000 cdeg  linea=0x0
[gelatina] t=12215 ms  ATTACK       rival=si d=  66 mm rumbo=-6000 cdeg  linea=0x0
[gelatina] t=12471 ms  SEARCH       rival=no d=9999 mm rumbo=+6000 cdeg  linea=0x0
[gelatina] t=12599 ms  TRACK        rival=si d=  77 mm rumbo=+6000 cdeg  linea=0x0
[gelatina] t=12607 ms  ATTACK       rival=si d=  77 mm rumbo=+6000 cdeg  linea=0x0
WARNING: Contact joints between materials 'patin' and 'dohyo' will only be created for the 10 deepest contact points instead of all the 11 contact points.
[gelatina] t=12839 ms  SEARCH       rival=no d=9999 mm rumbo=-6000 cdeg  linea=0x0
[gelatina] t=13000 ms  TRACK        rival=si d=  96 mm rumbo=-6000 cdeg  linea=0x0
[gelatina] t=13007 ms  ATTACK       rival=si d=  96 mm rumbo=-6000 cdeg  linea=0x0
[gelatina] t=13232 ms  SEARCH       rival=no d=9999 mm rumbo=+4589 cdeg  linea=0x0
[gelatina] t=13359 ms  TRACK        rival=si d= 135 mm rumbo=+6000 cdeg  linea=0x0
[gelatina] t=13391 ms  ATTACK       rival=si d=  83 mm rumbo=+3000 cdeg  linea=0x0
[gelatina] t=13599 ms  SEARCH       rival=no d=9999 mm rumbo=-6000 cdeg  linea=0x0
[gelatina] t=13759 ms  TRACK        rival=si d=  87 mm rumbo=-4528 cdeg  linea=0x0
[gelatina] t=13768 ms  ATTACK       rival=si d=  87 mm rumbo=-4528 cdeg  linea=0x0
WARNING: Contact joints between materials 'patin' and 'dohyo' will only be created for the 10 deepest contact points instead of all the 14 contact points.
[gelatina] t=13959 ms  SEARCH       rival=no d=9999 mm rumbo=+4577 cdeg  linea=0x0
[gelatina] t=14119 ms  TRACK        rival=si d= 100 mm rumbo=+6000 cdeg  linea=0x0
[gelatina] t=14127 ms  ATTACK       rival=si d= 100 mm rumbo=+6000 cdeg  linea=0x0
[gelatina] t=14359 ms  SEARCH       rival=no d=9999 mm rumbo=-6000 cdeg  linea=0x0
[gelatina] t=14519 ms  TRACK        rival=si d= 108 mm rumbo=-4571 cdeg  linea=0x0
[gelatina] t=14527 ms  ATTACK       rival=si d= 108 mm rumbo=-4571 cdeg  linea=0x0
[gelatina] t=14751 ms  SEARCH       rival=no d=9999 mm rumbo=+6000 cdeg  linea=0x0
[gelatina] t=14879 ms  TRACK        rival=si d= 143 mm rumbo=+6000 cdeg  linea=0x0
[gelatina] t=14943 ms  ATTACK       rival=si d= 131 mm rumbo=-1580 cdeg  linea=0x0
[gelatina] t=15111 ms  SEARCH       rival=no d=9999 mm rumbo=-6000 cdeg  linea=0x0
WARNING: Contact joints between materials 'patin' and 'dohyo' will only be created for the 10 deepest contact points instead of all the 13 contact points.
[gelatina] t=15271 ms  TRACK        rival=si d= 208 mm rumbo=-4432 cdeg  linea=0x0
[gelatina] t=15479 ms  SEARCH       rival=no d=9999 mm rumbo=+6000 cdeg  linea=0x0
[gelatina] t=15536 ms  TRACK        rival=si d= 172 mm rumbo=+6000 cdeg  linea=0x0
[gelatina] t=15903 ms  ATTACK       rival=si d= 108 mm rumbo=+6000 cdeg  linea=0x0
[gelatina] t=16039 ms  SEARCH       rival=no d=9999 mm rumbo=+6000 cdeg  linea=0x0
[gelatina] t=16127 ms  TRACK        rival=si d= 107 mm rumbo=+6000 cdeg  linea=0x0
[gelatina] t=16135 ms  ATTACK       rival=si d= 107 mm rumbo=+6000 cdeg  linea=0x0
[gelatina] t=16367 ms  SEARCH       rival=no d=9999 mm rumbo=-6000 cdeg  linea=0x0
[gelatina] t=16527 ms  TRACK        rival=si d= 113 mm rumbo=-6000 cdeg  linea=0x0
[gelatina] t=16536 ms  ATTACK       rival=si d= 113 mm rumbo=-6000 cdeg  linea=0x0
WARNING: Contact joints between materials 'patin' and 'dohyo' will only be created for the 10 deepest contact points instead of all the 21 contact points.
[gelatina] t=16727 ms  SEARCH       rival=no d=9999 mm rumbo=+4454 cdeg  linea=0x0
[gelatina] t=16887 ms  TRACK        rival=si d= 142 mm rumbo=+4467 cdeg  linea=0x0
[gelatina] t=17095 ms  SEARCH       rival=no d=9999 mm rumbo=-6000 cdeg  linea=0x0
[gelatina] t=17159 ms  TRACK        rival=si d= 145 mm rumbo=-4503 cdeg  linea=0x0
[gelatina] t=17415 ms  ATTACK       rival=si d= 123 mm rumbo=+4541 cdeg  linea=0x0
WARNING: Contact joints between materials 'patin' and 'dohyo' will only be created for the 10 deepest contact points instead of all the 16 contact points.
[gelatina] t=17655 ms  SEARCH       rival=no d=9999 mm rumbo=-6000 cdeg  linea=0x0
[gelatina] t=17783 ms  TRACK        rival=si d= 100 mm rumbo=-4554 cdeg  linea=0x0
[gelatina] t=17792 ms  ATTACK       rival=si d= 100 mm rumbo=-4554 cdeg  linea=0x0
[gelatina] t=17983 ms  SEARCH       rival=no d=9999 mm rumbo=+4465 cdeg  linea=0x0
[gelatina] t=18143 ms  TRACK        rival=si d= 122 mm rumbo=+4560 cdeg  linea=0x0
[gelatina] t=18151 ms  ATTACK       rival=si d= 122 mm rumbo=+4560 cdeg  linea=0x0
[gelatina] t=18311 ms  SEARCH       rival=no d=9999 mm rumbo=   +0 cdeg  linea=0x0
[gelatina] t=18375 ms  TRACK        rival=si d= 167 mm rumbo=+6000 cdeg  linea=0x0
[gelatina] t=18615 ms  SEARCH       rival=no d=9999 mm rumbo=-6000 cdeg  linea=0x0
[gelatina] t=18639 ms  TRACK        rival=si d= 129 mm rumbo=-6000 cdeg  linea=0x0
[gelatina] t=18647 ms  ATTACK       rival=si d= 129 mm rumbo=-6000 cdeg  linea=0x0
[gelatina] t=18911 ms  SEARCH       rival=no d=9999 mm rumbo=+6000 cdeg  linea=0x0
WARNING: Contact joints between materials 'patin' and 'dohyo' will only be created for the 10 deepest contact points instead of all the 17 contact points.
[gelatina] t=19031 ms  TRACK        rival=si d= 160 mm rumbo=+6000 cdeg  linea=0x0
[gelatina] t=19039 ms  ATTACK       rival=si d= 123 mm rumbo=+4454 cdeg  linea=0x0
[gelatina] t=19239 ms  SEARCH       rival=no d=9999 mm rumbo=-6000 cdeg  linea=0x0
[gelatina] t=19399 ms  TRACK        rival=si d= 112 mm rumbo=-4409 cdeg  linea=0x0
[gelatina] t=19407 ms  ATTACK       rival=si d= 112 mm rumbo=-4409 cdeg  linea=0x0
[gelatina] t=19599 ms  SEARCH       rival=no d=9999 mm rumbo=+6000 cdeg  linea=0x0
[gelatina] t=19695 ms  TRACK        rival=si d= 148 mm rumbo=+6000 cdeg  linea=0x0
[gelatina] t=19799 ms  ATTACK       rival=si d= 121 mm rumbo=-6000 cdeg  linea=0x0
[gelatina] t=19935 ms  SEARCH       rival=no d=9999 mm rumbo=-6000 cdeg  linea=0x0
WARNING: Contact joints between materials 'patin' and 'dohyo' will only be created for the 10 deepest contact points instead of all the 19 contact points.
[gelatina] t=20063 ms  TRACK        rival=si d= 178 mm rumbo=-6000 cdeg  linea=0x0
[gelatina] t=20295 ms  SEARCH       rival=no d=9999 mm rumbo=+6000 cdeg  linea=0x0
[gelatina] t=20319 ms  TRACK        rival=si d= 200 mm rumbo=+6000 cdeg  linea=0x0
[gelatina] t=20423 ms  ATTACK       rival=si d= 126 mm rumbo=-4466 cdeg  linea=0x0
[gelatina] t=20591 ms  SEARCH       rival=no d=9999 mm rumbo=-6000 cdeg  linea=0x0
[gelatina] t=20687 ms  TRACK        rival=si d= 172 mm rumbo=-6000 cdeg  linea=0x0
[gelatina] t=20919 ms  ATTACK       rival=si d= 101 mm rumbo=+6000 cdeg  linea=0x0
[gelatina] t=21183 ms  SEARCH       rival=no d=9999 mm rumbo=-4529 cdeg  linea=0x0
[gelatina] t=21311 ms  TRACK        rival=si d=  90 mm rumbo=-4511 cdeg  linea=0x0
[gelatina] t=21319 ms  ATTACK       rival=si d=  90 mm rumbo=-4511 cdeg  linea=0x0
[gelatina] t=21519 ms  SEARCH       rival=no d=9999 mm rumbo=+3000 cdeg  linea=0x0
[gelatina] t=21711 ms  TRACK        rival=si d= 127 mm rumbo=+3000 cdeg  linea=0x0
[gelatina] t=21720 ms  ATTACK       rival=si d= 127 mm rumbo=+3000 cdeg  linea=0x0
WARNING: Contact joints between materials 'patin' and 'dohyo' will only be created for the 10 deepest contact points instead of all the 15 contact points.
[gelatina] t=21911 ms  SEARCH       rival=no d=9999 mm rumbo=-6000 cdeg  linea=0x0
[gelatina] t=22103 ms  TRACK        rival=si d= 133 mm rumbo=-4464 cdeg  linea=0x0
[gelatina] t=22335 ms  ATTACK       rival=si d= 107 mm rumbo=+6000 cdeg  linea=0x0
[gelatina] t=22607 ms  SEARCH       rival=no d=9999 mm rumbo=-6000 cdeg  linea=0x0
[gelatina] t=22703 ms  TRACK        rival=si d= 103 mm rumbo=-6000 cdeg  linea=0x0
[gelatina] t=22711 ms  ATTACK       rival=si d= 103 mm rumbo=-6000 cdeg  linea=0x0
[gelatina] t=22935 ms  SEARCH       rival=no d=9999 mm rumbo=+6000 cdeg  linea=0x0
[gelatina] t=23095 ms  TRACK        rival=si d=  94 mm rumbo=+3000 cdeg  linea=0x0
[gelatina] t=23103 ms  ATTACK       rival=si d=  94 mm rumbo=+3000 cdeg  linea=0x0
[gelatina] t=23295 ms  SEARCH       rival=no d=9999 mm rumbo=-6000 cdeg  linea=0x0
WARNING: Contact joints between materials 'patin' and 'dohyo' will only be created for the 10 deepest contact points instead of all the 11 contact points.
[gelatina] t=23455 ms  TRACK        rival=si d= 140 mm rumbo=-6000 cdeg  linea=0x0
[gelatina] t=23488 ms  ATTACK       rival=si d=  97 mm rumbo=-2898 cdeg  linea=0x0
[gelatina] t=23663 ms  SEARCH       rival=no d=9999 mm rumbo=+4521 cdeg  linea=0x0
[gelatina] t=23823 ms  TRACK        rival=si d= 174 mm rumbo=+4464 cdeg  linea=0x0
[gelatina] t=24024 ms  SEARCH       rival=no d=9999 mm rumbo=-4537 cdeg  linea=0x0
[gelatina] t=24087 ms  TRACK        rival=si d= 143 mm rumbo=-4518 cdeg  linea=0x0
[gelatina] t=24415 ms  ATTACK       rival=si d= 105 mm rumbo=-4551 cdeg  linea=0x0
[gelatina] t=24583 ms  SEARCH       rival=no d=9999 mm rumbo=-6000 cdeg  linea=0x0
[gelatina] t=24679 ms  TRACK        rival=si d= 117 mm rumbo=-4477 cdeg  linea=0x0
[gelatina] t=24687 ms  ATTACK       rival=si d= 117 mm rumbo=-4477 cdeg  linea=0x0
[gelatina] t=24879 ms  SEARCH       rival=no d=9999 mm rumbo=+4552 cdeg  linea=0x0
[gelatina] t=25007 ms  TRACK        rival=si d= 116 mm rumbo=+6000 cdeg  linea=0x0
[gelatina] t=25015 ms  ATTACK       rival=si d= 116 mm rumbo=+6000 cdeg  linea=0x0
[gelatina] t=25215 ms  SEARCH       rival=no d=9999 mm rumbo=-4473 cdeg  linea=0x0
WARNING: Contact joints between materials 'patin' and 'dohyo' will only be created for the 10 deepest contact points instead of all the 12 contact points.
[gelatina] t=25375 ms  TRACK        rival=si d= 158 mm rumbo=-6000 cdeg  linea=0x0
[gelatina] t=25407 ms  ATTACK       rival=si d= 106 mm rumbo=-4519 cdeg  linea=0x0
[gelatina] t=25607 ms  SEARCH       rival=no d=9999 mm rumbo=+6000 cdeg  linea=0x0
[gelatina] t=25735 ms  TRACK        rival=si d= 139 mm rumbo=+6000 cdeg  linea=0x0
[gelatina] t=25768 ms  ATTACK       rival=si d= 118 mm rumbo=+3000 cdeg  linea=0x0
[gelatina] t=25976 ms  SEARCH       rival=no d=9999 mm rumbo=-6000 cdeg  linea=0x0
[gelatina] t=26135 ms  TRACK        rival=si d= 129 mm rumbo=-6000 cdeg  linea=0x0
[gelatina] t=26143 ms  ATTACK       rival=si d= 129 mm rumbo=-6000 cdeg  linea=0x0
[gelatina] t=26367 ms  SEARCH       rival=no d=9999 mm rumbo=+6000 cdeg  linea=0x0
[gelatina] t=26495 ms  TRACK        rival=si d= 140 mm rumbo=+4575 cdeg  linea=0x0
[gelatina] t=26759 ms  ATTACK       rival=si d= 127 mm rumbo=-4516 cdeg  linea=0x0
[gelatina] t=26991 ms  SEARCH       rival=no d=9999 mm rumbo=+6000 cdeg  linea=0x0
[gelatina] t=27119 ms  TRACK        rival=si d= 135 mm rumbo=+4534 cdeg  linea=0x0
[gelatina] t=27151 ms  ATTACK       rival=si d= 124 mm rumbo=   +0 cdeg  linea=0x0
[gelatina] t=27327 ms  SEARCH       rival=no d=9999 mm rumbo=-6000 cdeg  linea=0x0
WARNING: Contact joints between materials 'patin' and 'dohyo' will only be created for the 10 deepest contact points instead of all the 12 contact points.
[gelatina] t=27519 ms  TRACK        rival=si d= 132 mm rumbo=-4472 cdeg  linea=0x0
[gelatina] t=27527 ms  ATTACK       rival=si d= 132 mm rumbo=-4472 cdeg  linea=0x0
[gelatina] t=27720 ms  SEARCH       rival=no d=9999 mm rumbo=+6000 cdeg  linea=0x0
[gelatina] t=27879 ms  TRACK        rival=si d= 199 mm rumbo=+4476 cdeg  linea=0x0
[gelatina] t=28087 ms  SEARCH       rival=no d=9999 mm rumbo=-6000 cdeg  linea=0x0
[gelatina] t=28143 ms  TRACK        rival=si d= 156 mm rumbo=-6000 cdeg  linea=0x0
[gelatina] t=28439 ms  ATTACK       rival=si d= 130 mm rumbo=+3000 cdeg  linea=0x0
[gelatina] t=28647 ms  SEARCH       rival=no d=9999 mm rumbo=-4519 cdeg  linea=0x0
WARNING: Contact joints between materials 'patin' and 'dohyo' will only be created for the 10 deepest contact points instead of all the 15 contact points.
[gelatina] t=28807 ms  TRACK        rival=si d= 117 mm rumbo=-4533 cdeg  linea=0x0
[gelatina] t=28815 ms  ATTACK       rival=si d= 117 mm rumbo=-4533 cdeg  linea=0x0
[gelatina] t=29007 ms  SEARCH       rival=no d=9999 mm rumbo=+6000 cdeg  linea=0x0
[gelatina] t=29135 ms  TRACK        rival=si d= 145 mm rumbo=+6000 cdeg  linea=0x0
[gelatina] t=29167 ms  ATTACK       rival=si d= 130 mm rumbo=+3000 cdeg  linea=0x0
[gelatina] t=29367 ms  SEARCH       rival=no d=9999 mm rumbo=-6000 cdeg  linea=0x0
[gelatina] t=29495 ms  TRACK        rival=si d= 157 mm rumbo=-6000 cdeg  linea=0x0
[gelatina] t=29727 ms  ATTACK       rival=si d= 132 mm rumbo=+6000 cdeg  linea=0x0
WARNING: Contact joints between materials 'patin' and 'dohyo' will only be created for the 10 deepest contact points instead of all the 15 contact points.
[gelatina] t=30031 ms  SEARCH       rival=no d=9999 mm rumbo=-6000 cdeg  linea=0x0
[gelatina] t=30127 ms  TRACK        rival=si d=  97 mm rumbo=-4549 cdeg  linea=0x0
[gelatina] t=30135 ms  ATTACK       rival=si d=  97 mm rumbo=-4549 cdeg  linea=0x0
[gelatina] t=30327 ms  SEARCH       rival=no d=9999 mm rumbo=+4515 cdeg  linea=0x0
[gelatina] t=30488 ms  TRACK        rival=si d=  74 mm rumbo=+4535 cdeg  linea=0x0
[gelatina] t=30495 ms  ATTACK       rival=si d=  74 mm rumbo=+4535 cdeg  linea=0x0
[gelatina] t=30687 ms  SEARCH       rival=no d=9999 mm rumbo=-4514 cdeg  linea=0x0
[gelatina] t=30887 ms  TRACK        rival=si d= 108 mm rumbo=-3000 cdeg  linea=0x0
[gelatina] t=30895 ms  ATTACK       rival=si d= 108 mm rumbo=-3000 cdeg  linea=0x0
WARNING: Contact joints between materials 'patin' and 'dohyo' will only be created for the 10 deepest contact points instead of all the 12 contact points.
[gelatina] t=31087 ms  SEARCH       rival=no d=9999 mm rumbo=+6000 cdeg  linea=0x0
[gelatina] t=31280 ms  TRACK        rival=si d= 103 mm rumbo=+4550 cdeg  linea=0x0
[gelatina] t=31287 ms  ATTACK       rival=si d= 103 mm rumbo=+4550 cdeg  linea=0x0
[gelatina] t=31519 ms  SEARCH       rival=no d=9999 mm rumbo=-6000 cdeg  linea=0x0
[gelatina] t=31679 ms  TRACK        rival=si d= 153 mm rumbo=-3000 cdeg  linea=0x0
[gelatina] t=31879 ms  SEARCH       rival=no d=9999 mm rumbo=+4539 cdeg  linea=0x0
[gelatina] t=31903 ms  TRACK        rival=si d= 146 mm rumbo=+6000 cdeg  linea=0x0
[gelatina] t=32007 ms  ATTACK       rival=si d= 125 mm rumbo=-6000 cdeg  linea=0x0
[gelatina] t=32143 ms  SEARCH       rival=no d=9999 mm rumbo=-6000 cdeg  linea=0x0
[gelatina] t=32239 ms  TRACK        rival=si d= 181 mm rumbo=-6000 cdeg  linea=0x0
[gelatina] t=32536 ms  ATTACK       rival=si d= 123 mm rumbo=+4554 cdeg  linea=0x0
[gelatina] t=32768 ms  SEARCH       rival=no d=9999 mm rumbo=-6000 cdeg  linea=0x0
[gelatina] t=32895 ms  TRACK        rival=si d= 132 mm rumbo=-4514 cdeg  linea=0x0
[gelatina] t=32903 ms  ATTACK       rival=si d= 132 mm rumbo=-4514 cdeg  linea=0x0
[gelatina] t=33095 ms  SEARCH       rival=no d=9999 mm rumbo=+6000 cdeg  linea=0x0
[gelatina] t=33287 ms  TRACK        rival=si d= 155 mm rumbo=+6000 cdeg  linea=0x0
[gelatina] t=33295 ms  ATTACK       rival=si d=  93 mm rumbo=+4426 cdeg  linea=0x0
[gelatina] t=33495 ms  SEARCH       rival=no d=9999 mm rumbo=-6000 cdeg  linea=0x0
[gelatina] t=33687 ms  TRACK        rival=si d= 156 mm rumbo=-6000 cdeg  linea=0x0
[gelatina] t=33720 ms  ATTACK       rival=si d= 121 mm rumbo=-1533 cdeg  linea=0x0
[gelatina] t=33919 ms  SEARCH       rival=no d=9999 mm rumbo=+6000 cdeg  linea=0x0
[gelatina] t=34048 ms  TRACK        rival=si d= 151 mm rumbo=+6000 cdeg  linea=0x0
[gelatina] t=34087 ms  ATTACK       rival=si d= 122 mm rumbo=+1473 cdeg  linea=0x0
[gelatina] t=34287 ms  SEARCH       rival=no d=9999 mm rumbo=-6000 cdeg  linea=0x0
WARNING: Contact joints between materials 'patin' and 'dohyo' will only be created for the 10 deepest contact points instead of all the 13 contact points.
[gelatina] t=34415 ms  TRACK        rival=si d= 132 mm rumbo=-6000 cdeg  linea=0x0
[gelatina] t=34423 ms  ATTACK       rival=si d= 132 mm rumbo=-6000 cdeg  linea=0x0
[gelatina] t=34647 ms  SEARCH       rival=no d=9999 mm rumbo=+6000 cdeg  linea=0x0
[gelatina] t=34775 ms  TRACK        rival=si d= 182 mm rumbo=+6000 cdeg  linea=0x0
[gelatina] t=35015 ms  SEARCH       rival=no d=9999 mm rumbo=-6000 cdeg  linea=0x0
[gelatina] t=35039 ms  TRACK        rival=si d= 192 mm rumbo=-6000 cdeg  linea=0x0
[gelatina] t=35304 ms  ATTACK       rival=si d= 106 mm rumbo=+4528 cdeg  linea=0x0
[gelatina] t=35543 ms  SEARCH       rival=no d=9999 mm rumbo=-6000 cdeg  linea=0x0
[gelatina] t=35671 ms  TRACK        rival=si d=  87 mm rumbo=-4526 cdeg  linea=0x0
[gelatina] t=35679 ms  ATTACK       rival=si d=  87 mm rumbo=-4526 cdeg  linea=0x0
[gelatina] t=35871 ms  SEARCH       rival=no d=9999 mm rumbo=+4503 cdeg  linea=0x0
[gelatina] t=36031 ms  TRACK        rival=si d= 118 mm rumbo=+6000 cdeg  linea=0x0
[gelatina] t=36039 ms  ATTACK       rival=si d= 118 mm rumbo=+6000 cdeg  linea=0x0
[gelatina] t=36232 ms  SEARCH       rival=no d=9999 mm rumbo=-3000 cdeg  linea=0x0
[gelatina] t=36431 ms  TRACK        rival=si d= 160 mm rumbo=-6000 cdeg  linea=0x0
[gelatina] t=36527 ms  ATTACK       rival=si d= 119 mm rumbo=+6000 cdeg  linea=0x0
[gelatina] t=36663 ms  SEARCH       rival=no d=9999 mm rumbo=+6000 cdeg  linea=0x0
[gelatina] t=36792 ms  TRACK        rival=si d= 167 mm rumbo=+4509 cdeg  linea=0x0
[gelatina] t=36991 ms  SEARCH       rival=no d=9999 mm rumbo=-4547 cdeg  linea=0x0
[gelatina] t=37024 ms  TRACK        rival=si d= 134 mm rumbo=-6000 cdeg  linea=0x0
[gelatina] t=37055 ms  ATTACK       rival=si d= 127 mm rumbo=-4481 cdeg  linea=0x0
[gelatina] t=37287 ms  SEARCH       rival=no d=9999 mm rumbo=+6000 cdeg  linea=0x0
[gelatina] t=37415 ms  TRACK        rival=si d= 179 mm rumbo=+6000 cdeg  linea=0x0
WARNING: Contact joints between materials 'patin' and 'dohyo' will only be created for the 10 deepest contact points instead of all the 11 contact points.
[gelatina] t=37655 ms  SEARCH       rival=no d=9999 mm rumbo=-6000 cdeg  linea=0x0
[gelatina] t=37679 ms  TRACK        rival=si d= 204 mm rumbo=-6000 cdeg  linea=0x0
[gelatina] t=37711 ms  ATTACK       rival=si d= 130 mm rumbo=-4508 cdeg  linea=0x0
[gelatina] t=37951 ms  SEARCH       rival=no d=9999 mm rumbo=+6000 cdeg  linea=0x0
[gelatina] t=38079 ms  TRACK        rival=si d= 143 mm rumbo=+6000 cdeg  linea=0x0
[gelatina] t=38407 ms  ATTACK       rival=si d= 119 mm rumbo=+1496 cdeg  linea=0x0
WARNING: Contact joints between materials 'patin' and 'dohyo' will only be created for the 10 deepest contact points instead of all the 19 contact points.
[gelatina] t=39103 ms  SEARCH       rival=no d=9999 mm rumbo=-3000 cdeg  linea=0x0
[gelatina] t=39135 ms  TRACK        rival=si d=  61 mm rumbo=   +0 cdeg  linea=0x0
[gelatina] t=39143 ms  ATTACK       rival=si d=  61 mm rumbo=   +0 cdeg  linea=0x0
[gelatina] t=39567 ms  SEARCH       rival=no d=9999 mm rumbo=+3000 cdeg  linea=0x0
[gelatina] t=39663 ms  TRACK        rival=si d=  31 mm rumbo=-3046 cdeg  linea=0x0
[gelatina] t=39671 ms  ATTACK       rival=si d=  31 mm rumbo=-3046 cdeg  linea=0x0
[arbitro] asalto 12/30  espalda  rival fuera     +1  39.72 s
[inercia] asalto=12 robot=GELATINA rueda=0 rotor=2.88082981e-05
[inercia] asalto=12 robot=GELATINA rueda=1 rotor=2.21846125e-05
[inercia] asalto=12 robot=RIVAL rueda=0 rotor=2.02228593e-05
[inercia] asalto=12 robot=RIVAL rueda=1 rotor=1.29426815e-05
[planta] asalto=12 mu=1.27170733 slip=0.00193049967 aleatorio=1
WARNING: DEF GELATINA GelatinaNuclear > HingeJoint "rueda_izq" > Solid "rueda_izq": Webots has detected that this solid is light and oblong according to its inertia matrix. This belongs in the physics edge cases, and can imply weird physical results. Increasing the weight of the object or reducing its eccentricity are recommended.
WARNING: DEF GELATINA GelatinaNuclear > HingeJoint "rueda_der" > Solid "rueda_der": Webots has detected that this solid is light and oblong according to its inertia matrix. This belongs in the physics edge cases, and can imply weird physical results. Increasing the weight of the object or reducing its eccentricity are recommended.
[gelatina] fin de asalto motor={"battery_v":7.78370068,"resistance_ohm":[3.92485013,4.32708683],"bridge_ohm":[0.642092502,0.514355052],"omega_rad_s":[-22.5510018,38.6394721],"current_a":[1.00217686,-0.334922299],"torque_nm":[0.0583377988,-0.01989786],"applied_pwm":[0.372799993,0.160000026],"over_1_2a_samples":2520,"over_3_2a_samples":2}
[gelatina] t=    0 ms  WAIT         rival=no d=9999 mm rumbo=-4549 cdeg  linea=0x0
[rival] fin de asalto motor={"battery_v":7.35940934,"resistance_ohm":[4.20092268,4.03153186],"bridge_ohm":[0.654936934,0.643455923],"omega_rad_s":[-46.0234341,-41.8662601],"current_a":[0.107069659,1.68929209],"torque_nm":[0.0108829405,0.0862289413],"applied_pwm":[-0.5,0.5],"over_1_2a_samples":161,"over_3_2a_samples":0}
WARNING: Contact joints between materials 'patin' and 'dohyo' will only be created for the 10 deepest contact points instead of all the 25 contact points.
[planta] gelatina ciclo=14 rueda=0 V=7.81968949 R=3.77571149 Rpuente=0.601754832 I0=0.171229979 Ke=0.0835035964 Kt=0.0483794733
[planta] gelatina ciclo=14 rueda=1 V=7.81968949 R=4.29479418 Rpuente=0.535371196 I0=0.146809486 Ke=0.0898969561 Kt=0.0483794733
[sensores] gelatina ToF alcance=1235.91762 minimo=28.4032965 sigma_rel=0.0526827812
[gelatina] pulsador recibido: permiso previsto 215208 ms
[planta] rival ciclo=14 rueda=0 V=7.06243634 R=4.2253078 Rpuente=0.678492641 I0=0.166264021 Ke=0.0672468628 Kt=0.0483794733
[planta] rival ciclo=14 rueda=1 V=7.06243634 R=3.72538314 Rpuente=0.599042988 I0=0.217331082 Ke=0.0752747108 Kt=0.0483794733
[sensores] rival ToF alcance=1359.72791 minimo=31.8657815 sigma_rel=0.0640428019
[arranque] pulsador=210208 permiso=215208 ms
[gelatina] permiso de arranque a los 215208 ms
[gelatina] t=    0 ms  TRACK        rival=si d=  78 mm rumbo=-1460 cdeg  linea=0x0
[gelatina] t=    8 ms  ATTACK       rival=si d=  78 mm rumbo=-1460 cdeg  linea=0x0
WARNING: Contact joints between materials 'rueda' and 'dohyo' will only be created for the 10 deepest contact points instead of all the 12 contact points.
[arbitro] asalto 13/30  frente   rival fuera     +1   0.78 s
[inercia] asalto=13 robot=GELATINA rueda=0 rotor=2.61794023e-05
[inercia] asalto=13 robot=GELATINA rueda=1 rotor=2.46104581e-05
[inercia] asalto=13 robot=RIVAL rueda=0 rotor=2.3552737e-05
[inercia] asalto=13 robot=RIVAL rueda=1 rotor=1.04106477e-05
[planta] asalto=13 mu=1.50209305 slip=0.0014939425 aleatorio=1
[gelatina] fin de asalto motor={"battery_v":7.81968949,"resistance_ohm":[3.77571149,4.29479418],"bridge_ohm":[0.601754832,0.535371196],"omega_rad_s":[50.0609126,32.087966],"current_a":[0.831399485,1.02172051],"torque_nm":[0.031938653,0.0423277345],"applied_pwm":[1,1],"over_1_2a_samples":2543,"over_3_2a_samples":2}
[gelatina] t=    0 ms  WAIT         rival=no d=9999 mm rumbo=   +0 cdeg  linea=0x1
[rival] fin de asalto motor={"battery_v":7.06243634,"resistance_ohm":[4.2253078,3.72538314],"bridge_ohm":[0.678492641,0.599042988],"omega_rad_s":[-29.0862779,-10.0100439],"current_a":[-0.465251573,-0.805646471],"torque_nm":[-0.0144648603,-0.0284623887],"applied_pwm":[-0.6,-0.6],"over_1_2a_samples":170,"over_3_2a_samples":0}
[planta] gelatina ciclo=15 rueda=0 V=7.8535081 R=4.13632083 Rpuente=0.61365056 I0=0.11658918 Ke=0.0819797387 Kt=0.0483794733
[planta] gelatina ciclo=15 rueda=1 V=7.8535081 R=4.26982679 Rpuente=0.61155771 I0=0.117562258 Ke=0.0793098335 Kt=0.0483794733
[sensores] gelatina ToF alcance=1186.6513 minimo=34.3867594 sigma_rel=0.0899988461
[gelatina] pulsador recibido: permiso previsto 221296 ms
[planta] rival ciclo=15 rueda=0 V=7.79608055 R=3.89425573 Rpuente=0.562789214 I0=0.12998102 Ke=0.0820266753 Kt=0.0483794733
[planta] rival ciclo=15 rueda=1 V=7.79608055 R=4.28536472 Rpuente=0.640836501 I0=0.182599112 Ke=0.0697131144 Kt=0.0483794733
[arranque] pulsador=216296 permiso=221296 ms
[sensores] rival ToF alcance=700.536126 minimo=43.0209565 sigma_rel=0.106094422
[gelatina] permiso de arranque a los 221296 ms
[gelatina] t=    0 ms  OPENING      rival=no d=9999 mm rumbo=   +0 cdeg  linea=0x0
WARNING: Contact joints between materials 'rueda' and 'dohyo' will only be created for the 10 deepest contact points instead of all the 13 contact points.
[gelatina] t=   64 ms  TRACK        rival=si d=  65 mm rumbo=-6000 cdeg  linea=0x0
[gelatina] t=   72 ms  ATTACK       rival=si d=  65 mm rumbo=-6000 cdeg  linea=0x0
[gelatina] t=  368 ms  SEARCH       rival=no d=9999 mm rumbo=-3000 cdeg  linea=0x0
[gelatina] t=  424 ms  TRACK        rival=si d=  37 mm rumbo=-3000 cdeg  linea=0x0
[gelatina] t=  432 ms  ATTACK       rival=si d=  37 mm rumbo=-3000 cdeg  linea=0x0
[gelatina] t=  560 ms  SEARCH       rival=no d=9999 mm rumbo=-3000 cdeg  linea=0x0
[gelatina] t=  624 ms  TRACK        rival=si d=  33 mm rumbo=+3000 cdeg  linea=0x0
[gelatina] t=  632 ms  ATTACK       rival=si d=  33 mm rumbo=+3000 cdeg  linea=0x0
WARNING: Contact joints between materials 'patin' and 'dohyo' will only be created for the 10 deepest contact points instead of all the 26 contact points.
WARNING: Contact joints between materials 'patin' and 'dohyo' will only be created for the 10 deepest contact points instead of all the 26 contact points.
WARNING: Contact joints between materials 'patin' and 'dohyo' will only be created for the 10 deepest contact points instead of all the 26 contact points.
WARNING: Contact joints between materials 'patin' and 'dohyo' will only be created for the 10 deepest contact points instead of all the 26 contact points.
WARNING: Contact joints between materials 'patin' and 'dohyo' will only be created for the 10 deepest contact points instead of all the 26 contact points.
WARNING: Contact joints between materials 'patin' and 'dohyo' will only be created for the 10 deepest contact points instead of all the 26 contact points.
WARNING: Contact joints between materials 'patin' and 'dohyo' will only be created for the 10 deepest contact points instead of all the 26 contact points.
WARNING: Contact joints between materials 'patin' and 'dohyo' will only be created for the 10 deepest contact points instead of all the 26 contact points.
WARNING: Contact joints between materials 'patin' and 'dohyo' will only be created for the 10 deepest contact points instead of all the 26 contact points.
WARNING: Contact joints between materials 'patin' and 'dohyo' will only be created for the 10 deepest contact points instead of all the 26 contact points.
WARNING: Contact joints between materials 'patin' and 'dohyo' will only be created for the 10 deepest contact points instead of all the 26 contact points.
WARNING: Contact joints between materials 'patin' and 'dohyo' will only be created for the 10 deepest contact points instead of all the 26 contact points.
WARNING: Contact joints between materials 'patin' and 'dohyo' will only be created for the 10 deepest contact points instead of all the 26 contact points.
WARNING: Contact joints between materials 'patin' and 'dohyo' will only be created for the 10 deepest contact points instead of all the 26 contact points.
WARNING: Contact joints between materials 'patin' and 'dohyo' will only be created for the 10 deepest contact points instead of all the 26 contact points.
WARNING: Contact joints between materials 'patin' and 'dohyo' will only be created for the 10 deepest contact points instead of all the 26 contact points.
WARNING: Contact joints between materials 'patin' and 'dohyo' will only be created for the 10 deepest contact points instead of all the 26 contact points.
WARNING: Contact joints between materials 'patin' and 'dohyo' will only be created for the 10 deepest contact points instead of all the 26 contact points.
WARNING: Contact joints between materials 'patin' and 'dohyo' will only be created for the 10 deepest contact points instead of all the 26 contact points.
WARNING: Contact joints between materials 'patin' and 'dohyo' will only be created for the 10 deepest contact points instead of all the 26 contact points.
WARNING: Contact joints between materials 'patin' and 'dohyo' will only be created for the 10 deepest contact points instead of all the 26 contact points.
WARNING: Contact joints between materials 'patin' and 'dohyo' will only be created for the 10 deepest contact points instead of all the 26 contact points.
WARNING: Contact joints between materials 'patin' and 'dohyo' will only be created for the 10 deepest contact points instead of all the 26 contact points.
WARNING: Contact joints between materials 'patin' and 'dohyo' will only be created for the 10 deepest contact points instead of all the 26 contact points.
WARNING: Contact joints between materials 'patin' and 'dohyo' will only be created for the 10 deepest contact points instead of all the 26 contact points.
WARNING: Contact joints between materials 'patin' and 'dohyo' will only be created for the 10 deepest contact points instead of all the 26 contact points.
WARNING: Contact joints between materials 'patin' and 'dohyo' will only be created for the 10 deepest contact points instead of all the 26 contact points.
WARNING: Contact joints between materials 'patin' and 'dohyo' will only be created for the 10 deepest contact points instead of all the 26 contact points.
WARNING: Contact joints between materials 'patin' and 'dohyo' will only be created for the 10 deepest contact points instead of all the 26 contact points.
WARNING: Contact joints between materials 'patin' and 'dohyo' will only be created for the 10 deepest contact points instead of all the 26 contact points.
WARNING: Contact joints between materials 'patin' and 'dohyo' will only be created for the 10 deepest contact points instead of all the 26 contact points.
WARNING: Contact joints between materials 'patin' and 'dohyo' will only be created for the 10 deepest contact points instead of all the 26 contact points.
WARNING: Contact joints between materials 'patin' and 'dohyo' will only be created for the 10 deepest contact points instead of all the 26 contact points.
WARNING: Contact joints between materials 'patin' and 'dohyo' will only be created for the 10 deepest contact points instead of all the 26 contact points.
WARNING: Contact joints between materials 'patin' and 'dohyo' will only be created for the 10 deepest contact points instead of all the 26 contact points.
WARNING: Contact joints between materials 'patin' and 'dohyo' will only be created for the 10 deepest contact points instead of all the 26 contact points.
WARNING: Contact joints between materials 'patin' and 'dohyo' will only be created for the 10 deepest contact points instead of all the 26 contact points.
WARNING: Contact joints between materials 'patin' and 'dohyo' will only be created for the 10 deepest contact points instead of all the 26 contact points.
WARNING: Contact joints between materials 'patin' and 'dohyo' will only be created for the 10 deepest contact points instead of all the 26 contact points.
WARNING: Contact joints between materials 'patin' and 'dohyo' will only be created for the 10 deepest contact points instead of all the 26 contact points.
WARNING: Contact joints between materials 'patin' and 'dohyo' will only be created for the 10 deepest contact points instead of all the 26 contact points.
WARNING: Contact joints between materials 'patin' and 'dohyo' will only be created for the 10 deepest contact points instead of all the 26 contact points.
WARNING: Contact joints between materials 'patin' and 'dohyo' will only be created for the 10 deepest contact points instead of all the 26 contact points.
WARNING: Contact joints between materials 'patin' and 'dohyo' will only be created for the 10 deepest contact points instead of all the 26 contact points.
WARNING: Contact joints between materials 'patin' and 'dohyo' will only be created for the 10 deepest contact points instead of all the 26 contact points.
WARNING: Contact joints between materials 'patin' and 'dohyo' will only be created for the 10 deepest contact points instead of all the 26 contact points.
WARNING: Contact joints between materials 'patin' and 'dohyo' will only be created for the 10 deepest contact points instead of all the 26 contact points.
WARNING: Contact joints between materials 'patin' and 'dohyo' will only be created for the 10 deepest contact points instead of all the 26 contact points.
WARNING: Contact joints between materials 'patin' and 'dohyo' will only be created for the 10 deepest contact points instead of all the 26 contact points.
WARNING: Contact joints between materials 'patin' and 'dohyo' will only be created for the 10 deepest contact points instead of all the 26 contact points.
WARNING: Contact joints between materials 'patin' and 'dohyo' will only be created for the 10 deepest contact points instead of all the 26 contact points.
WARNING: Contact joints between materials 'patin' and 'dohyo' will only be created for the 10 deepest contact points instead of all the 26 contact points.
WARNING: Contact joints between materials 'patin' and 'dohyo' will only be created for the 10 deepest contact points instead of all the 26 contact points.
WARNING: Contact joints between materials 'patin' and 'dohyo' will only be created for the 10 deepest contact points instead of all the 26 contact points.
WARNING: Contact joints between materials 'patin' and 'dohyo' will only be created for the 10 deepest contact points instead of all the 26 contact points.
WARNING: Contact joints between materials 'patin' and 'dohyo' will only be created for the 10 deepest contact points instead of all the 26 contact points.
WARNING: Contact joints between materials 'patin' and 'dohyo' will only be created for the 10 deepest contact points instead of all the 26 contact points.
WARNING: Contact joints between materials 'patin' and 'dohyo' will only be created for the 10 deepest contact points instead of all the 26 contact points.
WARNING: Contact joints between materials 'patin' and 'dohyo' will only be created for the 10 deepest contact points instead of all the 26 contact points.
[arbitro] asalto 14/30  lado     tiempo agotado  +0  60.00 s
[inercia] asalto=14 robot=GELATINA rueda=0 rotor=3.45519821e-05
[inercia] asalto=14 robot=GELATINA rueda=1 rotor=1.80819447e-05
[inercia] asalto=14 robot=RIVAL rueda=0 rotor=2.99833326e-05
[inercia] asalto=14 robot=RIVAL rueda=1 rotor=1.6403885e-05
[planta] asalto=14 mu=1.02143929 slip=0.00112669098 aleatorio=1
[gelatina] fin de asalto motor={"battery_v":7.8535081,"resistance_ohm":[4.13632083,4.26982679],"bridge_ohm":[0.61365056,0.61155771],"omega_rad_s":[0.000207362632,91.7866747],"current_a":[0.73009905,0.117573655],"torque_nm":[0.0353206379,5.51344927e-07],"applied_pwm":[0.441581845,1],"over_1_2a_samples":2579,"over_3_2a_samples":2}
[gelatina] t=    0 ms  WAIT         rival=si d=  48 mm rumbo=+3000 cdeg  linea=0x0
[rival] fin de asalto motor={"battery_v":7.79608055,"resistance_ohm":[3.89425573,4.28536472],"bridge_ohm":[0.562789214,0.640836501],"omega_rad_s":[-0.000294533265,43.0122676],"current_a":[-0.87457411,0.18259935],"torque_nm":[-0.0423095827,1.15147333e-08],"applied_pwm":[-0.5,0.5],"over_1_2a_samples":172,"over_3_2a_samples":0}
[planta] gelatina ciclo=16 rueda=0 V=7.88949691 R=3.98718219 Rpuente=0.573312902 I0=0.084158197 Ke=0.0922485782 Kt=0.0483794733
[planta] gelatina ciclo=16 rueda=1 V=7.88949691 R=4.23753414 Rpuente=0.632573855 I0=0.188006803 Ke=0.0651499959 Kt=0.0483794733
[sensores] gelatina ToF alcance=1017.06342 minimo=34.5883363 sigma_rel=0.0403794527
[gelatina] pulsador recibido: permiso previsto 286608 ms
[planta] rival ciclo=16 rueda=0 V=7.74781677 R=3.87866006 Rpuente=0.517816639 I0=0.143965557 Ke=0.0764131643 Kt=0.0483794733
[planta] rival ciclo=16 rueda=1 V=7.74781677 R=3.68229089 Rpuente=0.565757143 I0=0.131612831 Ke=0.0819868945 Kt=0.0483794733
[sensores] rival ToF alcance=1355.56148 minimo=42.1142519 sigma_rel=0.0523576927
[arranque] pulsador=281608 permiso=286608 ms
[gelatina] permiso de arranque a los 286608 ms
[gelatina] t=    0 ms  OPENING      rival=no d=9999 mm rumbo=+3000 cdeg  linea=0x0
WARNING: Contact joints between materials 'patin' and 'dohyo' will only be created for the 10 deepest contact points instead of all the 17 contact points.
[gelatina] t=  112 ms  SEARCH       rival=no d=9999 mm rumbo=+3000 cdeg  linea=0x0
[gelatina] t=  328 ms  TRACK        rival=si d=  90 mm rumbo=+6000 cdeg  linea=0x0
[gelatina] t=  336 ms  ATTACK       rival=si d=  90 mm rumbo=+6000 cdeg  linea=0x0
[gelatina] t=  560 ms  SEARCH       rival=no d=9999 mm rumbo=-6000 cdeg  linea=0x0
[gelatina] t=  656 ms  TRACK        rival=si d= 112 mm rumbo=-6000 cdeg  linea=0x0
[gelatina] t=  664 ms  ATTACK       rival=si d= 112 mm rumbo=-6000 cdeg  linea=0x0
[gelatina] t=  888 ms  SEARCH       rival=no d=9999 mm rumbo=+6000 cdeg  linea=0x0
[gelatina] t=  984 ms  TRACK        rival=si d= 119 mm rumbo=+4517 cdeg  linea=0x0
[gelatina] t=  992 ms  ATTACK       rival=si d= 119 mm rumbo=+4517 cdeg  linea=0x0
[gelatina] t= 1192 ms  SEARCH       rival=no d=9999 mm rumbo=-6000 cdeg  linea=0x0
WARNING: Contact joints between materials 'patin' and 'dohyo' will only be created for the 10 deepest contact points instead of all the 15 contact points.
[gelatina] t= 1320 ms  TRACK        rival=si d= 135 mm rumbo=-6000 cdeg  linea=0x0
[gelatina] t= 1352 ms  ATTACK       rival=si d= 128 mm rumbo=-3000 cdeg  linea=0x0
[gelatina] t= 1552 ms  SEARCH       rival=no d=9999 mm rumbo=+6000 cdeg  linea=0x0
[gelatina] t= 1648 ms  TRACK        rival=si d= 169 mm rumbo=+6000 cdeg  linea=0x0
[gelatina] t= 1912 ms  ATTACK       rival=si d= 132 mm rumbo=   +0 cdeg  linea=0x0
[gelatina] t= 2112 ms  SEARCH       rival=no d=9999 mm rumbo=+6000 cdeg  linea=0x0
[gelatina] t= 2136 ms  TRACK        rival=si d= 122 mm rumbo=+6000 cdeg  linea=0x0
[gelatina] t= 2144 ms  ATTACK       rival=si d= 122 mm rumbo=+6000 cdeg  linea=0x0
WARNING: Contact joints between materials 'rueda' and 'dohyo' will only be created for the 10 deepest contact points instead of all the 12 contact points.
[gelatina] t= 2408 ms  SEARCH       rival=no d=9999 mm rumbo=-6000 cdeg  linea=0x0
[gelatina] t= 2504 ms  TRACK        rival=si d=  91 mm rumbo=-6000 cdeg  linea=0x0
[gelatina] t= 2512 ms  ATTACK       rival=si d=  91 mm rumbo=-6000 cdeg  linea=0x0
[gelatina] t= 2736 ms  SEARCH       rival=no d=9999 mm rumbo=+6000 cdeg  linea=0x0
[gelatina] t= 2864 ms  TRACK        rival=si d= 105 mm rumbo=+6000 cdeg  linea=0x0
[gelatina] t= 2872 ms  ATTACK       rival=si d= 105 mm rumbo=+6000 cdeg  linea=0x0
[gelatina] t= 3072 ms  SEARCH       rival=no d=9999 mm rumbo=-4490 cdeg  linea=0x0
[gelatina] t= 3200 ms  TRACK        rival=si d= 116 mm rumbo=-6000 cdeg  linea=0x0
[gelatina] t= 3208 ms  ATTACK       rival=si d= 116 mm rumbo=-6000 cdeg  linea=0x0
[gelatina] t= 3400 ms  SEARCH       rival=no d=9999 mm rumbo=+4493 cdeg  linea=0x0
WARNING: Contact joints between materials 'rueda' and 'dohyo' will only be created for the 10 deepest contact points instead of all the 12 contact points.
[gelatina] t= 3496 ms  TRACK        rival=si d= 116 mm rumbo=+6000 cdeg  linea=0x0
[gelatina] t= 3504 ms  ATTACK       rival=si d= 116 mm rumbo=+6000 cdeg  linea=0x0
[gelatina] t= 3728 ms  SEARCH       rival=no d=9999 mm rumbo=-6000 cdeg  linea=0x0
[gelatina] t= 3824 ms  TRACK        rival=si d= 134 mm rumbo=-6000 cdeg  linea=0x0
[gelatina] t= 3856 ms  ATTACK       rival=si d= 117 mm rumbo=-3000 cdeg  linea=0x0
[gelatina] t= 4056 ms  SEARCH       rival=no d=9999 mm rumbo=+6000 cdeg  linea=0x0
[gelatina] t= 4120 ms  TRACK        rival=si d= 120 mm rumbo=+6000 cdeg  linea=0x0
[gelatina] t= 4128 ms  ATTACK       rival=si d= 120 mm rumbo=+6000 cdeg  linea=0x0
[gelatina] t= 4360 ms  SEARCH       rival=no d=9999 mm rumbo=-6000 cdeg  linea=0x0
WARNING: Contact joints between materials 'rueda' and 'dohyo' will only be created for the 10 deepest contact points instead of all the 11 contact points.
[gelatina] t= 4448 ms  TRACK        rival=si d= 132 mm rumbo=-6000 cdeg  linea=0x0
[gelatina] t= 4456 ms  ATTACK       rival=si d= 132 mm rumbo=-6000 cdeg  linea=0x0
[gelatina] t= 4952 ms  SEARCH       rival=no d=9999 mm rumbo=-1491 cdeg  linea=0x0
[gelatina] t= 5144 ms  TRACK        rival=si d=  73 mm rumbo=-6000 cdeg  linea=0x0
[gelatina] t= 5152 ms  ATTACK       rival=si d=  73 mm rumbo=-6000 cdeg  linea=0x0
[gelatina] t= 5344 ms  SEARCH       rival=no d=9999 mm rumbo=+4535 cdeg  linea=0x0
WARNING: Contact joints between materials 'rueda' and 'dohyo' will only be created for the 10 deepest contact points instead of all the 12 contact points.
[gelatina] t= 5472 ms  TRACK        rival=si d=  73 mm rumbo=+6000 cdeg  linea=0x0
[gelatina] t= 5480 ms  ATTACK       rival=si d=  73 mm rumbo=+6000 cdeg  linea=0x0
[gelatina] t= 5680 ms  SEARCH       rival=no d=9999 mm rumbo=-4533 cdeg  linea=0x0
[gelatina] t= 5768 ms  TRACK        rival=si d= 103 mm rumbo=-6000 cdeg  linea=0x0
[gelatina] t= 5776 ms  ATTACK       rival=si d= 103 mm rumbo=-6000 cdeg  linea=0x0
[gelatina] t= 6008 ms  SEARCH       rival=no d=9999 mm rumbo=+6000 cdeg  linea=0x0
[gelatina] t= 6096 ms  TRACK        rival=si d=  86 mm rumbo=+6000 cdeg  linea=0x0
[gelatina] t= 6104 ms  ATTACK       rival=si d=  86 mm rumbo=+4542 cdeg  linea=0x0
[gelatina] t= 6336 ms  SEARCH       rival=no d=9999 mm rumbo=-6000 cdeg  linea=0x0
[gelatina] t= 6400 ms  TRACK        rival=si d=  95 mm rumbo=-6000 cdeg  linea=0x0
[gelatina] t= 6408 ms  ATTACK       rival=si d=  95 mm rumbo=-6000 cdeg  linea=0x0
WARNING: Contact joints between materials 'rueda' and 'dohyo' will only be created for the 10 deepest contact points instead of all the 12 contact points.
[gelatina] t= 6664 ms  SEARCH       rival=no d=9999 mm rumbo=+6000 cdeg  linea=0x0
[gelatina] t= 6728 ms  TRACK        rival=si d=  99 mm rumbo=+6000 cdeg  linea=0x0
[gelatina] t= 6736 ms  ATTACK       rival=si d=  99 mm rumbo=+6000 cdeg  linea=0x0
[gelatina] t= 7000 ms  SEARCH       rival=no d=9999 mm rumbo=-6000 cdeg  linea=0x0
[gelatina] t= 7024 ms  TRACK        rival=si d=  89 mm rumbo=-6000 cdeg  linea=0x0
[gelatina] t= 7032 ms  ATTACK       rival=si d=  89 mm rumbo=-6000 cdeg  linea=0x0
[gelatina] t= 7192 ms  SEARCH       rival=no d=9999 mm rumbo=-6000 cdeg  linea=0x0
[gelatina] t= 7256 ms  TRACK        rival=si d=  40 mm rumbo=  -82 cdeg  linea=0x0
[gelatina] t= 7264 ms  ATTACK       rival=si d=  40 mm rumbo=  -82 cdeg  linea=0x0
[gelatina] t= 7488 ms  SEARCH       rival=no d=9999 mm rumbo=+6000 cdeg  linea=0x0
WARNING: Contact joints between materials 'rueda' and 'dohyo' will only be created for the 10 deepest contact points instead of all the 28 contact points.
[gelatina] t= 7552 ms  TRACK        rival=si d=  68 mm rumbo=+6000 cdeg  linea=0x0
[gelatina] t= 7560 ms  ATTACK       rival=si d=  68 mm rumbo=+6000 cdeg  linea=0x0
[gelatina] t= 7824 ms  SEARCH       rival=no d=9999 mm rumbo=-6000 cdeg  linea=0x0
[gelatina] t= 7880 ms  TRACK        rival=si d=  54 mm rumbo=-6000 cdeg  linea=0x0
[gelatina] t= 7888 ms  ATTACK       rival=si d=  54 mm rumbo=-6000 cdeg  linea=0x0
WARNING: Contact joints between materials 'patin' and 'dohyo' will only be created for the 10 deepest contact points instead of all the 22 contact points.
[gelatina] t= 8944 ms  SEARCH       rival=no d=9999 mm rumbo=+6000 cdeg  linea=0x0
[gelatina] t= 9040 ms  TRACK        rival=si d=  40 mm rumbo=-3000 cdeg  linea=0x0
[gelatina] t= 9048 ms  ATTACK       rival=si d=  40 mm rumbo=-3000 cdeg  linea=0x0
[gelatina] t= 9176 ms  SEARCH       rival=no d=9999 mm rumbo=-3000 cdeg  linea=0x0
[gelatina] t= 9336 ms  TRACK        rival=si d= 129 mm rumbo=-6000 cdeg  linea=0x0
[gelatina] t= 9344 ms  ATTACK       rival=si d= 129 mm rumbo=-6000 cdeg  linea=0x0
[gelatina] t= 9568 ms  SEARCH       rival=no d=9999 mm rumbo=+6000 cdeg  linea=0x0
WARNING: Contact joints between materials 'patin' and 'dohyo' will only be created for the 10 deepest contact points instead of all the 24 contact points.
[gelatina] t= 9632 ms  TRACK        rival=si d=  77 mm rumbo=+6000 cdeg  linea=0x0
[gelatina] t= 9640 ms  ATTACK       rival=si d=  77 mm rumbo=+6000 cdeg  linea=0x0
[gelatina] t= 9872 ms  SEARCH       rival=no d=9999 mm rumbo=-6000 cdeg  linea=0x0
[gelatina] t= 9960 ms  TRACK        rival=si d=  63 mm rumbo=-6000 cdeg  linea=0x0
[gelatina] t= 9968 ms  ATTACK       rival=si d=  63 mm rumbo=-6000 cdeg  linea=0x0
[gelatina] t=10200 ms  SEARCH       rival=no d=9999 mm rumbo=+6000 cdeg  linea=0x0
[gelatina] t=10320 ms  TRACK        rival=si d=  87 mm rumbo=+6000 cdeg  linea=0x0
[gelatina] t=10328 ms  ATTACK       rival=si d=  87 mm rumbo=+4506 cdeg  linea=0x0
[gelatina] t=10528 ms  SEARCH       rival=no d=9999 mm rumbo=-4545 cdeg  linea=0x0
[gelatina] t=10592 ms  TRACK        rival=si d= 118 mm rumbo=-6000 cdeg  linea=0x0
[gelatina] t=10600 ms  ATTACK       rival=si d= 118 mm rumbo=-6000 cdeg  linea=0x0
[gelatina] t=10856 ms  SEARCH       rival=no d=9999 mm rumbo=+6000 cdeg  linea=0x0
[gelatina] t=10888 ms  TRACK        rival=si d=  91 mm rumbo=+6000 cdeg  linea=0x0
WARNING: Contact joints between materials 'patin' and 'dohyo' will only be created for the 10 deepest contact points instead of all the 12 contact points.
[gelatina] t=10896 ms  ATTACK       rival=si d=  91 mm rumbo=+6000 cdeg  linea=0x0
[gelatina] t=11192 ms  SEARCH       rival=no d=9999 mm rumbo=-3000 cdeg  linea=0x0
[gelatina] t=11280 ms  TRACK        rival=si d=  57 mm rumbo=   +0 cdeg  linea=0x0
[gelatina] t=11288 ms  ATTACK       rival=si d=  57 mm rumbo=   +0 cdeg  linea=0x0
[gelatina] t=11712 ms  SEARCH       rival=no d=9999 mm rumbo=   +0 cdeg  linea=0x0
[gelatina] t=11808 ms  TRACK        rival=si d=  36 mm rumbo=+3000 cdeg  linea=0x0
[gelatina] t=11816 ms  ATTACK       rival=si d=  36 mm rumbo=+3000 cdeg  linea=0x0
[arbitro] asalto 15/30  espalda  rival fuera     +1  11.93 s
[inercia] asalto=15 robot=GELATINA rueda=0 rotor=2.06654978e-05
[inercia] asalto=15 robot=GELATINA rueda=1 rotor=2.06563488e-05
[inercia] asalto=15 robot=RIVAL rueda=0 rotor=1.85423936e-05
[inercia] asalto=15 robot=RIVAL rueda=1 rotor=9.56614619e-06
[planta] asalto=15 mu=1.51105968 slip=0.00188252878 aleatorio=1
WARNING: DEF GELATINA GelatinaNuclear > HingeJoint "rueda_izq" > Solid "rueda_izq": Webots has detected that this solid is light and oblong according to its inertia matrix. This belongs in the physics edge cases, and can imply weird physical results. Increasing the weight of the object or reducing its eccentricity are recommended.
[gelatina] fin de asalto motor={"battery_v":7.88949691,"resistance_ohm":[3.98718219,4.23753414],"bridge_ohm":[0.573312902,0.632573855],"omega_rad_s":[45.5795791,56.9999662],"current_a":[0.807992438,0.85746545],"torque_nm":[0.0350187193,0.0323880568],"applied_pwm":[1,1],"over_1_2a_samples":2804,"over_3_2a_samples":2}
[gelatina] t=    0 ms  WAIT         rival=si d=  79 mm rumbo=-1472 cdeg  linea=0x0
[rival] fin de asalto motor={"battery_v":7.74781677,"resistance_ohm":[3.87866006,3.68229089],"bridge_ohm":[0.517816639,0.565757143],"omega_rad_s":[-14.4366087,37.5662707],"current_a":[-0.630223158,0.186901491],"torque_nm":[-0.0235248866,0.00267483625],"applied_pwm":[-0.5,0.5],"over_1_2a_samples":185,"over_3_2a_samples":0}
WARNING: Contact joints between materials 'patin' and 'dohyo' will only be created for the 10 deepest contact points instead of all the 12 contact points.
[planta] gelatina ciclo=17 rueda=0 V=7.92331553 R=4.34779153 Rpuente=0.585208619 I0=0.179517388 Ke=0.0807976665 Kt=0.0483794733
[planta] gelatina ciclo=17 rueda=1 V=7.92331553 R=4.21256671 Rpuente=0.508760369 I0=0.158759567 Ke=0.085664474 Kt=0.0483794733
[sensores] gelatina ToF alcance=967.797095 minimo=40.5717993 sigma_rel=0.0776955175
[gelatina] pulsador recibido: permiso previsto 303848 ms
[planta] rival ciclo=17 rueda=0 V=7.29594277 R=3.91814804 Rpuente=0.694918168 I0=0.0852664769 Ke=0.0773898613 Kt=0.0483794733
[planta] rival ciclo=17 rueda=1 V=7.29594277 R=4.23928041 Rpuente=0.518798161 I0=0.120392793 Ke=0.0784267202 Kt=0.0483794733
[arranque] pulsador=298848 permiso=303848 ms
[sensores] rival ToF alcance=1742.14522 minimo=20.0355053 sigma_rel=0.0591262054
[gelatina] permiso de arranque a los 303848 ms
[gelatina] t=    0 ms  TRACK        rival=si d=  72 mm rumbo=-1474 cdeg  linea=0x0
[gelatina] t=    8 ms  ATTACK       rival=si d=  72 mm rumbo=-1474 cdeg  linea=0x0
WARNING: Contact joints between materials 'rueda' and 'dohyo' will only be created for the 10 deepest contact points instead of all the 13 contact points.
[gelatina] t=  400 ms  SEARCH       rival=no d=9999 mm rumbo=+3000 cdeg  linea=0x0
[gelatina] t=  720 ms  TRACK        rival=si d=  48 mm rumbo=+3000 cdeg  linea=0x0
[gelatina] t=  728 ms  ATTACK       rival=si d=  48 mm rumbo=+3000 cdeg  linea=0x0
[gelatina] t=  960 ms  SEARCH       rival=no d=9999 mm rumbo=-3000 cdeg  linea=0x0
[gelatina] t= 1152 ms  TRACK        rival=si d=  57 mm rumbo=+6000 cdeg  linea=0x0
[gelatina] t= 1160 ms  ATTACK       rival=si d=  57 mm rumbo=+6000 cdeg  linea=0x0
[gelatina] t= 1288 ms  SEARCH       rival=no d=9999 mm rumbo=+6000 cdeg  linea=0x0
[gelatina] t= 1416 ms  TRACK        rival=si d=  81 mm rumbo=+6000 cdeg  linea=0x0
[gelatina] t= 1424 ms  ATTACK       rival=si d=  81 mm rumbo=+6000 cdeg  linea=0x0
WARNING: Contact joints between materials 'patin' and 'dohyo' will only be created for the 10 deepest contact points instead of all the 19 contact points.
[gelatina] t= 1648 ms  SEARCH       rival=no d=9999 mm rumbo=-6000 cdeg  linea=0x0
[gelatina] t= 1712 ms  TRACK        rival=si d=  82 mm rumbo=-6000 cdeg  linea=0x0
[gelatina] t= 1720 ms  ATTACK       rival=si d=  82 mm rumbo=-6000 cdeg  linea=0x0
[gelatina] t= 2280 ms  SEARCH       rival=no d=9999 mm rumbo=+3000 cdeg  linea=0x1
[gelatina] t= 2336 ms  TRACK        rival=si d= 341 mm rumbo=-4855 cdeg  linea=0x0
[gelatina] t= 2376 ms  ATTACK       rival=si d=  67 mm rumbo=-3383 cdeg  linea=0x0
[arbitro] asalto 16/30  frente   expulsado       -1   2.40 s
[inercia] asalto=16 robot=GELATINA rueda=0 rotor=2.09316995e-05
[inercia] asalto=16 robot=GELATINA rueda=1 rotor=2.24916315e-05
[inercia] asalto=16 robot=RIVAL rueda=0 rotor=3.16966429e-05
[inercia] asalto=16 robot=RIVAL rueda=1 rotor=1.66253652e-05
[planta] asalto=16 mu=1.26236883 slip=0.00149793386 aleatorio=1
[gelatina] fin de asalto motor={"battery_v":7.92331553,"resistance_ohm":[4.34779153,4.21256671],"bridge_ohm":[0.585208619,0.508760369],"omega_rad_s":[14.0266723,48.261435],"current_a":[0.800756698,-0.254242564],"torque_nm":[0.0300552306,-0.0199808256],"applied_pwm":[0.641581833,0.370290458],"over_1_2a_samples":2867,"over_3_2a_samples":2}
[gelatina] t=    0 ms  WAIT         rival=si d= 138 mm rumbo=-4767 cdeg  linea=0x0
[rival] fin de asalto motor={"battery_v":7.29594277,"resistance_ohm":[3.91814804,4.23928041],"bridge_ohm":[0.694918168,0.518798161],"omega_rad_s":[-37.2233556,18.8165525],"current_a":[-0.166323443,0.456539515],"torque_nm":[-0.00392149335,0.0162626014],"applied_pwm":[-0.5,0.5],"over_1_2a_samples":187,"over_3_2a_samples":0}
WARNING: Contact joints between materials 'patin' and 'dohyo' will only be created for the 10 deepest contact points instead of all the 26 contact points.
[planta] gelatina ciclo=18 rueda=0 V=7.95930433 R=4.19865294 Rpuente=0.544870961 I0=0.147086406 Ke=0.0916978946 Kt=0.0483794733
[planta] gelatina ciclo=18 rueda=1 V=7.95930433 R=4.18027406 Rpuente=0.529776514 I0=0.0792041212 Ke=0.0778942518 Kt=0.0483794733
[sensores] gelatina ToF alcance=798.209214 minimo=40.773378 sigma_rel=0.108076124
[gelatina] pulsador recibido: permiso previsto 311560 ms
[planta] rival ciclo=18 rueda=0 V=7.81246369 R=3.69461522 Rpuente=0.516939795 I0=0.197135711 Ke=0.0663764302 Kt=0.0483794733
[planta] rival ciclo=18 rueda=1 V=7.81246369 R=3.95983534 Rpuente=0.695058787 I0=0.139133093 Ke=0.0787810917 Kt=0.0483794733
[sensores] rival ToF alcance=1259.21922 minimo=42.7517486 sigma_rel=0.0483312178
[arranque] pulsador=306560 permiso=311560 ms
[gelatina] permiso de arranque a los 311560 ms
[gelatina] t=    0 ms  OPENING      rival=no d=9999 mm rumbo=-4767 cdeg  linea=0x0
WARNING: Contact joints between materials 'rueda' and 'dohyo' will only be created for the 10 deepest contact points instead of all the 14 contact points.
[gelatina] t=   64 ms  TRACK        rival=si d=  82 mm rumbo=-6000 cdeg  linea=0x0
[gelatina] t=   72 ms  ATTACK       rival=si d=  82 mm rumbo=-6000 cdeg  linea=0x0
[gelatina] t=  296 ms  SEARCH       rival=no d=9999 mm rumbo=-1522 cdeg  linea=0x0
[gelatina] t=  488 ms  TRACK        rival=si d=  64 mm rumbo=+6000 cdeg  linea=0x0
[gelatina] t=  496 ms  ATTACK       rival=si d=  64 mm rumbo=+6000 cdeg  linea=0x0
[gelatina] t=  624 ms  SEARCH       rival=no d=9999 mm rumbo=+6000 cdeg  linea=0x0
[gelatina] t=  720 ms  TRACK        rival=si d=  79 mm rumbo=+6000 cdeg  linea=0x0
[gelatina] t=  728 ms  ATTACK       rival=si d=  79 mm rumbo=+6000 cdeg  linea=0x0
[gelatina] t=  992 ms  SEARCH       rival=no d=9999 mm rumbo=-6000 cdeg  linea=0x0
[gelatina] t= 1016 ms  TRACK        rival=si d=  68 mm rumbo=-6000 cdeg  linea=0x0
[gelatina] t= 1024 ms  ATTACK       rival=si d=  68 mm rumbo=-6000 cdeg  linea=0x0
WARNING: Contact joints between materials 'patin' and 'dohyo' will only be created for the 10 deepest contact points instead of all the 19 contact points.
[gelatina] t= 1224 ms  SEARCH       rival=no d=9999 mm rumbo=-2993 cdeg  linea=0x0
[gelatina] t= 1312 ms  TRACK        rival=si d=  51 mm rumbo=+3000 cdeg  linea=0x0
[gelatina] t= 1320 ms  ATTACK       rival=si d=  51 mm rumbo=+3000 cdeg  linea=0x0
[gelatina] t= 1456 ms  SEARCH       rival=no d=9999 mm rumbo=+3000 cdeg  linea=0x0
[gelatina] t= 1576 ms  TRACK        rival=si d=  69 mm rumbo=+6000 cdeg  linea=0x0
[gelatina] t= 1584 ms  ATTACK       rival=si d=  69 mm rumbo=+6000 cdeg  linea=0x0
[gelatina] t= 1784 ms  SEARCH       rival=no d=9999 mm rumbo=-4537 cdeg  linea=0x0
[gelatina] t= 1880 ms  TRACK        rival=si d=  77 mm rumbo=-6000 cdeg  linea=0x0
[gelatina] t= 1888 ms  ATTACK       rival=si d=  77 mm rumbo=-6000 cdeg  linea=0x0
[gelatina] t= 2112 ms  SEARCH       rival=no d=9999 mm rumbo=+6000 cdeg  linea=0x0
[gelatina] t= 2136 ms  TRACK        rival=si d=  81 mm rumbo=+6000 cdeg  linea=0x0
[gelatina] t= 2144 ms  ATTACK       rival=si d=  81 mm rumbo=+6000 cdeg  linea=0x0
WARNING: Contact joints between materials 'patin' and 'dohyo' will only be created for the 10 deepest contact points instead of all the 14 contact points.
[gelatina] t= 2376 ms  SEARCH       rival=no d=9999 mm rumbo=  +56 cdeg  linea=0x0
[gelatina] t= 2440 ms  TRACK        rival=si d=  52 mm rumbo=-6000 cdeg  linea=0x0
[gelatina] t= 2448 ms  ATTACK       rival=si d=  52 mm rumbo=-6000 cdeg  linea=0x0
[gelatina] t= 2576 ms  SEARCH       rival=no d=9999 mm rumbo=-6000 cdeg  linea=0x0
[gelatina] t= 2704 ms  TRACK        rival=si d= 115 mm rumbo=-6000 cdeg  linea=0x0
[gelatina] t= 2712 ms  ATTACK       rival=si d= 115 mm rumbo=-6000 cdeg  linea=0x0
[gelatina] t= 2936 ms  SEARCH       rival=no d=9999 mm rumbo=+6000 cdeg  linea=0x0
[gelatina] t= 2968 ms  TRACK        rival=si d= 108 mm rumbo=+6000 cdeg  linea=0x0
[gelatina] t= 2976 ms  ATTACK       rival=si d= 108 mm rumbo=+6000 cdeg  linea=0x0
[gelatina] t= 3568 ms  SEARCH       rival=no d=9999 mm rumbo=+3000 cdeg  linea=0x0
WARNING: Contact joints between materials 'patin' and 'dohyo' will only be created for the 10 deepest contact points instead of all the 18 contact points.
[gelatina] t= 3688 ms  TRACK        rival=si d=  47 mm rumbo=+3000 cdeg  linea=0x0
[gelatina] t= 3696 ms  ATTACK       rival=si d=  47 mm rumbo=+3000 cdeg  linea=0x0
[gelatina] t= 3864 ms  SEARCH       rival=no d=9999 mm rumbo=+3000 cdeg  linea=0x0
[gelatina] t= 3952 ms  TRACK        rival=si d= 616 mm rumbo=   +0 cdeg  linea=0x9
[gelatina] t= 3992 ms  ATTACK       rival=si d=  61 mm rumbo=-2220 cdeg  linea=0x1
[arbitro] asalto 17/30  lado     expulsado       -1   4.02 s
[inercia] asalto=17 robot=GELATINA rueda=0 rotor=2.68466882e-05
[inercia] asalto=17 robot=GELATINA rueda=1 rotor=1.11827908e-05
[inercia] asalto=17 robot=RIVAL rueda=0 rotor=1.69576362e-05
[inercia] asalto=17 robot=RIVAL rueda=1 rotor=1.48041093e-05
[planta] asalto=17 mu=0.6016011 slip=0.000702346206 aleatorio=1
WARNING: DEF RIVAL GelatinaNuclear > HingeJoint "rueda_izq" > Solid "rueda_izq": Webots has detected that this solid is light and oblong according to its inertia matrix. This belongs in the physics edge cases, and can imply weird physical results. Increasing the weight of the object or reducing its eccentricity are recommended.
[gelatina] fin de asalto motor={"battery_v":7.95930433,"resistance_ohm":[4.19865294,4.18027406],"bridge_ohm":[0.544870961,0.529776514],"omega_rad_s":[21.004374,59.6191947],"current_a":[1.22625166,-0.295440704],"torque_nm":[0.0522094465,-0.0181251193],"applied_pwm":[0.972799957,0.408635199],"over_1_2a_samples":2961,"over_3_2a_samples":2}
[gelatina] t=    0 ms  WAIT         rival=si d=  76 mm rumbo=-3177 cdeg  linea=0x0
[rival] fin de asalto motor={"battery_v":7.81246369,"resistance_ohm":[3.69461522,3.95983534],"bridge_ohm":[0.516939795,0.695058787],"omega_rad_s":[-24.1573599,-20.4849313],"current_a":[-0.732270833,-0.660305665],"torque_nm":[-0.0258895554,-0.0252140545],"applied_pwm":[-0.6,-0.6],"over_1_2a_samples":200,"over_3_2a_samples":0}
[planta] gelatina ciclo=19 rueda=0 V=7.99312286 R=3.75926223 Rpuente=0.556766689 I0=0.092445606 Ke=0.0913266611 Kt=0.0483794733
[planta] gelatina ciclo=19 rueda=1 V=7.99312286 R=4.15530663 Rpuente=0.605963027 I0=0.199956885 Ke=0.0937386803 Kt=0.0483794733
[sensores] gelatina ToF alcance=748.942816 minimo=46.7568409 sigma_rel=0.0653921938
[gelatina] pulsador recibido: permiso previsto 320896 ms
[planta] rival ciclo=19 rueda=0 V=7.5843847 R=3.91543999 Rpuente=0.586867845 I0=0.195023435 Ke=0.0806786317 Kt=0.0483794733
[planta] rival ciclo=19 rueda=1 V=7.5843847 R=4.33976283 Rpuente=0.592389929 I0=0.0760527223 Ke=0.0980154323 Kt=0.0483794733
[sensores] rival ToF alcance=1366.31159 minimo=24.62511 sigma_rel=0.0926982117
[arranque] pulsador=315896 permiso=320896 ms
[gelatina] permiso de arranque a los 320896 ms
[gelatina] t=    0 ms  OPENING      rival=no d=9999 mm rumbo=-3177 cdeg  linea=0x0
WARNING: Contact joints between materials 'patin' and 'dohyo' will only be created for the 10 deepest contact points instead of all the 20 contact points.
[gelatina] t=  112 ms  SEARCH       rival=no d=9999 mm rumbo=-3177 cdeg  linea=0x0
[gelatina] t=  224 ms  TRACK        rival=si d=  57 mm rumbo=-4537 cdeg  linea=0x0
[gelatina] t=  232 ms  ATTACK       rival=si d=  57 mm rumbo=-4537 cdeg  linea=0x0
[gelatina] t=  432 ms  SEARCH       rival=no d=9999 mm rumbo=+3000 cdeg  linea=0x0
[gelatina] t=  624 ms  TRACK        rival=si d=  85 mm rumbo=+4495 cdeg  linea=0x0
[gelatina] t=  632 ms  ATTACK       rival=si d=  85 mm rumbo=+4495 cdeg  linea=0x0
[gelatina] t=  856 ms  SEARCH       rival=no d=9999 mm rumbo=-6000 cdeg  linea=0x0
[gelatina] t=  952 ms  TRACK        rival=si d= 117 mm rumbo=-4530 cdeg  linea=0x0
[gelatina] t=  960 ms  ATTACK       rival=si d= 117 mm rumbo=-4530 cdeg  linea=0x0
WARNING: Contact joints between materials 'rueda' and 'dohyo' will only be created for the 10 deepest contact points instead of all the 11 contact points.
[gelatina] t= 1184 ms  SEARCH       rival=no d=9999 mm rumbo=+6000 cdeg  linea=0x0
[gelatina] t= 1280 ms  TRACK        rival=si d= 128 mm rumbo=+6000 cdeg  linea=0x0
[gelatina] t= 1288 ms  ATTACK       rival=si d= 128 mm rumbo=+6000 cdeg  linea=0x0
[gelatina] t= 1552 ms  SEARCH       rival=no d=9999 mm rumbo=-6000 cdeg  linea=0x0
[gelatina] t= 1584 ms  TRACK        rival=si d= 118 mm rumbo=-6000 cdeg  linea=0x0
[gelatina] t= 1592 ms  ATTACK       rival=si d= 118 mm rumbo=-6000 cdeg  linea=0x0
[gelatina] t= 2112 ms  SEARCH       rival=no d=9999 mm rumbo=+3000 cdeg  linea=0x0
WARNING: Contact joints between materials 'rueda' and 'dohyo' will only be created for the 10 deepest contact points instead of all the 15 contact points.
[gelatina] t= 2144 ms  TRACK        rival=si d=  75 mm rumbo=   +0 cdeg  linea=0x0
[gelatina] t= 2152 ms  ATTACK       rival=si d=  75 mm rumbo=   +0 cdeg  linea=0x0
[gelatina] t= 2640 ms  SEARCH       rival=no d=9999 mm rumbo=+3000 cdeg  linea=0x0
[gelatina] t= 2768 ms  TRACK        rival=si d= 103 mm rumbo=+6000 cdeg  linea=0x0
[gelatina] t= 2776 ms  ATTACK       rival=si d= 103 mm rumbo=+6000 cdeg  linea=0x0
[gelatina] t= 3008 ms  SEARCH       rival=no d=9999 mm rumbo=-4544 cdeg  linea=0x0
[gelatina] t= 3128 ms  TRACK        rival=si d=  92 mm rumbo=-4488 cdeg  linea=0x0
[gelatina] t= 3136 ms  ATTACK       rival=si d=  92 mm rumbo=-4488 cdeg  linea=0x0
[gelatina] t= 3336 ms  SEARCH       rival=no d=9999 mm rumbo=+6000 cdeg  linea=0x0
[gelatina] t= 3456 ms  TRACK        rival=si d=  93 mm rumbo=+6000 cdeg  linea=0x0
[gelatina] t= 3464 ms  ATTACK       rival=si d=  93 mm rumbo=+4503 cdeg  linea=0x0
[gelatina] t= 3664 ms  SEARCH       rival=no d=9999 mm rumbo=-4528 cdeg  linea=0x0
[gelatina] t= 3760 ms  TRACK        rival=si d= 118 mm rumbo=-6000 cdeg  linea=0x0
[gelatina] t= 3768 ms  ATTACK       rival=si d= 118 mm rumbo=-6000 cdeg  linea=0x0
[gelatina] t= 4024 ms  SEARCH       rival=no d=9999 mm rumbo=+6000 cdeg  linea=0x0
[gelatina] t= 4088 ms  TRACK        rival=si d= 118 mm rumbo=+6000 cdeg  linea=0x0
[gelatina] t= 4096 ms  ATTACK       rival=si d= 118 mm rumbo=+6000 cdeg  linea=0x0
[gelatina] t= 4360 ms  SEARCH       rival=no d=9999 mm rumbo=-6000 cdeg  linea=0x0
[gelatina] t= 4448 ms  TRACK        rival=si d=  87 mm rumbo=-6000 cdeg  linea=0x0
[gelatina] t= 4456 ms  ATTACK       rival=si d=  87 mm rumbo=-6000 cdeg  linea=0x0
[gelatina] t= 4656 ms  SEARCH       rival=no d=9999 mm rumbo=+4494 cdeg  linea=0x0
[gelatina] t= 4776 ms  TRACK        rival=si d= 104 mm rumbo=+6000 cdeg  linea=0x0
[gelatina] t= 4784 ms  ATTACK       rival=si d= 104 mm rumbo=+6000 cdeg  linea=0x0
WARNING: Contact joints between materials 'patin' and 'dohyo' will only be created for the 10 deepest contact points instead of all the 11 contact points.
[gelatina] t= 4984 ms  SEARCH       rival=no d=9999 mm rumbo=-3000 cdeg  linea=0x0
[gelatina] t= 5112 ms  TRACK        rival=si d= 155 mm rumbo=-6000 cdeg  linea=0x0
[gelatina] t= 5144 ms  ATTACK       rival=si d= 101 mm rumbo=-4496 cdeg  linea=0x0
[gelatina] t= 5344 ms  SEARCH       rival=no d=9999 mm rumbo=+4532 cdeg  linea=0x0
[gelatina] t= 5504 ms  TRACK        rival=si d= 101 mm rumbo=+4463 cdeg  linea=0x0
[gelatina] t= 5512 ms  ATTACK       rival=si d= 101 mm rumbo=+4463 cdeg  linea=0x0
[gelatina] t= 5712 ms  SEARCH       rival=no d=9999 mm rumbo=-6000 cdeg  linea=0x0
[gelatina] t= 5808 ms  TRACK        rival=si d= 161 mm rumbo=-6000 cdeg  linea=0x0
[gelatina] t= 5840 ms  ATTACK       rival=si d= 116 mm rumbo=-4476 cdeg  linea=0x0
[gelatina] t= 6040 ms  SEARCH       rival=no d=9999 mm rumbo=+4511 cdeg  linea=0x0
WARNING: Contact joints between materials 'patin' and 'dohyo' will only be created for the 10 deepest contact points instead of all the 11 contact points.
[gelatina] t= 6168 ms  TRACK        rival=si d= 117 mm rumbo=+6000 cdeg  linea=0x0
[gelatina] t= 6176 ms  ATTACK       rival=si d= 117 mm rumbo=+6000 cdeg  linea=0x0
[gelatina] t= 6400 ms  SEARCH       rival=no d=9999 mm rumbo=-6000 cdeg  linea=0x0
[gelatina] t= 6496 ms  TRACK        rival=si d= 133 mm rumbo=-3000 cdeg  linea=0x0
[gelatina] t= 6528 ms  ATTACK       rival=si d= 128 mm rumbo=+1544 cdeg  linea=0x0
[gelatina] t= 6696 ms  SEARCH       rival=no d=9999 mm rumbo=+6000 cdeg  linea=0x0
[gelatina] t= 6824 ms  TRACK        rival=si d= 162 mm rumbo=+6000 cdeg  linea=0x0
[gelatina] t= 6856 ms  ATTACK       rival=si d= 119 mm rumbo=+4466 cdeg  linea=0x0
WARNING: Contact joints between materials 'rueda' and 'dohyo' will only be created for the 10 deepest contact points instead of all the 12 contact points.
[gelatina] t= 7720 ms  SEARCH       rival=no d=9999 mm rumbo=+3000 cdeg  linea=0x0
[gelatina] t= 7912 ms  ATTACK       rival=si d=  52 mm rumbo=+4488 cdeg  linea=0x8
WARNING: Contact joints between materials 'patin' and 'dohyo' will only be created for the 10 deepest contact points instead of all the 16 contact points.
WARNING: Contact joints between materials 'patin' and 'dohyo' will only be created for the 10 deepest contact points instead of all the 17 contact points.
WARNING: Contact joints between materials 'patin' and 'dohyo' will only be created for the 10 deepest contact points instead of all the 17 contact points.
WARNING: Contact joints between materials 'patin' and 'dohyo' will only be created for the 10 deepest contact points instead of all the 17 contact points.
WARNING: Contact joints between materials 'patin' and 'dohyo' will only be created for the 10 deepest contact points instead of all the 17 contact points.
WARNING: Contact joints between materials 'patin' and 'dohyo' will only be created for the 10 deepest contact points instead of all the 17 contact points.
WARNING: Contact joints between materials 'patin' and 'dohyo' will only be created for the 10 deepest contact points instead of all the 17 contact points.
WARNING: Contact joints between materials 'patin' and 'dohyo' will only be created for the 10 deepest contact points instead of all the 17 contact points.
WARNING: Contact joints between materials 'patin' and 'dohyo' will only be created for the 10 deepest contact points instead of all the 17 contact points.
WARNING: Contact joints between materials 'patin' and 'dohyo' will only be created for the 10 deepest contact points instead of all the 17 contact points.
WARNING: Contact joints between materials 'patin' and 'dohyo' will only be created for the 10 deepest contact points instead of all the 17 contact points.
WARNING: Contact joints between materials 'patin' and 'dohyo' will only be created for the 10 deepest contact points instead of all the 17 contact points.
WARNING: Contact joints between materials 'patin' and 'dohyo' will only be created for the 10 deepest contact points instead of all the 17 contact points.
WARNING: Contact joints between materials 'patin' and 'dohyo' will only be created for the 10 deepest contact points instead of all the 17 contact points.
WARNING: Contact joints between materials 'patin' and 'dohyo' will only be created for the 10 deepest contact points instead of all the 17 contact points.
WARNING: Contact joints between materials 'patin' and 'dohyo' will only be created for the 10 deepest contact points instead of all the 17 contact points.
WARNING: Contact joints between materials 'patin' and 'dohyo' will only be created for the 10 deepest contact points instead of all the 17 contact points.
WARNING: Contact joints between materials 'patin' and 'dohyo' will only be created for the 10 deepest contact points instead of all the 17 contact points.
WARNING: Contact joints between materials 'patin' and 'dohyo' will only be created for the 10 deepest contact points instead of all the 17 contact points.
WARNING: Contact joints between materials 'patin' and 'dohyo' will only be created for the 10 deepest contact points instead of all the 17 contact points.
WARNING: Contact joints between materials 'patin' and 'dohyo' will only be created for the 10 deepest contact points instead of all the 17 contact points.
WARNING: Contact joints between materials 'patin' and 'dohyo' will only be created for the 10 deepest contact points instead of all the 17 contact points.
WARNING: Contact joints between materials 'patin' and 'dohyo' will only be created for the 10 deepest contact points instead of all the 17 contact points.
WARNING: Contact joints between materials 'patin' and 'dohyo' will only be created for the 10 deepest contact points instead of all the 17 contact points.
WARNING: Contact joints between materials 'patin' and 'dohyo' will only be created for the 10 deepest contact points instead of all the 17 contact points.
WARNING: Contact joints between materials 'patin' and 'dohyo' will only be created for the 10 deepest contact points instead of all the 17 contact points.
WARNING: Contact joints between materials 'patin' and 'dohyo' will only be created for the 10 deepest contact points instead of all the 17 contact points.
WARNING: Contact joints between materials 'patin' and 'dohyo' will only be created for the 10 deepest contact points instead of all the 17 contact points.
WARNING: Contact joints between materials 'patin' and 'dohyo' will only be created for the 10 deepest contact points instead of all the 17 contact points.
WARNING: Contact joints between materials 'patin' and 'dohyo' will only be created for the 10 deepest contact points instead of all the 17 contact points.
WARNING: Contact joints between materials 'patin' and 'dohyo' will only be created for the 10 deepest contact points instead of all the 17 contact points.
WARNING: Contact joints between materials 'patin' and 'dohyo' will only be created for the 10 deepest contact points instead of all the 17 contact points.
WARNING: Contact joints between materials 'patin' and 'dohyo' will only be created for the 10 deepest contact points instead of all the 17 contact points.
WARNING: Contact joints between materials 'patin' and 'dohyo' will only be created for the 10 deepest contact points instead of all the 17 contact points.
WARNING: Contact joints between materials 'patin' and 'dohyo' will only be created for the 10 deepest contact points instead of all the 17 contact points.
WARNING: Contact joints between materials 'patin' and 'dohyo' will only be created for the 10 deepest contact points instead of all the 17 contact points.
WARNING: Contact joints between materials 'patin' and 'dohyo' will only be created for the 10 deepest contact points instead of all the 17 contact points.
WARNING: Contact joints between materials 'patin' and 'dohyo' will only be created for the 10 deepest contact points instead of all the 17 contact points.
WARNING: Contact joints between materials 'patin' and 'dohyo' will only be created for the 10 deepest contact points instead of all the 17 contact points.
WARNING: Contact joints between materials 'patin' and 'dohyo' will only be created for the 10 deepest contact points instead of all the 17 contact points.
WARNING: Contact joints between materials 'patin' and 'dohyo' will only be created for the 10 deepest contact points instead of all the 17 contact points.
WARNING: Contact joints between materials 'patin' and 'dohyo' will only be created for the 10 deepest contact points instead of all the 17 contact points.
WARNING: Contact joints between materials 'patin' and 'dohyo' will only be created for the 10 deepest contact points instead of all the 17 contact points.
WARNING: Contact joints between materials 'patin' and 'dohyo' will only be created for the 10 deepest contact points instead of all the 17 contact points.
WARNING: Contact joints between materials 'patin' and 'dohyo' will only be created for the 10 deepest contact points instead of all the 17 contact points.
WARNING: Contact joints between materials 'patin' and 'dohyo' will only be created for the 10 deepest contact points instead of all the 17 contact points.
WARNING: Contact joints between materials 'patin' and 'dohyo' will only be created for the 10 deepest contact points instead of all the 17 contact points.
WARNING: Contact joints between materials 'patin' and 'dohyo' will only be created for the 10 deepest contact points instead of all the 17 contact points.
WARNING: Contact joints between materials 'patin' and 'dohyo' will only be created for the 10 deepest contact points instead of all the 17 contact points.
WARNING: Contact joints between materials 'patin' and 'dohyo' will only be created for the 10 deepest contact points instead of all the 17 contact points.
[arbitro] asalto 18/30  espalda  tiempo agotado  +0  60.00 s
[inercia] asalto=18 robot=GELATINA rueda=0 rotor=2.25404198e-05
[inercia] asalto=18 robot=GELATINA rueda=1 rotor=2.56114295e-05
[inercia] asalto=18 robot=RIVAL rueda=0 rotor=2.46049333e-05
[inercia] asalto=18 robot=RIVAL rueda=1 rotor=3.5543922e-05
[planta] asalto=18 mu=0.844635224 slip=0.00154555714 aleatorio=1
[gelatina] fin de asalto motor={"battery_v":7.99312286,"resistance_ohm":[3.75926223,4.15530663],"bridge_ohm":[0.556766689,0.605963027],"omega_rad_s":[83.1612745,0.0212022123],"current_a":[0.0922795803,0.268187373],"torque_nm":[-8.03223496e-06,0.0127696884],"applied_pwm":[1,0.160000026],"over_1_2a_samples":3042,"over_3_2a_samples":2}
[gelatina] t=    0 ms  WAIT         rival=si d=  54 mm rumbo=-4535 cdeg  linea=0x0
[rival] fin de asalto motor={"battery_v":7.5843847,"resistance_ohm":[3.91543999,4.33976283],"bridge_ohm":[0.586867845,0.592389929],"omega_rad_s":[-34.0097172,30.7376609],"current_a":[-0.232843897,0.158029823],"torque_nm":[-0.001829734,0.00396600896],"applied_pwm":[-0.5,0.5],"over_1_2a_samples":203,"over_3_2a_samples":0}
[planta] gelatina ciclo=20 rueda=0 V=8.02911175 R=3.61012363 Rpuente=0.516429031 I0=0.210014623 Ke=0.0936193282 Kt=0.0483794733
[planta] gelatina ciclo=20 rueda=1 V=8.02911175 R=4.12301402 Rpuente=0.626979172 I0=0.12040143 Ke=0.0837847377 Kt=0.0483794733
[sensores] gelatina ToF alcance=1879.35494 minimo=46.9584197 sigma_rel=0.0957727957
[gelatina] pulsador recibido: permiso previsto 386208 ms
[planta] rival ciclo=20 rueda=0 V=7.18980441 R=4.06803827 Rpuente=0.515953016 I0=0.11582112 Ke=0.0819734825 Kt=0.0483794733
[planta] rival ciclo=20 rueda=1 V=7.18980441 R=3.79150333 Rpuente=0.687746608 I0=0.212566745 Ke=0.0740779743 Kt=0.0483794733
[sensores] rival ToF alcance=1307.80552 minimo=44.8006952 sigma_rel=0.0580336189
[arranque] pulsador=381208 permiso=386208 ms
[gelatina] permiso de arranque a los 386208 ms
[gelatina] t=    0 ms  TRACK        rival=si d=  66 mm rumbo=-1463 cdeg  linea=0x0
[gelatina] t=    8 ms  ATTACK       rival=si d=  66 mm rumbo=-1463 cdeg  linea=0x0
WARNING: Contact joints between materials 'rueda' and 'dohyo' will only be created for the 10 deepest contact points instead of all the 13 contact points.
[gelatina] t=  264 ms  SEARCH       rival=no d=9999 mm rumbo=+3000 cdeg  linea=0x0
[gelatina] t=  424 ms  TRACK        rival=si d=  90 mm rumbo=-3000 cdeg  linea=0x0
[gelatina] t=  432 ms  ATTACK       rival=si d=  90 mm rumbo=-3000 cdeg  linea=0x0
[gelatina] t=  560 ms  SEARCH       rival=no d=9999 mm rumbo=-3000 cdeg  linea=0x0
[gelatina] t=  720 ms  TRACK        rival=si d=  73 mm rumbo=-6000 cdeg  linea=0x0
[gelatina] t=  728 ms  ATTACK       rival=si d=  73 mm rumbo=-6000 cdeg  linea=0x0
[gelatina] t=  960 ms  SEARCH       rival=no d=9999 mm rumbo=+4566 cdeg  linea=0x0
[gelatina] t= 1048 ms  TRACK        rival=si d=  80 mm rumbo=+4514 cdeg  linea=0x0
[gelatina] t= 1056 ms  ATTACK       rival=si d=  80 mm rumbo=+4514 cdeg  linea=0x0
WARNING: Contact joints between materials 'rueda' and 'dohyo' will only be created for the 10 deepest contact points instead of all the 17 contact points.
[gelatina] t= 1288 ms  SEARCH       rival=no d=9999 mm rumbo=-6000 cdeg  linea=0x0
[gelatina] t= 1352 ms  TRACK        rival=si d=  73 mm rumbo=-6000 cdeg  linea=0x0
[gelatina] t= 1360 ms  ATTACK       rival=si d=  73 mm rumbo=-6000 cdeg  linea=0x0
[gelatina] t= 1816 ms  SEARCH       rival=no d=9999 mm rumbo=+3000 cdeg  linea=0x0
[gelatina] t= 1880 ms  TRACK        rival=si d= 706 mm rumbo=   +0 cdeg  linea=0x0
[gelatina] t= 1912 ms  ATTACK       rival=si d=  49 mm rumbo=+3000 cdeg  linea=0x0
WARNING: Contact joints between materials 'patin' and 'dohyo' will only be created for the 10 deepest contact points instead of all the 22 contact points.
[gelatina] t= 2576 ms  SEARCH       rival=no d=9999 mm rumbo=-3000 cdeg  linea=0x0
[gelatina] t= 2600 ms  TRACK        rival=si d=  55 mm rumbo=   +0 cdeg  linea=0x0
[gelatina] t= 2608 ms  ATTACK       rival=si d=  55 mm rumbo=   +0 cdeg  linea=0x0
[gelatina] t= 2736 ms  SEARCH       rival=no d=9999 mm rumbo=   +0 cdeg  linea=0x0
[gelatina] t= 3128 ms  TRACK        rival=si d=  59 mm rumbo=+6000 cdeg  linea=0x0
[gelatina] t= 3136 ms  ATTACK       rival=si d=  59 mm rumbo=+6000 cdeg  linea=0x0
[gelatina] t= 3336 ms  SEARCH       rival=no d=9999 mm rumbo=-6000 cdeg  linea=0x0
[gelatina] t= 3432 ms  TRACK        rival=si d= 103 mm rumbo=-6000 cdeg  linea=0x0
[gelatina] t= 3440 ms  ATTACK       rival=si d= 103 mm rumbo=-6000 cdeg  linea=0x0
[gelatina] t= 3696 ms  SEARCH       rival=no d=9999 mm rumbo=+6000 cdeg  linea=0x0
[gelatina] t= 3760 ms  TRACK        rival=si d=  67 mm rumbo=+6000 cdeg  linea=0x0
[gelatina] t= 3768 ms  ATTACK       rival=si d=  67 mm rumbo=+6000 cdeg  linea=0x0
WARNING: Contact joints between materials 'patin' and 'dohyo' will only be created for the 10 deepest contact points instead of all the 15 contact points.
[gelatina] t= 3992 ms  SEARCH       rival=no d=9999 mm rumbo=-4510 cdeg  linea=0x0
[gelatina] t= 4024 ms  TRACK        rival=si d=  75 mm rumbo=-6000 cdeg  linea=0x0
[gelatina] t= 4032 ms  ATTACK       rival=si d=  75 mm rumbo=-6000 cdeg  linea=0x0
[gelatina] t= 4160 ms  SEARCH       rival=no d=9999 mm rumbo=-6000 cdeg  linea=0x0
[gelatina] t= 4256 ms  TRACK        rival=si d=  66 mm rumbo=+3000 cdeg  linea=0x0
[gelatina] t= 4264 ms  ATTACK       rival=si d=  66 mm rumbo=+3000 cdeg  linea=0x0
[gelatina] t= 4392 ms  SEARCH       rival=no d=9999 mm rumbo=+3000 cdeg  linea=0x0
[gelatina] t= 4552 ms  TRACK        rival=si d=  86 mm rumbo=+6000 cdeg  linea=0x0
[gelatina] t= 4560 ms  ATTACK       rival=si d=  86 mm rumbo=+6000 cdeg  linea=0x0
[gelatina] t= 4784 ms  SEARCH       rival=no d=9999 mm rumbo=-6000 cdeg  linea=0x0
[gelatina] t= 4912 ms  TRACK        rival=si d=  67 mm rumbo=-4533 cdeg  linea=0x0
[gelatina] t= 4920 ms  ATTACK       rival=si d=  67 mm rumbo=-4533 cdeg  linea=0x0
[gelatina] t= 5112 ms  SEARCH       rival=no d=9999 mm rumbo=+4541 cdeg  linea=0x0
[gelatina] t= 5176 ms  TRACK        rival=si d=  94 mm rumbo=+6000 cdeg  linea=0x0
[gelatina] t= 5184 ms  ATTACK       rival=si d=  94 mm rumbo=+6000 cdeg  linea=0x0
[gelatina] t= 5416 ms  SEARCH       rival=no d=9999 mm rumbo=-6000 cdeg  linea=0x0
[gelatina] t= 5504 ms  TRACK        rival=si d=  88 mm rumbo=-6000 cdeg  linea=0x0
[gelatina] t= 5512 ms  ATTACK       rival=si d=  88 mm rumbo=-6000 cdeg  linea=0x0
[gelatina] t= 5744 ms  SEARCH       rival=no d=9999 mm rumbo=+6000 cdeg  linea=0x0
[gelatina] t= 5800 ms  TRACK        rival=si d=  94 mm rumbo=+6000 cdeg  linea=0x0
[gelatina] t= 5808 ms  ATTACK       rival=si d=  94 mm rumbo=+6000 cdeg  linea=0x0
[gelatina] t= 6072 ms  SEARCH       rival=no d=9999 mm rumbo=-6000 cdeg  linea=0x0
[gelatina] t= 6136 ms  TRACK        rival=si d=  70 mm rumbo=-6000 cdeg  linea=0x0
[gelatina] t= 6144 ms  ATTACK       rival=si d=  70 mm rumbo=-6000 cdeg  linea=0x0
[gelatina] t= 6400 ms  SEARCH       rival=no d=9999 mm rumbo=+6000 cdeg  linea=0x0
[gelatina] t= 6464 ms  TRACK        rival=si d=  47 mm rumbo=+6000 cdeg  linea=0x0
[gelatina] t= 6472 ms  ATTACK       rival=si d=  47 mm rumbo=+6000 cdeg  linea=0x0
WARNING: Contact joints between materials 'patin' and 'dohyo' will only be created for the 10 deepest contact points instead of all the 18 contact points.
[gelatina] t= 6864 ms  SEARCH       rival=no d=9999 mm rumbo=-3000 cdeg  linea=0x0
[gelatina] t= 7024 ms  TRACK        rival=si d=  49 mm rumbo=+6000 cdeg  linea=0x0
[gelatina] t= 7032 ms  ATTACK       rival=si d=  49 mm rumbo=+6000 cdeg  linea=0x0
[gelatina] t= 7160 ms  SEARCH       rival=no d=9999 mm rumbo=+6000 cdeg  linea=0x0
[gelatina] t= 7352 ms  TRACK        rival=si d=  54 mm rumbo=+3000 cdeg  linea=0x0
[gelatina] t= 7360 ms  ATTACK       rival=si d=  54 mm rumbo=+3000 cdeg  linea=0x0
WARNING: Contact joints between materials 'patin' and 'dohyo' will only be created for the 10 deepest contact points instead of all the 12 contact points.
[arbitro] asalto 19/30  frente   rival fuera     +1   7.79 s
[inercia] asalto=19 robot=GELATINA rueda=0 rotor=3.56502855e-05
[inercia] asalto=19 robot=GELATINA rueda=1 rotor=2.84224543e-05
[inercia] asalto=19 robot=RIVAL rueda=0 rotor=2.59446371e-05
[inercia] asalto=19 robot=RIVAL rueda=1 rotor=2.11662378e-05
[planta] asalto=19 mu=1.07916555 slip=0.000595489621 aleatorio=1
WARNING: DEF RIVAL GelatinaNuclear > HingeJoint "rueda_der" > Solid "rueda_der": Webots has detected that this solid is light and oblong according to its inertia matrix. This belongs in the physics edge cases, and can imply weird physical results. Increasing the weight of the object or reducing its eccentricity are recommended.
[gelatina] fin de asalto motor={"battery_v":8.02911175,"resistance_ohm":[3.61012363,4.12301402],"bridge_ohm":[0.516429031,0.626979172],"omega_rad_s":[55.1131011,8.40460115],"current_a":[0.69536499,0.821861701],"torque_nm":[0.0234809951,0.0339362791],"applied_pwm":[1,0.573913395],"over_1_2a_samples":3172,"over_3_2a_samples":2}
[gelatina] t=    0 ms  WAIT         rival=si d= 101 mm rumbo=-1511 cdeg  linea=0x0
[rival] fin de asalto motor={"battery_v":7.18980441,"resistance_ohm":[4.06803827,3.79150333],"bridge_ohm":[0.515953016,0.687746608],"omega_rad_s":[-30.4788036,-31.3460113],"current_a":[-0.396036741,-0.444680171],"torque_nm":[-0.0135566841,-0.0112295253],"applied_pwm":[-0.6,-0.6],"over_1_2a_samples":213,"over_3_2a_samples":0}
[planta] gelatina ciclo=21 rueda=0 V=8.06293029 R=3.97073298 Rpuente=0.528324747 I0=0.155373824 Ke=0.0909510855 Kt=0.0483794733
[planta] gelatina ciclo=21 rueda=1 V=8.06293029 R=4.09804659 Rpuente=0.503165686 I0=0.0911542028 Ke=0.0747389617 Kt=0.0483794733
[sensores] gelatina ToF alcance=1830.08862 minimo=22.9418826 sigma_rel=0.0530888653
[gelatina] pulsador recibido: permiso previsto 399312 ms
[planta] rival ciclo=21 rueda=0 V=7.15712184 R=4.22095814 Rpuente=0.644258213 I0=0.12137703 Ke=0.0816681165 Kt=0.0483794733
[planta] rival ciclo=21 rueda=1 V=7.15712184 R=4.00081563 Rpuente=0.660281038 I0=0.121148506 Ke=0.0779330288 Kt=0.0483794733
[sensores] rival ToF alcance=1046.47231 minimo=42.354129 sigma_rel=0.0780528402
[arranque] pulsador=394312 permiso=399312 ms
[gelatina] permiso de arranque a los 399312 ms
[gelatina] t=    0 ms  OPENING      rival=no d=9999 mm rumbo=-1511 cdeg  linea=0x0
WARNING: Contact joints between materials 'rueda' and 'dohyo' will only be created for the 10 deepest contact points instead of all the 12 contact points.
[gelatina] t=   64 ms  TRACK        rival=si d=  69 mm rumbo=-6000 cdeg  linea=0x0
[gelatina] t=   72 ms  ATTACK       rival=si d=  69 mm rumbo=-6000 cdeg  linea=0x0
[gelatina] t=  464 ms  SEARCH       rival=no d=9999 mm rumbo=-3000 cdeg  linea=0x0
[gelatina] t=  624 ms  TRACK        rival=si d=  49 mm rumbo=+3000 cdeg  linea=0x0
[gelatina] t=  632 ms  ATTACK       rival=si d=  49 mm rumbo=+3000 cdeg  linea=0x0
[gelatina] t=  760 ms  SEARCH       rival=no d=9999 mm rumbo=+3000 cdeg  linea=0x0
[gelatina] t=  920 ms  TRACK        rival=si d=  96 mm rumbo=+6000 cdeg  linea=0x0
[gelatina] t=  928 ms  ATTACK       rival=si d=  96 mm rumbo=+6000 cdeg  linea=0x0
WARNING: Contact joints between materials 'rueda' and 'dohyo' will only be created for the 10 deepest contact points instead of all the 20 contact points.
[gelatina] t= 1160 ms  SEARCH       rival=no d=9999 mm rumbo=-4508 cdeg  linea=0x0
[gelatina] t= 1280 ms  TRACK        rival=si d=  80 mm rumbo=-4556 cdeg  linea=0x0
[gelatina] t= 1288 ms  ATTACK       rival=si d=  80 mm rumbo=-4556 cdeg  linea=0x0
[gelatina] t= 1488 ms  SEARCH       rival=no d=9999 mm rumbo=+4544 cdeg  linea=0x0
[gelatina] t= 1576 ms  TRACK        rival=si d=  96 mm rumbo=+6000 cdeg  linea=0x0
[gelatina] t= 1584 ms  ATTACK       rival=si d=  96 mm rumbo=+6000 cdeg  linea=0x0
[gelatina] t= 1816 ms  SEARCH       rival=no d=9999 mm rumbo=-6000 cdeg  linea=0x0
[gelatina] t= 1912 ms  TRACK        rival=si d= 101 mm rumbo=-6000 cdeg  linea=0x0
[gelatina] t= 1920 ms  ATTACK       rival=si d= 101 mm rumbo=-6000 cdeg  linea=0x0
[gelatina] t= 2144 ms  SEARCH       rival=no d=9999 mm rumbo=+6000 cdeg  linea=0x0
WARNING: Contact joints between materials 'patin' and 'dohyo' will only be created for the 10 deepest contact points instead of all the 47 contact points.
[gelatina] t= 2208 ms  TRACK        rival=si d= 121 mm rumbo=+6000 cdeg  linea=0x0
[gelatina] t= 2216 ms  ATTACK       rival=si d= 121 mm rumbo=+6000 cdeg  linea=0x0
[gelatina] t= 2480 ms  SEARCH       rival=no d=9999 mm rumbo=-6000 cdeg  linea=0x0
[gelatina] t= 2568 ms  TRACK        rival=si d= 149 mm rumbo=-6000 cdeg  linea=0x0
[gelatina] t= 2632 ms  ATTACK       rival=si d= 118 mm rumbo=  +23 cdeg  linea=0x0
[gelatina] t= 2808 ms  SEARCH       rival=no d=9999 mm rumbo=+6000 cdeg  linea=0x0
[gelatina] t= 2864 ms  TRACK        rival=si d= 139 mm rumbo=+6000 cdeg  linea=0x0
[gelatina] t= 2896 ms  ATTACK       rival=si d=  86 mm rumbo=+4526 cdeg  linea=0x0
[gelatina] t= 3136 ms  SEARCH       rival=no d=9999 mm rumbo=-6000 cdeg  linea=0x0
[gelatina] t= 3232 ms  TRACK        rival=si d=  75 mm rumbo=-4545 cdeg  linea=0x0
[gelatina] t= 3240 ms  ATTACK       rival=si d=  75 mm rumbo=-4545 cdeg  linea=0x0
WARNING: Contact joints between materials 'rueda' and 'dohyo' will only be created for the 10 deepest contact points instead of all the 14 contact points.
[gelatina] t= 3464 ms  SEARCH       rival=no d=9999 mm rumbo=+6000 cdeg  linea=0x0
[gelatina] t= 3560 ms  TRACK        rival=si d=  80 mm rumbo=+4527 cdeg  linea=0x0
[gelatina] t= 3568 ms  ATTACK       rival=si d=  80 mm rumbo=+4527 cdeg  linea=0x0
[gelatina] t= 3800 ms  SEARCH       rival=no d=9999 mm rumbo=-6000 cdeg  linea=0x0
[gelatina] t= 3888 ms  TRACK        rival=si d=  78 mm rumbo=-4560 cdeg  linea=0x0
[gelatina] t= 3896 ms  ATTACK       rival=si d=  78 mm rumbo=-4560 cdeg  linea=0x0
WARNING: Contact joints between materials 'patin' and 'dohyo' will only be created for the 10 deepest contact points instead of all the 13 contact points.
[arbitro] asalto 20/30  lado     rival fuera     +1   4.65 s
[inercia] asalto=20 robot=GELATINA rueda=0 rotor=3.43606977e-05
[inercia] asalto=20 robot=GELATINA rueda=1 rotor=3.12603291e-05
[inercia] asalto=20 robot=RIVAL rueda=0 rotor=9.26263064e-06
[inercia] asalto=20 robot=RIVAL rueda=1 rotor=1.42282911e-05
[planta] asalto=20 mu=1.20134381 slip=0.000236595631 aleatorio=1
WARNING: DEF GELATINA GelatinaNuclear > HingeJoint "rueda_izq" > Solid "rueda_izq": Webots has detected that this solid is light and oblong according to its inertia matrix. This belongs in the physics edge cases, and can imply weird physical results. Increasing the weight of the object or reducing its eccentricity are recommended.
[gelatina] fin de asalto motor={"battery_v":8.06293029,"resistance_ohm":[3.97073298,4.09804659],"bridge_ohm":[0.528324747,0.503165686],"omega_rad_s":[36.2253855,72.3550987],"current_a":[0.417485522,0.226592323],"torque_nm":[0.0126808259,0.00655242493],"applied_pwm":[0.641581833,0.800000012],"over_1_2a_samples":3292,"over_3_2a_samples":2}
[gelatina] t=    0 ms  WAIT         rival=si d= 405 mm rumbo=-2163 cdeg  linea=0x1
[rival] fin de asalto motor={"battery_v":7.15712184,"resistance_ohm":[4.22095814,4.00081563],"bridge_ohm":[0.644258213,0.660281038],"omega_rad_s":[-28.9266386,-14.7539875],"current_a":[-0.397081829,-0.674615953],"torque_nm":[-0.013338453,-0.0267764636],"applied_pwm":[-0.6,-0.6],"over_1_2a_samples":218,"over_3_2a_samples":0}
[planta] gelatina ciclo=22 rueda=0 V=8.09891918 R=3.82159433 Rpuente=0.687987089 I0=0.122942841 Ke=0.0686880602 Kt=0.0483794733
[planta] gelatina ciclo=22 rueda=1 V=8.09891918 R=4.06575394 Rpuente=0.524181831 I0=0.161598748 Ke=0.0911811254 Kt=0.0483794733
[sensores] gelatina ToF alcance=1660.50074 minimo=23.1434596 sigma_rel=0.0834694672
[gelatina] pulsador recibido: permiso previsto 409272 ms
[planta] rival ciclo=22 rueda=0 V=7.89076605 R=3.88990607 Rpuente=0.528554785 I0=0.0850940287 Ke=0.102339163 Kt=0.0483794733
[planta] rival ciclo=22 rueda=1 V=7.89076605 R=3.76079721 Rpuente=0.502074564 I0=0.0864165455 Ke=0.074028238 Kt=0.0483794733
[sensores] rival ToF alcance=1687.28053 minimo=23.5093021 sigma_rel=0.0401044607
[arranque] pulsador=404272 permiso=409272 ms
[gelatina] permiso de arranque a los 409272 ms
[gelatina] t=    0 ms  OPENING      rival=no d=9999 mm rumbo=-2163 cdeg  linea=0x0
[gelatina] t=  112 ms  SEARCH       rival=no d=9999 mm rumbo=-2163 cdeg  linea=0x0
WARNING: Contact joints between materials 'rueda' and 'dohyo' will only be created for the 10 deepest contact points instead of all the 25 contact points.
[gelatina] t=  192 ms  TRACK        rival=si d= 112 mm rumbo=-6000 cdeg  linea=0x0
[gelatina] t=  200 ms  ATTACK       rival=si d= 112 mm rumbo=-6000 cdeg  linea=0x0
[gelatina] t=  432 ms  SEARCH       rival=no d=9999 mm rumbo=+6000 cdeg  linea=0x0
[gelatina] t=  560 ms  TRACK        rival=si d=  79 mm rumbo=+4505 cdeg  linea=0x0
[gelatina] t=  568 ms  ATTACK       rival=si d=  79 mm rumbo=+4505 cdeg  linea=0x0
[gelatina] t= 1088 ms  SEARCH       rival=no d=9999 mm rumbo=+3000 cdeg  linea=0x0
WARNING: Contact joints between materials 'patin' and 'dohyo' will only be created for the 10 deepest contact points instead of all the 12 contact points.
[gelatina] t= 1216 ms  TRACK        rival=si d=  28 mm rumbo=+4533 cdeg  linea=0x0
[gelatina] t= 1224 ms  ATTACK       rival=si d=  28 mm rumbo=+4533 cdeg  linea=0x0
[gelatina] t= 1456 ms  SEARCH       rival=no d=9999 mm rumbo=-6000 cdeg  linea=0x0
[gelatina] t= 1512 ms  TRACK        rival=si d=  58 mm rumbo=-6000 cdeg  linea=0x0
[gelatina] t= 1520 ms  ATTACK       rival=si d=  58 mm rumbo=-6000 cdeg  linea=0x0
[gelatina] t= 1784 ms  SEARCH       rival=no d=9999 mm rumbo=+6000 cdeg  linea=0x0
[gelatina] t= 1944 ms  TRACK        rival=si d=  37 mm rumbo=+4511 cdeg  linea=0x0
[gelatina] t= 1952 ms  ATTACK       rival=si d=  37 mm rumbo=+4511 cdeg  linea=0x0
[gelatina] t= 2176 ms  SEARCH       rival=no d=9999 mm rumbo=-6000 cdeg  linea=0x0
[gelatina] t= 2208 ms  TRACK        rival=si d= 106 mm rumbo=-6000 cdeg  linea=0x0
[gelatina] t= 2216 ms  ATTACK       rival=si d= 106 mm rumbo=-6000 cdeg  linea=0x0
WARNING: Contact joints between materials 'patin' and 'dohyo' will only be created for the 10 deepest contact points instead of all the 31 contact points.
[gelatina] t= 2472 ms  SEARCH       rival=no d=9999 mm rumbo=   +0 cdeg  linea=0x0
[gelatina] t= 2736 ms  TRACK        rival=si d=  53 mm rumbo=+4518 cdeg  linea=0x0
[gelatina] t= 2744 ms  ATTACK       rival=si d=  53 mm rumbo=+4518 cdeg  linea=0x0
[gelatina] t= 2968 ms  SEARCH       rival=no d=9999 mm rumbo=-6000 cdeg  linea=0x0
[gelatina] t= 3032 ms  TRACK        rival=si d=  90 mm rumbo=-6000 cdeg  linea=0x0
[gelatina] t= 3040 ms  ATTACK       rival=si d=  90 mm rumbo=-6000 cdeg  linea=0x0
WARNING: Contact joints between materials 'patin' and 'dohyo' will only be created for the 10 deepest contact points instead of all the 11 contact points.
[gelatina] t= 3304 ms  SEARCH       rival=no d=9999 mm rumbo=+6000 cdeg  linea=0x0
[gelatina] t= 3392 ms  TRACK        rival=si d=  86 mm rumbo=+6000 cdeg  linea=0x0
[gelatina] t= 3400 ms  ATTACK       rival=si d=  86 mm rumbo=+6000 cdeg  linea=0x0
[gelatina] t= 3632 ms  SEARCH       rival=no d=9999 mm rumbo=-6000 cdeg  linea=0x0
[gelatina] t= 3696 ms  TRACK        rival=si d= 103 mm rumbo=-6000 cdeg  linea=0x0
[gelatina] t= 3704 ms  ATTACK       rival=si d= 103 mm rumbo=-6000 cdeg  linea=0x0
WARNING: Contact joints between materials 'patin' and 'dohyo' will only be created for the 10 deepest contact points instead of all the 21 contact points.
[gelatina] t= 4984 ms  SEARCH       rival=no d=9999 mm rumbo=+4545 cdeg  linea=0x0
[gelatina] t= 5008 ms  TRACK        rival=si d=  28 mm rumbo=+6000 cdeg  linea=0x0
[gelatina] t= 5016 ms  ATTACK       rival=si d=  28 mm rumbo=+6000 cdeg  linea=0x0
WARNING: Contact joints between materials 'patin' and 'dohyo' will only be created for the 10 deepest contact points instead of all the 13 contact points.
[gelatina] t= 5576 ms  SEARCH       rival=no d=9999 mm rumbo=+6000 cdeg  linea=0x0
[gelatina] t= 5608 ms  TRACK        rival=si d=  30 mm rumbo=+6000 cdeg  linea=0x0
[gelatina] t= 5616 ms  ATTACK       rival=si d=  30 mm rumbo=+6000 cdeg  linea=0x0
WARNING: Contact joints between materials 'patin' and 'dohyo' will only be created for the 10 deepest contact points instead of all the 21 contact points.
[gelatina] t= 6664 ms  SEARCH       rival=no d=9999 mm rumbo=+3000 cdeg  linea=0x0
[gelatina] t= 6760 ms  TRACK        rival=si d=  39 mm rumbo=+3000 cdeg  linea=0x0
[gelatina] t= 6768 ms  ATTACK       rival=si d=  39 mm rumbo=+3000 cdeg  linea=0x0
[gelatina] t= 7160 ms  SEARCH       rival=no d=9999 mm rumbo=-3000 cdeg  linea=0x0
[gelatina] t= 7288 ms  TRACK        rival=si d=  31 mm rumbo=-2985 cdeg  linea=0x0
[gelatina] t= 7296 ms  ATTACK       rival=si d=  31 mm rumbo=-2985 cdeg  linea=0x0
WARNING: Contact joints between materials 'rueda' and 'dohyo' will only be created for the 10 deepest contact points instead of all the 15 contact points.
[gelatina] t= 7488 ms  SEARCH       rival=no d=9999 mm rumbo=+4524 cdeg  linea=0x0
[gelatina] t= 7552 ms  TRACK        rival=si d=  93 mm rumbo=+6000 cdeg  linea=0x0
[gelatina] t= 7560 ms  ATTACK       rival=si d=  93 mm rumbo=+6000 cdeg  linea=0x0
[gelatina] t= 7824 ms  SEARCH       rival=no d=9999 mm rumbo=-6000 cdeg  linea=0x0
[gelatina] t= 7880 ms  TRACK        rival=si d=  54 mm rumbo=-6000 cdeg  linea=0x0
[gelatina] t= 7888 ms  ATTACK       rival=si d=  54 mm rumbo=-6000 cdeg  linea=0x0
[gelatina] t= 8120 ms  SEARCH       rival=no d=9999 mm rumbo=+6000 cdeg  linea=0x0
[gelatina] t= 8248 ms  TRACK        rival=si d=  59 mm rumbo=+6000 cdeg  linea=0x0
[gelatina] t= 8256 ms  ATTACK       rival=si d=  59 mm rumbo=+6000 cdeg  linea=0x0
WARNING: Contact joints between materials 'rueda' and 'dohyo' will only be created for the 10 deepest contact points instead of all the 49 contact points.
[gelatina] t= 8480 ms  SEARCH       rival=no d=9999 mm rumbo=-6000 cdeg  linea=0x0
[gelatina] t= 8544 ms  TRACK        rival=si d=  60 mm rumbo=-6000 cdeg  linea=0x0
[gelatina] t= 8552 ms  ATTACK       rival=si d=  60 mm rumbo=-6000 cdeg  linea=0x0
[gelatina] t= 8776 ms  SEARCH       rival=no d=9999 mm rumbo=+6000 cdeg  linea=0x0
[gelatina] t= 8872 ms  TRACK        rival=si d= 101 mm rumbo=+6000 cdeg  linea=0x0
[gelatina] t= 8880 ms  ATTACK       rival=si d= 101 mm rumbo=+6000 cdeg  linea=0x0
[gelatina] t= 9144 ms  SEARCH       rival=no d=9999 mm rumbo=-6000 cdeg  linea=0x0
[gelatina] t= 9168 ms  TRACK        rival=si d=  64 mm rumbo=-6000 cdeg  linea=0x0
[gelatina] t= 9176 ms  ATTACK       rival=si d=  64 mm rumbo=-6000 cdeg  linea=0x0
WARNING: Contact joints between materials 'patin' and 'dohyo' will only be created for the 10 deepest contact points instead of all the 15 contact points.
[arbitro] asalto 21/30  espalda  rival fuera     +1   9.78 s
[inercia] asalto=21 robot=GELATINA rueda=0 rotor=2.41761752e-05
[inercia] asalto=21 robot=GELATINA rueda=1 rotor=2.18299767e-05
[inercia] asalto=21 robot=RIVAL rueda=0 rotor=2.12558225e-05
[inercia] asalto=21 robot=RIVAL rueda=1 rotor=2.09447334e-05
[planta] asalto=21 mu=1.16233686 slip=3.54218483e-05 aleatorio=1
WARNING: DEF GELATINA GelatinaNuclear > HingeJoint "rueda_izq" > Solid "rueda_izq": Webots has detected that this solid is light and oblong according to its inertia matrix. This belongs in the physics edge cases, and can imply weird physical results. Increasing the weight of the object or reducing its eccentricity are recommended.
WARNING: DEF GELATINA GelatinaNuclear > HingeJoint "rueda_der" > Solid "rueda_der": Webots has detected that this solid is light and oblong according to its inertia matrix. This belongs in the physics edge cases, and can imply weird physical results. Increasing the weight of the object or reducing its eccentricity are recommended.
[gelatina] fin de asalto motor={"battery_v":8.09891918,"resistance_ohm":[3.82159433,4.06575394],"bridge_ohm":[0.687987089,0.524181831],"omega_rad_s":[42.3220438,52.2928623],"current_a":[1.15130421,-0.259652079],"torque_nm":[0.0497515815,-0.0203798931],"applied_pwm":[1,0.441581845],"over_1_2a_samples":3486,"over_3_2a_samples":2}
[gelatina] t=    0 ms  WAIT         rival=si d=  72 mm rumbo=+1504 cdeg  linea=0x0
[rival] fin de asalto motor={"battery_v":7.89076605,"resistance_ohm":[3.88990607,3.76079721],"bridge_ohm":[0.528554785,0.502074564],"omega_rad_s":[-37.373892,-5.38481942],"current_a":[-0.027287825,1.0190341],"torque_nm":[0.00279663369,0.0534809443],"applied_pwm":[-0.5,0.5],"over_1_2a_samples":232,"over_3_2a_samples":0}
[planta] gelatina ciclo=23 rueda=0 V=8.13273771 R=4.18220367 Rpuente=0.699882805 I0=0.218302032 Ke=0.090068279 Kt=0.0483794733
[planta] gelatina ciclo=23 rueda=1 V=8.13273771 R=4.0407865 Rpuente=0.600368345 I0=0.132351521 Ke=0.0801447784 Kt=0.0483794733
[sensores] gelatina ToF alcance=1611.23441 minimo=29.1269225 sigma_rel=0.0407855368
[gelatina] pulsador recibido: permiso previsto 424368 ms
[planta] rival ciclo=23 rueda=0 V=8.38062681 R=4.06832638 Rpuente=0.606924069 I0=0.108852911 Ke=0.0858912756 Kt=0.0483794733
[arranque] pulsador=419368 permiso=424368 ms
[planta] rival ciclo=23 rueda=1 V=8.38062681 R=3.66455526 Rpuente=0.623745346 I0=0.135405868 Ke=0.0937291894 Kt=0.0483794733
[sensores] rival ToF alcance=885.067499 minimo=32.9394126 sigma_rel=0.108723536
[gelatina] permiso de arranque a los 424368 ms
[gelatina] t=    0 ms  TRACK        rival=si d=  73 mm rumbo=+1504 cdeg  linea=0x0
[gelatina] t=    8 ms  ATTACK       rival=si d=  73 mm rumbo=+1504 cdeg  linea=0x0
WARNING: Contact joints between materials 'patin' and 'dohyo' will only be created for the 10 deepest contact points instead of all the 24 contact points.
[gelatina] t=  664 ms  SEARCH       rival=no d=9999 mm rumbo=-3000 cdeg  linea=0x0
[gelatina] t=  688 ms  TRACK        rival=si d=  37 mm rumbo=   +0 cdeg  linea=0x0
[gelatina] t=  696 ms  ATTACK       rival=si d=  37 mm rumbo=   +0 cdeg  linea=0x0
[arbitro] asalto 22/30  frente   rival fuera     +1   0.78 s
[inercia] asalto=22 robot=GELATINA rueda=0 rotor=3.47288454e-05
[inercia] asalto=22 robot=GELATINA rueda=1 rotor=2.88815353e-05
[inercia] asalto=22 robot=RIVAL rueda=0 rotor=2.26690709e-05
[inercia] asalto=22 robot=RIVAL rueda=1 rotor=3.08220808e-05
[planta] asalto=22 mu=0.619500673 slip=0.00136060154 aleatorio=1
[gelatina] fin de asalto motor={"battery_v":8.13273771,"resistance_ohm":[4.18220367,4.0407865],"bridge_ohm":[0.699882805,0.600368345],"omega_rad_s":[40.4744405,54.8568859],"current_a":[-0.011100555,0.805024797],"torque_nm":[-0.0110983764,0.0325435789],"applied_pwm":[0.441581845,1],"over_1_2a_samples":3503,"over_3_2a_samples":2}
[gelatina] t=    0 ms  WAIT         rival=si d=  31 mm rumbo=+6000 cdeg  linea=0x1
[rival] fin de asalto motor={"battery_v":8.38062681,"resistance_ohm":[4.06832638,3.66455526],"bridge_ohm":[0.606924069,0.623745346],"omega_rad_s":[-9.29005412,40.565361],"current_a":[-0.725603654,0.0905148764],"torque_nm":[-0.0298380762,-0.00217180255],"applied_pwm":[-0.5,0.5],"over_1_2a_samples":235,"over_3_2a_samples":0}
[planta] gelatina ciclo=24 rueda=0 V=8.16872652 R=4.03306503 Rpuente=0.659545147 I0=0.18587105 Ke=0.0674814979 Kt=0.0483794733
[planta] gelatina ciclo=24 rueda=1 V=8.16872652 R=4.00849385 Rpuente=0.62138449 I0=0.202796066 Ke=0.0658805613 Kt=0.0483794733
[sensores] gelatina ToF alcance=1441.64653 minimo=29.3285012 sigma_rel=0.0711661434
[gelatina] pulsador recibido: permiso previsto 430456 ms
[planta] rival ciclo=24 rueda=0 V=7.43880427 R=3.66269288 Rpuente=0.615391648 I0=0.176589221 Ke=0.067912769 Kt=0.0483794733
[planta] rival ciclo=24 rueda=1 V=7.43880427 R=4.27961082 Rpuente=0.657067728 I0=0.0886220098 Ke=0.0838948678 Kt=0.0483794733
[sensores] rival ToF alcance=814.122832 minimo=37.7100253 sigma_rel=0.0649522638
[arranque] pulsador=425456 permiso=430456 ms
[gelatina] permiso de arranque a los 430456 ms
[gelatina] t=    0 ms  OPENING      rival=no d=9999 mm rumbo=+6000 cdeg  linea=0x0
WARNING: Contact joints between materials 'rueda' and 'dohyo' will only be created for the 10 deepest contact points instead of all the 13 contact points.
[gelatina] t=   64 ms  TRACK        rival=si d= 134 mm rumbo=-6000 cdeg  linea=0x0
[gelatina] t=   96 ms  ATTACK       rival=si d=  60 mm rumbo=-6000 cdeg  linea=0x0
[gelatina] t=  328 ms  SEARCH       rival=no d=9999 mm rumbo=-1500 cdeg  linea=0x0
[gelatina] t=  360 ms  TRACK        rival=si d=  39 mm rumbo=+3000 cdeg  linea=0x0
[gelatina] t=  368 ms  ATTACK       rival=si d=  39 mm rumbo=+3000 cdeg  linea=0x0
[gelatina] t=  792 ms  SEARCH       rival=no d=9999 mm rumbo=+3000 cdeg  linea=0x0
WARNING: Contact joints between materials 'patin' and 'dohyo' will only be created for the 10 deepest contact points instead of all the 16 contact points.
[arbitro] asalto 23/30  lado     tiempo agotado  +0  60.00 s
[inercia] asalto=23 robot=GELATINA rueda=0 rotor=3.50999542e-05
[inercia] asalto=23 robot=GELATINA rueda=1 rotor=1.70414917e-05
[inercia] asalto=23 robot=RIVAL rueda=0 rotor=3.00675711e-05
[inercia] asalto=23 robot=RIVAL rueda=1 rotor=2.47809886e-05
[planta] asalto=23 mu=0.949570215 slip=0.00127460468 aleatorio=1
WARNING: DEF GELATINA GelatinaNuclear > HingeJoint "rueda_izq" > Solid "rueda_izq": Webots has detected that this solid is light and oblong according to its inertia matrix. This belongs in the physics edge cases, and can imply weird physical results. Increasing the weight of the object or reducing its eccentricity are recommended.
WARNING: DEF RIVAL GelatinaNuclear > HingeJoint "rueda_der" > Solid "rueda_der": Webots has detected that this solid is light and oblong according to its inertia matrix. This belongs in the physics edge cases, and can imply weird physical results. Increasing the weight of the object or reducing its eccentricity are recommended.
[gelatina] fin de asalto motor={"battery_v":8.16872652,"resistance_ohm":[4.03306503,4.00849385],"bridge_ohm":[0.659545147,0.62138449],"omega_rad_s":[-44.428261,109.740544],"current_a":[-0.80106482,0.202804004],"torque_nm":[-0.0297627506,3.84031438e-07],"applied_pwm":[-0.827199996,1],"over_1_2a_samples":4102,"over_3_2a_samples":2}
[gelatina] t=    0 ms  WAIT         rival=no d=9999 mm rumbo=+3000 cdeg  linea=0x0
[rival] fin de asalto motor={"battery_v":7.43880427,"resistance_ohm":[3.66269288,4.27961082],"bridge_ohm":[0.615391648,0.657067728],"omega_rad_s":[-0.000498231202,38.666641],"current_a":[-0.869400376,0.0963136235],"torque_nm":[-0.0420568758,0.000372116222],"applied_pwm":[-0.5,0.5],"over_1_2a_samples":236,"over_3_2a_samples":0}
[planta] gelatina ciclo=25 rueda=0 V=8.20254513 R=4.39367437 Rpuente=0.671440876 I0=0.13123025 Ke=0.0669557527 Kt=0.0483794733
[planta] gelatina ciclo=25 rueda=1 V=8.20254513 R=3.98352647 Rpuente=0.697571003 I0=0.17354883 Ke=0.0868823042 Kt=0.0483794733
[sensores] gelatina ToF alcance=1392.38014 minimo=35.3119642 sigma_rel=0.108482208
[gelatina] pulsador recibido: permiso previsto 495768 ms
[planta] rival ciclo=25 rueda=0 V=7.96421191 R=4.10517569 Rpuente=0.551964056 I0=0.167828563 Ke=0.0806549315 Kt=0.0483794733
[planta] rival ciclo=25 rueda=1 V=7.96421191 R=3.67243137 Rpuente=0.518191636 I0=0.147279301 Ke=0.0759574003 Kt=0.0483794733
[sensores] rival ToF alcance=1304.29261 minimo=44.8549813 sigma_rel=0.0543525887
[arranque] pulsador=490768 permiso=495768 ms
[gelatina] permiso de arranque a los 495768 ms
[gelatina] t=    0 ms  OPENING      rival=no d=9999 mm rumbo=+3000 cdeg  linea=0x0
[gelatina] t=  112 ms  SEARCH       rival=no d=9999 mm rumbo=+3000 cdeg  linea=0x0
WARNING: Contact joints between materials 'rueda' and 'dohyo' will only be created for the 10 deepest contact points instead of all the 21 contact points.
[gelatina] t=  328 ms  TRACK        rival=si d=  76 mm rumbo=+6000 cdeg  linea=0x0
[gelatina] t=  336 ms  ATTACK       rival=si d=  76 mm rumbo=+6000 cdeg  linea=0x0
[gelatina] t=  528 ms  SEARCH       rival=no d=9999 mm rumbo=-4497 cdeg  linea=0x0
[gelatina] t=  592 ms  TRACK        rival=si d= 140 mm rumbo=-6000 cdeg  linea=0x0
[gelatina] t=  624 ms  ATTACK       rival=si d=  73 mm rumbo=-4546 cdeg  linea=0x0
[gelatina] t=  824 ms  SEARCH       rival=no d=9999 mm rumbo=+4527 cdeg  linea=0x0
[gelatina] t=  952 ms  TRACK        rival=si d= 104 mm rumbo=+6000 cdeg  linea=0x0
[gelatina] t=  960 ms  ATTACK       rival=si d= 104 mm rumbo=+6000 cdeg  linea=0x0
[gelatina] t= 1160 ms  SEARCH       rival=no d=9999 mm rumbo=-4481 cdeg  linea=0x0
WARNING: Contact joints between materials 'rueda' and 'dohyo' will only be created for the 10 deepest contact points instead of all the 15 contact points.
[gelatina] t= 1280 ms  TRACK        rival=si d= 109 mm rumbo=-4495 cdeg  linea=0x0
[gelatina] t= 1288 ms  ATTACK       rival=si d= 109 mm rumbo=-4495 cdeg  linea=0x0
[gelatina] t= 1488 ms  SEARCH       rival=no d=9999 mm rumbo=+6000 cdeg  linea=0x0
[gelatina] t= 1616 ms  TRACK        rival=si d= 151 mm rumbo=+3000 cdeg  linea=0x0
[gelatina] t= 1648 ms  ATTACK       rival=si d= 122 mm rumbo=+1457 cdeg  linea=0x0
[gelatina] t= 1848 ms  SEARCH       rival=no d=9999 mm rumbo=-6000 cdeg  linea=0x0
[gelatina] t= 1880 ms  TRACK        rival=si d= 138 mm rumbo=-6000 cdeg  linea=0x0
[gelatina] t= 1912 ms  ATTACK       rival=si d=  98 mm rumbo=-4532 cdeg  linea=0x0
[gelatina] t= 2144 ms  SEARCH       rival=no d=9999 mm rumbo=+6000 cdeg  linea=0x0
WARNING: Contact joints between materials 'patin' and 'dohyo' will only be created for the 10 deepest contact points instead of all the 12 contact points.
[gelatina] t= 2240 ms  TRACK        rival=si d= 125 mm rumbo=+6000 cdeg  linea=0x0
[gelatina] t= 2248 ms  ATTACK       rival=si d= 125 mm rumbo=+6000 cdeg  linea=0x0
[gelatina] t= 2480 ms  SEARCH       rival=no d=9999 mm rumbo=-4524 cdeg  linea=0x0
[gelatina] t= 2504 ms  TRACK        rival=si d=  98 mm rumbo=-6000 cdeg  linea=0x0
[gelatina] t= 2512 ms  ATTACK       rival=si d=  98 mm rumbo=-6000 cdeg  linea=0x0
[gelatina] t= 2808 ms  SEARCH       rival=no d=9999 mm rumbo=+6000 cdeg  linea=0x0
[gelatina] t= 2896 ms  TRACK        rival=si d= 106 mm rumbo=+6000 cdeg  linea=0x0
[gelatina] t= 2904 ms  ATTACK       rival=si d= 106 mm rumbo=+6000 cdeg  linea=0x0
WARNING: Contact joints between materials 'rueda' and 'dohyo' will only be created for the 10 deepest contact points instead of all the 15 contact points.
[gelatina] t= 3304 ms  SEARCH       rival=no d=9999 mm rumbo=-6000 cdeg  linea=0x1
[gelatina] t= 3360 ms  TRACK        rival=si d=  49 mm rumbo=   +0 cdeg  linea=0x0
[gelatina] t= 3368 ms  ATTACK       rival=si d=  49 mm rumbo=   +0 cdeg  linea=0x0
[gelatina] t= 4096 ms  SEARCH       rival=no d=9999 mm rumbo=+3000 cdeg  linea=0x0
[gelatina] t= 4152 ms  TRACK        rival=si d=  30 mm rumbo=+3000 cdeg  linea=0x0
[gelatina] t= 4160 ms  ATTACK       rival=si d=  30 mm rumbo=+3000 cdeg  linea=0x0
[gelatina] t= 4320 ms  SEARCH       rival=no d=9999 mm rumbo=+3000 cdeg  linea=0x0
WARNING: Contact joints between materials 'patin' and 'dohyo' will only be created for the 10 deepest contact points instead of all the 11 contact points.
[gelatina] t= 4448 ms  TRACK        rival=si d=  41 mm rumbo=+3000 cdeg  linea=0x0
[gelatina] t= 4456 ms  ATTACK       rival=si d=  41 mm rumbo=+3000 cdeg  linea=0x0
[arbitro] asalto 24/30  espalda  rival fuera     +1   5.18 s
[inercia] asalto=24 robot=GELATINA rueda=0 rotor=9.69655949e-06
[inercia] asalto=24 robot=GELATINA rueda=1 rotor=2.4212451e-05
[inercia] asalto=24 robot=RIVAL rueda=0 rotor=3.15720313e-05
[inercia] asalto=24 robot=RIVAL rueda=1 rotor=1.12083823e-05
[planta] asalto=24 mu=1.17989329 slip=0.000279034257 aleatorio=1
WARNING: DEF GELATINA GelatinaNuclear > HingeJoint "rueda_izq" > Solid "rueda_izq": Webots has detected that this solid is light and oblong according to its inertia matrix. This belongs in the physics edge cases, and can imply weird physical results. Increasing the weight of the object or reducing its eccentricity are recommended.
[gelatina] fin de asalto motor={"battery_v":8.20254513,"resistance_ohm":[4.39367437,3.98352647],"bridge_ohm":[0.671440876,0.697571003],"omega_rad_s":[44.9137575,50.4284573],"current_a":[-0.334607788,0.816305276],"torque_nm":[-0.0225369989,0.0310962183],"applied_pwm":[0.160000026,1],"over_1_2a_samples":4181,"over_3_2a_samples":2}
[gelatina] t=    0 ms  WAIT         rival=no d=9999 mm rumbo=+6000 cdeg  linea=0x1
[rival] fin de asalto motor={"battery_v":7.96421191,"resistance_ohm":[4.10517569,3.67243137],"bridge_ohm":[0.551964056,0.518191636],"omega_rad_s":[-54.6523685,24.8990037],"current_a":[0.091446061,0.498933538],"torque_nm":[0.0125435698,0.0170128468],"applied_pwm":[-0.5,0.5],"over_1_2a_samples":249,"over_3_2a_samples":0}
[planta] gelatina ciclo=26 rueda=0 V=8.23853394 R=4.24453578 Rpuente=0.631103218 I0=0.0987992674 Ke=0.0743115635 Kt=0.0483794733
[planta] gelatina ciclo=26 rueda=1 V=8.23853394 R=3.95123382 Rpuente=0.518587148 I0=0.0939933747 Ke=0.0785624439 Kt=0.0483794733
[sensores] gelatina ToF alcance=1222.79226 minimo=35.5135429 sigma_rel=0.0588628149
[gelatina] pulsador recibido: permiso previsto 506264 ms
[planta] rival ciclo=26 rueda=0 V=7.85345128 R=3.67864804 Rpuente=0.664514804 I0=0.117259365 Ke=0.0835980642 Kt=0.0483794733
[planta] rival ciclo=26 rueda=1 V=7.85345128 R=3.95715528 Rpuente=0.636369371 I0=0.133642271 Ke=0.0722743059 Kt=0.0483794733
[sensores] rival ToF alcance=1042.78057 minimo=45.847522 sigma_rel=0.0809257889
[arranque] pulsador=501264 permiso=506264 ms
[gelatina] permiso de arranque a los 506264 ms
[gelatina] t=    0 ms  TRACK        rival=si d=  78 mm rumbo=   +0 cdeg  linea=0x0
[gelatina] t=    8 ms  ATTACK       rival=si d=  78 mm rumbo=   +0 cdeg  linea=0x0
WARNING: Contact joints between materials 'patin' and 'dohyo' will only be created for the 10 deepest contact points instead of all the 38 contact points.
[gelatina] t=  432 ms  SEARCH       rival=no d=9999 mm rumbo=+6000 cdeg  linea=0x0
[gelatina] t=  456 ms  TRACK        rival=si d=  30 mm rumbo=   +0 cdeg  linea=0x0
[gelatina] t=  464 ms  ATTACK       rival=si d=  30 mm rumbo=   +0 cdeg  linea=0x0
[gelatina] t=  664 ms  SEARCH       rival=no d=9999 mm rumbo=-6000 cdeg  linea=0x0
[gelatina] t=  752 ms  TRACK        rival=si d=  68 mm rumbo=-6000 cdeg  linea=0x0
[gelatina] t=  760 ms  ATTACK       rival=si d=  68 mm rumbo=-6000 cdeg  linea=0x0
[gelatina] t=  960 ms  SEARCH       rival=no d=9999 mm rumbo=+3000 cdeg  linea=0x0
[gelatina] t= 1120 ms  TRACK        rival=si d=  63 mm rumbo=+4529 cdeg  linea=0x0
[gelatina] t= 1128 ms  ATTACK       rival=si d=  63 mm rumbo=+4529 cdeg  linea=0x0
WARNING: Contact joints between materials 'patin' and 'dohyo' will only be created for the 10 deepest contact points instead of all the 14 contact points.
[gelatina] t= 1320 ms  SEARCH       rival=no d=9999 mm rumbo=-6000 cdeg  linea=0x0
[gelatina] t= 1416 ms  TRACK        rival=si d=  90 mm rumbo=-6000 cdeg  linea=0x0
[gelatina] t= 1424 ms  ATTACK       rival=si d=  90 mm rumbo=-6000 cdeg  linea=0x0
[gelatina] t= 1648 ms  SEARCH       rival=no d=9999 mm rumbo=+6000 cdeg  linea=0x0
[gelatina] t= 1744 ms  TRACK        rival=si d=  88 mm rumbo=+4512 cdeg  linea=0x0
[gelatina] t= 1752 ms  ATTACK       rival=si d=  88 mm rumbo=+4512 cdeg  linea=0x0
[gelatina] t= 1952 ms  SEARCH       rival=no d=9999 mm rumbo=-4563 cdeg  linea=0x0
[gelatina] t= 2040 ms  TRACK        rival=si d= 109 mm rumbo=-4526 cdeg  linea=0x0
[gelatina] t= 2048 ms  ATTACK       rival=si d= 109 mm rumbo=-4526 cdeg  linea=0x0
[gelatina] t= 2248 ms  SEARCH       rival=no d=9999 mm rumbo=+3000 cdeg  linea=0x0
[gelatina] t= 2408 ms  TRACK        rival=si d= 145 mm rumbo=+1482 cdeg  linea=0x0
WARNING: Contact joints between materials 'patin' and 'dohyo' will only be created for the 10 deepest contact points instead of all the 12 contact points.
[gelatina] t= 2576 ms  SEARCH       rival=no d=9999 mm rumbo=-4511 cdeg  linea=0x0
[gelatina] t= 2600 ms  TRACK        rival=si d= 155 mm rumbo=-6000 cdeg  linea=0x0
[gelatina] t= 2672 ms  ATTACK       rival=si d= 129 mm rumbo=+1563 cdeg  linea=0x0
[gelatina] t= 2840 ms  SEARCH       rival=no d=9999 mm rumbo=+6000 cdeg  linea=0x0
[gelatina] t= 2928 ms  TRACK        rival=si d= 184 mm rumbo=+6000 cdeg  linea=0x0
[gelatina] t= 3168 ms  ATTACK       rival=si d= 128 mm rumbo=-1547 cdeg  linea=0x0
[gelatina] t= 3368 ms  SEARCH       rival=no d=9999 mm rumbo=+6000 cdeg  linea=0x0
[gelatina] t= 3424 ms  TRACK        rival=si d= 124 mm rumbo=+6000 cdeg  linea=0x0
[gelatina] t= 3432 ms  ATTACK       rival=si d= 124 mm rumbo=+6000 cdeg  linea=0x0
WARNING: Contact joints between materials 'patin' and 'dohyo' will only be created for the 10 deepest contact points instead of all the 13 contact points.
[gelatina] t= 3864 ms  SEARCH       rival=no d=9999 mm rumbo=   +0 cdeg  linea=0x0
[gelatina] t= 4024 ms  TRACK        rival=si d= 100 mm rumbo=+6000 cdeg  linea=0x0
[gelatina] t= 4032 ms  ATTACK       rival=si d= 100 mm rumbo=+6000 cdeg  linea=0x0
[gelatina] t= 4256 ms  SEARCH       rival=no d=9999 mm rumbo=-6000 cdeg  linea=0x0
[gelatina] t= 4384 ms  TRACK        rival=si d=  95 mm rumbo=-4506 cdeg  linea=0x0
[gelatina] t= 4392 ms  ATTACK       rival=si d=  95 mm rumbo=-4506 cdeg  linea=0x0
WARNING: Contact joints between materials 'patin' and 'dohyo' will only be created for the 10 deepest contact points instead of all the 16 contact points.
[gelatina] t= 5048 ms  SEARCH       rival=no d=9999 mm rumbo=-4547 cdeg  linea=0x0
[gelatina] t= 5080 ms  TRACK        rival=si d=  40 mm rumbo=+3000 cdeg  linea=0x0
[gelatina] t= 5088 ms  ATTACK       rival=si d=  40 mm rumbo=+3000 cdeg  linea=0x0
[arbitro] asalto 25/30  frente   rival fuera     +1   5.34 s
[inercia] asalto=25 robot=GELATINA rueda=0 rotor=1.51063374e-05
[inercia] asalto=25 robot=GELATINA rueda=1 rotor=1.77277225e-05
[inercia] asalto=25 robot=RIVAL rueda=0 rotor=1.69141039e-05
[inercia] asalto=25 robot=RIVAL rueda=1 rotor=2.07750269e-05
[planta] asalto=25 mu=0.640810823 slip=0.00191908431 aleatorio=1
WARNING: DEF RIVAL GelatinaNuclear > HingeJoint "rueda_izq" > Solid "rueda_izq": Webots has detected that this solid is light and oblong according to its inertia matrix. This belongs in the physics edge cases, and can imply weird physical results. Increasing the weight of the object or reducing its eccentricity are recommended.
[gelatina] fin de asalto motor={"battery_v":8.23853394,"resistance_ohm":[4.24453578,3.95123382],"bridge_ohm":[0.631103218,0.518587148],"omega_rad_s":[38.7257935,68.1885745],"current_a":[0.63777462,0.644650624],"torque_nm":[0.0260753437,0.0266405077],"applied_pwm":[0.726747394,1],"over_1_2a_samples":4308,"over_3_2a_samples":2}
[gelatina] t=    0 ms  WAIT         rival=si d= 124 mm rumbo=-1504 cdeg  linea=0x0
[rival] fin de asalto motor={"battery_v":7.85345128,"resistance_ohm":[3.67864804,3.95715528],"bridge_ohm":[0.664514804,0.636369371],"omega_rad_s":[-47.2400135,-21.3302019],"current_a":[-0.175654728,-0.690198806],"torque_nm":[-0.00282513688,-0.026925912],"applied_pwm":[-0.6,-0.6],"over_1_2a_samples":258,"over_3_2a_samples":0}
[planta] gelatina ciclo=27 rueda=0 V=8.27235247 R=3.80514512 Rpuente=0.642998934 I0=0.194158459 Ke=0.0671985495 Kt=0.0483794733
[planta] gelatina ciclo=27 rueda=1 V=8.27235247 R=3.92626638 Rpuente=0.594773662 I0=0.214746147 Ke=0.0634773829 Kt=0.0483794733
[sensores] gelatina ToF alcance=1173.52594 minimo=41.4970058 sigma_rel=0.0961788797
[gelatina] pulsador recibido: permiso previsto 516912 ms
[planta] rival ciclo=27 rueda=0 V=8.37885891 R=4.1211309 Rpuente=0.601087213 I0=0.108498716 Ke=0.0686697177 Kt=0.0483794733
[planta] rival ciclo=27 rueda=1 V=8.37885891 R=4.14997587 Rpuente=0.697493279 I0=0.192299563 Ke=0.0645617259 Kt=0.0483794733
[arranque] pulsador=511912 permiso=516912 ms
[sensores] rival ToF alcance=1532.95035 minimo=22.9924762 sigma_rel=0.0703261137
[gelatina] permiso de arranque a los 516912 ms
[gelatina] t=    0 ms  OPENING      rival=no d=9999 mm rumbo=-1504 cdeg  linea=0x0
[gelatina] t=   63 ms  TRACK        rival=si d=  72 mm rumbo=-6000 cdeg  linea=0x0
WARNING: Contact joints between materials 'rueda' and 'dohyo' will only be created for the 10 deepest contact points instead of all the 12 contact points.
[gelatina] t=   72 ms  ATTACK       rival=si d=  72 mm rumbo=-6000 cdeg  linea=0x0
[gelatina] t=  463 ms  SEARCH       rival=no d=9999 mm rumbo=+3000 cdeg  linea=0x0
[gelatina] t=  591 ms  TRACK        rival=si d=  72 mm rumbo=+6000 cdeg  linea=0x0
[gelatina] t=  600 ms  ATTACK       rival=si d=  72 mm rumbo=+6000 cdeg  linea=0x0
[gelatina] t=  823 ms  SEARCH       rival=no d=9999 mm rumbo=-6000 cdeg  linea=0x0
[gelatina] t=  952 ms  TRACK        rival=si d=  71 mm rumbo=-6000 cdeg  linea=0x0
[gelatina] t=  959 ms  ATTACK       rival=si d=  71 mm rumbo=-6000 cdeg  linea=0x0
WARNING: Contact joints between materials 'patin' and 'dohyo' will only be created for the 10 deepest contact points instead of all the 16 contact points.
[gelatina] t= 1151 ms  SEARCH       rival=no d=9999 mm rumbo=+6000 cdeg  linea=0x0
[gelatina] t= 1279 ms  TRACK        rival=si d= 110 mm rumbo=+6000 cdeg  linea=0x0
[gelatina] t= 1288 ms  ATTACK       rival=si d= 110 mm rumbo=+6000 cdeg  linea=0x0
[gelatina] t= 1519 ms  SEARCH       rival=no d=9999 mm rumbo=-6000 cdeg  linea=0x0
[gelatina] t= 1615 ms  TRACK        rival=si d= 118 mm rumbo=-6000 cdeg  linea=0x0
[gelatina] t= 1624 ms  ATTACK       rival=si d= 118 mm rumbo=-6000 cdeg  linea=0x0
[gelatina] t= 1816 ms  SEARCH       rival=no d=9999 mm rumbo=+4515 cdeg  linea=0x0
[gelatina] t= 1976 ms  TRACK        rival=si d=  94 mm rumbo=+4509 cdeg  linea=0x0
[gelatina] t= 1983 ms  ATTACK       rival=si d=  94 mm rumbo=+4509 cdeg  linea=0x0
WARNING: Contact joints between materials 'patin' and 'dohyo' will only be created for the 10 deepest contact points instead of all the 47 contact points.
[gelatina] t= 2576 ms  SEARCH       rival=no d=9999 mm rumbo=+3000 cdeg  linea=0x0
[gelatina] t= 2703 ms  TRACK        rival=si d=  65 mm rumbo=+3000 cdeg  linea=0x0
[gelatina] t= 2711 ms  ATTACK       rival=si d=  65 mm rumbo=+3000 cdeg  linea=0x0
[gelatina] t= 2967 ms  SEARCH       rival=no d=9999 mm rumbo=-6000 cdeg  linea=0x0
[gelatina] t= 3063 ms  TRACK        rival=si d=  93 mm rumbo=-4519 cdeg  linea=0x0
[gelatina] t= 3072 ms  ATTACK       rival=si d=  93 mm rumbo=-4519 cdeg  linea=0x0
WARNING: Contact joints between materials 'patin' and 'dohyo' will only be created for the 10 deepest contact points instead of all the 13 contact points.
[gelatina] t= 3600 ms  SEARCH       rival=no d=9999 mm rumbo=+1504 cdeg  linea=0x0
[gelatina] t= 3624 ms  TRACK        rival=si d=  50 mm rumbo=   +0 cdeg  linea=0x0
[gelatina] t= 3631 ms  ATTACK       rival=si d=  50 mm rumbo=   +0 cdeg  linea=0x0
[gelatina] t= 4096 ms  SEARCH       rival=no d=9999 mm rumbo=+6000 cdeg  linea=0x0
[gelatina] t= 4183 ms  ATTACK       rival=si d= 108 mm rumbo=+4518 cdeg  linea=0x8
[gelatina] t= 4391 ms  SEARCH       rival=no d=9999 mm rumbo=-6000 cdeg  linea=0x2
[gelatina] t= 4447 ms  TRACK        rival=si d= 501 mm rumbo=+2355 cdeg  linea=0x6
WARNING: Contact joints between materials 'patin' and 'dohyo' will only be created for the 10 deepest contact points instead of all the 16 contact points.
[gelatina] t= 4511 ms  ATTACK       rival=si d= 142 mm rumbo=+2796 cdeg  linea=0x2
[arbitro] asalto 26/30  lado     auto-salida     -1   4.59 s
[inercia] asalto=26 robot=GELATINA rueda=0 rotor=1.54931517e-05
[inercia] asalto=26 robot=GELATINA rueda=1 rotor=1.17622864e-05
[inercia] asalto=26 robot=RIVAL rueda=0 rotor=2.777028e-05
[inercia] asalto=26 robot=RIVAL rueda=1 rotor=2.71616879e-05
[planta] asalto=26 mu=1.35029093 slip=0.000660977721 aleatorio=1
[gelatina] fin de asalto motor={"battery_v":8.27235247,"resistance_ohm":[3.80514512,3.92626638],"bridge_ohm":[0.642998934,0.594773662],"omega_rad_s":[55.222619,84.2095785],"current_a":[0.198825675,0.647406079],"torque_nm":[0.00022579749,0.0209318596],"applied_pwm":[0.555499196,1],"over_1_2a_samples":4360,"over_3_2a_samples":2}
[gelatina] t=    0 ms  WAIT         rival=si d= 100 mm rumbo=+2388 cdeg  linea=0x0
[rival] fin de asalto motor={"battery_v":8.37885891,"resistance_ohm":[4.1211309,4.14997587],"bridge_ohm":[0.601087213,0.697493279],"omega_rad_s":[-38.735379,38.8997976],"current_a":[-0.323890571,0.346158239],"torque_nm":[-0.0104205445,0.00744360173],"applied_pwm":[-0.5,0.5],"over_1_2a_samples":258,"over_3_2a_samples":0}
[planta] gelatina ciclo=28 rueda=0 V=8.30834136 R=3.65600648 Rpuente=0.602661276 I0=0.161727476 Ke=0.0747151705 Kt=0.0483794733
[planta] gelatina ciclo=28 rueda=1 V=8.30834136 R=3.89397373 Rpuente=0.615789807 I0=0.135190693 Ke=0.0847888796 Kt=0.0483794733
[sensores] gelatina ToF alcance=1003.93806 minimo=41.6985828 sigma_rel=0.0465594864
[gelatina] pulsador recibido: permiso previsto 526816 ms
[planta] rival ciclo=28 rueda=0 V=7.09189321 R=3.87593999 Rpuente=0.606464481 I0=0.114516324 Ke=0.0853337899 Kt=0.0483794733
[planta] rival ciclo=28 rueda=1 V=7.09189321 R=4.25763769 Rpuente=0.55996114 I0=0.126802191 Ke=0.0776055521 Kt=0.0483794733
[arranque] pulsador=521816 permiso=526816 ms
[sensores] rival ToF alcance=991.946936 minimo=27.9371268 sigma_rel=0.0544977999
[gelatina] permiso de arranque a los 526816 ms
[gelatina] t=    0 ms  OPENING      rival=no d=9999 mm rumbo=+2388 cdeg  linea=0x0
[gelatina] t=  112 ms  SEARCH       rival=no d=9999 mm rumbo=+2388 cdeg  linea=0x0
WARNING: Contact joints between materials 'rueda' and 'dohyo' will only be created for the 10 deepest contact points instead of all the 12 contact points.
[gelatina] t=  328 ms  TRACK        rival=si d=  87 mm rumbo=+6000 cdeg  linea=0x0
[gelatina] t=  336 ms  ATTACK       rival=si d=  87 mm rumbo=+6000 cdeg  linea=0x0
[gelatina] t=  528 ms  SEARCH       rival=no d=9999 mm rumbo=-4535 cdeg  linea=0x0
[gelatina] t=  592 ms  TRACK        rival=si d=  88 mm rumbo=-6000 cdeg  linea=0x0
[gelatina] t=  600 ms  ATTACK       rival=si d=  88 mm rumbo=-6000 cdeg  linea=0x0
[gelatina] t=  824 ms  SEARCH       rival=no d=9999 mm rumbo=+6000 cdeg  linea=0x0
[gelatina] t=  888 ms  TRACK        rival=si d=  99 mm rumbo=+6000 cdeg  linea=0x0
[gelatina] t=  896 ms  ATTACK       rival=si d=  99 mm rumbo=+6000 cdeg  linea=0x0
[gelatina] t= 1120 ms  SEARCH       rival=no d=9999 mm rumbo=-6000 cdeg  linea=0x0
WARNING: Contact joints between materials 'rueda' and 'dohyo' will only be created for the 10 deepest contact points instead of all the 14 contact points.
[gelatina] t= 1184 ms  TRACK        rival=si d=  94 mm rumbo=-6000 cdeg  linea=0x0
[gelatina] t= 1192 ms  ATTACK       rival=si d=  94 mm rumbo=-6000 cdeg  linea=0x0
[gelatina] t= 1416 ms  SEARCH       rival=no d=9999 mm rumbo=+6000 cdeg  linea=0x0
[gelatina] t= 1480 ms  TRACK        rival=si d= 112 mm rumbo=+6000 cdeg  linea=0x0
[gelatina] t= 1488 ms  ATTACK       rival=si d= 112 mm rumbo=+6000 cdeg  linea=0x0
[gelatina] t= 1720 ms  SEARCH       rival=no d=9999 mm rumbo=-6000 cdeg  linea=0x0
[gelatina] t= 1744 ms  TRACK        rival=si d=  97 mm rumbo=-6000 cdeg  linea=0x0
[gelatina] t= 1752 ms  ATTACK       rival=si d=  97 mm rumbo=-6000 cdeg  linea=0x0
[gelatina] t= 2112 ms  SEARCH       rival=no d=9999 mm rumbo=+6000 cdeg  linea=0x0
WARNING: Contact joints between materials 'patin' and 'dohyo' will only be created for the 10 deepest contact points instead of all the 14 contact points.
[gelatina] t= 2376 ms  TRACK        rival=si d=  49 mm rumbo=-3000 cdeg  linea=0x0
[gelatina] t= 2384 ms  ATTACK       rival=si d=  49 mm rumbo=-3000 cdeg  linea=0x0
[gelatina] t= 2544 ms  SEARCH       rival=no d=9999 mm rumbo=-3000 cdeg  linea=0x0
[gelatina] t= 2672 ms  TRACK        rival=si d=  77 mm rumbo=-4544 cdeg  linea=0x0
[gelatina] t= 2680 ms  ATTACK       rival=si d=  77 mm rumbo=-4544 cdeg  linea=0x0
WARNING: Contact joints between materials 'patin' and 'dohyo' will only be created for the 10 deepest contact points instead of all the 29 contact points.
[gelatina] t= 3168 ms  SEARCH       rival=no d=9999 mm rumbo=-6000 cdeg  linea=0x0
[gelatina] t= 3264 ms  TRACK        rival=si d=  51 mm rumbo=+3000 cdeg  linea=0x0
[gelatina] t= 3272 ms  ATTACK       rival=si d=  51 mm rumbo=+3000 cdeg  linea=0x0
[gelatina] t= 3400 ms  SEARCH       rival=no d=9999 mm rumbo=+3000 cdeg  linea=0x0
[gelatina] t= 3528 ms  TRACK        rival=si d=  44 mm rumbo=+4518 cdeg  linea=0x0
[gelatina] t= 3536 ms  ATTACK       rival=si d=  44 mm rumbo=+4518 cdeg  linea=0x0
[gelatina] t= 3728 ms  SEARCH       rival=no d=9999 mm rumbo=-4507 cdeg  linea=0x0
[gelatina] t= 3792 ms  TRACK        rival=si d=  79 mm rumbo=-6000 cdeg  linea=0x0
[gelatina] t= 3800 ms  ATTACK       rival=si d=  79 mm rumbo=-6000 cdeg  linea=0x0
[gelatina] t= 4024 ms  SEARCH       rival=no d=9999 mm rumbo=+6000 cdeg  linea=0x0
[gelatina] t= 4088 ms  TRACK        rival=si d=  60 mm rumbo=+6000 cdeg  linea=0x0
[gelatina] t= 4096 ms  ATTACK       rival=si d=  60 mm rumbo=+6000 cdeg  linea=0x0
WARNING: Contact joints between materials 'rueda' and 'dohyo' will only be created for the 10 deepest contact points instead of all the 15 contact points.
[gelatina] t= 4328 ms  SEARCH       rival=no d=9999 mm rumbo=-6000 cdeg  linea=0x0
[gelatina] t= 4352 ms  TRACK        rival=si d=  64 mm rumbo=-6000 cdeg  linea=0x0
[gelatina] t= 4360 ms  ATTACK       rival=si d=  64 mm rumbo=-6000 cdeg  linea=0x0
[gelatina] t= 4784 ms  SEARCH       rival=no d=9999 mm rumbo=+6000 cdeg  linea=0x0
[gelatina] t= 4944 ms  TRACK        rival=si d=  40 mm rumbo=-6000 cdeg  linea=0x0
[gelatina] t= 4952 ms  ATTACK       rival=si d=  40 mm rumbo=-6000 cdeg  linea=0x0
[gelatina] t= 5080 ms  SEARCH       rival=no d=9999 mm rumbo=-6000 cdeg  linea=0x0
WARNING: Contact joints between materials 'patin' and 'dohyo' will only be created for the 10 deepest contact points instead of all the 15 contact points.
[gelatina] t= 5408 ms  TRACK        rival=si d=  47 mm rumbo=-6000 cdeg  linea=0x0
[gelatina] t= 5416 ms  ATTACK       rival=si d=  47 mm rumbo=-6000 cdeg  linea=0x0
[gelatina] t= 5672 ms  SEARCH       rival=no d=9999 mm rumbo=+6000 cdeg  linea=0x0
[gelatina] t= 5736 ms  TRACK        rival=si d=  47 mm rumbo=+6000 cdeg  linea=0x0
[gelatina] t= 5744 ms  ATTACK       rival=si d=  47 mm rumbo=+6000 cdeg  linea=0x0
[gelatina] t= 5976 ms  SEARCH       rival=no d=9999 mm rumbo=-3000 cdeg  linea=0x0
[gelatina] t= 6072 ms  TRACK        rival=si d=  47 mm rumbo=-4531 cdeg  linea=0x0
[gelatina] t= 6080 ms  ATTACK       rival=si d=  47 mm rumbo=-4531 cdeg  linea=0x0
[gelatina] t= 6240 ms  SEARCH       rival=no d=9999 mm rumbo=-1477 cdeg  linea=0x0
[gelatina] t= 6368 ms  TRACK        rival=si d=  45 mm rumbo=+1529 cdeg  linea=0x0
WARNING: Contact joints between materials 'patin' and 'dohyo' will only be created for the 10 deepest contact points instead of all the 12 contact points.
[gelatina] t= 6376 ms  ATTACK       rival=si d=  45 mm rumbo=+1529 cdeg  linea=0x0
[gelatina] t= 6536 ms  SEARCH       rival=no d=9999 mm rumbo=+6000 cdeg  linea=0x0
[gelatina] t= 6664 ms  TRACK        rival=si d=  66 mm rumbo=+4480 cdeg  linea=0x0
[gelatina] t= 6672 ms  ATTACK       rival=si d=  66 mm rumbo=+4480 cdeg  linea=0x0
[gelatina] t= 6864 ms  SEARCH       rival=no d=9999 mm rumbo=-6000 cdeg  linea=0x0
[gelatina] t= 6896 ms  TRACK        rival=si d= 125 mm rumbo=-6000 cdeg  linea=0x0
[gelatina] t= 6904 ms  ATTACK       rival=si d= 125 mm rumbo=-6000 cdeg  linea=0x0
[gelatina] t= 7128 ms  SEARCH       rival=no d=9999 mm rumbo=+1530 cdeg  linea=0x0
[gelatina] t= 7256 ms  TRACK        rival=si d= 141 mm rumbo=+6000 cdeg  linea=0x0
[gelatina] t= 7288 ms  ATTACK       rival=si d=  84 mm rumbo=+4487 cdeg  linea=0x0
[gelatina] t= 7496 ms  SEARCH       rival=no d=9999 mm rumbo=-6000 cdeg  linea=0x0
WARNING: Contact joints between materials 'rueda' and 'dohyo' will only be created for the 10 deepest contact points instead of all the 25 contact points.
[gelatina] t= 7552 ms  TRACK        rival=si d=  74 mm rumbo=-6000 cdeg  linea=0x0
[gelatina] t= 7560 ms  ATTACK       rival=si d=  74 mm rumbo=-6000 cdeg  linea=0x0
[gelatina] t= 7784 ms  SEARCH       rival=no d=9999 mm rumbo=+6000 cdeg  linea=0x0
[gelatina] t= 7848 ms  TRACK        rival=si d=  64 mm rumbo=+4565 cdeg  linea=0x0
[gelatina] t= 7856 ms  ATTACK       rival=si d=  64 mm rumbo=+4565 cdeg  linea=0x0
[gelatina] t= 8288 ms  SEARCH       rival=no d=9999 mm rumbo=-3000 cdeg  linea=0x0
[gelatina] t= 8448 ms  TRACK        rival=si d=  41 mm rumbo=-6000 cdeg  linea=0x0
[gelatina] t= 8456 ms  ATTACK       rival=si d=  41 mm rumbo=-6000 cdeg  linea=0x0
WARNING: Contact joints between materials 'patin' and 'dohyo' will only be created for the 10 deepest contact points instead of all the 25 contact points.
[gelatina] t= 8648 ms  SEARCH       rival=no d=9999 mm rumbo=+4498 cdeg  linea=0x0
[gelatina] t= 8736 ms  TRACK        rival=si d=  51 mm rumbo=+6000 cdeg  linea=0x0
[gelatina] t= 8744 ms  ATTACK       rival=si d=  51 mm rumbo=+4508 cdeg  linea=0x0
[gelatina] t= 8944 ms  SEARCH       rival=no d=9999 mm rumbo=-4557 cdeg  linea=0x0
[gelatina] t= 9040 ms  TRACK        rival=si d=  53 mm rumbo=-3000 cdeg  linea=0x0
[gelatina] t= 9048 ms  ATTACK       rival=si d=  53 mm rumbo=-3000 cdeg  linea=0x0
[gelatina] t= 9240 ms  SEARCH       rival=no d=9999 mm rumbo=+3000 cdeg  linea=0x0
[gelatina] t= 9368 ms  TRACK        rival=si d=  82 mm rumbo=+6000 cdeg  linea=0x0
[gelatina] t= 9376 ms  ATTACK       rival=si d=  82 mm rumbo=+6000 cdeg  linea=0x0
WARNING: Contact joints between materials 'rueda' and 'dohyo' will only be created for the 10 deepest contact points instead of all the 32 contact points.
[gelatina] t= 9568 ms  SEARCH       rival=no d=9999 mm rumbo=-4550 cdeg  linea=0x0
[gelatina] t= 9664 ms  TRACK        rival=si d= 101 mm rumbo=-6000 cdeg  linea=0x0
[gelatina] t= 9672 ms  ATTACK       rival=si d= 101 mm rumbo=-6000 cdeg  linea=0x0
[gelatina] t= 9864 ms  SEARCH       rival=no d=9999 mm rumbo=+4490 cdeg  linea=0x0
[gelatina] t= 9960 ms  TRACK        rival=si d= 111 mm rumbo=+4537 cdeg  linea=0x0
[gelatina] t= 9968 ms  ATTACK       rival=si d= 111 mm rumbo=+4537 cdeg  linea=0x0
[gelatina] t=10168 ms  SEARCH       rival=no d=9999 mm rumbo=-6000 cdeg  linea=0x0
[gelatina] t=10256 ms  TRACK        rival=si d= 131 mm rumbo=-4568 cdeg  linea=0x0
[gelatina] t=10264 ms  ATTACK       rival=si d= 131 mm rumbo=-4568 cdeg  linea=0x0
[gelatina] t=10464 ms  SEARCH       rival=no d=9999 mm rumbo=+6000 cdeg  linea=0x0
[gelatina] t=10552 ms  TRACK        rival=si d= 178 mm rumbo=+6000 cdeg  linea=0x0
WARNING: Contact joints between materials 'rueda' and 'dohyo' will only be created for the 10 deepest contact points instead of all the 14 contact points.
[gelatina] t=10752 ms  ATTACK       rival=si d= 132 mm rumbo=-4522 cdeg  linea=0x0
[gelatina] t=11384 ms  SEARCH       rival=no d=9999 mm rumbo=-6000 cdeg  linea=0x0
[gelatina] t=11416 ms  TRACK        rival=si d=  48 mm rumbo=+3000 cdeg  linea=0x0
[gelatina] t=11424 ms  ATTACK       rival=si d=  48 mm rumbo=+3000 cdeg  linea=0x0
[gelatina] t=11552 ms  SEARCH       rival=no d=9999 mm rumbo=+3000 cdeg  linea=0x0
[gelatina] t=11576 ms  TRACK        rival=si d=  69 mm rumbo=   +0 cdeg  linea=0x0
[gelatina] t=11584 ms  ATTACK       rival=si d=  69 mm rumbo=   +0 cdeg  linea=0x0
WARNING: Contact joints between materials 'patin' and 'dohyo' will only be created for the 10 deepest contact points instead of all the 36 contact points.
[gelatina] t=12080 ms  SEARCH       rival=no d=9999 mm rumbo=+3000 cdeg  linea=0x0
[gelatina] t=12272 ms  TRACK        rival=si d=  44 mm rumbo=   +0 cdeg  linea=0x0
[gelatina] t=12280 ms  ATTACK       rival=si d=  44 mm rumbo=   +0 cdeg  linea=0x0
[gelatina] t=12408 ms  SEARCH       rival=no d=9999 mm rumbo=   +0 cdeg  linea=0x0
[gelatina] t=12536 ms  TRACK        rival=si d=  59 mm rumbo=+6000 cdeg  linea=0x0
[gelatina] t=12544 ms  ATTACK       rival=si d=  59 mm rumbo=+6000 cdeg  linea=0x0
[gelatina] t=12736 ms  SEARCH       rival=no d=9999 mm rumbo=-3000 cdeg  linea=0x0
WARNING: Contact joints between materials 'rueda' and 'dohyo' will only be created for the 10 deepest contact points instead of all the 11 contact points.
[gelatina] t=12864 ms  TRACK        rival=si d=  99 mm rumbo=-4517 cdeg  linea=0x0
[gelatina] t=12872 ms  ATTACK       rival=si d=  99 mm rumbo=-4517 cdeg  linea=0x0
[gelatina] t=13064 ms  SEARCH       rival=no d=9999 mm rumbo=+6000 cdeg  linea=0x0
[gelatina] t=13128 ms  TRACK        rival=si d= 152 mm rumbo=+6000 cdeg  linea=0x0
[gelatina] t=13160 ms  ATTACK       rival=si d= 106 mm rumbo=+4488 cdeg  linea=0x0
[gelatina] t=13368 ms  SEARCH       rival=no d=9999 mm rumbo=-6000 cdeg  linea=0x0
[gelatina] t=13392 ms  TRACK        rival=si d= 133 mm rumbo=-6000 cdeg  linea=0x0
[gelatina] t=13424 ms  ATTACK       rival=si d=  94 mm rumbo=-4520 cdeg  linea=0x0
[gelatina] t=13632 ms  SEARCH       rival=no d=9999 mm rumbo=+4468 cdeg  linea=0x0
[gelatina] t=13688 ms  TRACK        rival=si d=  63 mm rumbo=+6000 cdeg  linea=0x0
[gelatina] t=13696 ms  ATTACK       rival=si d=  63 mm rumbo=+6000 cdeg  linea=0x0
WARNING: Contact joints between materials 'patin' and 'dohyo' will only be created for the 10 deepest contact points instead of all the 26 contact points.
[gelatina] t=14096 ms  SEARCH       rival=no d=9999 mm rumbo=-3000 cdeg  linea=0x0
[gelatina] t=14152 ms  TRACK        rival=si d=  55 mm rumbo=+3000 cdeg  linea=0x0
[gelatina] t=14160 ms  ATTACK       rival=si d=  55 mm rumbo=+3000 cdeg  linea=0x0
[gelatina] t=14288 ms  SEARCH       rival=no d=9999 mm rumbo=+3000 cdeg  linea=0x0
[gelatina] t=14448 ms  TRACK        rival=si d=  97 mm rumbo=+3000 cdeg  linea=0x0
[gelatina] t=14456 ms  ATTACK       rival=si d=  97 mm rumbo=+3000 cdeg  linea=0x0
[gelatina] t=14624 ms  SEARCH       rival=no d=9999 mm rumbo=-3000 cdeg  linea=0x0
[gelatina] t=14744 ms  TRACK        rival=si d= 129 mm rumbo=-6000 cdeg  linea=0x0
[gelatina] t=14752 ms  ATTACK       rival=si d= 129 mm rumbo=-6000 cdeg  linea=0x0
WARNING: Contact joints between materials 'rueda' and 'dohyo' will only be created for the 10 deepest contact points instead of all the 11 contact points.
[gelatina] t=14952 ms  SEARCH       rival=no d=9999 mm rumbo=+6000 cdeg  linea=0x0
[gelatina] t=15040 ms  TRACK        rival=si d= 174 mm rumbo=+6000 cdeg  linea=0x0
[gelatina] t=15336 ms  ATTACK       rival=si d= 113 mm rumbo=+3069 cdeg  linea=0x0
[gelatina] t=15776 ms  SEARCH       rival=no d=9999 mm rumbo=-3000 cdeg  linea=0x0
WARNING: Contact joints between materials 'patin' and 'dohyo' will only be created for the 10 deepest contact points instead of all the 13 contact points.
[gelatina] t=16064 ms  TRACK        rival=si d=  58 mm rumbo=-6000 cdeg  linea=0x0
[gelatina] t=16072 ms  ATTACK       rival=si d=  58 mm rumbo=-6000 cdeg  linea=0x0
[gelatina] t=16272 ms  SEARCH       rival=no d=9999 mm rumbo=+6000 cdeg  linea=0x0
[gelatina] t=16360 ms  TRACK        rival=si d=  69 mm rumbo=+4521 cdeg  linea=0x0
[gelatina] t=16368 ms  ATTACK       rival=si d=  69 mm rumbo=+4521 cdeg  linea=0x0
[gelatina] t=16864 ms  SEARCH       rival=no d=9999 mm rumbo=+3000 cdeg  linea=0x0
[gelatina] t=16920 ms  TRACK        rival=si d=  57 mm rumbo=+6000 cdeg  linea=0x0
[gelatina] t=16928 ms  ATTACK       rival=si d=  57 mm rumbo=+6000 cdeg  linea=0x0
WARNING: Contact joints between materials 'patin' and 'dohyo' will only be created for the 10 deepest contact points instead of all the 14 contact points.
[gelatina] t=17256 ms  SEARCH       rival=no d=9999 mm rumbo=+3000 cdeg  linea=0x0
[gelatina] t=17352 ms  TRACK        rival=si d=  49 mm rumbo=+6000 cdeg  linea=0x0
[gelatina] t=17360 ms  ATTACK       rival=si d=  49 mm rumbo=+6000 cdeg  linea=0x0
[gelatina] t=17824 ms  SEARCH       rival=no d=9999 mm rumbo=-3000 cdeg  linea=0x0
[gelatina] t=18016 ms  TRACK        rival=si d=  46 mm rumbo=-6000 cdeg  linea=0x0
[gelatina] t=18024 ms  ATTACK       rival=si d=  46 mm rumbo=-6000 cdeg  linea=0x0
[gelatina] t=18216 ms  SEARCH       rival=no d=9999 mm rumbo=+3000 cdeg  linea=0x0
WARNING: Contact joints between materials 'patin' and 'dohyo' will only be created for the 10 deepest contact points instead of all the 11 contact points.
[gelatina] t=18344 ms  TRACK        rival=si d=  97 mm rumbo=+6000 cdeg  linea=0x0
[gelatina] t=18352 ms  ATTACK       rival=si d=  97 mm rumbo=+6000 cdeg  linea=0x0
[gelatina] t=18544 ms  SEARCH       rival=no d=9999 mm rumbo=-4500 cdeg  linea=0x0
[gelatina] t=18608 ms  TRACK        rival=si d= 104 mm rumbo=-6000 cdeg  linea=0x0
[gelatina] t=18616 ms  ATTACK       rival=si d= 104 mm rumbo=-6000 cdeg  linea=0x0
[gelatina] t=19040 ms  SEARCH       rival=no d=9999 mm rumbo=+3000 cdeg  linea=0x0
[gelatina] t=19368 ms  TRACK        rival=si d=  42 mm rumbo=-3000 cdeg  linea=0x0
[gelatina] t=19376 ms  ATTACK       rival=si d=  42 mm rumbo=-3000 cdeg  linea=0x0
WARNING: Contact joints between materials 'patin' and 'dohyo' will only be created for the 10 deepest contact points instead of all the 11 contact points.
[gelatina] t=19504 ms  SEARCH       rival=no d=9999 mm rumbo=-3000 cdeg  linea=0x0
[gelatina] t=19664 ms  TRACK        rival=si d=  84 mm rumbo=-6000 cdeg  linea=0x0
[gelatina] t=19672 ms  ATTACK       rival=si d=  84 mm rumbo=-6000 cdeg  linea=0x0
[gelatina] t=19864 ms  SEARCH       rival=no d=9999 mm rumbo=+6000 cdeg  linea=0x0
[gelatina] t=19928 ms  TRACK        rival=si d= 136 mm rumbo=+6000 cdeg  linea=0x0
[gelatina] t=19960 ms  ATTACK       rival=si d= 112 mm rumbo=+6000 cdeg  linea=0x0
[gelatina] t=20496 ms  SEARCH       rival=no d=9999 mm rumbo=+6000 cdeg  linea=0x0
[gelatina] t=20520 ms  TRACK        rival=si d=  40 mm rumbo=+6000 cdeg  linea=0x0
[gelatina] t=20528 ms  ATTACK       rival=si d=  40 mm rumbo=+6000 cdeg  linea=0x0
WARNING: Contact joints between materials 'patin' and 'dohyo' will only be created for the 10 deepest contact points instead of all the 14 contact points.
[gelatina] t=20824 ms  SEARCH       rival=no d=9999 mm rumbo=   +0 cdeg  linea=0x0
[gelatina] t=20952 ms  TRACK        rival=si d=  43 mm rumbo=   +0 cdeg  linea=0x0
[gelatina] t=20960 ms  ATTACK       rival=si d=  43 mm rumbo=   +0 cdeg  linea=0x0
[gelatina] t=21384 ms  SEARCH       rival=no d=9999 mm rumbo=   +4 cdeg  linea=0x0
[gelatina] t=21576 ms  TRACK        rival=si d=  68 mm rumbo=   +0 cdeg  linea=0x0
[gelatina] t=21584 ms  ATTACK       rival=si d=  68 mm rumbo=   +0 cdeg  linea=0x0
[gelatina] t=21712 ms  SEARCH       rival=no d=9999 mm rumbo=   +0 cdeg  linea=0x0
WARNING: Contact joints between materials 'patin' and 'dohyo' will only be created for the 10 deepest contact points instead of all the 14 contact points.
[gelatina] t=21840 ms  TRACK        rival=si d=  49 mm rumbo=+6000 cdeg  linea=0x0
[gelatina] t=21848 ms  ATTACK       rival=si d=  49 mm rumbo=+6000 cdeg  linea=0x0
[gelatina] t=22048 ms  SEARCH       rival=no d=9999 mm rumbo=-4516 cdeg  linea=0x0
[gelatina] t=22104 ms  TRACK        rival=si d=  63 mm rumbo=-6000 cdeg  linea=0x0
[gelatina] t=22112 ms  ATTACK       rival=si d=  63 mm rumbo=-6000 cdeg  linea=0x0
[gelatina] t=22344 ms  SEARCH       rival=no d=9999 mm rumbo=+6000 cdeg  linea=0x0
[gelatina] t=22432 ms  TRACK        rival=si d=  67 mm rumbo=+4508 cdeg  linea=0x0
[gelatina] t=22440 ms  ATTACK       rival=si d=  67 mm rumbo=+4508 cdeg  linea=0x0
[gelatina] t=22640 ms  SEARCH       rival=no d=9999 mm rumbo=-6000 cdeg  linea=0x0
[gelatina] t=22704 ms  TRACK        rival=si d= 105 mm rumbo=-6000 cdeg  linea=0x0
[gelatina] t=22712 ms  ATTACK       rival=si d= 105 mm rumbo=-6000 cdeg  linea=0x0
[gelatina] t=22936 ms  SEARCH       rival=no d=9999 mm rumbo=+6000 cdeg  linea=0x0
[gelatina] t=22992 ms  TRACK        rival=si d= 124 mm rumbo=+6000 cdeg  linea=0x0
[gelatina] t=23000 ms  ATTACK       rival=si d= 124 mm rumbo=+6000 cdeg  linea=0x0
WARNING: Contact joints between materials 'patin' and 'dohyo' will only be created for the 10 deepest contact points instead of all the 18 contact points.
[gelatina] t=23232 ms  SEARCH       rival=no d=9999 mm rumbo=-6000 cdeg  linea=0x0
[gelatina] t=23264 ms  TRACK        rival=si d= 150 mm rumbo=-6000 cdeg  linea=0x0
[gelatina] t=23296 ms  ATTACK       rival=si d=  92 mm rumbo=-4534 cdeg  linea=0x0
[gelatina] t=23528 ms  SEARCH       rival=no d=9999 mm rumbo=+6000 cdeg  linea=0x0
[gelatina] t=23560 ms  TRACK        rival=si d=  57 mm rumbo=+6000 cdeg  linea=0x0
[gelatina] t=23568 ms  ATTACK       rival=si d=  57 mm rumbo=+6000 cdeg  linea=0x0
[gelatina] t=23824 ms  SEARCH       rival=no d=9999 mm rumbo= -764 cdeg  linea=0x0
[gelatina] t=23984 ms  TRACK        rival=si d=  61 mm rumbo=-3000 cdeg  linea=0x0
[gelatina] t=23992 ms  ATTACK       rival=si d=  61 mm rumbo=-3000 cdeg  linea=0x0
[gelatina] t=24128 ms  SEARCH       rival=no d=9999 mm rumbo=-3000 cdeg  linea=0x0
[gelatina] t=24320 ms  TRACK        rival=si d=  68 mm rumbo=-6000 cdeg  linea=0x0
[gelatina] t=24328 ms  ATTACK       rival=si d=  68 mm rumbo=-6000 cdeg  linea=0x0
WARNING: Contact joints between materials 'patin' and 'dohyo' will only be created for the 10 deepest contact points instead of all the 14 contact points.
[gelatina] t=24784 ms  SEARCH       rival=no d=9999 mm rumbo=-1375 cdeg  linea=0x0
[gelatina] t=24880 ms  TRACK        rival=si d= 642 mm rumbo=+1492 cdeg  linea=0x4
[gelatina] t=24912 ms  ATTACK       rival=si d= 124 mm rumbo=+3333 cdeg  linea=0x2
[arbitro] asalto 27/30  espalda  expulsado       -1  24.96 s
[inercia] asalto=27 robot=GELATINA rueda=0 rotor=1.94309714e-05
[inercia] asalto=27 robot=GELATINA rueda=1 rotor=9.35624832e-06
[inercia] asalto=27 robot=RIVAL rueda=0 rotor=2.79407188e-05
[inercia] asalto=27 robot=RIVAL rueda=1 rotor=1.12463045e-05
[planta] asalto=27 mu=1.12337044 slip=0.00097377944 aleatorio=1
[gelatina] fin de asalto motor={"battery_v":8.30834136,"resistance_ohm":[3.65600648,3.89397373],"bridge_ohm":[0.602661276,0.615789807],"omega_rad_s":[21.1487441,62.9978856],"current_a":[-0.0588909955,0.657866249],"torque_nm":[-0.0106734055,0.0252867682],"applied_pwm":[0.160000026,1],"over_1_2a_samples":5208,"over_3_2a_samples":2}
[gelatina] t=    0 ms  WAIT         rival=si d=  83 mm rumbo=+1479 cdeg  linea=0x6
[rival] fin de asalto motor={"battery_v":7.09189321,"resistance_ohm":[3.87593999,4.25763769],"bridge_ohm":[0.606464481,0.55996114],"omega_rad_s":[-31.9885992,36.0815607],"current_a":[-0.182098293,0.154810973],"torque_nm":[-0.00326958008,0.0013550501],"applied_pwm":[-0.5,0.5],"over_1_2a_samples":277,"over_3_2a_samples":0}
[planta] gelatina ciclo=29 rueda=0 V=8.34215989 R=4.01661582 Rpuente=0.614556992 I0=0.107086676 Ke=0.0736885814 Kt=0.0483794733
[planta] gelatina ciclo=29 rueda=1 V=8.34215989 R=3.8690063 Rpuente=0.691976321 I0=0.105943465 Ke=0.0753897349 Kt=0.0483794733
[sensores] gelatina ToF alcance=954.671735 minimo=47.6820457 sigma_rel=0.083875556
[gelatina] pulsador recibido: permiso previsto 557088 ms
[planta] rival ciclo=29 rueda=0 V=7.20060447 R=3.79002953 Rpuente=0.571846259 I0=0.191470322 Ke=0.0936401875 Kt=0.0483794733
[planta] rival ciclo=29 rueda=1 V=7.20060447 R=4.25690155 Rpuente=0.61379689 I0=0.094638285 Ke=0.0993166171 Kt=0.0483794733
[sensores] rival ToF alcance=1183.85692 minimo=35.2040571 sigma_rel=0.0955069351
[arranque] pulsador=552088 permiso=557088 ms
[gelatina] permiso de arranque a los 557088 ms
[gelatina] t=    0 ms  TRACK        rival=si d=  72 mm rumbo=   +0 cdeg  linea=0x0
[gelatina] t=    8 ms  ATTACK       rival=si d=  72 mm rumbo=   +0 cdeg  linea=0x0
WARNING: Contact joints between materials 'patin' and 'dohyo' will only be created for the 10 deepest contact points instead of all the 38 contact points.
[gelatina] t=  296 ms  SEARCH       rival=no d=9999 mm rumbo=+3000 cdeg  linea=0x0
[gelatina] t=  488 ms  TRACK        rival=si d=  59 mm rumbo=-6000 cdeg  linea=0x0
[gelatina] t=  496 ms  ATTACK       rival=si d=  59 mm rumbo=-6000 cdeg  linea=0x0
[gelatina] t=  632 ms  SEARCH       rival=no d=9999 mm rumbo=-6000 cdeg  linea=0x0
[gelatina] t=  752 ms  TRACK        rival=si d=  35 mm rumbo=-3000 cdeg  linea=0x0
[gelatina] t=  760 ms  ATTACK       rival=si d=  35 mm rumbo=-3000 cdeg  linea=0x0
[gelatina] t=  928 ms  SEARCH       rival=no d=9999 mm rumbo=+3000 cdeg  linea=0x0
[gelatina] t= 1080 ms  TRACK        rival=si d=  81 mm rumbo=+6000 cdeg  linea=0x0
[gelatina] t= 1088 ms  ATTACK       rival=si d=  70 mm rumbo=+4487 cdeg  linea=0x0
[gelatina] t= 1288 ms  SEARCH       rival=no d=9999 mm rumbo=-6000 cdeg  linea=0x0
WARNING: Contact joints between materials 'rueda' and 'dohyo' will only be created for the 10 deepest contact points instead of all the 14 contact points.
[gelatina] t= 1320 ms  TRACK        rival=si d= 114 mm rumbo=-6000 cdeg  linea=0x0
[gelatina] t= 1328 ms  ATTACK       rival=si d= 114 mm rumbo=-6000 cdeg  linea=0x0
[gelatina] t= 1680 ms  SEARCH       rival=no d=9999 mm rumbo=+6000 cdeg  linea=0x0
[gelatina] t= 1976 ms  TRACK        rival=si d=  66 mm rumbo=   +0 cdeg  linea=0x0
[gelatina] t= 1984 ms  ATTACK       rival=si d=  66 mm rumbo=   +0 cdeg  linea=0x0
[gelatina] t= 2216 ms  SEARCH       rival=no d=9999 mm rumbo=-6000 cdeg  linea=0x0
WARNING: Contact joints between materials 'rueda' and 'dohyo' will only be created for the 10 deepest contact points instead of all the 12 contact points.
[gelatina] t= 2568 ms  TRACK        rival=si d=  48 mm rumbo=  +24 cdeg  linea=0x0
[gelatina] t= 2576 ms  ATTACK       rival=si d=  48 mm rumbo=  +24 cdeg  linea=0x0
[gelatina] t= 2768 ms  SEARCH       rival=no d=9999 mm rumbo=+6000 cdeg  linea=0x0
[gelatina] t= 2832 ms  TRACK        rival=si d=  59 mm rumbo=+6000 cdeg  linea=0x0
[gelatina] t= 2840 ms  ATTACK       rival=si d=  59 mm rumbo=+6000 cdeg  linea=0x0
[gelatina] t= 3040 ms  SEARCH       rival=no d=9999 mm rumbo=-3000 cdeg  linea=0x0
[gelatina] t= 3168 ms  TRACK        rival=si d=  97 mm rumbo=-6000 cdeg  linea=0x0
[gelatina] t= 3176 ms  ATTACK       rival=si d=  97 mm rumbo=-6000 cdeg  linea=0x0
WARNING: Contact joints between materials 'rueda' and 'dohyo' will only be created for the 10 deepest contact points instead of all the 14 contact points.
[gelatina] t= 3528 ms  SEARCH       rival=no d=9999 mm rumbo=+3092 cdeg  linea=0x0
[gelatina] t= 3824 ms  TRACK        rival=si d=  74 mm rumbo=   +0 cdeg  linea=0x0
[gelatina] t= 3832 ms  ATTACK       rival=si d=  74 mm rumbo=   +0 cdeg  linea=0x0
[gelatina] t= 3992 ms  SEARCH       rival=no d=9999 mm rumbo=-6000 cdeg  linea=0x0
[gelatina] t= 4120 ms  TRACK        rival=si d=  90 mm rumbo=-4490 cdeg  linea=0x0
[gelatina] t= 4128 ms  ATTACK       rival=si d=  90 mm rumbo=-4490 cdeg  linea=0x0
[gelatina] t= 4320 ms  SEARCH       rival=no d=9999 mm rumbo=+6000 cdeg  linea=0x0
WARNING: Contact joints between materials 'patin' and 'dohyo' will only be created for the 10 deepest contact points instead of all the 11 contact points.
[gelatina] t= 4448 ms  TRACK        rival=si d= 142 mm rumbo=+4550 cdeg  linea=0x0
[gelatina] t= 4616 ms  ATTACK       rival=si d= 126 mm rumbo=-6000 cdeg  linea=0x0
[gelatina] t= 5112 ms  SEARCH       rival=no d=9999 mm rumbo=+1510 cdeg  linea=0x0
[gelatina] t= 5312 ms  TRACK        rival=si d=  46 mm rumbo=+3000 cdeg  linea=0x0
[gelatina] t= 5320 ms  ATTACK       rival=si d=  46 mm rumbo=+3000 cdeg  linea=0x0
[gelatina] t= 5480 ms  SEARCH       rival=no d=9999 mm rumbo=-3000 cdeg  linea=0x0
[gelatina] t= 5608 ms  TRACK        rival=si d= 124 mm rumbo=-6000 cdeg  linea=0x0
[gelatina] t= 5616 ms  ATTACK       rival=si d= 124 mm rumbo=-6000 cdeg  linea=0x0
[gelatina] t= 5808 ms  SEARCH       rival=no d=9999 mm rumbo=+4464 cdeg  linea=0x0
[gelatina] t= 5904 ms  TRACK        rival=si d= 147 mm rumbo=+6000 cdeg  linea=0x0
[gelatina] t= 5968 ms  ATTACK       rival=si d= 104 mm rumbo=-1515 cdeg  linea=0x0
WARNING: Contact joints between materials 'patin' and 'dohyo' will only be created for the 10 deepest contact points instead of all the 27 contact points.
[gelatina] t= 6104 ms  SEARCH       rival=no d=9999 mm rumbo=-1515 cdeg  linea=0x0
[gelatina] t= 6296 ms  TRACK        rival=si d= 196 mm rumbo=-4517 cdeg  linea=0x0
[gelatina] t= 6792 ms  ATTACK       rival=si d= 126 mm rumbo=+6000 cdeg  linea=0x0
[gelatina] t= 7128 ms  SEARCH       rival=no d=9999 mm rumbo=-4484 cdeg  linea=0x0
[gelatina] t= 7192 ms  TRACK        rival=si d=  66 mm rumbo=-3000 cdeg  linea=0x0
[gelatina] t= 7200 ms  ATTACK       rival=si d=  66 mm rumbo=-3000 cdeg  linea=0x0
WARNING: Contact joints between materials 'patin' and 'dohyo' will only be created for the 10 deepest contact points instead of all the 18 contact points.
[gelatina] t= 7328 ms  SEARCH       rival=no d=9999 mm rumbo=-3000 cdeg  linea=0x0
[gelatina] t= 7352 ms  TRACK        rival=si d=  53 mm rumbo=+3023 cdeg  linea=0x0
[gelatina] t= 7360 ms  ATTACK       rival=si d=  53 mm rumbo=+3023 cdeg  linea=0x0
[arbitro] asalto 28/30  frente   rival fuera     +1   7.62 s
[inercia] asalto=28 robot=GELATINA rueda=0 rotor=2.55414689e-05
[inercia] asalto=28 robot=GELATINA rueda=1 rotor=2.19878901e-05
[inercia] asalto=28 robot=RIVAL rueda=0 rotor=2.79932778e-05
[inercia] asalto=28 robot=RIVAL rueda=1 rotor=1.5502732e-05
[planta] asalto=28 mu=1.46634105 slip=0.00129893672 aleatorio=1
[gelatina] fin de asalto motor={"battery_v":8.34215989,"resistance_ohm":[4.01661582,3.8690063],"bridge_ohm":[0.614556992,0.691976321],"omega_rad_s":[67.0721164,72.0892685],"current_a":[0.734092836,0.271638213],"torque_nm":[0.0303342278,0.00801622463],"applied_pwm":[1,0.800000012],"over_1_2a_samples":5425,"over_3_2a_samples":2}
[gelatina] t=    0 ms  WAIT         rival=si d=  75 mm rumbo=-3000 cdeg  linea=0x0
[rival] fin de asalto motor={"battery_v":7.20060447,"resistance_ohm":[3.79002953,4.25690155],"bridge_ohm":[0.571846259,0.61379689],"omega_rad_s":[-40.1378206,-39.5667848],"current_a":[-0.128809178,-0.0802191872],"torque_nm":[0.00303151314,0.000697588359],"applied_pwm":[-0.6,-0.6],"over_1_2a_samples":286,"over_3_2a_samples":0}
[planta] gelatina ciclo=30 rueda=0 V=8.37814878 R=3.86747718 Rpuente=0.574219334 I0=0.224655694 Ke=0.0736339521 Kt=0.0483794733
[planta] gelatina ciclo=30 rueda=1 V=8.37814878 R=3.83671365 Rpuente=0.512992465 I0=0.17638801 Ke=0.0926337765 Kt=0.0483794733
[sensores] gelatina ToF alcance=785.083777 minimo=47.8836244 sigma_rel=0.114256158
[gelatina] pulsador recibido: permiso previsto 570016 ms
[planta] rival ciclo=30 rueda=0 V=8.35094497 R=3.98737073 Rpuente=0.627333462 I0=0.219472674 Ke=0.0758553078 Kt=0.0483794733
[planta] rival ciclo=30 rueda=1 V=8.35094497 R=4.21043987 Rpuente=0.662878561 I0=0.150727522 Ke=0.0661402564 Kt=0.0483794733
[arranque] pulsador=565016 permiso=570016 ms
[sensores] rival ToF alcance=822.924936 minimo=46.2372559 sigma_rel=0.0859497404
[gelatina] permiso de arranque a los 570016 ms
[gelatina] t=    0 ms  TRACK        rival=si d=  80 mm rumbo=-6000 cdeg  linea=0x0
[gelatina] t=    8 ms  ATTACK       rival=si d=  80 mm rumbo=-6000 cdeg  linea=0x0
WARNING: Contact joints between materials 'rueda' and 'dohyo' will only be created for the 10 deepest contact points instead of all the 16 contact points.
[gelatina] t=  264 ms  SEARCH       rival=no d=9999 mm rumbo=-3000 cdeg  linea=0x0
[gelatina] t=  360 ms  TRACK        rival=si d=  88 mm rumbo=+3000 cdeg  linea=0x0
[gelatina] t=  368 ms  ATTACK       rival=si d=  88 mm rumbo=+3000 cdeg  linea=0x0
[gelatina] t=  496 ms  SEARCH       rival=no d=9999 mm rumbo=+3000 cdeg  linea=0x0
[gelatina] t=  624 ms  TRACK        rival=si d= 104 mm rumbo=+6000 cdeg  linea=0x0
[gelatina] t=  632 ms  ATTACK       rival=si d= 104 mm rumbo=+6000 cdeg  linea=0x0
WARNING: Contact joints between materials 'rueda' and 'dohyo' will only be created for the 10 deepest contact points instead of all the 39 contact points.
[gelatina] t= 1088 ms  SEARCH       rival=no d=9999 mm rumbo=   +0 cdeg  linea=0x0
[gelatina] t= 1248 ms  TRACK        rival=si d=  59 mm rumbo=+4498 cdeg  linea=0x0
[gelatina] t= 1256 ms  ATTACK       rival=si d=  59 mm rumbo=+4498 cdeg  linea=0x0
[gelatina] t= 1456 ms  SEARCH       rival=no d=9999 mm rumbo=-3000 cdeg  linea=0x0
[gelatina] t= 1584 ms  TRACK        rival=si d= 122 mm rumbo=-6000 cdeg  linea=0x0
[gelatina] t= 1592 ms  ATTACK       rival=si d= 122 mm rumbo=-6000 cdeg  linea=0x0
[gelatina] t= 1816 ms  SEARCH       rival=no d=9999 mm rumbo=+6000 cdeg  linea=0x0
[gelatina] t= 1872 ms  TRACK        rival=si d=  76 mm rumbo=+6000 cdeg  linea=0x0
[gelatina] t= 1880 ms  ATTACK       rival=si d=  76 mm rumbo=+6000 cdeg  linea=0x0
[gelatina] t= 2112 ms  SEARCH       rival=no d=9999 mm rumbo=-6000 cdeg  linea=0x0
[gelatina] t= 2144 ms  TRACK        rival=si d=  98 mm rumbo=-6000 cdeg  linea=0x0
[gelatina] t= 2152 ms  ATTACK       rival=si d=  98 mm rumbo=-6000 cdeg  linea=0x0
WARNING: Contact joints between materials 'rueda' and 'dohyo' will only be created for the 10 deepest contact points instead of all the 14 contact points.
[gelatina] t= 2376 ms  SEARCH       rival=no d=9999 mm rumbo=   +0 cdeg  linea=0x0
[gelatina] t= 2600 ms  TRACK        rival=si d=  90 mm rumbo=+4482 cdeg  linea=0x0
[gelatina] t= 2608 ms  ATTACK       rival=si d=  90 mm rumbo=+4482 cdeg  linea=0x0
[gelatina] t= 2808 ms  SEARCH       rival=no d=9999 mm rumbo=-6000 cdeg  linea=0x0
[gelatina] t= 2864 ms  TRACK        rival=si d= 111 mm rumbo=-6000 cdeg  linea=0x0
[gelatina] t= 2872 ms  ATTACK       rival=si d= 111 mm rumbo=-6000 cdeg  linea=0x0
WARNING: Contact joints between materials 'patin' and 'dohyo' will only be created for the 10 deepest contact points instead of all the 12 contact points.
[gelatina] t= 3368 ms  SEARCH       rival=no d=9999 mm rumbo=   +0 cdeg  linea=0x0
[gelatina] t= 3392 ms  TRACK        rival=si d=  51 mm rumbo=   +0 cdeg  linea=0x0
[gelatina] t= 3400 ms  ATTACK       rival=si d=  51 mm rumbo=   +0 cdeg  linea=0x0
[arbitro] asalto 29/30  lado     rival fuera     +1   3.69 s
[inercia] asalto=29 robot=GELATINA rueda=0 rotor=1.93387651e-05
[inercia] asalto=29 robot=GELATINA rueda=1 rotor=2.56285785e-05
[inercia] asalto=29 robot=RIVAL rueda=0 rotor=2.94294961e-05
[inercia] asalto=29 robot=RIVAL rueda=1 rotor=3.0536506e-05
[planta] asalto=29 mu=1.28143648 slip=0.000702222109 aleatorio=1
[gelatina] fin de asalto motor={"battery_v":8.37814878,"resistance_ohm":[3.86747718,3.83671365],"bridge_ohm":[0.574219334,0.512992465],"omega_rad_s":[41.2332244,7.41652393],"current_a":[1.20268989,0.15023622],"torque_nm":[0.0473167795,-0.00126520368],"applied_pwm":[1,0.160000026],"over_1_2a_samples":5591,"over_3_2a_samples":2}
[gelatina] t=    0 ms  WAIT         rival=no d=9999 mm rumbo=-6000 cdeg  linea=0x0
[rival] fin de asalto motor={"battery_v":8.35094497,"resistance_ohm":[3.98737073,4.21043987],"bridge_ohm":[0.627333462,0.662878561],"omega_rad_s":[-14.5092537,-58.7035844],"current_a":[-0.847283578,-0.231443291],"torque_nm":[-0.0303731609,-0.0039049864],"applied_pwm":[-0.6,-0.6],"over_1_2a_samples":294,"over_3_2a_samples":0}
[planta] gelatina ciclo=31 rueda=0 V=7.01196731 R=4.22808652 Rpuente=0.586115062 I0=0.170014885 Ke=0.072463821 Kt=0.0483794733
[planta] gelatina ciclo=31 rueda=1 V=7.01196731 R=3.81174626 Rpuente=0.589178979 I0=0.147140774 Ke=0.0811089341 Kt=0.0483794733
[sensores] gelatina ToF alcance=735.817456 minimo=23.8670874 sigma_rel=0.0715722275
[gelatina] pulsador recibido: permiso previsto 579016 ms
[planta] rival ciclo=31 rueda=0 V=7.05026116 R=3.70891438 Rpuente=0.630490899 I0=0.0937249482 Ke=0.0711979099 Kt=0.0483794733
[planta] rival ciclo=31 rueda=1 V=7.05026116 R=3.90925069 Rpuente=0.636213768 I0=0.128782082 Ke=0.0974377837 Kt=0.0483794733
[arranque] pulsador=574016 permiso=579016 ms
[sensores] rival ToF alcance=1096.08399 minimo=42.1623528 sigma_rel=0.0406015539
[gelatina] permiso de arranque a los 579016 ms
[gelatina] t=    0 ms  OPENING      rival=no d=9999 mm rumbo=-6000 cdeg  linea=0x0
[gelatina] t=  112 ms  SEARCH       rival=no d=9999 mm rumbo=-6000 cdeg  linea=0x0
WARNING: Contact joints between materials 'rueda' and 'dohyo' will only be created for the 10 deepest contact points instead of all the 22 contact points.
[gelatina] t=  224 ms  TRACK        rival=si d=  43 mm rumbo=-6000 cdeg  linea=0x0
[gelatina] t=  232 ms  ATTACK       rival=si d=  43 mm rumbo=-6000 cdeg  linea=0x0
[gelatina] t=  464 ms  SEARCH       rival=no d=9999 mm rumbo=+6000 cdeg  linea=0x0
[gelatina] t=  520 ms  TRACK        rival=si d=  76 mm rumbo=+6000 cdeg  linea=0x0
[gelatina] t=  528 ms  ATTACK       rival=si d=  76 mm rumbo=+6000 cdeg  linea=0x0
WARNING: Contact joints between materials 'rueda' and 'dohyo' will only be created for the 10 deepest contact points instead of all the 11 contact points.
[gelatina] t= 1584 ms  SEARCH       rival=no d=9999 mm rumbo=+6000 cdeg  linea=0x0
[gelatina] t= 1840 ms  TRACK        rival=si d=  78 mm rumbo=   +0 cdeg  linea=0x0
[gelatina] t= 1848 ms  ATTACK       rival=si d=  78 mm rumbo=   +0 cdeg  linea=0x0
[gelatina] t= 2280 ms  SEARCH       rival=no d=9999 mm rumbo=-3000 cdeg  linea=0x0
WARNING: Contact joints between materials 'patin' and 'dohyo' will only be created for the 10 deepest contact points instead of all the 12 contact points.
[gelatina] t= 2376 ms  TRACK        rival=si d=  26 mm rumbo=-4495 cdeg  linea=0x0
[gelatina] t= 2384 ms  ATTACK       rival=si d=  26 mm rumbo=-4495 cdeg  linea=0x0
[gelatina] t= 2840 ms  SEARCH       rival=no d=9999 mm rumbo=-6000 cdeg  linea=0x0
[gelatina] t= 2928 ms  TRACK        rival=si d=  31 mm rumbo=+6000 cdeg  linea=0x0
[gelatina] t= 2936 ms  ATTACK       rival=si d=  31 mm rumbo=+6000 cdeg  linea=0x0
[gelatina] t= 3072 ms  SEARCH       rival=no d=9999 mm rumbo=+6000 cdeg  linea=0x0
[gelatina] t= 3160 ms  TRACK        rival=si d=  80 mm rumbo=+6000 cdeg  linea=0x0
[gelatina] t= 3168 ms  ATTACK       rival=si d=  80 mm rumbo=+6000 cdeg  linea=0x0
WARNING: Contact joints between materials 'patin' and 'dohyo' will only be created for the 10 deepest contact points instead of all the 12 contact points.
[gelatina] t= 3568 ms  SEARCH       rival=no d=9999 mm rumbo=-3000 cdeg  linea=0x0
[gelatina] t= 3624 ms  TRACK        rival=si d=  43 mm rumbo=-6000 cdeg  linea=0x0
[gelatina] t= 3632 ms  ATTACK       rival=si d=  43 mm rumbo=-6000 cdeg  linea=0x3
WARNING: Contact joints between materials 'patin' and 'dohyo' will only be created for the 10 deepest contact points instead of all the 17 contact points.
WARNING: Contact joints between materials 'patin' and 'dohyo' will only be created for the 10 deepest contact points instead of all the 17 contact points.
WARNING: Contact joints between materials 'patin' and 'dohyo' will only be created for the 10 deepest contact points instead of all the 15 contact points.
WARNING: Contact joints between materials 'patin' and 'dohyo' will only be created for the 10 deepest contact points instead of all the 15 contact points.
WARNING: Contact joints between materials 'patin' and 'dohyo' will only be created for the 10 deepest contact points instead of all the 12 contact points.
WARNING: Contact joints between materials 'patin' and 'dohyo' will only be created for the 10 deepest contact points instead of all the 15 contact points.
WARNING: Contact joints between materials 'patin' and 'dohyo' will only be created for the 10 deepest contact points instead of all the 15 contact points.
WARNING: Contact joints between materials 'patin' and 'dohyo' will only be created for the 10 deepest contact points instead of all the 17 contact points.
WARNING: Contact joints between materials 'patin' and 'dohyo' will only be created for the 10 deepest contact points instead of all the 17 contact points.
WARNING: Contact joints between materials 'patin' and 'dohyo' will only be created for the 10 deepest contact points instead of all the 15 contact points.
WARNING: Contact joints between materials 'patin' and 'dohyo' will only be created for the 10 deepest contact points instead of all the 15 contact points.
WARNING: Contact joints between materials 'patin' and 'dohyo' will only be created for the 10 deepest contact points instead of all the 15 contact points.
WARNING: Contact joints between materials 'patin' and 'dohyo' will only be created for the 10 deepest contact points instead of all the 17 contact points.
WARNING: Contact joints between materials 'patin' and 'dohyo' will only be created for the 10 deepest contact points instead of all the 17 contact points.
WARNING: Contact joints between materials 'patin' and 'dohyo' will only be created for the 10 deepest contact points instead of all the 15 contact points.
WARNING: Contact joints between materials 'patin' and 'dohyo' will only be created for the 10 deepest contact points instead of all the 13 contact points.
WARNING: Contact joints between materials 'patin' and 'dohyo' will only be created for the 10 deepest contact points instead of all the 15 contact points.
WARNING: Contact joints between materials 'patin' and 'dohyo' will only be created for the 10 deepest contact points instead of all the 12 contact points.
WARNING: Contact joints between materials 'patin' and 'dohyo' will only be created for the 10 deepest contact points instead of all the 17 contact points.
WARNING: Contact joints between materials 'patin' and 'dohyo' will only be created for the 10 deepest contact points instead of all the 15 contact points.
WARNING: Contact joints between materials 'patin' and 'dohyo' will only be created for the 10 deepest contact points instead of all the 15 contact points.
WARNING: Contact joints between materials 'patin' and 'dohyo' will only be created for the 10 deepest contact points instead of all the 17 contact points.
WARNING: Contact joints between materials 'patin' and 'dohyo' will only be created for the 10 deepest contact points instead of all the 15 contact points.
WARNING: Contact joints between materials 'patin' and 'dohyo' will only be created for the 10 deepest contact points instead of all the 15 contact points.
WARNING: Contact joints between materials 'patin' and 'dohyo' will only be created for the 10 deepest contact points instead of all the 17 contact points.
WARNING: Contact joints between materials 'patin' and 'dohyo' will only be created for the 10 deepest contact points instead of all the 15 contact points.
WARNING: Contact joints between materials 'patin' and 'dohyo' will only be created for the 10 deepest contact points instead of all the 17 contact points.
WARNING: Contact joints between materials 'patin' and 'dohyo' will only be created for the 10 deepest contact points instead of all the 15 contact points.
WARNING: Contact joints between materials 'patin' and 'dohyo' will only be created for the 10 deepest contact points instead of all the 15 contact points.
[gelatina] t=38344 ms  EDGE_ESCAPE  rival=si d= 177 mm rumbo=+6000 cdeg  linea=0x4
[gelatina] t=38552 ms  SEARCH       rival=si d= 199 mm rumbo=+6000 cdeg  linea=0x4
[gelatina] t=38560 ms  TRACK        rival=si d= 199 mm rumbo=+6000 cdeg  linea=0x4
[arbitro] asalto 30/30  espalda  auto-salida     -1  38.63 s

[arbitro] RESULTADO  20W 7L 3D  win rate 66.7%  auto-salidas 3  t medio de victoria 9.39 s

[arbitro]   frente   8W 2L 0D
[arbitro]   lado     6W 2L 2D
[arbitro]   espalda  6W 3L 1D
[arbitro]   combate: gana 84.0%  jueces 0.0%  pierde 16.0%
[arbitro] resultados -> ../../../../result.json
INFO: 'arbitro' controller exited successfully.
INFO: medido: Terminating.
INFO: oponente: Terminating.
