WARNING: Contact joints between materials 'patin' and 'dohyo' will only be created for the 10 deepest contact points instead of all the 12 contact points.
INFO: medido: Starting controller: $LAB_ROOT/Mini-Sumo-real/runs/real/20260913T170920847710Z_v22_v0.3.1_reglamento_static_s0_r1/project/webots/controllers/medido/medido
INFO: oponente: Starting controller: $LAB_ROOT/Mini-Sumo-real/runs/real/20260913T170920847710Z_v22_v0.3.1_reglamento_static_s0_r1/project/webots/controllers/oponente/oponente static
INFO: arbitro: Starting controller: $LAB_ROOT/Mini-Sumo-real/runs/real/20260913T170920847710Z_v22_v0.3.1_reglamento_static_s0_r1/project/webots/controllers/arbitro/arbitro --rounds 30 --rival static --version v0.3.1 --colocacion reglamento --out ../../../../result.json
[planta] gelatina ciclo=1 rueda=0 V=7.36485623 R=4.25602584 Rpuente=0.612744129 I0=0.126091683 Ke=0.092558592 Kt=0.0483794733
[planta] gelatina ciclo=1 rueda=1 V=7.36485623 R=3.87064724 Rpuente=0.5311391 I0=0.129181051 Ke=0.0852744683 Kt=0.0483794733
[sensores] gelatina ToF alcance=1418.63086 minimo=21.0914713 sigma_rel=0.0961221409
[gelatina] HAL Webots listo: paso 8 ms, umbral de linea 400
[gelatina] estrategia v0.3.0 en linea
[planta] rival ciclo=1 rueda=0 V=7.3310377 R=3.8954165 Rpuente=0.600848401 I0=0.180732483 Ke=0.0948581567 Kt=0.0483794733
[planta] rival ciclo=1 rueda=1 V=7.3310377 R=3.89561467 Rpuente=0.654952586 I0=0.158428279 Ke=0.0980418484 Kt=0.0483794733
[sensores] rival ToF alcance=1467.89725 minimo=45.1080084 sigma_rel=0.0588060713
[rival] comportamiento: static

[arbitro] 30 asaltos contra 'static', colocacion reglamento, limite 60 s por asalto
[gelatina] t=    0 ms  WAIT         rival=no d=9999 mm rumbo=   +0 cdeg  linea=0x0
[inercia] asalto=0 robot=GELATINA rueda=0 rotor=2.26145341e-05
[inercia] asalto=0 robot=GELATINA rueda=1 rotor=2.80318469e-05
[inercia] asalto=0 robot=RIVAL rueda=0 rotor=1.03646774e-05
[inercia] asalto=0 robot=RIVAL rueda=1 rotor=1.89769952e-05
[planta] asalto=0 mu=0.8364555 slip=0.000738541245 aleatorio=1
[planta] gelatina ciclo=2 rueda=0 V=7.40084512 R=4.10688725 Rpuente=0.572406459 I0=0.0936607003 Ke=0.0698853006 Kt=0.0483794733
[planta] gelatina ciclo=2 rueda=1 V=7.40084512 R=3.83835459 Rpuente=0.552155244 I0=0.199625596 Ke=0.0697456861 Kt=0.0483794733
[sensores] gelatina ToF alcance=1249.04298 minimo=21.2930501 sigma_rel=0.0465027428
[gelatina] pulsador recibido: permiso previsto 5312 ms
[planta] rival ciclo=2 rueda=0 V=7.99534413 R=3.71403046 Rpuente=0.594484353 I0=0.0934002846 Ke=0.0948363984 Kt=0.0483794733
[planta] rival ciclo=2 rueda=1 V=7.99534413 R=3.6196208 Rpuente=0.585172546 I0=0.147359303 Ke=0.0827417612 Kt=0.0483794733
[sensores] rival ToF alcance=757.486892 minimo=42.2123063 sigma_rel=0.084336791
[arranque] pulsador=312 permiso=5312 ms
[gelatina] permiso de arranque a los 5312 ms
[gelatina] t=    0 ms  TRACK        rival=si d=  71 mm rumbo=+1494 cdeg  linea=0x0
[gelatina] t=    8 ms  ATTACK       rival=si d=  71 mm rumbo=+1494 cdeg  linea=0x0
WARNING: Contact joints between materials 'patin' and 'dohyo' will only be created for the 10 deepest contact points instead of all the 68 contact points.
[arbitro] asalto  1/30  frente   rival fuera     +1   1.05 s
[inercia] asalto=1 robot=GELATINA rueda=0 rotor=9.44531643e-06
[inercia] asalto=1 robot=GELATINA rueda=1 rotor=2.62596416e-05
[inercia] asalto=1 robot=RIVAL rueda=0 rotor=1.57621794e-05
[inercia] asalto=1 robot=RIVAL rueda=1 rotor=2.04041997e-05
[planta] asalto=1 mu=1.37476293 slip=0.00111237705 aleatorio=1
[gelatina] fin de asalto motor={"battery_v":7.40084512,"resistance_ohm":[4.10688725,3.83835459],"bridge_ohm":[0.572406459,0.552155244],"omega_rad_s":[35.7684116,41.6137105],"current_a":[0.731091103,1.02458906],"torque_nm":[0.0308385471,0.0399112977],"applied_pwm":[0.800000012,1],"over_1_2a_samples":17,"over_3_2a_samples":0}
[gelatina] t=    0 ms  WAIT         rival=si d=  35 mm rumbo=  +38 cdeg  linea=0x1
[rival] fin de asalto motor={"battery_v":7.99534413,"resistance_ohm":[3.71403046,3.6196208],"bridge_ohm":[0.594484353,0.585172546],"omega_rad_s":[4.27256101,2.81264371],"current_a":[-0.0940450054,-0.0553470944],"torque_nm":[-0.00906674707,-0.00975560463],"applied_pwm":[0,0],"over_1_2a_samples":0,"over_3_2a_samples":0}
[planta] gelatina ciclo=3 rueda=0 V=7.43466365 R=3.66749654 Rpuente=0.584302187 I0=0.189019892 Ke=0.0942266868 Kt=0.0483794733
[planta] gelatina ciclo=3 rueda=1 V=7.43466365 R=3.81338716 Rpuente=0.628341758 I0=0.170378369 Ke=0.0931979847 Kt=0.0483794733
[sensores] gelatina ToF alcance=1199.77666 minimo=27.276513 sigma_rel=0.0838188124
[gelatina] pulsador recibido: permiso previsto 11672 ms
[planta] rival ciclo=3 rueda=0 V=7.74568462 R=3.91137171 Rpuente=0.649971557 I0=0.121402636 Ke=0.0779893475 Kt=0.0483794733
[planta] rival ciclo=3 rueda=1 V=7.74568462 R=4.37315912 Rpuente=0.634254229 I0=0.20344854 Ke=0.0803429839 Kt=0.0483794733
[sensores] rival ToF alcance=1696.55499 minimo=23.2455051 sigma_rel=0.0747795963
[arranque] pulsador=6672 permiso=11672 ms
[gelatina] permiso de arranque a los 11672 ms
[gelatina] t=    0 ms  OPENING      rival=no d=9999 mm rumbo=  +38 cdeg  linea=0x0
WARNING: Contact joints between materials 'rueda' and 'dohyo' will only be created for the 10 deepest contact points instead of all the 13 contact points.
[gelatina] t=   96 ms  TRACK        rival=si d=  51 mm rumbo=-6000 cdeg  linea=0x0
[gelatina] t=  104 ms  ATTACK       rival=si d=  51 mm rumbo=-6000 cdeg  linea=0x0
[gelatina] t=  400 ms  SEARCH       rival=no d=9999 mm rumbo=-3000 cdeg  linea=0x0
[gelatina] t=  560 ms  TRACK        rival=si d=  65 mm rumbo=+3000 cdeg  linea=0x0
[gelatina] t=  568 ms  ATTACK       rival=si d=  65 mm rumbo=+3000 cdeg  linea=0x0
[gelatina] t=  728 ms  SEARCH       rival=no d=9999 mm rumbo=+6000 cdeg  linea=0x0
[gelatina] t=  816 ms  TRACK        rival=si d=  45 mm rumbo=+6000 cdeg  linea=0x0
[gelatina] t=  824 ms  ATTACK       rival=si d=  45 mm rumbo=+4542 cdeg  linea=0x0
WARNING: Contact joints between materials 'rueda' and 'dohyo' will only be created for the 10 deepest contact points instead of all the 12 contact points.
[gelatina] t= 1952 ms  SEARCH       rival=no d=9999 mm rumbo=-3000 cdeg  linea=0x0
[gelatina] t= 2040 ms  TRACK        rival=si d=  30 mm rumbo=-3000 cdeg  linea=0x0
[gelatina] t= 2048 ms  ATTACK       rival=si d=  30 mm rumbo=-3000 cdeg  linea=0x0
WARNING: Contact joints between materials 'patin' and 'dohyo' will only be created for the 10 deepest contact points instead of all the 17 contact points.
[gelatina] t= 2176 ms  SEARCH       rival=no d=9999 mm rumbo=-3000 cdeg  linea=0x0
[gelatina] t= 2272 ms  TRACK        rival=si d=  27 mm rumbo=   +0 cdeg  linea=0x0
[gelatina] t= 2280 ms  ATTACK       rival=si d=  27 mm rumbo=   +0 cdeg  linea=0x0
[gelatina] t= 2608 ms  SEARCH       rival=no d=9999 mm rumbo=+3000 cdeg  linea=0x0
[gelatina] t= 2704 ms  TRACK        rival=si d=  70 mm rumbo=   +0 cdeg  linea=0x0
[gelatina] t= 2712 ms  ATTACK       rival=si d=  70 mm rumbo=   +0 cdeg  linea=0x0
[gelatina] t= 3104 ms  SEARCH       rival=no d=9999 mm rumbo=-6000 cdeg  linea=0x0
WARNING: Contact joints between materials 'patin' and 'dohyo' will only be created for the 10 deepest contact points instead of all the 15 contact points.
[gelatina] t= 3152 ms  EDGE_ESCAPE  rival=no d=9999 mm rumbo=-6000 cdeg  linea=0x2
[gelatina] t= 3360 ms  SEARCH       rival=si d=  75 mm rumbo=-6000 cdeg  linea=0x0
[gelatina] t= 3368 ms  TRACK        rival=si d=  75 mm rumbo=-6000 cdeg  linea=0x0
[gelatina] t= 3376 ms  ATTACK       rival=si d=  75 mm rumbo=-6000 cdeg  linea=0x0
[gelatina] t= 3464 ms  SEARCH       rival=no d=9999 mm rumbo=-6000 cdeg  linea=0x0
[gelatina] t= 3560 ms  TRACK        rival=si d=  80 mm rumbo=-6000 cdeg  linea=0x0
[gelatina] t= 3568 ms  ATTACK       rival=si d=  80 mm rumbo=-6000 cdeg  linea=0x0
WARNING: Contact joints between materials 'patin' and 'dohyo' will only be created for the 10 deepest contact points instead of all the 14 contact points.
[gelatina] t= 4288 ms  SEARCH       rival=no d=9999 mm rumbo=-6000 cdeg  linea=0x0
[gelatina] t= 4488 ms  TRACK        rival=si d=  70 mm rumbo=-3000 cdeg  linea=0x0
[gelatina] t= 4496 ms  ATTACK       rival=si d=  70 mm rumbo=-3000 cdeg  linea=0x0
[gelatina] t= 5016 ms  SEARCH       rival=no d=9999 mm rumbo=+1510 cdeg  linea=0x0
WARNING: Contact joints between materials 'patin' and 'dohyo' will only be created for the 10 deepest contact points instead of all the 18 contact points.
[gelatina] t= 5312 ms  TRACK        rival=si d=  26 mm rumbo=-3000 cdeg  linea=0x0
[gelatina] t= 5320 ms  ATTACK       rival=si d=  26 mm rumbo=-3000 cdeg  linea=0x0
[gelatina] t= 5480 ms  SEARCH       rival=no d=9999 mm rumbo=-6000 cdeg  linea=0x0
[gelatina] t= 5544 ms  TRACK        rival=si d=  36 mm rumbo=-4537 cdeg  linea=0x0
[gelatina] t= 5552 ms  ATTACK       rival=si d=  36 mm rumbo=-4537 cdeg  linea=0x0
[gelatina] t= 5776 ms  SEARCH       rival=no d=9999 mm rumbo=-1489 cdeg  linea=0x0
[gelatina] t= 5872 ms  TRACK        rival=si d=  32 mm rumbo=+2985 cdeg  linea=0x0
[gelatina] t= 5880 ms  ATTACK       rival=si d=  32 mm rumbo=+2985 cdeg  linea=0x0
[gelatina] t= 6168 ms  SEARCH       rival=no d=9999 mm rumbo=+3000 cdeg  linea=0x0
[gelatina] t= 6360 ms  TRACK        rival=si d=  37 mm rumbo=+6000 cdeg  linea=0x0
[gelatina] t= 6368 ms  ATTACK       rival=si d=  37 mm rumbo=+6000 cdeg  linea=0x0
WARNING: Contact joints between materials 'patin' and 'dohyo' will only be created for the 10 deepest contact points instead of all the 18 contact points.
[gelatina] t= 6768 ms  SEARCH       rival=no d=9999 mm rumbo=+3000 cdeg  linea=0x0
[gelatina] t= 6792 ms  TRACK        rival=si d=  41 mm rumbo=+3000 cdeg  linea=0x0
[gelatina] t= 6800 ms  ATTACK       rival=si d=  41 mm rumbo=+3000 cdeg  linea=0x0
[gelatina] t= 7336 ms  EDGE_ESCAPE  rival=si d=  44 mm rumbo=-3000 cdeg  linea=0x2
[gelatina] t= 7352 ms  ATTACK       rival=si d=  24 mm rumbo=-3000 cdeg  linea=0x2
[gelatina] t= 7392 ms  EDGE_ESCAPE  rival=si d=  24 mm rumbo=-3000 cdeg  linea=0x2
[arbitro] asalto  2/30  lado     rival fuera     +1   7.40 s
[inercia] asalto=2 robot=GELATINA rueda=0 rotor=1.53470491e-05
[inercia] asalto=2 robot=GELATINA rueda=1 rotor=3.54828401e-05
[inercia] asalto=2 robot=RIVAL rueda=0 rotor=3.22439504e-05
[inercia] asalto=2 robot=RIVAL rueda=1 rotor=1.78256371e-05
[planta] asalto=2 mu=1.1906902 slip=0.00167386723 aleatorio=1
[gelatina] fin de asalto motor={"battery_v":7.43466365,"resistance_ohm":[3.66749654,3.81338716],"bridge_ohm":[0.584302187,0.628341758],"omega_rad_s":[51.8590854,23.1284376],"current_a":[-0.100125018,-0.41568876],"torque_nm":[-0.0139886785,-0.0283536191],"applied_pwm":[0.600000024,0.0415818393],"over_1_2a_samples":233,"over_3_2a_samples":0}
[gelatina] t=    0 ms  WAIT         rival=no d=9999 mm rumbo=-3000 cdeg  linea=0x1
[rival] fin de asalto motor={"battery_v":7.74568462,"resistance_ohm":[3.91137171,4.37315912],"bridge_ohm":[0.649971557,0.634254229],"omega_rad_s":[1.16713399,0.275227195],"current_a":[-0.0199555291,-0.0044159674],"torque_nm":[-0.00580130545,-0.00285623901],"applied_pwm":[0,0],"over_1_2a_samples":0,"over_3_2a_samples":0}
WARNING: Contact joints between materials 'patin' and 'dohyo' will only be created for the 10 deepest contact points instead of all the 12 contact points.
[planta] gelatina ciclo=4 rueda=0 V=7.47065254 R=4.31835794 Rpuente=0.543964529 I0=0.156588909 Ke=0.0685665134 Kt=0.0483794733
[planta] gelatina ciclo=4 rueda=1 V=7.47065254 R=3.78109455 Rpuente=0.649357903 I0=0.0908229142 Ke=0.0832451824 Kt=0.0483794733
[sensores] gelatina ToF alcance=1030.18878 minimo=27.4780917 sigma_rel=0.114199414
[gelatina] pulsador recibido: permiso previsto 24384 ms
[planta] rival ciclo=4 rueda=0 V=7.00999113 R=3.72998562 Rpuente=0.643607509 I0=0.184070438 Ke=0.0712029904 Kt=0.0483794733
[planta] rival ciclo=4 rueda=1 V=7.00999113 R=4.0971653 Rpuente=0.564474189 I0=0.192379564 Ke=0.069703396 Kt=0.0483794733
[sensores] rival ToF alcance=986.144626 minimo=20.3498012 sigma_rel=0.100310316
[arranque] pulsador=19384 permiso=24384 ms
[gelatina] permiso de arranque a los 24384 ms
[gelatina] t=    0 ms  OPENING      rival=no d=9999 mm rumbo=-3000 cdeg  linea=0x0
[gelatina] t=  112 ms  SEARCH       rival=no d=9999 mm rumbo=-3000 cdeg  linea=0x0
[gelatina] t=  224 ms  TRACK        rival=si d=  48 mm rumbo=-4490 cdeg  linea=0x0
[gelatina] t=  232 ms  ATTACK       rival=si d=  48 mm rumbo=-4490 cdeg  linea=0x0
WARNING: Contact joints between materials 'patin' and 'dohyo' will only be created for the 10 deepest contact points instead of all the 11 contact points.
[gelatina] t=  432 ms  SEARCH       rival=no d=9999 mm rumbo=+4515 cdeg  linea=0x0
[gelatina] t=  488 ms  TRACK        rival=si d=  64 mm rumbo=+6000 cdeg  linea=0x0
[gelatina] t=  496 ms  ATTACK       rival=si d=  64 mm rumbo=+6000 cdeg  linea=0x0
[gelatina] t=  760 ms  SEARCH       rival=no d=9999 mm rumbo=-6000 cdeg  linea=0x0
[gelatina] t=  888 ms  TRACK        rival=si d=  34 mm rumbo=   +0 cdeg  linea=0x0
[gelatina] t=  896 ms  ATTACK       rival=si d=  34 mm rumbo=   +0 cdeg  linea=0x0
[gelatina] t= 1056 ms  SEARCH       rival=no d=9999 mm rumbo=+3000 cdeg  linea=0x0
[gelatina] t= 1152 ms  TRACK        rival=si d=  83 mm rumbo=+6000 cdeg  linea=0x0
[gelatina] t= 1160 ms  ATTACK       rival=si d=  83 mm rumbo=+6000 cdeg  linea=0x0
WARNING: Contact joints between materials 'patin' and 'dohyo' will only be created for the 10 deepest contact points instead of all the 35 contact points.
[gelatina] t= 1384 ms  SEARCH       rival=no d=9999 mm rumbo=-2957 cdeg  linea=0x0
[gelatina] t= 1512 ms  TRACK        rival=si d=  56 mm rumbo=-6000 cdeg  linea=0x0
[gelatina] t= 1520 ms  ATTACK       rival=si d=  56 mm rumbo=-6000 cdeg  linea=0x0
[gelatina] t= 1752 ms  SEARCH       rival=no d=9999 mm rumbo=+6000 cdeg  linea=0x0
[gelatina] t= 1840 ms  TRACK        rival=si d=  49 mm rumbo=+6000 cdeg  linea=0x0
[gelatina] t= 1848 ms  ATTACK       rival=si d=  49 mm rumbo=+6000 cdeg  linea=0x0
[gelatina] t= 2080 ms  SEARCH       rival=no d=9999 mm rumbo=-6000 cdeg  linea=0x0
[gelatina] t= 2144 ms  TRACK        rival=si d=  66 mm rumbo=-6000 cdeg  linea=0x0
[gelatina] t= 2152 ms  ATTACK       rival=si d=  66 mm rumbo=-6000 cdeg  linea=0x0
[gelatina] t= 2376 ms  SEARCH       rival=no d=9999 mm rumbo=+4490 cdeg  linea=0x0
WARNING: Contact joints between materials 'patin' and 'dohyo' will only be created for the 10 deepest contact points instead of all the 53 contact points.
[gelatina] t= 2440 ms  TRACK        rival=si d=  30 mm rumbo=+6000 cdeg  linea=0x0
[gelatina] t= 2448 ms  ATTACK       rival=si d=  30 mm rumbo=+6000 cdeg  linea=0x0
[gelatina] t= 2808 ms  SEARCH       rival=no d=9999 mm rumbo=   +0 cdeg  linea=0x0
[gelatina] t= 2904 ms  TRACK        rival=si d=  34 mm rumbo=-3000 cdeg  linea=0x0
[gelatina] t= 2912 ms  ATTACK       rival=si d=  34 mm rumbo=-3000 cdeg  linea=0x0
[arbitro] asalto  3/30  espalda  rival fuera     +1   2.99 s
[inercia] asalto=3 robot=GELATINA rueda=0 rotor=1.48304331e-05
[inercia] asalto=3 robot=GELATINA rueda=1 rotor=1.18224236e-05
[inercia] asalto=3 robot=RIVAL rueda=0 rotor=1.09047171e-05
[inercia] asalto=3 robot=RIVAL rueda=1 rotor=1.76097783e-05
[planta] asalto=3 mu=1.2826027 slip=0.00106291819 aleatorio=1
WARNING: DEF GELATINA GelatinaNuclear > HingeJoint "rueda_der" > Solid "rueda_der": Webots has detected that this solid is light and oblong according to its inertia matrix. This belongs in the physics edge cases, and can imply weird physical results. Increasing the weight of the object or reducing its eccentricity are recommended.
WARNING: DEF RIVAL GelatinaNuclear > HingeJoint "rueda_izq" > Solid "rueda_izq": Webots has detected that this solid is light and oblong according to its inertia matrix. This belongs in the physics edge cases, and can imply weird physical results. Increasing the weight of the object or reducing its eccentricity are recommended.
[gelatina] fin de asalto motor={"battery_v":7.47065254,"resistance_ohm":[4.31835794,3.78109455],"bridge_ohm":[0.543964529,0.649357903],"omega_rad_s":[23.0597,40.2993524],"current_a":[1.21125848,-0.487404472],"torque_nm":[0.0510243583,-0.0279743364],"applied_pwm":[1,0.160000026],"over_1_2a_samples":299,"over_3_2a_samples":0}
[gelatina] t=    0 ms  WAIT         rival=no d=9999 mm rumbo=-6000 cdeg  linea=0x2
[rival] fin de asalto motor={"battery_v":7.00999113,"resistance_ohm":[3.72998562,4.0971653],"bridge_ohm":[0.643607509,0.564474189],"omega_rad_s":[1.62693608,10.2304143],"current_a":[-0.026486852,-0.152970778],"torque_nm":[-0.00952431543,-0.0167078676],"applied_pwm":[0,0],"over_1_2a_samples":0,"over_3_2a_samples":0}
[planta] gelatina ciclo=5 rueda=0 V=7.50447108 R=3.87896729 Rpuente=0.555860245 I0=0.101948109 Ke=0.0693291847 Kt=0.0483794733
[planta] gelatina ciclo=5 rueda=1 V=7.50447108 R=3.75612712 Rpuente=0.525544417 I0=0.211575678 Ke=0.0671260551 Kt=0.0483794733
[sensores] gelatina ToF alcance=980.922455 minimo=33.4615546 sigma_rel=0.0715154839
[gelatina] pulsador recibido: permiso previsto 32688 ms
[planta] rival ciclo=5 rueda=0 V=7.33795099 R=4.30922918 Rpuente=0.586078012 I0=0.119217575 Ke=0.0873178988 Kt=0.0483794733
[planta] rival ciclo=5 rueda=1 V=7.33795099 R=4.35173435 Rpuente=0.508019018 I0=0.164089081 Ke=0.0656203404 Kt=0.0483794733
[arranque] pulsador=27688 permiso=32688 ms
[sensores] rival ToF alcance=1634.49379 minimo=42.0335317 sigma_rel=0.0726668024
[gelatina] permiso de arranque a los 32688 ms
[gelatina] t=    0 ms  TRACK        rival=si d=  83 mm rumbo=+1477 cdeg  linea=0x0
[gelatina] t=    7 ms  ATTACK       rival=si d=  83 mm rumbo=+1477 cdeg  linea=0x0
WARNING: Contact joints between materials 'rueda' and 'dohyo' will only be created for the 10 deepest contact points instead of all the 11 contact points.
[gelatina] t=  263 ms  SEARCH       rival=no d=9999 mm rumbo=+1513 cdeg  linea=0x0
[gelatina] t=  359 ms  TRACK        rival=si d=  50 mm rumbo=-3000 cdeg  linea=0x0
[gelatina] t=  367 ms  ATTACK       rival=si d=  50 mm rumbo=-3000 cdeg  linea=0x0
[gelatina] t= 1151 ms  SEARCH       rival=no d=9999 mm rumbo=+3000 cdeg  linea=0x0
[gelatina] t= 1183 ms  TRACK        rival=si d=  33 mm rumbo=   +0 cdeg  linea=0x0
[gelatina] t= 1191 ms  ATTACK       rival=si d=  33 mm rumbo=   +0 cdeg  linea=0x0
WARNING: Contact joints between materials 'patin' and 'dohyo' will only be created for the 10 deepest contact points instead of all the 26 contact points.
[arbitro] asalto  4/30  frente   rival fuera     +1   1.24 s
[inercia] asalto=4 robot=GELATINA rueda=0 rotor=2.47379504e-05
[inercia] asalto=4 robot=GELATINA rueda=1 rotor=1.92414347e-05
[inercia] asalto=4 robot=RIVAL rueda=0 rotor=1.60995954e-05
[inercia] asalto=4 robot=RIVAL rueda=1 rotor=2.92744263e-05
[planta] asalto=4 mu=0.729815042 slip=0.00141449273 aleatorio=1
[gelatina] fin de asalto motor={"battery_v":7.50447108,"resistance_ohm":[3.87896729,3.75612712],"bridge_ohm":[0.555860245,0.525544417],"omega_rad_s":[41.8169799,37.5226264],"current_a":[1.03844714,1.1644343],"torque_nm":[0.0453073297,0.0460987982],"applied_pwm":[1,1],"over_1_2a_samples":335,"over_3_2a_samples":0}
[gelatina] t=    0 ms  WAIT         rival=no d=9999 mm rumbo=   +0 cdeg  linea=0x2
[rival] fin de asalto motor={"battery_v":7.33795099,"resistance_ohm":[4.30922918,4.35173435],"bridge_ohm":[0.586078012,0.508019018],"omega_rad_s":[2.16931872,-2.5669674],"current_a":[-0.0386942729,0.0346612805],"torque_nm":[-0.0074910463,0.00952241716],"applied_pwm":[0,0],"over_1_2a_samples":0,"over_3_2a_samples":0}
[planta] gelatina ciclo=6 rueda=0 V=7.54045988 R=3.72982864 Rpuente=0.515522587 I0=0.219517127 Ke=0.0691407664 Kt=0.0483794733
[planta] gelatina ciclo=6 rueda=1 V=7.54045988 R=3.72383447 Rpuente=0.546560562 I0=0.132020223 Ke=0.0905072248 Kt=0.0483794733
[sensores] gelatina ToF alcance=811.334574 minimo=33.6631316 sigma_rel=0.101896091
[gelatina] pulsador recibido: permiso previsto 39240 ms
[planta] rival ciclo=6 rueda=0 V=8.00225742 R=4.12784314 Rpuente=0.579713964 I0=0.181885377 Ke=0.0788056002 Kt=0.0483794733
[planta] rival ciclo=6 rueda=1 V=8.00225742 R=4.07574048 Rpuente=0.63823899 I0=0.153020105 Ke=0.0833654349 Kt=0.0483794733
[sensores] rival ToF alcance=924.083501 minimo=39.1378278 sigma_rel=0.0981975222
[arranque] pulsador=34240 permiso=39240 ms
[gelatina] permiso de arranque a los 39240 ms
[gelatina] t=    0 ms  OPENING      rival=no d=9999 mm rumbo=   +0 cdeg  linea=0x0
WARNING: Contact joints between materials 'rueda' and 'dohyo' will only be created for the 10 deepest contact points instead of all the 13 contact points.
[gelatina] t=   64 ms  TRACK        rival=si d=  80 mm rumbo=-6000 cdeg  linea=0x0
[gelatina] t=   72 ms  ATTACK       rival=si d=  80 mm rumbo=-6000 cdeg  linea=0x0
[gelatina] t=  328 ms  SEARCH       rival=no d=9999 mm rumbo=-2995 cdeg  linea=0x0
[gelatina] t=  360 ms  TRACK        rival=si d=  55 mm rumbo=   +0 cdeg  linea=0x0
[gelatina] t=  368 ms  ATTACK       rival=si d=  55 mm rumbo=   +0 cdeg  linea=0x0
[gelatina] t=  624 ms  SEARCH       rival=no d=9999 mm rumbo=+6000 cdeg  linea=0x0
[gelatina] t=  656 ms  TRACK        rival=si d=  43 mm rumbo=+6000 cdeg  linea=0x0
[gelatina] t=  664 ms  ATTACK       rival=si d=  43 mm rumbo=+6000 cdeg  linea=0x0
WARNING: Contact joints between materials 'patin' and 'dohyo' will only be created for the 10 deepest contact points instead of all the 12 contact points.
[gelatina] t= 1288 ms  SEARCH       rival=no d=9999 mm rumbo=+3000 cdeg  linea=0x0
[gelatina] t= 1384 ms  TRACK        rival=si d=  43 mm rumbo=+3000 cdeg  linea=0x0
[gelatina] t= 1392 ms  ATTACK       rival=si d=  43 mm rumbo=+3000 cdeg  linea=0x0
[gelatina] t= 1912 ms  SEARCH       rival=no d=9999 mm rumbo=   +0 cdeg  linea=0x0
[gelatina] t= 2104 ms  TRACK        rival=si d=  41 mm rumbo=   +0 cdeg  linea=0x0
[gelatina] t= 2112 ms  ATTACK       rival=si d=  41 mm rumbo=   +0 cdeg  linea=0x0
WARNING: Contact joints between materials 'patin' and 'dohyo' will only be created for the 10 deepest contact points instead of all the 18 contact points.
[gelatina] t= 2512 ms  SEARCH       rival=no d=9999 mm rumbo=   +0 cdeg  linea=0x0
[gelatina] t= 2536 ms  TRACK        rival=si d=  39 mm rumbo=-3000 cdeg  linea=0x0
[gelatina] t= 2544 ms  ATTACK       rival=si d=  39 mm rumbo=-3000 cdeg  linea=0x0
[gelatina] t= 2968 ms  SEARCH       rival=no d=9999 mm rumbo=   +0 cdeg  linea=0x0
[gelatina] t= 3096 ms  TRACK        rival=si d=  44 mm rumbo=   +0 cdeg  linea=0x0
[gelatina] t= 3104 ms  ATTACK       rival=si d=  44 mm rumbo=   +0 cdeg  linea=0x0
[gelatina] t= 3400 ms  SEARCH       rival=no d=9999 mm rumbo=-6000 cdeg  linea=0x0
[gelatina] t= 3424 ms  TRACK        rival=si d=  50 mm rumbo=   +0 cdeg  linea=0x0
[gelatina] t= 3432 ms  ATTACK       rival=si d=  50 mm rumbo=   +0 cdeg  linea=0x0
WARNING: Contact joints between materials 'patin' and 'dohyo' will only be created for the 10 deepest contact points instead of all the 20 contact points.
[arbitro] asalto  5/30  lado     rival fuera     +1   3.62 s
[inercia] asalto=5 robot=GELATINA rueda=0 rotor=1.80220778e-05
[inercia] asalto=5 robot=GELATINA rueda=1 rotor=3.55475205e-05
[inercia] asalto=5 robot=RIVAL rueda=0 rotor=1.94917926e-05
[inercia] asalto=5 robot=RIVAL rueda=1 rotor=2.37972724e-05
[planta] asalto=5 mu=1.5307009 slip=0.000354548097 aleatorio=1
[gelatina] fin de asalto motor={"battery_v":7.54045988,"resistance_ohm":[3.72982864,3.72383447],"bridge_ohm":[0.515522587,0.546560562],"omega_rad_s":[12.3910241,59.5302692],"current_a":[0.0823839665,0.504061197],"torque_nm":[-0.00663443007,0.0179991464],"applied_pwm":[0.160000026,1],"over_1_2a_samples":422,"over_3_2a_samples":0}
[gelatina] t=    0 ms  WAIT         rival=no d=9999 mm rumbo=+6000 cdeg  linea=0x8
[rival] fin de asalto motor={"battery_v":8.00225742,"resistance_ohm":[4.12784314,4.07574048],"bridge_ohm":[0.579713964,0.63823899],"omega_rad_s":[1.91768355,1.85372242],"current_a":[-0.0321024684,-0.0327825729],"torque_nm":[-0.00998062855,-0.00863439562],"applied_pwm":[0,0],"over_1_2a_samples":0,"over_3_2a_samples":0}
[planta] gelatina ciclo=7 rueda=0 V=7.5742785 R=4.09043798 Rpuente=0.527418315 I0=0.164876327 Ke=0.0681605179 Kt=0.0483794733
[planta] gelatina ciclo=7 rueda=1 V=7.5742785 R=3.69886703 Rpuente=0.622747076 I0=0.102772996 Ke=0.0797648297 Kt=0.0483794733
[sensores] gelatina ToF alcance=762.068176 minimo=39.6465945 sigma_rel=0.0592121553
[gelatina] pulsador recibido: permiso previsto 48168 ms
[planta] rival ciclo=7 rueda=0 V=7.75259792 R=4.32518439 Rpuente=0.635201168 I0=0.209887719 Ke=0.0654142189 Kt=0.0483794733
[planta] rival ciclo=7 rueda=1 V=7.75259792 R=4.0292788 Rpuente=0.687320662 I0=0.209109342 Ke=0.0831461469 Kt=0.0483794733
[arranque] pulsador=43168 permiso=48168 ms
[sensores] rival ToF alcance=1863.15152 minimo=20.1710284 sigma_rel=0.0886403275
[gelatina] permiso de arranque a los 48168 ms
[gelatina] t=    0 ms  OPENING      rival=no d=9999 mm rumbo=+6000 cdeg  linea=0x0
[gelatina] t=  112 ms  SEARCH       rival=no d=9999 mm rumbo=+6000 cdeg  linea=0x0
[gelatina] t=  328 ms  TRACK        rival=si d=  82 mm rumbo=+6000 cdeg  linea=0x0
[gelatina] t=  336 ms  ATTACK       rival=si d=  82 mm rumbo=+6000 cdeg  linea=0x0
WARNING: Contact joints between materials 'patin' and 'dohyo' will only be created for the 10 deepest contact points instead of all the 21 contact points.
[gelatina] t=  856 ms  SEARCH       rival=no d=9999 mm rumbo=-3000 cdeg  linea=0x0
[gelatina] t= 1216 ms  TRACK        rival=si d=  77 mm rumbo=   +0 cdeg  linea=0x0
[gelatina] t= 1224 ms  ATTACK       rival=si d=  77 mm rumbo=   +0 cdeg  linea=0x0
WARNING: Contact joints between materials 'patin' and 'dohyo' will only be created for the 10 deepest contact points instead of all the 45 contact points.
[gelatina] t= 1416 ms  SEARCH       rival=no d=9999 mm rumbo=+3000 cdeg  linea=0x0
[gelatina] t= 1544 ms  TRACK        rival=si d= 100 mm rumbo=+6000 cdeg  linea=0x0
[gelatina] t= 1552 ms  ATTACK       rival=si d= 100 mm rumbo=+6000 cdeg  linea=0x0
[gelatina] t= 1784 ms  SEARCH       rival=no d=9999 mm rumbo=-6000 cdeg  linea=0x0
[gelatina] t= 1848 ms  TRACK        rival=si d=  95 mm rumbo=-6000 cdeg  linea=0x0
[gelatina] t= 1856 ms  ATTACK       rival=si d=  95 mm rumbo=-6000 cdeg  linea=0x0
[gelatina] t= 2248 ms  SEARCH       rival=no d=9999 mm rumbo=+3000 cdeg  linea=0x0
WARNING: Contact joints between materials 'patin' and 'dohyo' will only be created for the 10 deepest contact points instead of all the 14 contact points.
[gelatina] t= 2504 ms  TRACK        rival=si d=  62 mm rumbo=+4515 cdeg  linea=0x0
[gelatina] t= 2512 ms  ATTACK       rival=si d=  62 mm rumbo=+4515 cdeg  linea=0x0
[gelatina] t= 2704 ms  SEARCH       rival=no d=9999 mm rumbo=-4506 cdeg  linea=0x0
[gelatina] t= 2800 ms  TRACK        rival=si d=  82 mm rumbo=-6000 cdeg  linea=0x0
[gelatina] t= 2808 ms  ATTACK       rival=si d=  82 mm rumbo=-6000 cdeg  linea=0x0
WARNING: Contact joints between materials 'patin' and 'dohyo' will only be created for the 10 deepest contact points instead of all the 28 contact points.
[arbitro] asalto  6/30  espalda  rival fuera     +1   3.44 s
[inercia] asalto=6 robot=GELATINA rueda=0 rotor=3.26262665e-05
[inercia] asalto=6 robot=GELATINA rueda=1 rotor=2.82080197e-05
[inercia] asalto=6 robot=RIVAL rueda=0 rotor=3.48587131e-05
[inercia] asalto=6 robot=RIVAL rueda=1 rotor=3.53247898e-05
[planta] asalto=6 mu=1.06612322 slip=0.00198867857 aleatorio=1
WARNING: DEF GELATINA GelatinaNuclear > HingeJoint "rueda_der" > Solid "rueda_der": Webots has detected that this solid is light and oblong according to its inertia matrix. This belongs in the physics edge cases, and can imply weird physical results. Increasing the weight of the object or reducing its eccentricity are recommended.
[gelatina] fin de asalto motor={"battery_v":7.5742785,"resistance_ohm":[4.09043798,3.69886703],"bridge_ohm":[0.527418315,0.622747076],"omega_rad_s":[53.5468338,34.0729644],"current_a":[0.8498529,1.12375936],"torque_nm":[0.0331388059,0.0493947824],"applied_pwm":[1,1],"over_1_2a_samples":546,"over_3_2a_samples":0}
[gelatina] t=    0 ms  WAIT         rival=no d=9999 mm rumbo=   +0 cdeg  linea=0x1
[rival] fin de asalto motor={"battery_v":7.75259792,"resistance_ohm":[4.32518439,4.0292788],"bridge_ohm":[0.635201168,0.687320662],"omega_rad_s":[-2.07907014,16.7010819],"current_a":[0.0274173747,-0.294413511],"torque_nm":[0.0111680282,-0.0243601705],"applied_pwm":[0,0],"over_1_2a_samples":0,"over_3_2a_samples":0}
[planta] gelatina ciclo=8 rueda=0 V=7.61026731 R=3.94129934 Rpuente=0.687080646 I0=0.132445344 Ke=0.0758400655 Kt=0.0483794733
[planta] gelatina ciclo=8 rueda=1 V=7.61026731 R=3.66657438 Rpuente=0.64376322 I0=0.173217541 Ke=0.0662343072 Kt=0.0483794733
[sensores] gelatina ToF alcance=1892.4803 minimo=39.8481733 sigma_rel=0.089592762
[gelatina] pulsador recibido: permiso previsto 56920 ms
[planta] rival ciclo=8 rueda=0 V=7.8170812 R=3.61420321 Rpuente=0.551313353 I0=0.080521971 Ke=0.0779089017 Kt=0.0483794733
[planta] rival ciclo=8 rueda=1 V=7.8170812 R=3.76878104 Rpuente=0.622384787 I0=0.21851036 Ke=0.0682264983 Kt=0.0483794733
[arranque] pulsador=51920 permiso=56920 ms
[sensores] rival ToF alcance=1243.96493 minimo=22.8506535 sigma_rel=0.0766100645
[gelatina] permiso de arranque a los 56920 ms
[gelatina] t=    0 ms  OPENING      rival=no d=9999 mm rumbo=   +0 cdeg  linea=0x0
[gelatina] t=   32 ms  TRACK        rival=si d=  71 mm rumbo=+1442 cdeg  linea=0x0
[gelatina] t=   40 ms  ATTACK       rival=si d=  71 mm rumbo=+1442 cdeg  linea=0x0
WARNING: Contact joints between materials 'rueda' and 'dohyo' will only be created for the 10 deepest contact points instead of all the 11 contact points.
[gelatina] t=  400 ms  SEARCH       rival=no d=9999 mm rumbo=   +0 cdeg  linea=0x0
[arbitro] asalto  7/30  frente   rival fuera     +1   0.66 s
[inercia] asalto=7 robot=GELATINA rueda=0 rotor=2.75264398e-05
[inercia] asalto=7 robot=GELATINA rueda=1 rotor=1.34157057e-05
[inercia] asalto=7 robot=RIVAL rueda=0 rotor=2.22894117e-05
[inercia] asalto=7 robot=RIVAL rueda=1 rotor=1.36951441e-05
[planta] asalto=7 mu=0.754957771 slip=0.000744550467 aleatorio=1
WARNING: DEF GELATINA GelatinaNuclear > HingeJoint "rueda_izq" > Solid "rueda_izq": Webots has detected that this solid is light and oblong according to its inertia matrix. This belongs in the physics edge cases, and can imply weird physical results. Increasing the weight of the object or reducing its eccentricity are recommended.
WARNING: DEF RIVAL GelatinaNuclear > HingeJoint "rueda_izq" > Solid "rueda_izq": Webots has detected that this solid is light and oblong according to its inertia matrix. This belongs in the physics edge cases, and can imply weird physical results. Increasing the weight of the object or reducing its eccentricity are recommended.
WARNING: DEF RIVAL GelatinaNuclear > HingeJoint "rueda_der" > Solid "rueda_der": Webots has detected that this solid is light and oblong according to its inertia matrix. This belongs in the physics edge cases, and can imply weird physical results. Increasing the weight of the object or reducing its eccentricity are recommended.
[gelatina] fin de asalto motor={"battery_v":7.61026731,"resistance_ohm":[3.94129934,3.66657438],"bridge_ohm":[0.687080646,0.64376322],"omega_rad_s":[-55.1850504,78.210851],"current_a":[-0.455877705,0.563766924],"torque_nm":[-0.0156474873,0.0188945735],"applied_pwm":[-0.827199996,1],"over_1_2a_samples":557,"over_3_2a_samples":0}
[gelatina] t=    0 ms  WAIT         rival=no d=9999 mm rumbo=   +0 cdeg  linea=0x0
[rival] fin de asalto motor={"battery_v":7.8170812,"resistance_ohm":[3.61420321,3.76878104],"bridge_ohm":[0.551313353,0.622384787],"omega_rad_s":[-22.9507429,-19.2190472],"current_a":[0.429254605,0.298610516],"torque_nm":[0.0246627223,0.0250180356],"applied_pwm":[0,0],"over_1_2a_samples":0,"over_3_2a_samples":0}
[planta] gelatina ciclo=9 rueda=0 V=7.64408584 R=4.30190868 Rpuente=0.698976374 I0=0.0778045356 Ke=0.0751103081 Kt=0.0483794733
[planta] gelatina ciclo=9 rueda=1 V=7.64408584 R=3.641607 Rpuente=0.519949734 I0=0.143970314 Ke=0.0864147125 Kt=0.0483794733
[sensores] gelatina ToF alcance=1843.21398 minimo=45.8316362 sigma_rel=0.0469088268
[gelatina] pulsador recibido: permiso previsto 62896 ms
[planta] rival ciclo=9 rueda=0 V=7.5674217 R=3.81154442 Rpuente=0.606800556 I0=0.108524323 Ke=0.097516376 Kt=0.0483794733
[planta] rival ciclo=9 rueda=1 V=7.5674217 R=3.72231936 Rpuente=0.671466458 I0=0.124599597 Ke=0.075415294 Kt=0.0483794733
[arranque] pulsador=57896 permiso=62896 ms
[sensores] rival ToF alcance=883.033025 minimo=33.8838542 sigma_rel=0.0670528698
[gelatina] permiso de arranque a los 62896 ms
[gelatina] t=    0 ms  OPENING      rival=no d=9999 mm rumbo=   +0 cdeg  linea=0x0
[gelatina] t=   32 ms  TRACK        rival=si d=  87 mm rumbo=-6000 cdeg  linea=0x0
[gelatina] t=   40 ms  ATTACK       rival=si d=  87 mm rumbo=-6000 cdeg  linea=0x0
WARNING: Contact joints between materials 'rueda' and 'dohyo' will only be created for the 10 deepest contact points instead of all the 12 contact points.
[gelatina] t=  264 ms  SEARCH       rival=no d=9999 mm rumbo=-3000 cdeg  linea=0x0
[gelatina] t=  592 ms  TRACK        rival=si d=  51 mm rumbo=-3000 cdeg  linea=0x0
[gelatina] t=  600 ms  ATTACK       rival=si d=  51 mm rumbo=-3000 cdeg  linea=0x0
[gelatina] t=  824 ms  SEARCH       rival=no d=9999 mm rumbo=+6000 cdeg  linea=0x0
[gelatina] t=  952 ms  TRACK        rival=si d= 111 mm rumbo=+6000 cdeg  linea=0x0
[gelatina] t=  960 ms  ATTACK       rival=si d= 111 mm rumbo=+6000 cdeg  linea=0x0
WARNING: Contact joints between materials 'rueda' and 'dohyo' will only be created for the 10 deepest contact points instead of all the 49 contact points.
[gelatina] t= 1520 ms  SEARCH       rival=no d=9999 mm rumbo=-3000 cdeg  linea=0x0
[gelatina] t= 1744 ms  TRACK        rival=si d=  58 mm rumbo=   +0 cdeg  linea=0x0
[gelatina] t= 1751 ms  ATTACK       rival=si d=  58 mm rumbo=   +0 cdeg  linea=0x0
[gelatina] t= 1912 ms  SEARCH       rival=no d=9999 mm rumbo=+3000 cdeg  linea=0x0
[gelatina] t= 2040 ms  TRACK        rival=si d=  47 mm rumbo=+6000 cdeg  linea=0x0
[gelatina] t= 2048 ms  ATTACK       rival=si d=  47 mm rumbo=+6000 cdeg  linea=0x0
[gelatina] t= 2280 ms  SEARCH       rival=no d=9999 mm rumbo=-6000 cdeg  linea=0x0
WARNING: Contact joints between materials 'rueda' and 'dohyo' will only be created for the 10 deepest contact points instead of all the 11 contact points.
[gelatina] t= 2376 ms  TRACK        rival=si d=  63 mm rumbo=-3000 cdeg  linea=0x0
[gelatina] t= 2384 ms  ATTACK       rival=si d=  63 mm rumbo=-3000 cdeg  linea=0x0
[gelatina] t= 2576 ms  SEARCH       rival=no d=9999 mm rumbo=+6000 cdeg  linea=0x0
[gelatina] t= 2704 ms  TRACK        rival=si d=  48 mm rumbo=+4546 cdeg  linea=0x0
[gelatina] t= 2712 ms  ATTACK       rival=si d=  48 mm rumbo=+4546 cdeg  linea=0x0
[gelatina] t= 2936 ms  SEARCH       rival=no d=9999 mm rumbo=-6000 cdeg  linea=0x0
[gelatina] t= 3032 ms  TRACK        rival=si d=  67 mm rumbo=-4560 cdeg  linea=0x0
[gelatina] t= 3040 ms  ATTACK       rival=si d=  67 mm rumbo=-4560 cdeg  linea=0x0
[gelatina] t= 3264 ms  SEARCH       rival=no d=9999 mm rumbo=+6000 cdeg  linea=0x0
[gelatina] t= 3360 ms  TRACK        rival=si d=  85 mm rumbo=+6000 cdeg  linea=0x0
[gelatina] t= 3368 ms  ATTACK       rival=si d=  85 mm rumbo=+6000 cdeg  linea=0x0
WARNING: Contact joints between materials 'rueda' and 'dohyo' will only be created for the 10 deepest contact points instead of all the 12 contact points.
[gelatina] t= 3632 ms  SEARCH       rival=no d=9999 mm rumbo=-6000 cdeg  linea=0x0
[gelatina] t= 3656 ms  TRACK        rival=si d=  73 mm rumbo=-6000 cdeg  linea=0x0
[gelatina] t= 3664 ms  ATTACK       rival=si d=  73 mm rumbo=-6000 cdeg  linea=0x0
[gelatina] t= 3960 ms  SEARCH       rival=no d=9999 mm rumbo=   +0 cdeg  linea=0x0
[gelatina] t= 4120 ms  TRACK        rival=si d=  51 mm rumbo=   +0 cdeg  linea=0x0
[gelatina] t= 4128 ms  ATTACK       rival=si d=  51 mm rumbo=   +0 cdeg  linea=0x0
[gelatina] t= 4256 ms  SEARCH       rival=no d=9999 mm rumbo=   +0 cdeg  linea=0x0
[gelatina] t= 4352 ms  TRACK        rival=si d=  68 mm rumbo=+3000 cdeg  linea=0x0
[gelatina] t= 4360 ms  ATTACK       rival=si d=  68 mm rumbo=+3000 cdeg  linea=0x0
[gelatina] t= 4488 ms  SEARCH       rival=no d=9999 mm rumbo=+3000 cdeg  linea=0x0
[gelatina] t= 4616 ms  TRACK        rival=si d=  46 mm rumbo=+6000 cdeg  linea=0x0
[gelatina] t= 4624 ms  ATTACK       rival=si d=  46 mm rumbo=+6000 cdeg  linea=0x0
[gelatina] t= 4888 ms  SEARCH       rival=no d=9999 mm rumbo=-6000 cdeg  linea=0x0
[gelatina] t= 4944 ms  TRACK        rival=si d=  56 mm rumbo=-6000 cdeg  linea=0x0
[gelatina] t= 4952 ms  ATTACK       rival=si d=  56 mm rumbo=-6000 cdeg  linea=0x0
[gelatina] t= 5216 ms  SEARCH       rival=no d=9999 mm rumbo=+6000 cdeg  linea=0x0
WARNING: Contact joints between materials 'patin' and 'dohyo' will only be created for the 10 deepest contact points instead of all the 12 contact points.
[gelatina] t= 5344 ms  TRACK        rival=si d=  81 mm rumbo=+6000 cdeg  linea=0x0
[gelatina] t= 5352 ms  ATTACK       rival=si d=  81 mm rumbo=+6000 cdeg  linea=0x0
[gelatina] t= 5576 ms  SEARCH       rival=no d=9999 mm rumbo=-4519 cdeg  linea=0x0
[gelatina] t= 5672 ms  TRACK        rival=si d=  85 mm rumbo=-6000 cdeg  linea=0x0
[gelatina] t= 5680 ms  ATTACK       rival=si d=  85 mm rumbo=-6000 cdeg  linea=0x0
[gelatina] t= 5904 ms  SEARCH       rival=no d=9999 mm rumbo=+4544 cdeg  linea=0x0
[gelatina] t= 6000 ms  TRACK        rival=si d=  81 mm rumbo=+6000 cdeg  linea=0x0
[gelatina] t= 6008 ms  ATTACK       rival=si d=  81 mm rumbo=+6000 cdeg  linea=0x0
[gelatina] t= 6240 ms  SEARCH       rival=no d=9999 mm rumbo=-6000 cdeg  linea=0x0
WARNING: Contact joints between materials 'patin' and 'dohyo' will only be created for the 10 deepest contact points instead of all the 11 contact points.
[gelatina] t= 6336 ms  TRACK        rival=si d=  93 mm rumbo=-6000 cdeg  linea=0x0
[gelatina] t= 6344 ms  ATTACK       rival=si d=  93 mm rumbo=-6000 cdeg  linea=0x0
[gelatina] t= 6600 ms  SEARCH       rival=no d=9999 mm rumbo=+6000 cdeg  linea=0x0
[gelatina] t= 6696 ms  TRACK        rival=si d=  96 mm rumbo=+6000 cdeg  linea=0x0
[gelatina] t= 6704 ms  ATTACK       rival=si d=  96 mm rumbo=+6000 cdeg  linea=0x0
[gelatina] t= 6928 ms  SEARCH       rival=no d=9999 mm rumbo=-6000 cdeg  linea=0x0
[gelatina] t= 6992 ms  TRACK        rival=si d=  71 mm rumbo=-6000 cdeg  linea=0x0
[gelatina] t= 7000 ms  ATTACK       rival=si d=  71 mm rumbo=-6000 cdeg  linea=0x0
[gelatina] t= 7328 ms  SEARCH       rival=no d=9999 mm rumbo=+6000 cdeg  linea=0x0
[gelatina] t= 7384 ms  TRACK        rival=si d=  55 mm rumbo=+6000 cdeg  linea=0x0
WARNING: Contact joints between materials 'patin' and 'dohyo' will only be created for the 10 deepest contact points instead of all the 14 contact points.
[gelatina] t= 7392 ms  ATTACK       rival=si d=  55 mm rumbo=+6000 cdeg  linea=0x0
[gelatina] t= 7656 ms  SEARCH       rival=no d=9999 mm rumbo=   +0 cdeg  linea=0x0
[gelatina] t= 7688 ms  TRACK        rival=si d=  48 mm rumbo=-3000 cdeg  linea=0x0
[gelatina] t= 7696 ms  ATTACK       rival=si d=  48 mm rumbo=-3000 cdeg  linea=0x0
[gelatina] t= 7824 ms  SEARCH       rival=no d=9999 mm rumbo=-3000 cdeg  linea=0x0
[gelatina] t= 7920 ms  TRACK        rival=si d=  47 mm rumbo=-3000 cdeg  linea=0x0
[gelatina] t= 7928 ms  ATTACK       rival=si d=  47 mm rumbo=-3000 cdeg  linea=0x0
[gelatina] t= 8152 ms  SEARCH       rival=no d=9999 mm rumbo=+3000 cdeg  linea=0x0
[gelatina] t= 8312 ms  TRACK        rival=si d=  57 mm rumbo=   +0 cdeg  linea=0x0
[gelatina] t= 8320 ms  ATTACK       rival=si d=  57 mm rumbo=   +0 cdeg  linea=0x0
[gelatina] t= 8512 ms  SEARCH       rival=no d=9999 mm rumbo=-3000 cdeg  linea=0x0
[gelatina] t= 8672 ms  TRACK        rival=si d=  69 mm rumbo=-4506 cdeg  linea=0x0
[gelatina] t= 8680 ms  ATTACK       rival=si d=  69 mm rumbo=-4506 cdeg  linea=0x0
WARNING: Contact joints between materials 'patin' and 'dohyo' will only be created for the 10 deepest contact points instead of all the 20 contact points.
[gelatina] t= 8880 ms  SEARCH       rival=no d=9999 mm rumbo=+6000 cdeg  linea=0x0
[gelatina] t= 9040 ms  TRACK        rival=si d=  90 mm rumbo=+4490 cdeg  linea=0x0
[gelatina] t= 9048 ms  ATTACK       rival=si d=  90 mm rumbo=+4490 cdeg  linea=0x0
[gelatina] t= 9272 ms  SEARCH       rival=no d=9999 mm rumbo=-6000 cdeg  linea=0x0
[gelatina] t= 9336 ms  TRACK        rival=si d=  89 mm rumbo=-6000 cdeg  linea=0x0
[gelatina] t= 9344 ms  ATTACK       rival=si d=  89 mm rumbo=-6000 cdeg  linea=0x0
[gelatina] t= 9568 ms  SEARCH       rival=no d=9999 mm rumbo=+6000 cdeg  linea=0x0
[gelatina] t= 9696 ms  TRACK        rival=si d= 115 mm rumbo=+6000 cdeg  linea=0x0
[gelatina] t= 9704 ms  ATTACK       rival=si d= 115 mm rumbo=+6000 cdeg  linea=0x0
WARNING: Contact joints between materials 'patin' and 'dohyo' will only be created for the 10 deepest contact points instead of all the 13 contact points.
[gelatina] t= 9936 ms  SEARCH       rival=no d=9999 mm rumbo=-6000 cdeg  linea=0x0
[gelatina] t= 9992 ms  TRACK        rival=si d= 160 mm rumbo=-6000 cdeg  linea=0x0
[gelatina] t=10032 ms  ATTACK       rival=si d=  99 mm rumbo=-3000 cdeg  linea=0x0
[gelatina] t=10232 ms  SEARCH       rival=no d=9999 mm rumbo=+4525 cdeg  linea=0x0
[gelatina] t=10360 ms  TRACK        rival=si d= 114 mm rumbo=+4517 cdeg  linea=0x0
[gelatina] t=10368 ms  ATTACK       rival=si d= 114 mm rumbo=+4517 cdeg  linea=0x0
[gelatina] t=10560 ms  SEARCH       rival=no d=9999 mm rumbo=-4534 cdeg  linea=0x0
[gelatina] t=10656 ms  TRACK        rival=si d= 118 mm rumbo=-6000 cdeg  linea=0x0
[gelatina] t=10664 ms  ATTACK       rival=si d= 118 mm rumbo=-6000 cdeg  linea=0x0
[gelatina] t=10888 ms  SEARCH       rival=no d=9999 mm rumbo=+6000 cdeg  linea=0x0
WARNING: Contact joints between materials 'patin' and 'dohyo' will only be created for the 10 deepest contact points instead of all the 16 contact points.
[gelatina] t=10984 ms  TRACK        rival=si d= 139 mm rumbo=+6000 cdeg  linea=0x0
[gelatina] t=11016 ms  ATTACK       rival=si d= 122 mm rumbo=+3000 cdeg  linea=0x0
[gelatina] t=11224 ms  SEARCH       rival=no d=9999 mm rumbo=-6000 cdeg  linea=0x0
[gelatina] t=11248 ms  TRACK        rival=si d= 111 mm rumbo=-6000 cdeg  linea=0x0
[gelatina] t=11256 ms  ATTACK       rival=si d= 111 mm rumbo=-6000 cdeg  linea=0x0
[gelatina] t=11520 ms  SEARCH       rival=no d=9999 mm rumbo=+3000 cdeg  linea=0x0
[gelatina] t=11648 ms  TRACK        rival=si d=  45 mm rumbo=+3000 cdeg  linea=0x0
[gelatina] t=11656 ms  ATTACK       rival=si d=  45 mm rumbo=+3000 cdeg  linea=0x0
[gelatina] t=11784 ms  SEARCH       rival=no d=9999 mm rumbo=+3000 cdeg  linea=0x0
[gelatina] t=12008 ms  TRACK        rival=si d=  61 mm rumbo=   +0 cdeg  linea=0x0
[gelatina] t=12016 ms  ATTACK       rival=si d=  61 mm rumbo=   +0 cdeg  linea=0x0
[gelatina] t=12208 ms  SEARCH       rival=no d=9999 mm rumbo=-3000 cdeg  linea=0x0
[gelatina] t=12336 ms  TRACK        rival=si d=  82 mm rumbo=-6000 cdeg  linea=0x0
[gelatina] t=12344 ms  ATTACK       rival=si d=  82 mm rumbo=-6000 cdeg  linea=0x0
[gelatina] t=12576 ms  SEARCH       rival=no d=9999 mm rumbo=+6000 cdeg  linea=0x0
[gelatina] t=12696 ms  TRACK        rival=si d=  81 mm rumbo=+6000 cdeg  linea=0x0
[gelatina] t=12704 ms  ATTACK       rival=si d=  81 mm rumbo=+4514 cdeg  linea=0x0
WARNING: Contact joints between materials 'patin' and 'dohyo' will only be created for the 10 deepest contact points instead of all the 14 contact points.
[gelatina] t=12904 ms  SEARCH       rival=no d=9999 mm rumbo=-4504 cdeg  linea=0x0
[gelatina] t=13000 ms  TRACK        rival=si d=  82 mm rumbo=-6000 cdeg  linea=0x0
[gelatina] t=13008 ms  ATTACK       rival=si d=  82 mm rumbo=-6000 cdeg  linea=0x0
[gelatina] t=13232 ms  SEARCH       rival=no d=9999 mm rumbo=+6000 cdeg  linea=0x0
[gelatina] t=13360 ms  TRACK        rival=si d= 124 mm rumbo=+6000 cdeg  linea=0x0
[gelatina] t=13368 ms  ATTACK       rival=si d= 124 mm rumbo=+6000 cdeg  linea=0x0
[gelatina] t=13568 ms  SEARCH       rival=no d=9999 mm rumbo=-3000 cdeg  linea=0x0
[gelatina] t=13688 ms  TRACK        rival=si d= 147 mm rumbo=-6000 cdeg  linea=0x0
[gelatina] t=13728 ms  ATTACK       rival=si d= 132 mm rumbo=-3000 cdeg  linea=0x0
WARNING: Contact joints between materials 'rueda' and 'dohyo' will only be created for the 10 deepest contact points instead of all the 11 contact points.
[gelatina] t=13928 ms  SEARCH       rival=no d=9999 mm rumbo=+6000 cdeg  linea=0x0
[gelatina] t=14016 ms  TRACK        rival=si d= 165 mm rumbo=+6000 cdeg  linea=0x0
[gelatina] t=14056 ms  ATTACK       rival=si d= 128 mm rumbo=+1548 cdeg  linea=0x0
[gelatina] t=14256 ms  SEARCH       rival=no d=9999 mm rumbo=-6000 cdeg  linea=0x0
[gelatina] t=14352 ms  TRACK        rival=si d= 131 mm rumbo=-6000 cdeg  linea=0x0
[gelatina] t=14360 ms  ATTACK       rival=si d= 131 mm rumbo=-6000 cdeg  linea=0x0
[gelatina] t=14584 ms  SEARCH       rival=no d=9999 mm rumbo=+6000 cdeg  linea=0x0
[gelatina] t=14712 ms  TRACK        rival=si d= 152 mm rumbo=+6000 cdeg  linea=0x0
WARNING: Contact joints between materials 'rueda' and 'dohyo' will only be created for the 10 deepest contact points instead of all the 24 contact points.
[gelatina] t=14944 ms  ATTACK       rival=si d= 124 mm rumbo=-6000 cdeg  linea=0x0
[gelatina] t=15248 ms  SEARCH       rival=no d=9999 mm rumbo=+6000 cdeg  linea=0x0
[gelatina] t=15272 ms  TRACK        rival=si d=  68 mm rumbo=+6000 cdeg  linea=0x0
[gelatina] t=15280 ms  ATTACK       rival=si d=  68 mm rumbo=+6000 cdeg  linea=0x0
WARNING: Contact joints between materials 'patin' and 'dohyo' will only be created for the 10 deepest contact points instead of all the 12 contact points.
[gelatina] t=15872 ms  SEARCH       rival=no d=9999 mm rumbo=+3000 cdeg  linea=0x0
[gelatina] t=15968 ms  TRACK        rival=si d=  54 mm rumbo=   +0 cdeg  linea=0x0
[gelatina] t=15976 ms  ATTACK       rival=si d=  54 mm rumbo=   +0 cdeg  linea=0x0
[gelatina] t=16504 ms  SEARCH       rival=no d=9999 mm rumbo=   +0 cdeg  linea=0x0
[gelatina] t=16696 ms  TRACK        rival=si d=  72 mm rumbo=+6000 cdeg  linea=0x0
[gelatina] t=16704 ms  ATTACK       rival=si d=  72 mm rumbo=+6000 cdeg  linea=0x0
[gelatina] t=16928 ms  SEARCH       rival=no d=9999 mm rumbo=-6000 cdeg  linea=0x0
WARNING: Contact joints between materials 'patin' and 'dohyo' will only be created for the 10 deepest contact points instead of all the 18 contact points.
[gelatina] t=17056 ms  TRACK        rival=si d=  91 mm rumbo=-4505 cdeg  linea=0x0
[gelatina] t=17064 ms  ATTACK       rival=si d=  91 mm rumbo=-4505 cdeg  linea=0x0
[gelatina] t=17256 ms  SEARCH       rival=no d=9999 mm rumbo=+4547 cdeg  linea=0x0
[gelatina] t=17384 ms  TRACK        rival=si d= 113 mm rumbo=+6000 cdeg  linea=0x0
[gelatina] t=17392 ms  ATTACK       rival=si d= 113 mm rumbo=+6000 cdeg  linea=0x0
[gelatina] t=17592 ms  SEARCH       rival=no d=9999 mm rumbo=-4515 cdeg  linea=0x0
[gelatina] t=17720 ms  TRACK        rival=si d= 105 mm rumbo=-4518 cdeg  linea=0x0
[gelatina] t=17728 ms  ATTACK       rival=si d= 105 mm rumbo=-4518 cdeg  linea=0x0
[gelatina] t=17920 ms  SEARCH       rival=no d=9999 mm rumbo=+4541 cdeg  linea=0x0
[gelatina] t=18048 ms  TRACK        rival=si d= 115 mm rumbo=+6000 cdeg  linea=0x0
[gelatina] t=18056 ms  ATTACK       rival=si d= 115 mm rumbo=+6000 cdeg  linea=0x0
WARNING: Contact joints between materials 'patin' and 'dohyo' will only be created for the 10 deepest contact points instead of all the 11 contact points.
[gelatina] t=18280 ms  SEARCH       rival=no d=9999 mm rumbo=-6000 cdeg  linea=0x0
[gelatina] t=18312 ms  TRACK        rival=si d= 160 mm rumbo=-6000 cdeg  linea=0x0
[gelatina] t=18344 ms  ATTACK       rival=si d= 132 mm rumbo=-4561 cdeg  linea=0x0
[gelatina] t=18608 ms  SEARCH       rival=no d=9999 mm rumbo=+6000 cdeg  linea=0x0
[gelatina] t=18640 ms  TRACK        rival=si d= 130 mm rumbo=+6000 cdeg  linea=0x0
[gelatina] t=18648 ms  ATTACK       rival=si d= 130 mm rumbo=+6000 cdeg  linea=0x0
[gelatina] t=18944 ms  SEARCH       rival=no d=9999 mm rumbo=-3000 cdeg  linea=0x0
[gelatina] t=18968 ms  TRACK        rival=si d=  46 mm rumbo=-6000 cdeg  linea=0x0
[gelatina] t=18976 ms  ATTACK       rival=si d=  46 mm rumbo=-6000 cdeg  linea=0x0
[gelatina] t=19176 ms  SEARCH       rival=no d=9999 mm rumbo=-6000 cdeg  linea=0x0
[gelatina] t=19272 ms  TRACK        rival=si d=  53 mm rumbo=-3000 cdeg  linea=0x0
[gelatina] t=19280 ms  ATTACK       rival=si d=  53 mm rumbo=-3000 cdeg  linea=0x0
[gelatina] t=19720 ms  EDGE_ESCAPE  rival=si d=  48 mm rumbo=+6000 cdeg  linea=0x3
WARNING: Contact joints between materials 'patin' and 'dohyo' will only be created for the 10 deepest contact points instead of all the 28 contact points.
[gelatina] t=19792 ms  ATTACK       rival=si d=  43 mm rumbo=+3269 cdeg  linea=0x1
[arbitro] asalto  8/30  lado     expulsado       -1  19.83 s
[inercia] asalto=8 robot=GELATINA rueda=0 rotor=1.79272499e-05
[inercia] asalto=8 robot=GELATINA rueda=1 rotor=9.51810461e-06
[inercia] asalto=8 robot=RIVAL rueda=0 rotor=3.46787792e-05
[inercia] asalto=8 robot=RIVAL rueda=1 rotor=1.52327709e-05
[planta] asalto=8 mu=1.19211463 slip=0.00174366271 aleatorio=1
[gelatina] fin de asalto motor={"battery_v":7.64408584,"resistance_ohm":[4.30190868,3.641607],"bridge_ohm":[0.698976374,0.519949734],"omega_rad_s":[-6.63574421,36.5158065],"current_a":[0.879223575,0.72958434],"torque_nm":[0.046300503,0.0283316982],"applied_pwm":[0.509999931,0.810000002],"over_1_2a_samples":765,"over_3_2a_samples":0}
[gelatina] t=    0 ms  WAIT         rival=si d=  49 mm rumbo= -797 cdeg  linea=0x4
[rival] fin de asalto motor={"battery_v":7.5674217,"resistance_ohm":[3.81154442,3.72231936],"bridge_ohm":[0.606800556,0.671466458],"omega_rad_s":[0.000275006308,-0.000880926629],"current_a":[-6.0696072e-06,1.51202957e-05],"torque_nm":[-1.73752361e-06,6.04179168e-06],"applied_pwm":[0,0],"over_1_2a_samples":0,"over_3_2a_samples":0}
[planta] gelatina ciclo=10 rueda=0 V=7.68007473 R=4.15277009 Rpuente=0.658638716 I0=0.195373553 Ke=0.074630988 Kt=0.0483794733
[planta] gelatina ciclo=10 rueda=1 V=7.68007473 R=3.60931435 Rpuente=0.540965879 I0=0.214414859 Ke=0.0707102202 Kt=0.0483794733
[sensores] gelatina ToF alcance=1673.6261 minimo=46.0332131 sigma_rel=0.0772894335
[gelatina] pulsador recibido: permiso previsto 88040 ms
[planta] rival ciclo=10 rueda=0 V=7.05552305 R=3.81149516 Rpuente=0.69326303 I0=0.0777789295 Ke=0.0794629481 Kt=0.0483794733
[planta] rival ciclo=10 rueda=1 V=7.05552305 R=4.06926346 Rpuente=0.545976555 I0=0.21167028 Ke=0.0728582793 Kt=0.0483794733
[sensores] rival ToF alcance=1193.1313 minimo=34.9402601 sigma_rel=0.0501820707
[arranque] pulsador=83040 permiso=88040 ms
[gelatina] permiso de arranque a los 88040 ms
[gelatina] t=    0 ms  OPENING      rival=no d=9999 mm rumbo= -797 cdeg  linea=0x0
[gelatina] t=  112 ms  SEARCH       rival=no d=9999 mm rumbo= -797 cdeg  linea=0x0
WARNING: Contact joints between materials 'patin' and 'dohyo' will only be created for the 10 deepest contact points instead of all the 17 contact points.
[gelatina] t=  224 ms  TRACK        rival=si d=  61 mm rumbo=-4501 cdeg  linea=0x0
[gelatina] t=  232 ms  ATTACK       rival=si d=  61 mm rumbo=-4501 cdeg  linea=0x0
[gelatina] t=  432 ms  SEARCH       rival=no d=9999 mm rumbo=+6000 cdeg  linea=0x0
[gelatina] t=  488 ms  TRACK        rival=si d=  70 mm rumbo=+6000 cdeg  linea=0x0
[gelatina] t=  496 ms  ATTACK       rival=si d=  70 mm rumbo=+6000 cdeg  linea=0x0
[gelatina] t=  856 ms  SEARCH       rival=no d=9999 mm rumbo=-6000 cdeg  linea=0x0
[gelatina] t=  984 ms  TRACK        rival=si d=  66 mm rumbo=+6000 cdeg  linea=0x0
[gelatina] t=  992 ms  ATTACK       rival=si d=  66 mm rumbo=+6000 cdeg  linea=0x0
[gelatina] t= 1120 ms  SEARCH       rival=no d=9999 mm rumbo=+6000 cdeg  linea=0x0
[gelatina] t= 1248 ms  TRACK        rival=si d=  67 mm rumbo=+6000 cdeg  linea=0x0
[gelatina] t= 1256 ms  ATTACK       rival=si d=  67 mm rumbo=+6000 cdeg  linea=0x0
WARNING: Contact joints between materials 'rueda' and 'dohyo' will only be created for the 10 deepest contact points instead of all the 15 contact points.
[gelatina] t= 1488 ms  SEARCH       rival=no d=9999 mm rumbo=-6000 cdeg  linea=0x0
[gelatina] t= 1512 ms  TRACK        rival=si d=  77 mm rumbo=-6000 cdeg  linea=0x0
[gelatina] t= 1520 ms  ATTACK       rival=si d=  77 mm rumbo=-6000 cdeg  linea=0x0
[gelatina] t= 1880 ms  SEARCH       rival=no d=9999 mm rumbo=+3000 cdeg  linea=0x0
[gelatina] t= 2304 ms  TRACK        rival=si d=  46 mm rumbo=+3000 cdeg  linea=0x0
[gelatina] t= 2312 ms  ATTACK       rival=si d=  46 mm rumbo=+3000 cdeg  linea=0x0
[gelatina] t= 2480 ms  SEARCH       rival=no d=9999 mm rumbo=-3000 cdeg  linea=0x0
[gelatina] t= 2640 ms  TRACK        rival=si d= 101 mm rumbo=-4510 cdeg  linea=0x0
[gelatina] t= 2648 ms  ATTACK       rival=si d= 101 mm rumbo=-4510 cdeg  linea=0x0
WARNING: Contact joints between materials 'patin' and 'dohyo' will only be created for the 10 deepest contact points instead of all the 22 contact points.
[gelatina] t= 2872 ms  SEARCH       rival=no d=9999 mm rumbo=+6000 cdeg  linea=0x0
[gelatina] t= 2928 ms  TRACK        rival=si d= 131 mm rumbo=+6000 cdeg  linea=0x0
[gelatina] t= 2936 ms  ATTACK       rival=si d= 131 mm rumbo=+6000 cdeg  linea=0x0
[gelatina] t= 3336 ms  SEARCH       rival=no d=9999 mm rumbo=-4511 cdeg  linea=0x0
[gelatina] t= 3424 ms  TRACK        rival=si d=  49 mm rumbo=+6000 cdeg  linea=0x0
[gelatina] t= 3432 ms  ATTACK       rival=si d=  49 mm rumbo=+6000 cdeg  linea=0x0
[gelatina] t= 3560 ms  SEARCH       rival=no d=9999 mm rumbo=+6000 cdeg  linea=0x0
[gelatina] t= 3720 ms  TRACK        rival=si d=  81 mm rumbo=+6000 cdeg  linea=0x0
[gelatina] t= 3728 ms  ATTACK       rival=si d=  80 mm rumbo=+4498 cdeg  linea=0x0
WARNING: Contact joints between materials 'patin' and 'dohyo' will only be created for the 10 deepest contact points instead of all the 14 contact points.
[gelatina] t= 3928 ms  SEARCH       rival=no d=9999 mm rumbo=-6000 cdeg  linea=0x0
[gelatina] t= 3992 ms  TRACK        rival=si d=  79 mm rumbo=-6000 cdeg  linea=0x0
[gelatina] t= 4000 ms  ATTACK       rival=si d=  79 mm rumbo=-6000 cdeg  linea=0x0
[gelatina] t= 4256 ms  SEARCH       rival=no d=9999 mm rumbo=+6000 cdeg  linea=0x0
[gelatina] t= 4288 ms  TRACK        rival=si d=  65 mm rumbo=+6000 cdeg  linea=0x0
[gelatina] t= 4296 ms  ATTACK       rival=si d=  65 mm rumbo=+6000 cdeg  linea=0x0
[gelatina] t= 4552 ms  SEARCH       rival=no d=9999 mm rumbo=-3000 cdeg  linea=0x0
[gelatina] t= 4712 ms  TRACK        rival=si d=  47 mm rumbo=-4535 cdeg  linea=0x0
[gelatina] t= 4720 ms  ATTACK       rival=si d=  47 mm rumbo=-4535 cdeg  linea=0x0
WARNING: Contact joints between materials 'patin' and 'dohyo' will only be created for the 10 deepest contact points instead of all the 15 contact points.
[gelatina] t= 5112 ms  SEARCH       rival=no d=9999 mm rumbo=+4544 cdeg  linea=0x0
[gelatina] t= 5408 ms  TRACK        rival=si d=  54 mm rumbo=+6000 cdeg  linea=0x0
[gelatina] t= 5416 ms  ATTACK       rival=si d=  54 mm rumbo=+6000 cdeg  linea=0x0
[gelatina] t= 5608 ms  SEARCH       rival=no d=9999 mm rumbo=-4498 cdeg  linea=0x0
[gelatina] t= 5672 ms  TRACK        rival=si d=  62 mm rumbo=-6000 cdeg  linea=0x0
[gelatina] t= 5680 ms  ATTACK       rival=si d=  62 mm rumbo=-6000 cdeg  linea=0x0
[gelatina] t= 5904 ms  SEARCH       rival=no d=9999 mm rumbo=+6000 cdeg  linea=0x0
[gelatina] t= 6000 ms  TRACK        rival=si d= 100 mm rumbo=+6000 cdeg  linea=0x0
[gelatina] t= 6008 ms  ATTACK       rival=si d= 100 mm rumbo=+6000 cdeg  linea=0x0
[gelatina] t= 6208 ms  SEARCH       rival=no d=9999 mm rumbo=-4541 cdeg  linea=0x0
[gelatina] t= 6296 ms  TRACK        rival=si d=  99 mm rumbo=-6000 cdeg  linea=0x0
[gelatina] t= 6304 ms  ATTACK       rival=si d=  99 mm rumbo=-6000 cdeg  linea=0x0
[gelatina] t= 6504 ms  SEARCH       rival=no d=9999 mm rumbo=+4479 cdeg  linea=0x0
[gelatina] t= 6560 ms  TRACK        rival=si d=  98 mm rumbo=+6000 cdeg  linea=0x0
[gelatina] t= 6568 ms  ATTACK       rival=si d=  98 mm rumbo=+6000 cdeg  linea=0x0
WARNING: Contact joints between materials 'patin' and 'dohyo' will only be created for the 10 deepest contact points instead of all the 16 contact points.
[gelatina] t= 6928 ms  SEARCH       rival=no d=9999 mm rumbo=-6000 cdeg  linea=0x0
[gelatina] t= 6960 ms  TRACK        rival=si d=  95 mm rumbo=+3000 cdeg  linea=0x0
[gelatina] t= 6968 ms  ATTACK       rival=si d=  95 mm rumbo=+3000 cdeg  linea=0x0
[gelatina] t= 7192 ms  EDGE_ESCAPE  rival=no d=9999 mm rumbo=+3000 cdeg  linea=0x2
[arbitro] asalto  9/30  espalda  rival fuera     +1   7.19 s
[inercia] asalto=9 robot=GELATINA rueda=0 rotor=1.93642069e-05
[inercia] asalto=9 robot=GELATINA rueda=1 rotor=1.02621617e-05
[inercia] asalto=9 robot=RIVAL rueda=0 rotor=1.83291403e-05
[inercia] asalto=9 robot=RIVAL rueda=1 rotor=1.2540775e-05
[planta] asalto=9 mu=1.43153319 slip=5.18010855e-05 aleatorio=1
WARNING: DEF RIVAL GelatinaNuclear > HingeJoint "rueda_izq" > Solid "rueda_izq": Webots has detected that this solid is light and oblong according to its inertia matrix. This belongs in the physics edge cases, and can imply weird physical results. Increasing the weight of the object or reducing its eccentricity are recommended.
[gelatina] fin de asalto motor={"battery_v":7.68007473,"resistance_ohm":[4.15277009,3.60931435],"bridge_ohm":[0.658638716,0.540965879],"omega_rad_s":[-0.227999448,45.2513537],"current_a":[0.389154716,0.709428408],"torque_nm":[0.0209455845,0.0239484948],"applied_pwm":[0.241581842,0.800000012],"over_1_2a_samples":963,"over_3_2a_samples":0}
[gelatina] t=    0 ms  WAIT         rival=no d=9999 mm rumbo=+3000 cdeg  linea=0x2
[rival] fin de asalto motor={"battery_v":7.05552305,"resistance_ohm":[3.81149516,4.06926346],"bridge_ohm":[0.69326303,0.545976555],"omega_rad_s":[8.16753237,3.307487],"current_a":[-0.144073483,-0.0522134951],"torque_nm":[-0.0107331022,-0.0127391472],"applied_pwm":[0,0],"over_1_2a_samples":0,"over_3_2a_samples":0}
[planta] gelatina ciclo=11 rueda=0 V=7.71389326 R=3.71337938 Rpuente=0.670534432 I0=0.140732753 Ke=0.0753222627 Kt=0.0483794733
[planta] gelatina ciclo=11 rueda=1 V=7.71389326 R=4.38434691 Rpuente=0.617152393 I0=0.185167623 Ke=0.0921916795 Kt=0.0483794733
[sensores] gelatina ToF alcance=1624.35977 minimo=22.0166779 sigma_rel=0.114605503
[gelatina] pulsador recibido: permiso previsto 100544 ms
[planta] rival ciclo=11 rueda=0 V=8.34476242 R=4.18496747 Rpuente=0.605813777 I0=0.177209732 Ke=0.0724899875 Kt=0.0483794733
[planta] rival ciclo=11 rueda=1 V=8.34476242 R=4.35398736 Rpuente=0.664154279 I0=0.198033249 Ke=0.0690945462 Kt=0.0483794733
[sensores] rival ToF alcance=931.619328 minimo=35.9328008 sigma_rel=0.076755271
[arranque] pulsador=95544 permiso=100544 ms
[gelatina] permiso de arranque a los 100544 ms
[gelatina] t=    0 ms  TRACK        rival=si d=  83 mm rumbo=   +0 cdeg  linea=0x0
[gelatina] t=    8 ms  ATTACK       rival=si d=  83 mm rumbo=   +0 cdeg  linea=0x0
WARNING: Contact joints between materials 'rueda' and 'dohyo' will only be created for the 10 deepest contact points instead of all the 11 contact points.
[gelatina] t=  296 ms  SEARCH       rival=no d=9999 mm rumbo=   +0 cdeg  linea=0x0
[gelatina] t=  328 ms  TRACK        rival=si d=  30 mm rumbo=-3000 cdeg  linea=0x0
[gelatina] t=  336 ms  ATTACK       rival=si d=  30 mm rumbo=-3000 cdeg  linea=0x0
[gelatina] t=  592 ms  SEARCH       rival=no d=9999 mm rumbo=-3000 cdeg  linea=0x0
[gelatina] t=  688 ms  TRACK        rival=si d=  25 mm rumbo=+3047 cdeg  linea=0x0
[gelatina] t=  696 ms  ATTACK       rival=si d=  25 mm rumbo=+3047 cdeg  linea=0x0
[gelatina] t= 1384 ms  SEARCH       rival=no d=9999 mm rumbo=+6000 cdeg  linea=0x0
[gelatina] t= 1512 ms  TRACK        rival=si d=  58 mm rumbo=+3000 cdeg  linea=0x0
[gelatina] t= 1520 ms  ATTACK       rival=si d=  58 mm rumbo=+3000 cdeg  linea=0x0
WARNING: Contact joints between materials 'patin' and 'dohyo' will only be created for the 10 deepest contact points instead of all the 15 contact points.
[arbitro] asalto 10/30  frente   rival fuera     +1   2.42 s
[inercia] asalto=10 robot=GELATINA rueda=0 rotor=1.29774204e-05
[inercia] asalto=10 robot=GELATINA rueda=1 rotor=2.5496477e-05
[inercia] asalto=10 robot=RIVAL rueda=0 rotor=3.04455067e-05
[inercia] asalto=10 robot=RIVAL rueda=1 rotor=3.42000178e-05
[planta] asalto=10 mu=1.40963463 slip=0.000815753222 aleatorio=1
[gelatina] fin de asalto motor={"battery_v":7.71389326,"resistance_ohm":[3.71337938,4.38434691],"bridge_ohm":[0.670534432,0.617152393],"omega_rad_s":[37.2482572,56.0991205],"current_a":[0.137021901,0.508251818],"torque_nm":[-0.0001795291,0.0156306432],"applied_pwm":[0.441581845,1],"over_1_2a_samples":993,"over_3_2a_samples":0}
[gelatina] t=    0 ms  WAIT         rival=si d=  87 mm rumbo=-6000 cdeg  linea=0x3
[rival] fin de asalto motor={"battery_v":8.34476242,"resistance_ohm":[4.18496747,4.35398736],"bridge_ohm":[0.605813777,0.664154279],"omega_rad_s":[-0.166861349,-3.53685872],"current_a":[0.00252480262,0.0486988342],"torque_nm":[0.00153957265,0.0119205507],"applied_pwm":[0,0],"over_1_2a_samples":0,"over_3_2a_samples":0}
[planta] gelatina ciclo=12 rueda=0 V=7.74988215 R=4.36424079 Rpuente=0.630196774 I0=0.108301771 Ke=0.0827230054 Kt=0.0483794733
[planta] gelatina ciclo=12 rueda=1 V=7.74988215 R=4.35205426 Rpuente=0.638168538 I0=0.105612168 Ke=0.0829160018 Kt=0.0483794733
[sensores] gelatina ToF alcance=1454.77189 minimo=22.2182548 sigma_rel=0.064986105
[gelatina] pulsador recibido: permiso previsto 108280 ms
[planta] rival ciclo=12 rueda=0 V=7.47017006 R=3.82745032 Rpuente=0.542386186 I0=0.168449083 Ke=0.0899085413 Kt=0.0483794733
[planta] rival ciclo=12 rueda=1 V=7.47017006 R=3.74680791 Rpuente=0.525278199 I0=0.106690541 Ke=0.0706816333 Kt=0.0483794733
[arranque] pulsador=103280 permiso=108280 ms
[sensores] rival ToF alcance=1421.78903 minimo=43.077755 sigma_rel=0.0661555958
[gelatina] permiso de arranque a los 108280 ms
[gelatina] t=    0 ms  TRACK        rival=si d=  82 mm rumbo=-6000 cdeg  linea=0x0
[gelatina] t=    8 ms  ATTACK       rival=si d=  82 mm rumbo=-6000 cdeg  linea=0x0
WARNING: Contact joints between materials 'rueda' and 'dohyo' will only be created for the 10 deepest contact points instead of all the 12 contact points.
[gelatina] t=  328 ms  SEARCH       rival=no d=9999 mm rumbo=   +0 cdeg  linea=0x0
[gelatina] t=  456 ms  TRACK        rival=si d=  30 mm rumbo=   +0 cdeg  linea=0x0
[gelatina] t=  464 ms  ATTACK       rival=si d=  30 mm rumbo=   +0 cdeg  linea=0x0
[gelatina] t=  664 ms  SEARCH       rival=no d=9999 mm rumbo=-6000 cdeg  linea=0x0
[gelatina] t=  720 ms  TRACK        rival=si d=  19 mm rumbo=-4519 cdeg  linea=0x0
[gelatina] t=  728 ms  ATTACK       rival=si d=  19 mm rumbo=-4519 cdeg  linea=0x0
WARNING: Contact joints between materials 'patin' and 'dohyo' will only be created for the 10 deepest contact points instead of all the 14 contact points.
[gelatina] t= 1320 ms  SEARCH       rival=no d=9999 mm rumbo=+3000 cdeg  linea=0x0
[gelatina] t= 1416 ms  TRACK        rival=si d=  40 mm rumbo=-3000 cdeg  linea=0x0
[gelatina] t= 1424 ms  ATTACK       rival=si d=  40 mm rumbo=-3000 cdeg  linea=0x0
[arbitro] asalto 11/30  lado     rival fuera     +1   1.46 s
[inercia] asalto=11 robot=GELATINA rueda=0 rotor=3.59326755e-05
[inercia] asalto=11 robot=GELATINA rueda=1 rotor=3.07028105e-05
[inercia] asalto=11 robot=RIVAL rueda=0 rotor=2.12941518e-05
[inercia] asalto=11 robot=RIVAL rueda=1 rotor=1.95678381e-05
[planta] asalto=11 mu=0.611160374 slip=6.14310503e-05 aleatorio=1
WARNING: DEF RIVAL GelatinaNuclear > HingeJoint "rueda_der" > Solid "rueda_der": Webots has detected that this solid is light and oblong according to its inertia matrix. This belongs in the physics edge cases, and can imply weird physical results. Increasing the weight of the object or reducing its eccentricity are recommended.
[gelatina] fin de asalto motor={"battery_v":7.74988215,"resistance_ohm":[4.36424079,4.35205426],"bridge_ohm":[0.630196774,0.638168538],"omega_rad_s":[-24.9344248,37.5993016],"current_a":[0.412989558,-0.314135689],"torque_nm":[0.0252197999,-0.0203071802],"applied_pwm":[0,0.200000033],"over_1_2a_samples":1039,"over_3_2a_samples":0}
[gelatina] t=    0 ms  WAIT         rival=si d=  47 mm rumbo=-6000 cdeg  linea=0x2
[rival] fin de asalto motor={"battery_v":7.47017006,"resistance_ohm":[3.82745032,3.74680791],"bridge_ohm":[0.542386186,0.525278199],"omega_rad_s":[0.461379737,11.5334222],"current_a":[-0.00949279888,-0.190820386],"torque_nm":[-0.00397337723,-0.0143934219],"applied_pwm":[0,0],"over_1_2a_samples":0,"over_3_2a_samples":0}
[planta] gelatina ciclo=13 rueda=0 V=7.78370068 R=3.92485013 Rpuente=0.642092502 I0=0.203660962 Ke=0.0742814305 Kt=0.0483794733
[planta] gelatina ciclo=13 rueda=1 V=7.78370068 R=4.32708683 Rpuente=0.514355052 I0=0.0763649404 Ke=0.0741961264 Kt=0.0483794733
[sensores] gelatina ToF alcance=1405.5055 minimo=28.2017177 sigma_rel=0.102302175
[gelatina] pulsador recibido: permiso previsto 115048 ms
[planta] rival ciclo=13 rueda=0 V=7.35940934 R=4.20092268 Rpuente=0.654936934 I0=0.117879885 Ke=0.0912495989 Kt=0.0483794733
[planta] rival ciclo=13 rueda=1 V=7.35940934 R=4.03153186 Rpuente=0.643455923 I0=0.0930535108 Ke=0.100742583 Kt=0.0483794733
[arranque] pulsador=110048 permiso=115048 ms
[sensores] rival ToF alcance=1160.27706 minimo=44.0702975 sigma_rel=0.092728796
[gelatina] permiso de arranque a los 115048 ms
[gelatina] t=    0 ms  OPENING      rival=no d=9999 mm rumbo=-6000 cdeg  linea=0x0
[gelatina] t=  112 ms  SEARCH       rival=no d=9999 mm rumbo=-6000 cdeg  linea=0x0
WARNING: Contact joints between materials 'rueda' and 'dohyo' will only be created for the 10 deepest contact points instead of all the 16 contact points.
[gelatina] t=  224 ms  TRACK        rival=si d=  68 mm rumbo=-4529 cdeg  linea=0x0
[gelatina] t=  232 ms  ATTACK       rival=si d=  68 mm rumbo=-4529 cdeg  linea=0x0
[gelatina] t=  464 ms  SEARCH       rival=no d=9999 mm rumbo=+6000 cdeg  linea=0x0
[gelatina] t=  552 ms  TRACK        rival=si d= 110 mm rumbo=+6000 cdeg  linea=0x0
[gelatina] t=  560 ms  ATTACK       rival=si d= 110 mm rumbo=+6000 cdeg  linea=0x0
[gelatina] t=  824 ms  SEARCH       rival=no d=9999 mm rumbo=-6000 cdeg  linea=0x0
[gelatina] t=  952 ms  TRACK        rival=si d=  76 mm rumbo=-6000 cdeg  linea=0x0
[gelatina] t=  960 ms  ATTACK       rival=si d=  76 mm rumbo=-6000 cdeg  linea=0x0
[gelatina] t= 1184 ms  SEARCH       rival=no d=9999 mm rumbo=+6000 cdeg  linea=0x0
[gelatina] t= 1312 ms  TRACK        rival=si d= 108 mm rumbo=+4514 cdeg  linea=0x0
[gelatina] t= 1320 ms  ATTACK       rival=si d= 108 mm rumbo=+4514 cdeg  linea=0x0
WARNING: Contact joints between materials 'patin' and 'dohyo' will only be created for the 10 deepest contact points instead of all the 11 contact points.
[gelatina] t= 1520 ms  SEARCH       rival=no d=9999 mm rumbo=-4527 cdeg  linea=0x0
[gelatina] t= 1648 ms  TRACK        rival=si d= 172 mm rumbo=-6000 cdeg  linea=0x0
[gelatina] t= 1680 ms  ATTACK       rival=si d= 125 mm rumbo=-4491 cdeg  linea=0x0
[gelatina] t= 1912 ms  SEARCH       rival=no d=9999 mm rumbo=+6000 cdeg  linea=0x0
[gelatina] t= 2008 ms  TRACK        rival=si d= 145 mm rumbo=+6000 cdeg  linea=0x0
[gelatina] t= 2040 ms  ATTACK       rival=si d=  96 mm rumbo=+4524 cdeg  linea=0x0
[gelatina] t= 2280 ms  SEARCH       rival=no d=9999 mm rumbo=-6000 cdeg  linea=0x0
[gelatina] t= 2408 ms  TRACK        rival=si d= 177 mm rumbo=-6000 cdeg  linea=0x0
[gelatina] t= 2440 ms  ATTACK       rival=si d= 130 mm rumbo=-4560 cdeg  linea=0x0
WARNING: Contact joints between materials 'patin' and 'dohyo' will only be created for the 10 deepest contact points instead of all the 11 contact points.
[gelatina] t= 2640 ms  SEARCH       rival=no d=9999 mm rumbo=+4456 cdeg  linea=0x0
[gelatina] t= 2768 ms  TRACK        rival=si d= 184 mm rumbo=+6000 cdeg  linea=0x0
[gelatina] t= 3008 ms  SEARCH       rival=no d=9999 mm rumbo=-6000 cdeg  linea=0x0
[gelatina] t= 3032 ms  TRACK        rival=si d= 166 mm rumbo=-6000 cdeg  linea=0x0
[gelatina] t= 3128 ms  ATTACK       rival=si d= 123 mm rumbo=+3000 cdeg  linea=0x0
[gelatina] t= 3296 ms  SEARCH       rival=no d=9999 mm rumbo=+6000 cdeg  linea=0x0
[gelatina] t= 3392 ms  TRACK        rival=si d= 161 mm rumbo=+6000 cdeg  linea=0x0
[gelatina] t= 3424 ms  ATTACK       rival=si d= 109 mm rumbo=+4512 cdeg  linea=0x0
WARNING: Contact joints between materials 'patin' and 'dohyo' will only be created for the 10 deepest contact points instead of all the 16 contact points.
[gelatina] t= 4456 ms  SEARCH       rival=no d=9999 mm rumbo=   +0 cdeg  linea=0x0
[gelatina] t= 4520 ms  TRACK        rival=si d=  58 mm rumbo=-3000 cdeg  linea=0x0
[gelatina] t= 4528 ms  ATTACK       rival=si d=  58 mm rumbo=-3000 cdeg  linea=0x0
[gelatina] t= 4880 ms  SEARCH       rival=no d=9999 mm rumbo=+6000 cdeg  linea=0x0
WARNING: Contact joints between materials 'patin' and 'dohyo' will only be created for the 10 deepest contact points instead of all the 12 contact points.
[gelatina] t= 4944 ms  TRACK        rival=si d=  31 mm rumbo=   +0 cdeg  linea=0x0
[gelatina] t= 4952 ms  ATTACK       rival=si d=  31 mm rumbo=   +0 cdeg  linea=0x0
[gelatina] t= 5152 ms  SEARCH       rival=no d=9999 mm rumbo=-6000 cdeg  linea=0x0
[gelatina] t= 5240 ms  TRACK        rival=si d= 133 mm rumbo=-6000 cdeg  linea=0x0
[gelatina] t= 5280 ms  ATTACK       rival=si d=  62 mm rumbo=-4507 cdeg  linea=0x0
[gelatina] t= 5512 ms  SEARCH       rival=no d=9999 mm rumbo=+6000 cdeg  linea=0x0
[gelatina] t= 5640 ms  TRACK        rival=si d=  71 mm rumbo=+6000 cdeg  linea=0x0
[gelatina] t= 5648 ms  ATTACK       rival=si d=  71 mm rumbo=+6000 cdeg  linea=0x0
[gelatina] t= 5872 ms  SEARCH       rival=no d=9999 mm rumbo=-4534 cdeg  linea=0x0
[gelatina] t= 6000 ms  TRACK        rival=si d=  88 mm rumbo=-6000 cdeg  linea=0x0
[gelatina] t= 6008 ms  ATTACK       rival=si d=  88 mm rumbo=-6000 cdeg  linea=0x0
WARNING: Contact joints between materials 'patin' and 'dohyo' will only be created for the 10 deepest contact points instead of all the 27 contact points.
[gelatina] t= 6208 ms  SEARCH       rival=no d=9999 mm rumbo=+1519 cdeg  linea=0x0
[gelatina] t= 6464 ms  TRACK        rival=si d=  80 mm rumbo=+4555 cdeg  linea=0x0
[gelatina] t= 6472 ms  ATTACK       rival=si d=  80 mm rumbo=+4555 cdeg  linea=0x0
[gelatina] t= 6664 ms  SEARCH       rival=no d=9999 mm rumbo=-4518 cdeg  linea=0x0
[gelatina] t= 6824 ms  TRACK        rival=si d=  91 mm rumbo=-4514 cdeg  linea=0x0
[gelatina] t= 6832 ms  ATTACK       rival=si d=  91 mm rumbo=-4514 cdeg  linea=0x0
[gelatina] t= 7032 ms  SEARCH       rival=no d=9999 mm rumbo=+6000 cdeg  linea=0x0
[gelatina] t= 7192 ms  TRACK        rival=si d= 108 mm rumbo=+4639 cdeg  linea=0x0
WARNING: Contact joints between materials 'rueda' and 'dohyo' will only be created for the 10 deepest contact points instead of all the 12 contact points.
[gelatina] t= 7200 ms  ATTACK       rival=si d= 108 mm rumbo=+4639 cdeg  linea=0x0
[gelatina] t= 7424 ms  SEARCH       rival=no d=9999 mm rumbo=-6000 cdeg  linea=0x0
[gelatina] t= 7584 ms  TRACK        rival=si d= 122 mm rumbo=-4535 cdeg  linea=0x0
[gelatina] t= 7592 ms  ATTACK       rival=si d= 122 mm rumbo=-4535 cdeg  linea=0x0
[gelatina] t= 7792 ms  SEARCH       rival=no d=9999 mm rumbo=+3000 cdeg  linea=0x0
[gelatina] t= 8016 ms  TRACK        rival=si d= 144 mm rumbo=+6000 cdeg  linea=0x0
[gelatina] t= 8280 ms  ATTACK       rival=si d= 127 mm rumbo=-4557 cdeg  linea=0x0
[gelatina] t= 8512 ms  SEARCH       rival=no d=9999 mm rumbo=+6000 cdeg  linea=0x0
WARNING: Contact joints between materials 'patin' and 'dohyo' will only be created for the 10 deepest contact points instead of all the 12 contact points.
[gelatina] t= 8576 ms  TRACK        rival=si d= 110 mm rumbo=+6000 cdeg  linea=0x0
[gelatina] t= 8584 ms  ATTACK       rival=si d= 110 mm rumbo=+6000 cdeg  linea=0x0
[gelatina] t= 8816 ms  SEARCH       rival=no d=9999 mm rumbo=-4510 cdeg  linea=0x0
[gelatina] t= 8976 ms  TRACK        rival=si d= 101 mm rumbo=-4500 cdeg  linea=0x0
[gelatina] t= 8984 ms  ATTACK       rival=si d= 101 mm rumbo=-4500 cdeg  linea=0x0
[gelatina] t= 9176 ms  SEARCH       rival=no d=9999 mm rumbo=+6000 cdeg  linea=0x0
[gelatina] t= 9336 ms  TRACK        rival=si d= 104 mm rumbo=+4521 cdeg  linea=0x0
[gelatina] t= 9344 ms  ATTACK       rival=si d= 104 mm rumbo=+4521 cdeg  linea=0x0
[gelatina] t= 9536 ms  SEARCH       rival=no d=9999 mm rumbo=-4515 cdeg  linea=0x0
WARNING: Contact joints between materials 'patin' and 'dohyo' will only be created for the 10 deepest contact points instead of all the 44 contact points.
[gelatina] t= 9696 ms  TRACK        rival=si d=  82 mm rumbo=-4559 cdeg  linea=0x0
[gelatina] t= 9704 ms  ATTACK       rival=si d=  82 mm rumbo=-4559 cdeg  linea=0x0
[gelatina] t= 9904 ms  SEARCH       rival=no d=9999 mm rumbo=+3000 cdeg  linea=0x0
[gelatina] t=10096 ms  TRACK        rival=si d= 151 mm rumbo=+4507 cdeg  linea=0x0
[gelatina] t=10160 ms  ATTACK       rival=si d= 127 mm rumbo=-6000 cdeg  linea=0x0
[gelatina] t=10296 ms  SEARCH       rival=no d=9999 mm rumbo=-6000 cdeg  linea=0x0
[gelatina] t=10456 ms  TRACK        rival=si d= 140 mm rumbo=-4599 cdeg  linea=0x0
WARNING: Contact joints between materials 'patin' and 'dohyo' will only be created for the 10 deepest contact points instead of all the 39 contact points.
[gelatina] t=10688 ms  ATTACK       rival=si d= 127 mm rumbo=+6000 cdeg  linea=0x0
[gelatina] t=10992 ms  SEARCH       rival=no d=9999 mm rumbo=-6000 cdeg  linea=0x0
[gelatina] t=11048 ms  TRACK        rival=si d= 104 mm rumbo=-6000 cdeg  linea=0x0
[gelatina] t=11056 ms  ATTACK       rival=si d= 104 mm rumbo=-6000 cdeg  linea=0x0
[gelatina] t=11288 ms  SEARCH       rival=no d=9999 mm rumbo=+6000 cdeg  linea=0x0
[gelatina] t=11416 ms  TRACK        rival=si d=  85 mm rumbo=+6000 cdeg  linea=0x0
[gelatina] t=11424 ms  ATTACK       rival=si d=  85 mm rumbo=+6000 cdeg  linea=0x0
[gelatina] t=11648 ms  SEARCH       rival=no d=9999 mm rumbo=-6000 cdeg  linea=0x0
WARNING: Contact joints between materials 'rueda' and 'dohyo' will only be created for the 10 deepest contact points instead of all the 11 contact points.
[gelatina] t=11808 ms  TRACK        rival=si d= 110 mm rumbo=-4507 cdeg  linea=0x0
[gelatina] t=11816 ms  ATTACK       rival=si d= 110 mm rumbo=-4507 cdeg  linea=0x0
[gelatina] t=12016 ms  SEARCH       rival=no d=9999 mm rumbo=+3000 cdeg  linea=0x0
[gelatina] t=12208 ms  TRACK        rival=si d= 137 mm rumbo=+4485 cdeg  linea=0x0
[gelatina] t=12240 ms  ATTACK       rival=si d= 130 mm rumbo=-1473 cdeg  linea=0x0
[gelatina] t=12408 ms  SEARCH       rival=no d=9999 mm rumbo=-6000 cdeg  linea=0x0
[gelatina] t=12568 ms  TRACK        rival=si d= 168 mm rumbo=-6000 cdeg  linea=0x0
WARNING: Contact joints between materials 'rueda' and 'dohyo' will only be created for the 10 deepest contact points instead of all the 17 contact points.
[gelatina] t=12936 ms  ATTACK       rival=si d= 129 mm rumbo=-6000 cdeg  linea=0x0
[gelatina] t=13072 ms  SEARCH       rival=no d=9999 mm rumbo=-6000 cdeg  linea=0x0
[gelatina] t=13199 ms  TRACK        rival=si d= 131 mm rumbo=-4503 cdeg  linea=0x0
[gelatina] t=13208 ms  ATTACK       rival=si d= 131 mm rumbo=-4503 cdeg  linea=0x0
[gelatina] t=13400 ms  SEARCH       rival=no d=9999 mm rumbo=+6000 cdeg  linea=0x0
[gelatina] t=13560 ms  TRACK        rival=si d= 144 mm rumbo=+4507 cdeg  linea=0x0
[gelatina] t=13760 ms  SEARCH       rival=no d=9999 mm rumbo=-4620 cdeg  linea=0x0
[gelatina] t=13792 ms  TRACK        rival=si d= 149 mm rumbo=-6000 cdeg  linea=0x0
WARNING: Contact joints between materials 'rueda' and 'dohyo' will only be created for the 10 deepest contact points instead of all the 12 contact points.
[gelatina] t=13888 ms  ATTACK       rival=si d= 114 mm rumbo=+4527 cdeg  linea=0x0
[gelatina] t=14056 ms  SEARCH       rival=no d=9999 mm rumbo=+6000 cdeg  linea=0x0
[gelatina] t=14120 ms  TRACK        rival=si d= 153 mm rumbo=+6000 cdeg  linea=0x0
[gelatina] t=14151 ms  ATTACK       rival=si d= 118 mm rumbo=+4483 cdeg  linea=0x0
[gelatina] t=14360 ms  SEARCH       rival=no d=9999 mm rumbo=-4429 cdeg  linea=0x0
[gelatina] t=14520 ms  TRACK        rival=si d= 105 mm rumbo=-4472 cdeg  linea=0x0
[gelatina] t=14528 ms  ATTACK       rival=si d= 105 mm rumbo=-4472 cdeg  linea=0x0
[gelatina] t=14720 ms  SEARCH       rival=no d=9999 mm rumbo=+4542 cdeg  linea=0x0
[gelatina] t=14848 ms  TRACK        rival=si d= 124 mm rumbo=+6000 cdeg  linea=0x0
[gelatina] t=14856 ms  ATTACK       rival=si d= 124 mm rumbo=+6000 cdeg  linea=0x0
[gelatina] t=15080 ms  SEARCH       rival=no d=9999 mm rumbo=-6000 cdeg  linea=0x0
WARNING: Contact joints between materials 'patin' and 'dohyo' will only be created for the 10 deepest contact points instead of all the 37 contact points.
[gelatina] t=15240 ms  TRACK        rival=si d= 109 mm rumbo=-6000 cdeg  linea=0x0
[gelatina] t=15247 ms  ATTACK       rival=si d= 109 mm rumbo=-6000 cdeg  linea=0x0
[gelatina] t=15448 ms  SEARCH       rival=no d=9999 mm rumbo=+3000 cdeg  linea=0x0
[gelatina] t=15640 ms  TRACK        rival=si d= 152 mm rumbo=+4524 cdeg  linea=0x0
[gelatina] t=15704 ms  ATTACK       rival=si d= 131 mm rumbo=-4489 cdeg  linea=0x0
[gelatina] t=15840 ms  SEARCH       rival=no d=9999 mm rumbo=-4489 cdeg  linea=0x0
[gelatina] t=15967 ms  TRACK        rival=si d= 119 mm rumbo=-6000 cdeg  linea=0x0
[gelatina] t=15976 ms  ATTACK       rival=si d= 119 mm rumbo=-6000 cdeg  linea=0x0
WARNING: Contact joints between materials 'rueda' and 'dohyo' will only be created for the 10 deepest contact points instead of all the 19 contact points.
[gelatina] t=16200 ms  SEARCH       rival=no d=9999 mm rumbo=+6000 cdeg  linea=0x0
[gelatina] t=16328 ms  TRACK        rival=si d= 151 mm rumbo=+6000 cdeg  linea=0x0
[gelatina] t=16400 ms  ATTACK       rival=si d= 121 mm rumbo=-3000 cdeg  linea=0x0
[gelatina] t=16568 ms  SEARCH       rival=no d=9999 mm rumbo=-6000 cdeg  linea=0x0
[gelatina] t=16728 ms  TRACK        rival=si d= 137 mm rumbo=-6000 cdeg  linea=0x0
[gelatina] t=16992 ms  ATTACK       rival=si d= 111 mm rumbo=+4622 cdeg  linea=0x0
[gelatina] t=17264 ms  SEARCH       rival=no d=9999 mm rumbo=-6000 cdeg  linea=0x0
WARNING: Contact joints between materials 'rueda' and 'dohyo' will only be created for the 10 deepest contact points instead of all the 11 contact points.
[gelatina] t=17384 ms  TRACK        rival=si d=  97 mm rumbo=-4532 cdeg  linea=0x0
[gelatina] t=17392 ms  ATTACK       rival=si d=  97 mm rumbo=-4532 cdeg  linea=0x0
[gelatina] t=17592 ms  SEARCH       rival=no d=9999 mm rumbo=+4518 cdeg  linea=0x0
[gelatina] t=17752 ms  TRACK        rival=si d=  98 mm rumbo=+4526 cdeg  linea=0x0
[gelatina] t=17760 ms  ATTACK       rival=si d=  98 mm rumbo=+4526 cdeg  linea=0x0
[gelatina] t=17952 ms  SEARCH       rival=no d=9999 mm rumbo=-4518 cdeg  linea=0x0
[gelatina] t=18112 ms  TRACK        rival=si d= 111 mm rumbo=-6000 cdeg  linea=0x0
[gelatina] t=18120 ms  ATTACK       rival=si d= 111 mm rumbo=-6000 cdeg  linea=0x0
[gelatina] t=18344 ms  SEARCH       rival=no d=9999 mm rumbo=+6000 cdeg  linea=0x0
WARNING: Contact joints between materials 'rueda' and 'dohyo' will only be created for the 10 deepest contact points instead of all the 11 contact points.
[gelatina] t=18472 ms  TRACK        rival=si d= 164 mm rumbo=+6000 cdeg  linea=0x0
[gelatina] t=18576 ms  ATTACK       rival=si d= 117 mm rumbo=-6000 cdeg  linea=0x0
[gelatina] t=18712 ms  SEARCH       rival=no d=9999 mm rumbo=-6000 cdeg  linea=0x0
[gelatina] t=18840 ms  TRACK        rival=si d= 151 mm rumbo=-6000 cdeg  linea=0x0
[gelatina] t=19072 ms  SEARCH       rival=no d=9999 mm rumbo=+6000 cdeg  linea=0x0
[gelatina] t=19136 ms  TRACK        rival=si d= 174 mm rumbo=+6000 cdeg  linea=0x0
[gelatina] t=19400 ms  ATTACK       rival=si d= 118 mm rumbo=-6000 cdeg  linea=0x0
WARNING: Contact joints between materials 'patin' and 'dohyo' will only be created for the 10 deepest contact points instead of all the 15 contact points.
[gelatina] t=19664 ms  SEARCH       rival=no d=9999 mm rumbo=+6000 cdeg  linea=0x0
[gelatina] t=19728 ms  TRACK        rival=si d= 111 mm rumbo=+6000 cdeg  linea=0x0
[gelatina] t=19736 ms  ATTACK       rival=si d= 111 mm rumbo=+6000 cdeg  linea=0x0
[gelatina] t=20000 ms  SEARCH       rival=no d=9999 mm rumbo=-6000 cdeg  linea=0x0
[gelatina] t=20128 ms  TRACK        rival=si d=  82 mm rumbo=-6000 cdeg  linea=0x0
[gelatina] t=20136 ms  ATTACK       rival=si d=  82 mm rumbo=-6000 cdeg  linea=0x0
[gelatina] t=20360 ms  SEARCH       rival=no d=9999 mm rumbo=+6000 cdeg  linea=0x0
[gelatina] t=20488 ms  TRACK        rival=si d= 170 mm rumbo=+6000 cdeg  linea=0x0
[gelatina] t=20520 ms  ATTACK       rival=si d=  95 mm rumbo=+4504 cdeg  linea=0x0
[gelatina] t=20728 ms  SEARCH       rival=no d=9999 mm rumbo=-4556 cdeg  linea=0x0
WARNING: Contact joints between materials 'patin' and 'dohyo' will only be created for the 10 deepest contact points instead of all the 40 contact points.
[gelatina] t=20888 ms  TRACK        rival=si d= 115 mm rumbo=-6000 cdeg  linea=0x0
[gelatina] t=20896 ms  ATTACK       rival=si d= 115 mm rumbo=-6000 cdeg  linea=0x0
[gelatina] t=21120 ms  SEARCH       rival=no d=9999 mm rumbo=+6000 cdeg  linea=0x0
[gelatina] t=21248 ms  TRACK        rival=si d= 144 mm rumbo=+6000 cdeg  linea=0x0
[gelatina] t=21280 ms  ATTACK       rival=si d= 109 mm rumbo=+4500 cdeg  linea=0x0
[gelatina] t=21488 ms  SEARCH       rival=no d=9999 mm rumbo=-4522 cdeg  linea=0x0
[gelatina] t=21648 ms  TRACK        rival=si d= 118 mm rumbo=-4516 cdeg  linea=0x0
[gelatina] t=21656 ms  ATTACK       rival=si d= 118 mm rumbo=-4516 cdeg  linea=0x0
WARNING: Contact joints between materials 'rueda' and 'dohyo' will only be created for the 10 deepest contact points instead of all the 13 contact points.
[gelatina] t=21848 ms  SEARCH       rival=no d=9999 mm rumbo=+4514 cdeg  linea=0x0
[gelatina] t=22008 ms  TRACK        rival=si d= 140 mm rumbo=+6000 cdeg  linea=0x0
[gelatina] t=22040 ms  ATTACK       rival=si d= 123 mm rumbo=+1582 cdeg  linea=0x0
[gelatina] t=22240 ms  SEARCH       rival=no d=9999 mm rumbo=-6000 cdeg  linea=0x0
[gelatina] t=22368 ms  TRACK        rival=si d= 156 mm rumbo=-6000 cdeg  linea=0x0
[gelatina] t=22464 ms  ATTACK       rival=si d= 129 mm rumbo=+3024 cdeg  linea=0x0
[gelatina] t=22608 ms  SEARCH       rival=no d=9999 mm rumbo=+6000 cdeg  linea=0x0
[gelatina] t=22696 ms  TRACK        rival=si d= 180 mm rumbo=+6000 cdeg  linea=0x0
WARNING: Contact joints between materials 'patin' and 'dohyo' will only be created for the 10 deepest contact points instead of all the 28 contact points.
[gelatina] t=22936 ms  SEARCH       rival=no d=9999 mm rumbo=-6000 cdeg  linea=0x0
[gelatina] t=22968 ms  TRACK        rival=si d= 123 mm rumbo=-4518 cdeg  linea=0x0
[gelatina] t=22976 ms  ATTACK       rival=si d= 123 mm rumbo=-4518 cdeg  linea=0x0
[gelatina] t=23200 ms  SEARCH       rival=no d=9999 mm rumbo=+6000 cdeg  linea=0x0
[gelatina] t=23328 ms  TRACK        rival=si d= 104 mm rumbo=+4517 cdeg  linea=0x0
[gelatina] t=23336 ms  ATTACK       rival=si d= 104 mm rumbo=+4517 cdeg  linea=0x0
[gelatina] t=23528 ms  SEARCH       rival=no d=9999 mm rumbo=-4541 cdeg  linea=0x0
[gelatina] t=23656 ms  TRACK        rival=si d= 159 mm rumbo=-6000 cdeg  linea=0x0
[gelatina] t=23688 ms  ATTACK       rival=si d= 124 mm rumbo=-4470 cdeg  linea=0x0
[gelatina] t=23896 ms  SEARCH       rival=no d=9999 mm rumbo=+3000 cdeg  linea=0x0
WARNING: Contact joints between materials 'patin' and 'dohyo' will only be created for the 10 deepest contact points instead of all the 11 contact points.
[gelatina] t=24088 ms  TRACK        rival=si d= 114 mm rumbo=+4452 cdeg  linea=0x0
[gelatina] t=24096 ms  ATTACK       rival=si d= 114 mm rumbo=+4452 cdeg  linea=0x0
[gelatina] t=24288 ms  SEARCH       rival=no d=9999 mm rumbo=-6000 cdeg  linea=0x0
[gelatina] t=24448 ms  TRACK        rival=si d= 184 mm rumbo=-6000 cdeg  linea=0x0
[gelatina] t=24648 ms  SEARCH       rival=no d=9999 mm rumbo=+1535 cdeg  linea=0x0
[gelatina] t=24744 ms  TRACK        rival=si d= 183 mm rumbo=+6000 cdeg  linea=0x0
[gelatina] t=25008 ms  ATTACK       rival=si d= 129 mm rumbo=-6000 cdeg  linea=0x0
WARNING: Contact joints between materials 'patin' and 'dohyo' will only be created for the 10 deepest contact points instead of all the 14 contact points.
[gelatina] t=25248 ms  SEARCH       rival=no d=9999 mm rumbo=+4510 cdeg  linea=0x0
[gelatina] t=25336 ms  TRACK        rival=si d= 139 mm rumbo=+6000 cdeg  linea=0x0
[gelatina] t=25408 ms  ATTACK       rival=si d= 105 mm rumbo=-1528 cdeg  linea=0x0
[gelatina] t=25576 ms  SEARCH       rival=no d=9999 mm rumbo=-6000 cdeg  linea=0x0
[gelatina] t=25736 ms  TRACK        rival=si d= 131 mm rumbo=-4527 cdeg  linea=0x0
[gelatina] t=25744 ms  ATTACK       rival=si d= 131 mm rumbo=-4527 cdeg  linea=0x0
[gelatina] t=25936 ms  SEARCH       rival=no d=9999 mm rumbo=+4478 cdeg  linea=0x0
[gelatina] t=26096 ms  TRACK        rival=si d=  98 mm rumbo=+6000 cdeg  linea=0x0
[gelatina] t=26104 ms  ATTACK       rival=si d=  98 mm rumbo=+6000 cdeg  linea=0x0
[gelatina] t=26304 ms  SEARCH       rival=no d=9999 mm rumbo=-4625 cdeg  linea=0x0
[gelatina] t=26464 ms  TRACK        rival=si d= 132 mm rumbo=-6000 cdeg  linea=0x0
[gelatina] t=26472 ms  ATTACK       rival=si d= 132 mm rumbo=-6000 cdeg  linea=0x0
[gelatina] t=26696 ms  SEARCH       rival=no d=9999 mm rumbo=+6000 cdeg  linea=0x0
[gelatina] t=26824 ms  TRACK        rival=si d= 148 mm rumbo=+6000 cdeg  linea=0x0
[gelatina] t=26856 ms  ATTACK       rival=si d= 128 mm rumbo=+3000 cdeg  linea=0x0
[gelatina] t=27064 ms  SEARCH       rival=no d=9999 mm rumbo=-6000 cdeg  linea=0x0
[gelatina] t=27224 ms  TRACK        rival=si d= 146 mm rumbo=-6000 cdeg  linea=0x0
[gelatina] t=27456 ms  SEARCH       rival=no d=9999 mm rumbo=+6000 cdeg  linea=0x0
[gelatina] t=27480 ms  TRACK        rival=si d= 214 mm rumbo=+6000 cdeg  linea=0x0
[gelatina] t=27752 ms  ATTACK       rival=si d= 128 mm rumbo=-4495 cdeg  linea=0x0
[gelatina] t=27984 ms  SEARCH       rival=no d=9999 mm rumbo=+6000 cdeg  linea=0x0
[gelatina] t=28080 ms  TRACK        rival=si d= 114 mm rumbo=+6000 cdeg  linea=0x0
[gelatina] t=28088 ms  ATTACK       rival=si d= 114 mm rumbo=+6000 cdeg  linea=0x0
[gelatina] t=28312 ms  SEARCH       rival=no d=9999 mm rumbo=-6000 cdeg  linea=0x0
[gelatina] t=28472 ms  TRACK        rival=si d= 125 mm rumbo=-6000 cdeg  linea=0x0
[gelatina] t=28480 ms  ATTACK       rival=si d= 125 mm rumbo=-6000 cdeg  linea=0x0
[gelatina] t=28712 ms  SEARCH       rival=no d=9999 mm rumbo=+6000 cdeg  linea=0x0
[gelatina] t=28840 ms  TRACK        rival=si d= 121 mm rumbo=+6000 cdeg  linea=0x0
[gelatina] t=28848 ms  ATTACK       rival=si d= 121 mm rumbo=+6000 cdeg  linea=0x0
[gelatina] t=29072 ms  SEARCH       rival=no d=9999 mm rumbo=-6000 cdeg  linea=0x0
[gelatina] t=29232 ms  TRACK        rival=si d= 141 mm rumbo=-6000 cdeg  linea=0x0
[gelatina] t=29296 ms  ATTACK       rival=si d= 114 mm rumbo=+4543 cdeg  linea=0x0
[gelatina] t=29440 ms  SEARCH       rival=no d=9999 mm rumbo=+3000 cdeg  linea=0x0
[gelatina] t=29632 ms  TRACK        rival=si d= 145 mm rumbo=+3000 cdeg  linea=0x0
[gelatina] t=29800 ms  SEARCH       rival=no d=9999 mm rumbo=-1493 cdeg  linea=0x0
[gelatina] t=29960 ms  TRACK        rival=si d= 161 mm rumbo=-4503 cdeg  linea=0x0
[gelatina] t=30160 ms  SEARCH       rival=no d=9999 mm rumbo=+4572 cdeg  linea=0x0
[gelatina] t=30192 ms  TRACK        rival=si d= 197 mm rumbo=+6000 cdeg  linea=0x0
[gelatina] t=30456 ms  ATTACK       rival=si d= 124 mm rumbo=-4490 cdeg  linea=0x0
[gelatina] t=30688 ms  SEARCH       rival=no d=9999 mm rumbo=+6000 cdeg  linea=0x0
[gelatina] t=30784 ms  TRACK        rival=si d= 157 mm rumbo=+6000 cdeg  linea=0x0
[gelatina] t=30816 ms  ATTACK       rival=si d= 100 mm rumbo=+4475 cdeg  linea=0x0
[gelatina] t=31024 ms  SEARCH       rival=no d=9999 mm rumbo=-6000 cdeg  linea=0x0
[gelatina] t=31160 ms  EDGE_ESCAPE  rival=no d=9999 mm rumbo=-6000 cdeg  linea=0x4
[gelatina] t=31232 ms  ATTACK       rival=si d= 103 mm rumbo=-4429 cdeg  linea=0x8
[gelatina] t=31448 ms  SEARCH       rival=no d=9999 mm rumbo=+6000 cdeg  linea=0x0
[gelatina] t=31464 ms  EDGE_ESCAPE  rival=no d=9999 mm rumbo=+6000 cdeg  linea=0x2
[gelatina] t=31608 ms  ATTACK       rival=si d= 110 mm rumbo=+4466 cdeg  linea=0x8
[gelatina] t=31744 ms  EDGE_ESCAPE  rival=si d= 133 mm rumbo=-6000 cdeg  linea=0xC
[gelatina] t=31952 ms  SEARCH       rival=no d=9999 mm rumbo=-6000 cdeg  linea=0x0
[gelatina] t=32208 ms  TRACK        rival=si d= 170 mm rumbo=-6000 cdeg  linea=0x4
[gelatina] t=32440 ms  SEARCH       rival=no d=9999 mm rumbo=+6000 cdeg  linea=0x2
[gelatina] t=32464 ms  TRACK        rival=si d= 181 mm rumbo=+6000 cdeg  linea=0x2
[gelatina] t=32504 ms  ATTACK       rival=si d= 134 mm rumbo=+4512 cdeg  linea=0x2
[gelatina] t=32536 ms  EDGE_ESCAPE  rival=si d= 177 mm rumbo=   +0 cdeg  linea=0x8
[gelatina] t=32568 ms  ATTACK       rival=si d= 113 mm rumbo=-4454 cdeg  linea=0x8
[gelatina] t=32608 ms  EDGE_ESCAPE  rival=si d= 138 mm rumbo=-6000 cdeg  linea=0x4
[gelatina] t=32816 ms  SEARCH       rival=no d=9999 mm rumbo=-6000 cdeg  linea=0x0
[gelatina] t=32864 ms  TRACK        rival=si d= 152 mm rumbo=-6000 cdeg  linea=0x0
[gelatina] t=32960 ms  ATTACK       rival=si d= 122 mm rumbo=+4545 cdeg  linea=0x0
[gelatina] t=33128 ms  SEARCH       rival=no d=9999 mm rumbo=+6000 cdeg  linea=0x0
[gelatina] t=33224 ms  TRACK        rival=si d= 158 mm rumbo=+6000 cdeg  linea=0x2
[gelatina] t=33312 ms  ATTACK       rival=si d= 138 mm rumbo=-3000 cdeg  linea=0x8
[gelatina] t=33400 ms  EDGE_ESCAPE  rival=si d= 132 mm rumbo=-6000 cdeg  linea=0x5
[gelatina] t=33608 ms  SEARCH       rival=no d=9999 mm rumbo=-6000 cdeg  linea=0x0
[gelatina] t=33624 ms  TRACK        rival=si d= 163 mm rumbo=-6000 cdeg  linea=0x0
[gelatina] t=33656 ms  ATTACK       rival=si d= 109 mm rumbo=-4527 cdeg  linea=0xC
WARNING: Contact joints between materials 'patin' and 'dohyo' will only be created for the 10 deepest contact points instead of all the 12 contact points.
[arbitro] asalto 12/30  espalda  auto-salida     -1  33.94 s
[inercia] asalto=12 robot=GELATINA rueda=0 rotor=2.88082981e-05
[inercia] asalto=12 robot=GELATINA rueda=1 rotor=2.21846125e-05
[inercia] asalto=12 robot=RIVAL rueda=0 rotor=2.02228593e-05
[inercia] asalto=12 robot=RIVAL rueda=1 rotor=1.29426815e-05
[planta] asalto=12 mu=1.27170733 slip=0.00193049967 aleatorio=1
WARNING: DEF GELATINA GelatinaNuclear > HingeJoint "rueda_izq" > Solid "rueda_izq": Webots has detected that this solid is light and oblong according to its inertia matrix. This belongs in the physics edge cases, and can imply weird physical results. Increasing the weight of the object or reducing its eccentricity are recommended.
WARNING: DEF GELATINA GelatinaNuclear > HingeJoint "rueda_der" > Solid "rueda_der": Webots has detected that this solid is light and oblong according to its inertia matrix. This belongs in the physics edge cases, and can imply weird physical results. Increasing the weight of the object or reducing its eccentricity are recommended.
[gelatina] fin de asalto motor={"battery_v":7.78370068,"resistance_ohm":[3.92485013,4.32708683],"bridge_ohm":[0.642092502,0.514355052],"omega_rad_s":[58.8953953,63.541458],"current_a":[0.746422003,0.311633542],"torque_nm":[0.0262584933,0.011382171],"applied_pwm":[1,0.799527884],"over_1_2a_samples":1565,"over_3_2a_samples":0}
[gelatina] t=    0 ms  WAIT         rival=si d=  77 mm rumbo=-1461 cdeg  linea=0x4
[rival] fin de asalto motor={"battery_v":7.35940934,"resistance_ohm":[4.20092268,4.03153186],"bridge_ohm":[0.654936934,0.643455923],"omega_rad_s":[4.58418015e-06,1.66678227e-07],"current_a":[-8.61442944e-08,-3.59179444e-09],"torque_nm":[-3.03110427e-08,-9.24134473e-10],"applied_pwm":[0,0],"over_1_2a_samples":0,"over_3_2a_samples":0}
[planta] gelatina ciclo=14 rueda=0 V=7.81968949 R=3.77571149 Rpuente=0.601754832 I0=0.171229979 Ke=0.0835035964 Kt=0.0483794733
[planta] gelatina ciclo=14 rueda=1 V=7.81968949 R=4.29479418 Rpuente=0.535371196 I0=0.146809486 Ke=0.0898969561 Kt=0.0483794733
[sensores] gelatina ToF alcance=1235.91762 minimo=28.4032965 sigma_rel=0.0526827812
[gelatina] pulsador recibido: permiso previsto 154296 ms
[planta] rival ciclo=14 rueda=0 V=7.06243634 R=4.2253078 Rpuente=0.678492641 I0=0.166264021 Ke=0.0672468628 Kt=0.0483794733
[planta] rival ciclo=14 rueda=1 V=7.06243634 R=3.72538314 Rpuente=0.599042988 I0=0.217331082 Ke=0.0752747108 Kt=0.0483794733
[sensores] rival ToF alcance=1359.72791 minimo=31.8657815 sigma_rel=0.0640428019
[arranque] pulsador=149296 permiso=154296 ms
[gelatina] permiso de arranque a los 154296 ms
[gelatina] t=    0 ms  TRACK        rival=si d=  78 mm rumbo=-1460 cdeg  linea=0x0
[gelatina] t=    8 ms  ATTACK       rival=si d=  78 mm rumbo=-1460 cdeg  linea=0x0
WARNING: Contact joints between materials 'patin' and 'dohyo' will only be created for the 10 deepest contact points instead of all the 68 contact points.
[gelatina] t=  400 ms  SEARCH       rival=no d=9999 mm rumbo=+3000 cdeg  linea=0x0
[gelatina] t=  424 ms  TRACK        rival=si d=  44 mm rumbo=+3000 cdeg  linea=0x0
[gelatina] t=  432 ms  ATTACK       rival=si d=  44 mm rumbo=+3000 cdeg  linea=0x0
WARNING: Contact joints between materials 'patin' and 'dohyo' will only be created for the 10 deepest contact points instead of all the 18 contact points.
[arbitro] asalto 13/30  frente   rival fuera     +1   1.68 s
[inercia] asalto=13 robot=GELATINA rueda=0 rotor=2.61794023e-05
[inercia] asalto=13 robot=GELATINA rueda=1 rotor=2.46104581e-05
[inercia] asalto=13 robot=RIVAL rueda=0 rotor=2.3552737e-05
[inercia] asalto=13 robot=RIVAL rueda=1 rotor=1.04106477e-05
[planta] asalto=13 mu=1.50209305 slip=0.0014939425 aleatorio=1
[gelatina] fin de asalto motor={"battery_v":7.81968949,"resistance_ohm":[3.77571149,4.29479418],"bridge_ohm":[0.601754832,0.535371196],"omega_rad_s":[21.7954087,26.6407786],"current_a":[0.373055503,1.12310121],"torque_nm":[0.00976421252,0.0472324795],"applied_pwm":[0.441581845,1],"over_1_2a_samples":1572,"over_3_2a_samples":0}
[gelatina] t=    0 ms  WAIT         rival=no d=9999 mm rumbo=+3000 cdeg  linea=0x0
[rival] fin de asalto motor={"battery_v":7.06243634,"resistance_ohm":[4.2253078,3.72538314],"bridge_ohm":[0.678492641,0.599042988],"omega_rad_s":[2.3296625,-0.891631681],"current_a":[-0.0319471594,0.0155205142],"torque_nm":[-0.00943838776,0.00823919031],"applied_pwm":[0,0],"over_1_2a_samples":0,"over_3_2a_samples":0}
[planta] gelatina ciclo=15 rueda=0 V=7.8535081 R=4.13632083 Rpuente=0.61365056 I0=0.11658918 Ke=0.0819797387 Kt=0.0483794733
[planta] gelatina ciclo=15 rueda=1 V=7.8535081 R=4.26982679 Rpuente=0.61155771 I0=0.117562258 Ke=0.0793098335 Kt=0.0483794733
[sensores] gelatina ToF alcance=1186.6513 minimo=34.3867594 sigma_rel=0.0899988461
[gelatina] pulsador recibido: permiso previsto 161288 ms
[planta] rival ciclo=15 rueda=0 V=7.79608055 R=3.89425573 Rpuente=0.562789214 I0=0.12998102 Ke=0.0820266753 Kt=0.0483794733
[planta] rival ciclo=15 rueda=1 V=7.79608055 R=4.28536472 Rpuente=0.640836501 I0=0.182599112 Ke=0.0697131144 Kt=0.0483794733
[arranque] pulsador=156288 permiso=161288 ms
[sensores] rival ToF alcance=700.536126 minimo=43.0209565 sigma_rel=0.106094422
[gelatina] permiso de arranque a los 161288 ms
[gelatina] t=    0 ms  OPENING      rival=no d=9999 mm rumbo=+3000 cdeg  linea=0x0
WARNING: Contact joints between materials 'rueda' and 'dohyo' will only be created for the 10 deepest contact points instead of all the 14 contact points.
[gelatina] t=   64 ms  TRACK        rival=si d=  72 mm rumbo=-6000 cdeg  linea=0x0
[gelatina] t=   72 ms  ATTACK       rival=si d=  72 mm rumbo=-6000 cdeg  linea=0x0
[gelatina] t=  328 ms  SEARCH       rival=no d=9999 mm rumbo=   +0 cdeg  linea=0x0
[gelatina] t=  656 ms  TRACK        rival=si d=  33 mm rumbo=+6000 cdeg  linea=0x0
[gelatina] t=  664 ms  ATTACK       rival=si d=  33 mm rumbo=+6000 cdeg  linea=0x0
[gelatina] t=  896 ms  SEARCH       rival=no d=9999 mm rumbo=-6000 cdeg  linea=0x0
[gelatina] t=  952 ms  TRACK        rival=si d=  72 mm rumbo=-6000 cdeg  linea=0x0
[gelatina] t=  960 ms  ATTACK       rival=si d=  72 mm rumbo=-6000 cdeg  linea=0x0
WARNING: Contact joints between materials 'rueda' and 'dohyo' will only be created for the 10 deepest contact points instead of all the 11 contact points.
[gelatina] t= 1384 ms  SEARCH       rival=no d=9999 mm rumbo=+6000 cdeg  linea=0x0
[gelatina] t= 1416 ms  TRACK        rival=si d=  45 mm rumbo=-3000 cdeg  linea=0x0
[gelatina] t= 1424 ms  ATTACK       rival=si d=  45 mm rumbo=-3000 cdeg  linea=0x0
[gelatina] t= 1552 ms  SEARCH       rival=no d=9999 mm rumbo=-3000 cdeg  linea=0x0
[gelatina] t= 1712 ms  TRACK        rival=si d=  36 mm rumbo=+6000 cdeg  linea=0x0
[gelatina] t= 1720 ms  ATTACK       rival=si d=  36 mm rumbo=+6000 cdeg  linea=0x0
[gelatina] t= 1848 ms  SEARCH       rival=no d=9999 mm rumbo=+6000 cdeg  linea=0x0
[gelatina] t= 1976 ms  TRACK        rival=si d=  80 mm rumbo=+6000 cdeg  linea=0x0
[gelatina] t= 1984 ms  ATTACK       rival=si d=  80 mm rumbo=+6000 cdeg  linea=0x0
[gelatina] t= 2216 ms  SEARCH       rival=no d=9999 mm rumbo=-6000 cdeg  linea=0x0
[gelatina] t= 2240 ms  TRACK        rival=si d=  77 mm rumbo=-6000 cdeg  linea=0x0
[gelatina] t= 2248 ms  ATTACK       rival=si d=  77 mm rumbo=-6000 cdeg  linea=0x0
WARNING: Contact joints between materials 'patin' and 'dohyo' will only be created for the 10 deepest contact points instead of all the 19 contact points.
[arbitro] asalto 14/30  lado     rival fuera     +1   2.65 s
[inercia] asalto=14 robot=GELATINA rueda=0 rotor=3.45519821e-05
[inercia] asalto=14 robot=GELATINA rueda=1 rotor=1.80819447e-05
[inercia] asalto=14 robot=RIVAL rueda=0 rotor=2.99833326e-05
[inercia] asalto=14 robot=RIVAL rueda=1 rotor=1.6403885e-05
[planta] asalto=14 mu=1.02143929 slip=0.00112669098 aleatorio=1
[gelatina] fin de asalto motor={"battery_v":7.8535081,"resistance_ohm":[4.13632083,4.26982679],"bridge_ohm":[0.61365056,0.61155771],"omega_rad_s":[34.9107347,52.1779466],"current_a":[1.05085584,0.761112722],"torque_nm":[0.0451993292,0.0311346325],"applied_pwm":[1,1],"over_1_2a_samples":1653,"over_3_2a_samples":0}
[gelatina] t=    0 ms  WAIT         rival=no d=9999 mm rumbo=   +0 cdeg  linea=0x3
[rival] fin de asalto motor={"battery_v":7.79608055,"resistance_ohm":[3.89425573,4.28536472],"bridge_ohm":[0.562789214,0.640836501],"omega_rad_s":[-1.63281889,0.715260909],"current_a":[0.0300501132,-0.0101220115],"torque_nm":[0.00727978444,-0.00591349632],"applied_pwm":[0,0],"over_1_2a_samples":0,"over_3_2a_samples":0}
[planta] gelatina ciclo=16 rueda=0 V=7.88949691 R=3.98718219 Rpuente=0.573312902 I0=0.084158197 Ke=0.0922485782 Kt=0.0483794733
[planta] gelatina ciclo=16 rueda=1 V=7.88949691 R=4.23753414 Rpuente=0.632573855 I0=0.188006803 Ke=0.0651499959 Kt=0.0483794733
[sensores] gelatina ToF alcance=1017.06342 minimo=34.5883363 sigma_rel=0.0403794527
[gelatina] pulsador recibido: permiso previsto 169248 ms
[planta] rival ciclo=16 rueda=0 V=7.74781677 R=3.87866006 Rpuente=0.517816639 I0=0.143965557 Ke=0.0764131643 Kt=0.0483794733
[planta] rival ciclo=16 rueda=1 V=7.74781677 R=3.68229089 Rpuente=0.565757143 I0=0.131612831 Ke=0.0819868945 Kt=0.0483794733
[sensores] rival ToF alcance=1355.56148 minimo=42.1142519 sigma_rel=0.0523576927
[arranque] pulsador=164248 permiso=169248 ms
[gelatina] permiso de arranque a los 169248 ms
[gelatina] t=    0 ms  OPENING      rival=no d=9999 mm rumbo=   +0 cdeg  linea=0x0
[gelatina] t=  112 ms  SEARCH       rival=no d=9999 mm rumbo=   +0 cdeg  linea=0x0
WARNING: Contact joints between materials 'patin' and 'dohyo' will only be created for the 10 deepest contact points instead of all the 12 contact points.
[gelatina] t=  328 ms  TRACK        rival=si d=  96 mm rumbo=+6000 cdeg  linea=0x0
[gelatina] t=  336 ms  ATTACK       rival=si d=  96 mm rumbo=+6000 cdeg  linea=0x0
[gelatina] t=  560 ms  SEARCH       rival=no d=9999 mm rumbo=-6000 cdeg  linea=0x0
[gelatina] t=  656 ms  TRACK        rival=si d=  79 mm rumbo=-6000 cdeg  linea=0x0
[gelatina] t=  664 ms  ATTACK       rival=si d=  79 mm rumbo=-6000 cdeg  linea=0x0
[gelatina] t=  888 ms  SEARCH       rival=no d=9999 mm rumbo=+6000 cdeg  linea=0x0
[gelatina] t=  952 ms  TRACK        rival=si d= 116 mm rumbo=+6000 cdeg  linea=0x0
[gelatina] t=  960 ms  ATTACK       rival=si d= 116 mm rumbo=+6000 cdeg  linea=0x0
WARNING: Contact joints between materials 'rueda' and 'dohyo' will only be created for the 10 deepest contact points instead of all the 12 contact points.
[gelatina] t= 1616 ms  SEARCH       rival=no d=9999 mm rumbo=-6000 cdeg  linea=0x0
[gelatina] t= 1680 ms  TRACK        rival=si d=  36 mm rumbo=+3000 cdeg  linea=0x0
[gelatina] t= 1688 ms  ATTACK       rival=si d=  36 mm rumbo=+3000 cdeg  linea=0x0
[gelatina] t= 1848 ms  SEARCH       rival=no d=9999 mm rumbo=+6000 cdeg  linea=0x0
[gelatina] t= 1944 ms  TRACK        rival=si d= 122 mm rumbo=+6000 cdeg  linea=0x0
[gelatina] t= 1952 ms  ATTACK       rival=si d= 122 mm rumbo=+6000 cdeg  linea=0x0
WARNING: Contact joints between materials 'patin' and 'dohyo' will only be created for the 10 deepest contact points instead of all the 16 contact points.
[gelatina] t= 2576 ms  SEARCH       rival=no d=9999 mm rumbo=   +0 cdeg  linea=0x0
[arbitro] asalto 15/30  espalda  rival fuera     +1   2.73 s
[inercia] asalto=15 robot=GELATINA rueda=0 rotor=2.06654978e-05
[inercia] asalto=15 robot=GELATINA rueda=1 rotor=2.06563488e-05
[inercia] asalto=15 robot=RIVAL rueda=0 rotor=1.85423936e-05
[inercia] asalto=15 robot=RIVAL rueda=1 rotor=9.56614619e-06
[planta] asalto=15 mu=1.51105968 slip=0.00188252878 aleatorio=1
WARNING: DEF GELATINA GelatinaNuclear > HingeJoint "rueda_izq" > Solid "rueda_izq": Webots has detected that this solid is light and oblong according to its inertia matrix. This belongs in the physics edge cases, and can imply weird physical results. Increasing the weight of the object or reducing its eccentricity are recommended.
[gelatina] fin de asalto motor={"battery_v":7.88949691,"resistance_ohm":[3.98718219,4.23753414],"bridge_ohm":[0.573312902,0.632573855],"omega_rad_s":[-42.5232734,52.470168],"current_a":[-0.57087668,0.918062943],"torque_nm":[-0.0235471839,0.0353197315],"applied_pwm":[-0.827199996,1],"over_1_2a_samples":1730,"over_3_2a_samples":0}
[gelatina] t=    0 ms  WAIT         rival=no d=9999 mm rumbo=   +0 cdeg  linea=0x0
[rival] fin de asalto motor={"battery_v":7.74781677,"resistance_ohm":[3.87866006,3.68229089],"bridge_ohm":[0.517816639,0.565757143],"omega_rad_s":[6.16469523,-0.0749204382],"current_a":[-0.107145767,0.00144595683],"torque_nm":[-0.0121485721,0.000546109427],"applied_pwm":[0,0],"over_1_2a_samples":0,"over_3_2a_samples":0}
[planta] gelatina ciclo=17 rueda=0 V=7.92331553 R=4.34779153 Rpuente=0.585208619 I0=0.179517388 Ke=0.0807976665 Kt=0.0483794733
[planta] gelatina ciclo=17 rueda=1 V=7.92331553 R=4.21256671 Rpuente=0.508760369 I0=0.158759567 Ke=0.085664474 Kt=0.0483794733
[sensores] gelatina ToF alcance=967.797095 minimo=40.5717993 sigma_rel=0.0776955175
[gelatina] pulsador recibido: permiso previsto 177288 ms
[planta] rival ciclo=17 rueda=0 V=7.29594277 R=3.91814804 Rpuente=0.694918168 I0=0.0852664769 Ke=0.0773898613 Kt=0.0483794733
[planta] rival ciclo=17 rueda=1 V=7.29594277 R=4.23928041 Rpuente=0.518798161 I0=0.120392793 Ke=0.0784267202 Kt=0.0483794733
[sensores] rival ToF alcance=1742.14522 minimo=20.0355053 sigma_rel=0.0591262054
[arranque] pulsador=172288 permiso=177288 ms
[gelatina] permiso de arranque a los 177288 ms
[gelatina] t=    0 ms  TRACK        rival=si d=  73 mm rumbo=-1474 cdeg  linea=0x0
[gelatina] t=    8 ms  ATTACK       rival=si d=  73 mm rumbo=-1474 cdeg  linea=0x0
WARNING: Contact joints between materials 'patin' and 'dohyo' will only be created for the 10 deepest contact points instead of all the 69 contact points.
[gelatina] t=  264 ms  SEARCH       rival=no d=9999 mm rumbo=+1503 cdeg  linea=0x0
[gelatina] t=  360 ms  TRACK        rival=si d=  37 mm rumbo=-3000 cdeg  linea=0x0
[gelatina] t=  368 ms  ATTACK       rival=si d=  37 mm rumbo=-3000 cdeg  linea=0x0
[gelatina] t=  496 ms  SEARCH       rival=no d=9999 mm rumbo=-3000 cdeg  linea=0x0
[gelatina] t=  520 ms  TRACK        rival=si d=  40 mm rumbo=+3000 cdeg  linea=0x0
[gelatina] t=  528 ms  ATTACK       rival=si d=  40 mm rumbo=+3000 cdeg  linea=0x0
[gelatina] t=  664 ms  SEARCH       rival=no d=9999 mm rumbo=+3000 cdeg  linea=0x0
[gelatina] t=  792 ms  TRACK        rival=si d=  76 mm rumbo=-3000 cdeg  linea=0x0
[gelatina] t=  800 ms  ATTACK       rival=si d=  76 mm rumbo=-3000 cdeg  linea=0x0
[gelatina] t=  928 ms  SEARCH       rival=no d=9999 mm rumbo=-3000 cdeg  linea=0x0
[gelatina] t= 1056 ms  TRACK        rival=si d= 183 mm rumbo=-6000 cdeg  linea=0x0
WARNING: Contact joints between materials 'patin' and 'dohyo' will only be created for the 10 deepest contact points instead of all the 12 contact points.
[gelatina] t= 1384 ms  ATTACK       rival=si d= 107 mm rumbo=-6000 cdeg  linea=0x0
[gelatina] t= 1816 ms  SEARCH       rival=no d=9999 mm rumbo=+6000 cdeg  linea=0x0
[gelatina] t= 1880 ms  ATTACK       rival=si d=  56 mm rumbo=+3000 cdeg  linea=0x1
WARNING: DEF GELATINA GelatinaNuclear > HingeJoint "rueda_izq" > RotationalMotor "motor_izq": The requested motor torque -1.57185 exceeds 'maxTorque' = 0.25
WARNING: DEF GELATINA GelatinaNuclear > HingeJoint "rueda_izq" > RotationalMotor "motor_izq": The requested motor torque -0.731203 exceeds 'maxTorque' = 0.25
WARNING: Contact joints between materials 'patin' and 'dohyo' will only be created for the 10 deepest contact points instead of all the 28 contact points.
WARNING: DEF GELATINA GelatinaNuclear > HingeJoint "rueda_izq" > RotationalMotor "motor_izq": The requested motor torque -0.746993 exceeds 'maxTorque' = 0.25
[arbitro] asalto 16/30  frente   expulsado       -1   2.52 s
[inercia] asalto=16 robot=GELATINA rueda=0 rotor=2.09316995e-05
[inercia] asalto=16 robot=GELATINA rueda=1 rotor=2.24916315e-05
[inercia] asalto=16 robot=RIVAL rueda=0 rotor=3.16966429e-05
[inercia] asalto=16 robot=RIVAL rueda=1 rotor=1.66253652e-05
[planta] asalto=16 mu=1.26236883 slip=0.00149793386 aleatorio=1
[gelatina] fin de asalto motor={"battery_v":7.92331553,"resistance_ohm":[4.34779153,4.21256671],"bridge_ohm":[0.585208619,0.508760369],"omega_rad_s":[69.6686477,105.825791],"current_a":[0.465082362,-1.07035022],"torque_nm":[0.0138154831,-0.0594636844],"applied_pwm":[1,0.506358385],"over_1_2a_samples":1789,"over_3_2a_samples":4}
[gelatina] t=    0 ms  WAIT         rival=no d=9999 mm rumbo=-2652 cdeg  linea=0x0
[rival] fin de asalto motor={"battery_v":7.29594277,"resistance_ohm":[3.91814804,4.23928041],"bridge_ohm":[0.694918168,0.518798161],"omega_rad_s":[0.00932739759,-2.84601285e-05],"current_a":[-0.00015647857,4.69104177e-07],"torque_nm":[-4.60461235e-05,1.88462168e-07],"applied_pwm":[0,0],"over_1_2a_samples":0,"over_3_2a_samples":0}
[arranque] pulsador=180120 permiso=185120 ms
[planta] gelatina ciclo=18 rueda=0 V=7.95930433 R=4.19865294 Rpuente=0.544870961 I0=0.147086406 Ke=0.0916978946 Kt=0.0483794733
[planta] gelatina ciclo=18 rueda=1 V=7.95930433 R=4.18027406 Rpuente=0.529776514 I0=0.0792041212 Ke=0.0778942518 Kt=0.0483794733
[sensores] gelatina ToF alcance=798.209214 minimo=40.773378 sigma_rel=0.108076124
[gelatina] pulsador recibido: permiso previsto 185120 ms
[planta] rival ciclo=18 rueda=0 V=7.81246369 R=3.69461522 Rpuente=0.516939795 I0=0.197135711 Ke=0.0663764302 Kt=0.0483794733
[planta] rival ciclo=18 rueda=1 V=7.81246369 R=3.95983534 Rpuente=0.695058787 I0=0.139133093 Ke=0.0787810917 Kt=0.0483794733
[sensores] rival ToF alcance=1259.21922 minimo=42.7517486 sigma_rel=0.0483312178
[gelatina] permiso de arranque a los 185120 ms
[gelatina] t=    0 ms  OPENING      rival=no d=9999 mm rumbo=-6000 cdeg  linea=0x0
[gelatina] t=   32 ms  TRACK        rival=si d= 160 mm rumbo=-6000 cdeg  linea=0x0
[gelatina] t=   64 ms  ATTACK       rival=si d= 117 mm rumbo=-6000 cdeg  linea=0x0
WARNING: Contact joints between materials 'patin' and 'dohyo' will only be created for the 10 deepest contact points instead of all the 12 contact points.
[gelatina] t=  760 ms  SEARCH       rival=no d=9999 mm rumbo=-3000 cdeg  linea=0x0
[gelatina] t=  952 ms  TRACK        rival=si d=  98 mm rumbo=+6000 cdeg  linea=0x0
[gelatina] t=  960 ms  ATTACK       rival=si d=  98 mm rumbo=+6000 cdeg  linea=0x0
[gelatina] t= 1088 ms  SEARCH       rival=no d=9999 mm rumbo=+6000 cdeg  linea=0x0
[gelatina] t= 1216 ms  TRACK        rival=si d=  63 mm rumbo=+6000 cdeg  linea=0x0
[gelatina] t= 1224 ms  ATTACK       rival=si d=  63 mm rumbo=+6000 cdeg  linea=0x0
[gelatina] t= 1456 ms  SEARCH       rival=no d=9999 mm rumbo=-6000 cdeg  linea=0x0
WARNING: Contact joints between materials 'patin' and 'dohyo' will only be created for the 10 deepest contact points instead of all the 16 contact points.
[gelatina] t= 1512 ms  TRACK        rival=si d=  86 mm rumbo=-6000 cdeg  linea=0x0
[gelatina] t= 1520 ms  ATTACK       rival=si d=  86 mm rumbo=-6000 cdeg  linea=0x0
[gelatina] t= 2080 ms  SEARCH       rival=no d=9999 mm rumbo=-3000 cdeg  linea=0x0
[gelatina] t= 2240 ms  TRACK        rival=si d=  87 mm rumbo=   +0 cdeg  linea=0x0
[gelatina] t= 2248 ms  ATTACK       rival=si d=  87 mm rumbo=   +0 cdeg  linea=0x0
[gelatina] t= 2408 ms  SEARCH       rival=no d=9999 mm rumbo=+3000 cdeg  linea=0x0
[gelatina] t= 2536 ms  TRACK        rival=si d=  71 mm rumbo=+4500 cdeg  linea=0x0
[gelatina] t= 2544 ms  ATTACK       rival=si d=  71 mm rumbo=+4500 cdeg  linea=0x0
[gelatina] t= 2744 ms  SEARCH       rival=no d=9999 mm rumbo=-4547 cdeg  linea=0x0
[gelatina] t= 2832 ms  TRACK        rival=si d=  89 mm rumbo=-6000 cdeg  linea=0x0
[gelatina] t= 2840 ms  ATTACK       rival=si d=  89 mm rumbo=-6000 cdeg  linea=0x0
WARNING: Contact joints between materials 'patin' and 'dohyo' will only be created for the 10 deepest contact points instead of all the 12 contact points.
[gelatina] t= 3632 ms  SEARCH       rival=no d=9999 mm rumbo=   +0 cdeg  linea=0x0
[gelatina] t= 3824 ms  TRACK        rival=si d=  58 mm rumbo=-6000 cdeg  linea=0x0
[gelatina] t= 3832 ms  ATTACK       rival=si d=  58 mm rumbo=-6000 cdeg  linea=0x0
[gelatina] t= 3960 ms  SEARCH       rival=no d=9999 mm rumbo=-6000 cdeg  linea=0x0
WARNING: Contact joints between materials 'patin' and 'dohyo' will only be created for the 10 deepest contact points instead of all the 12 contact points.
[gelatina] t= 4120 ms  TRACK        rival=si d=  64 mm rumbo=-4547 cdeg  linea=0x0
[gelatina] t= 4128 ms  ATTACK       rival=si d=  64 mm rumbo=-4547 cdeg  linea=0x0
[gelatina] t= 4320 ms  SEARCH       rival=no d=9999 mm rumbo=+4515 cdeg  linea=0x0
[gelatina] t= 4384 ms  TRACK        rival=si d= 102 mm rumbo=+6000 cdeg  linea=0x0
[gelatina] t= 4392 ms  ATTACK       rival=si d= 102 mm rumbo=+6000 cdeg  linea=0x0
[gelatina] t= 4624 ms  SEARCH       rival=no d=9999 mm rumbo=-6000 cdeg  linea=0x0
[gelatina] t= 4712 ms  TRACK        rival=si d=  80 mm rumbo=-6000 cdeg  linea=0x0
[gelatina] t= 4720 ms  ATTACK       rival=si d=  80 mm rumbo=-6000 cdeg  linea=0x0
[gelatina] t= 4920 ms  SEARCH       rival=no d=9999 mm rumbo=+4497 cdeg  linea=0x0
[gelatina] t= 4976 ms  TRACK        rival=si d= 102 mm rumbo=+6000 cdeg  linea=0x0
[gelatina] t= 4984 ms  ATTACK       rival=si d= 102 mm rumbo=+6000 cdeg  linea=0x0
[gelatina] t= 5216 ms  SEARCH       rival=no d=9999 mm rumbo=-6000 cdeg  linea=0x0
[gelatina] t= 5312 ms  TRACK        rival=si d=  60 mm rumbo=-4513 cdeg  linea=0x0
[gelatina] t= 5320 ms  ATTACK       rival=si d=  60 mm rumbo=-4513 cdeg  linea=0x0
WARNING: Contact joints between materials 'patin' and 'dohyo' will only be created for the 10 deepest contact points instead of all the 16 contact points.
[gelatina] t= 5512 ms  SEARCH       rival=no d=9999 mm rumbo=+4503 cdeg  linea=0x0
[gelatina] t= 5568 ms  TRACK        rival=si d=  85 mm rumbo=+6000 cdeg  linea=0x0
[gelatina] t= 5576 ms  ATTACK       rival=si d=  85 mm rumbo=+6000 cdeg  linea=0x0
[gelatina] t= 5840 ms  SEARCH       rival=no d=9999 mm rumbo=-6000 cdeg  linea=0x0
[gelatina] t= 5872 ms  TRACK        rival=si d=  93 mm rumbo=-6000 cdeg  linea=0x0
[gelatina] t= 5880 ms  ATTACK       rival=si d=  93 mm rumbo=-6000 cdeg  linea=0x0
[gelatina] t= 6104 ms  SEARCH       rival=no d=9999 mm rumbo=   +0 cdeg  linea=0x0
[gelatina] t= 6264 ms  TRACK        rival=si d=  44 mm rumbo=-3000 cdeg  linea=0x0
[gelatina] t= 6272 ms  ATTACK       rival=si d=  44 mm rumbo=-3000 cdeg  linea=0x0
WARNING: Contact joints between materials 'rueda' and 'dohyo' will only be created for the 10 deepest contact points instead of all the 11 contact points.
[gelatina] t= 6440 ms  SEARCH       rival=no d=9999 mm rumbo=-6000 cdeg  linea=0x0
[gelatina] t= 6528 ms  TRACK        rival=si d=  45 mm rumbo=-6000 cdeg  linea=0x0
[gelatina] t= 6536 ms  ATTACK       rival=si d=  45 mm rumbo=-6000 cdeg  linea=0x0
[gelatina] t= 6736 ms  SEARCH       rival=no d=9999 mm rumbo=   +0 cdeg  linea=0x0
[gelatina] t= 6928 ms  TRACK        rival=si d= 133 mm rumbo=+6000 cdeg  linea=0x0
[gelatina] t= 6960 ms  ATTACK       rival=si d= 118 mm rumbo=+3000 cdeg  linea=0x0
[gelatina] t= 7160 ms  SEARCH       rival=no d=9999 mm rumbo=-6000 cdeg  linea=0x0
[gelatina] t= 7224 ms  TRACK        rival=si d= 203 mm rumbo=-6000 cdeg  linea=0x0
[gelatina] t= 7256 ms  ATTACK       rival=si d= 115 mm rumbo=-4517 cdeg  linea=0x0
WARNING: Contact joints between materials 'patin' and 'dohyo' will only be created for the 10 deepest contact points instead of all the 43 contact points.
[gelatina] t= 7720 ms  SEARCH       rival=no d=9999 mm rumbo=+3000 cdeg  linea=0x0
[gelatina] t= 7944 ms  TRACK        rival=si d=  76 mm rumbo=+6000 cdeg  linea=0x0
[gelatina] t= 7952 ms  ATTACK       rival=si d=  76 mm rumbo=+6000 cdeg  linea=0x0
[gelatina] t= 8184 ms  SEARCH       rival=no d=9999 mm rumbo=-6000 cdeg  linea=0x0
[gelatina] t= 8280 ms  TRACK        rival=si d=  70 mm rumbo=-4531 cdeg  linea=0x0
[gelatina] t= 8288 ms  ATTACK       rival=si d=  70 mm rumbo=-4531 cdeg  linea=0x0
[gelatina] t= 8480 ms  SEARCH       rival=no d=9999 mm rumbo=+4498 cdeg  linea=0x0
[gelatina] t= 8544 ms  TRACK        rival=si d=  75 mm rumbo=+6000 cdeg  linea=0x0
[gelatina] t= 8552 ms  ATTACK       rival=si d=  75 mm rumbo=+6000 cdeg  linea=0x0
[gelatina] t= 8816 ms  SEARCH       rival=no d=9999 mm rumbo=-6000 cdeg  linea=0x0
[gelatina] t= 8840 ms  TRACK        rival=si d=  58 mm rumbo=-6000 cdeg  linea=0x0
[gelatina] t= 8848 ms  ATTACK       rival=si d=  58 mm rumbo=-6000 cdeg  linea=0x0
WARNING: Contact joints between materials 'patin' and 'dohyo' will only be created for the 10 deepest contact points instead of all the 12 contact points.
[gelatina] t= 9040 ms  SEARCH       rival=no d=9999 mm rumbo=   +0 cdeg  linea=0x0
[gelatina] t= 9104 ms  TRACK        rival=si d=  45 mm rumbo=+3000 cdeg  linea=0x0
[gelatina] t= 9112 ms  ATTACK       rival=si d=  45 mm rumbo=+3000 cdeg  linea=0x0
[gelatina] t= 9336 ms  SEARCH       rival=no d=9999 mm rumbo=   +0 cdeg  linea=0x1
[gelatina] t= 9432 ms  TRACK        rival=si d= 168 mm rumbo=+3067 cdeg  linea=0x2
[arbitro] asalto 17/30  lado     rival fuera     +1   9.45 s
[inercia] asalto=17 robot=GELATINA rueda=0 rotor=2.68466882e-05
[inercia] asalto=17 robot=GELATINA rueda=1 rotor=1.11827908e-05
[inercia] asalto=17 robot=RIVAL rueda=0 rotor=1.69576362e-05
[inercia] asalto=17 robot=RIVAL rueda=1 rotor=1.48041093e-05
[planta] asalto=17 mu=0.6016011 slip=0.000702346206 aleatorio=1
WARNING: DEF RIVAL GelatinaNuclear > HingeJoint "rueda_izq" > Solid "rueda_izq": Webots has detected that this solid is light and oblong according to its inertia matrix. This belongs in the physics edge cases, and can imply weird physical results. Increasing the weight of the object or reducing its eccentricity are recommended.
[gelatina] fin de asalto motor={"battery_v":7.95930433,"resistance_ohm":[4.19865294,4.18027406],"bridge_ohm":[0.544870961,0.529776514],"omega_rad_s":[-43.7203446,94.2156227],"current_a":[0.128353646,0.131728713],"torque_nm":[0.0133256446,0.00254111207],"applied_pwm":[-0.427200019,1],"over_1_2a_samples":2029,"over_3_2a_samples":4}
[gelatina] t=    0 ms  WAIT         rival=no d=9999 mm rumbo=+3067 cdeg  linea=0x0
[rival] fin de asalto motor={"battery_v":7.81246369,"resistance_ohm":[3.69461522,3.95983534],"bridge_ohm":[0.516939795,0.695058787],"omega_rad_s":[-0.875071275,1.13733205],"current_a":[0.013791606,-0.019248614],"torque_nm":[0.00738094788,-0.00640715004],"applied_pwm":[0,0],"over_1_2a_samples":0,"over_3_2a_samples":0}
[planta] gelatina ciclo=19 rueda=0 V=7.99312286 R=3.75926223 Rpuente=0.556766689 I0=0.092445606 Ke=0.0913266611 Kt=0.0483794733
[planta] gelatina ciclo=19 rueda=1 V=7.99312286 R=4.15530663 Rpuente=0.605963027 I0=0.199956885 Ke=0.0937386803 Kt=0.0483794733
[sensores] gelatina ToF alcance=748.942816 minimo=46.7568409 sigma_rel=0.0653921938
[gelatina] pulsador recibido: permiso previsto 199880 ms
[planta] rival ciclo=19 rueda=0 V=7.5843847 R=3.91543999 Rpuente=0.586867845 I0=0.195023435 Ke=0.0806786317 Kt=0.0483794733
[planta] rival ciclo=19 rueda=1 V=7.5843847 R=4.33976283 Rpuente=0.592389929 I0=0.0760527223 Ke=0.0980154323 Kt=0.0483794733
[arranque] pulsador=194880 permiso=199880 ms
[sensores] rival ToF alcance=1366.31159 minimo=24.62511 sigma_rel=0.0926982117
[gelatina] permiso de arranque a los 199880 ms
[gelatina] t=    0 ms  OPENING      rival=no d=9999 mm rumbo=+3067 cdeg  linea=0x0
[gelatina] t=  112 ms  SEARCH       rival=no d=9999 mm rumbo=+3067 cdeg  linea=0x0
WARNING: Contact joints between materials 'patin' and 'dohyo' will only be created for the 10 deepest contact points instead of all the 13 contact points.
[gelatina] t=  328 ms  TRACK        rival=si d= 121 mm rumbo=+6000 cdeg  linea=0x0
[gelatina] t=  336 ms  ATTACK       rival=si d= 121 mm rumbo=+6000 cdeg  linea=0x0
[gelatina] t=  560 ms  SEARCH       rival=no d=9999 mm rumbo=-6000 cdeg  linea=0x0
[gelatina] t=  688 ms  TRACK        rival=si d=  88 mm rumbo=-4532 cdeg  linea=0x0
[gelatina] t=  696 ms  ATTACK       rival=si d=  88 mm rumbo=-4532 cdeg  linea=0x0
[gelatina] t=  888 ms  SEARCH       rival=no d=9999 mm rumbo=+4550 cdeg  linea=0x0
[gelatina] t= 1016 ms  TRACK        rival=si d= 103 mm rumbo=+4515 cdeg  linea=0x0
[gelatina] t= 1024 ms  ATTACK       rival=si d= 103 mm rumbo=+4515 cdeg  linea=0x0
[gelatina] t= 1224 ms  SEARCH       rival=no d=9999 mm rumbo=-4528 cdeg  linea=0x0
[gelatina] t= 1320 ms  TRACK        rival=si d= 113 mm rumbo=-6000 cdeg  linea=0x0
[gelatina] t= 1328 ms  ATTACK       rival=si d= 113 mm rumbo=-6000 cdeg  linea=0x0
[gelatina] t= 1552 ms  SEARCH       rival=no d=9999 mm rumbo=+4534 cdeg  linea=0x0
[gelatina] t= 1648 ms  TRACK        rival=si d= 103 mm rumbo=+6000 cdeg  linea=0x0
[gelatina] t= 1656 ms  ATTACK       rival=si d= 103 mm rumbo=+6000 cdeg  linea=0x0
[gelatina] t= 1880 ms  SEARCH       rival=no d=9999 mm rumbo=-4510 cdeg  linea=0x0
[gelatina] t= 1976 ms  TRACK        rival=si d=  92 mm rumbo=-6000 cdeg  linea=0x0
[gelatina] t= 1984 ms  ATTACK       rival=si d=  92 mm rumbo=-6000 cdeg  linea=0x0
WARNING: Contact joints between materials 'patin' and 'dohyo' will only be created for the 10 deepest contact points instead of all the 17 contact points.
[gelatina] t= 2208 ms  SEARCH       rival=no d=9999 mm rumbo=+4547 cdeg  linea=0x0
[gelatina] t= 2304 ms  TRACK        rival=si d=  99 mm rumbo=+6000 cdeg  linea=0x0
[gelatina] t= 2312 ms  ATTACK       rival=si d=  99 mm rumbo=+6000 cdeg  linea=0x0
[gelatina] t= 2576 ms  SEARCH       rival=no d=9999 mm rumbo=-6000 cdeg  linea=0x0
[gelatina] t= 2640 ms  TRACK        rival=si d=  65 mm rumbo=-6000 cdeg  linea=0x0
[gelatina] t= 2648 ms  ATTACK       rival=si d=  65 mm rumbo=-6000 cdeg  linea=0x0
[gelatina] t= 2904 ms  SEARCH       rival=no d=9999 mm rumbo=+6000 cdeg  linea=0x0
[gelatina] t= 2968 ms  TRACK        rival=si d=  61 mm rumbo=+6000 cdeg  linea=0x0
[gelatina] t= 2976 ms  ATTACK       rival=si d=  61 mm rumbo=+6000 cdeg  linea=0x0
WARNING: Contact joints between materials 'patin' and 'dohyo' will only be created for the 10 deepest contact points instead of all the 12 contact points.
[gelatina] t= 3200 ms  SEARCH       rival=no d=9999 mm rumbo=-3047 cdeg  linea=0x0
[gelatina] t= 3328 ms  TRACK        rival=si d=  49 mm rumbo=-3000 cdeg  linea=0x0
[gelatina] t= 3336 ms  ATTACK       rival=si d=  49 mm rumbo=-3000 cdeg  linea=0x0
[gelatina] t= 3560 ms  SEARCH       rival=no d=9999 mm rumbo=+6000 cdeg  linea=0x0
[gelatina] t= 3688 ms  TRACK        rival=si d=  81 mm rumbo=+6000 cdeg  linea=0x0
[gelatina] t= 3696 ms  ATTACK       rival=si d=  81 mm rumbo=+6000 cdeg  linea=0x0
[gelatina] t= 3928 ms  SEARCH       rival=no d=9999 mm rumbo=-6000 cdeg  linea=0x0
[gelatina] t= 3992 ms  TRACK        rival=si d=  54 mm rumbo=-6000 cdeg  linea=0x0
[gelatina] t= 4000 ms  ATTACK       rival=si d=  54 mm rumbo=-6000 cdeg  linea=0x0
[gelatina] t= 4224 ms  SEARCH       rival=no d=9999 mm rumbo=+3000 cdeg  linea=0x0
WARNING: Contact joints between materials 'patin' and 'dohyo' will only be created for the 10 deepest contact points instead of all the 14 contact points.
[gelatina] t= 4416 ms  TRACK        rival=si d=  97 mm rumbo=+4522 cdeg  linea=0x0
[gelatina] t= 4424 ms  ATTACK       rival=si d=  97 mm rumbo=+4522 cdeg  linea=0x0
[gelatina] t= 4624 ms  SEARCH       rival=no d=9999 mm rumbo=-4518 cdeg  linea=0x0
[gelatina] t= 4712 ms  TRACK        rival=si d= 113 mm rumbo=-6000 cdeg  linea=0x0
[gelatina] t= 4720 ms  ATTACK       rival=si d= 113 mm rumbo=-6000 cdeg  linea=0x0
[gelatina] t= 4952 ms  SEARCH       rival=no d=9999 mm rumbo=+6000 cdeg  linea=0x0
[gelatina] t= 5080 ms  TRACK        rival=si d= 108 mm rumbo=+4498 cdeg  linea=0x0
[gelatina] t= 5088 ms  ATTACK       rival=si d= 108 mm rumbo=+4498 cdeg  linea=0x0
[gelatina] t= 5312 ms  SEARCH       rival=no d=9999 mm rumbo=-6000 cdeg  linea=0x0
[gelatina] t= 5408 ms  TRACK        rival=si d= 111 mm rumbo=-6000 cdeg  linea=0x0
[gelatina] t= 5416 ms  ATTACK       rival=si d= 111 mm rumbo=-6000 cdeg  linea=0x0
WARNING: Contact joints between materials 'patin' and 'dohyo' will only be created for the 10 deepest contact points instead of all the 11 contact points.
[gelatina] t= 5640 ms  SEARCH       rival=no d=9999 mm rumbo=+4516 cdeg  linea=0x0
[gelatina] t= 5736 ms  TRACK        rival=si d= 121 mm rumbo=+6000 cdeg  linea=0x0
[gelatina] t= 5744 ms  ATTACK       rival=si d= 121 mm rumbo=+6000 cdeg  linea=0x0
[gelatina] t= 6336 ms  SEARCH       rival=no d=9999 mm rumbo=+3000 cdeg  linea=0x0
[gelatina] t= 6400 ms  TRACK        rival=si d=  48 mm rumbo=+6000 cdeg  linea=0x0
[gelatina] t= 6408 ms  ATTACK       rival=si d=  48 mm rumbo=+6000 cdeg  linea=0x0
WARNING: Contact joints between materials 'rueda' and 'dohyo' will only be created for the 10 deepest contact points instead of all the 14 contact points.
[gelatina] t= 6632 ms  SEARCH       rival=no d=9999 mm rumbo=   +0 cdeg  linea=0x0
[gelatina] t= 6992 ms  TRACK        rival=si d=  66 mm rumbo=+6000 cdeg  linea=0x0
[gelatina] t= 7000 ms  ATTACK       rival=si d=  66 mm rumbo=+6000 cdeg  linea=0x0
[gelatina] t= 7128 ms  SEARCH       rival=no d=9999 mm rumbo=+6000 cdeg  linea=0x0
[gelatina] t= 7424 ms  TRACK        rival=si d=  59 mm rumbo=+3000 cdeg  linea=0x0
[gelatina] t= 7432 ms  ATTACK       rival=si d=  59 mm rumbo=+3000 cdeg  linea=0x0
WARNING: Contact joints between materials 'rueda' and 'dohyo' will only be created for the 10 deepest contact points instead of all the 18 contact points.
[gelatina] t= 7560 ms  SEARCH       rival=no d=9999 mm rumbo=+3000 cdeg  linea=0x0
[gelatina] t= 7720 ms  TRACK        rival=si d=  71 mm rumbo=+6000 cdeg  linea=0x0
[gelatina] t= 7728 ms  ATTACK       rival=si d=  71 mm rumbo=+6000 cdeg  linea=0x0
[gelatina] t= 8280 ms  SEARCH       rival=no d=9999 mm rumbo=   +0 cdeg  linea=0x0
[gelatina] t= 8440 ms  TRACK        rival=si d=  81 mm rumbo=+3000 cdeg  linea=0x0
[gelatina] t= 8448 ms  ATTACK       rival=si d=  81 mm rumbo=+3000 cdeg  linea=0x0
WARNING: Contact joints between materials 'patin' and 'dohyo' will only be created for the 10 deepest contact points instead of all the 12 contact points.
[gelatina] t= 8680 ms  SEARCH       rival=no d=9999 mm rumbo=-3000 cdeg  linea=0x0
[gelatina] t= 9040 ms  TRACK        rival=si d=  67 mm rumbo=+3000 cdeg  linea=0x0
[gelatina] t= 9048 ms  ATTACK       rival=si d=  67 mm rumbo=+3000 cdeg  linea=0x0
[gelatina] t= 9176 ms  SEARCH       rival=no d=9999 mm rumbo=+3000 cdeg  linea=0x0
[gelatina] t= 9336 ms  TRACK        rival=si d=  67 mm rumbo=+6000 cdeg  linea=0x0
[gelatina] t= 9344 ms  ATTACK       rival=si d=  67 mm rumbo=+6000 cdeg  linea=0x4
[gelatina] t= 9640 ms  SEARCH       rival=no d=9999 mm rumbo=-3000 cdeg  linea=0x0
WARNING: Contact joints between materials 'patin' and 'dohyo' will only be created for the 10 deepest contact points instead of all the 15 contact points.
[gelatina] t= 9768 ms  TRACK        rival=si d=  60 mm rumbo=-4526 cdeg  linea=0x0
[gelatina] t= 9776 ms  ATTACK       rival=si d=  60 mm rumbo=-4526 cdeg  linea=0x0
[gelatina] t=10000 ms  SEARCH       rival=no d=9999 mm rumbo=+6000 cdeg  linea=0x0
[gelatina] t=10096 ms  TRACK        rival=si d= 123 mm rumbo=+6000 cdeg  linea=0x0
[gelatina] t=10104 ms  ATTACK       rival=si d= 123 mm rumbo=+6000 cdeg  linea=0x0
[gelatina] t=10328 ms  SEARCH       rival=no d=9999 mm rumbo=-4520 cdeg  linea=0x0
[gelatina] t=10424 ms  TRACK        rival=si d=  82 mm rumbo=-6000 cdeg  linea=0x0
[gelatina] t=10432 ms  ATTACK       rival=si d=  82 mm rumbo=-6000 cdeg  linea=0x0
[gelatina] t=10688 ms  SEARCH       rival=no d=9999 mm rumbo=+6000 cdeg  linea=0x0
[gelatina] t=10752 ms  TRACK        rival=si d=  95 mm rumbo=+6000 cdeg  linea=0x0
[gelatina] t=10760 ms  ATTACK       rival=si d=  95 mm rumbo=+6000 cdeg  linea=0x0
WARNING: Contact joints between materials 'patin' and 'dohyo' will only be created for the 10 deepest contact points instead of all the 13 contact points.
[gelatina] t=11024 ms  SEARCH       rival=no d=9999 mm rumbo=-4546 cdeg  linea=0x0
[gelatina] t=11088 ms  TRACK        rival=si d=  60 mm rumbo=-6000 cdeg  linea=0x0
[gelatina] t=11096 ms  ATTACK       rival=si d=  60 mm rumbo=-6000 cdeg  linea=0x0
[gelatina] t=11352 ms  SEARCH       rival=no d=9999 mm rumbo=+3000 cdeg  linea=0x0
[gelatina] t=11512 ms  TRACK        rival=si d=  76 mm rumbo=+6000 cdeg  linea=0x0
[gelatina] t=11520 ms  ATTACK       rival=si d=  76 mm rumbo=+6000 cdeg  linea=0x0
[gelatina] t=11752 ms  SEARCH       rival=no d=9999 mm rumbo=-6000 cdeg  linea=0x0
[gelatina] t=11840 ms  TRACK        rival=si d=  70 mm rumbo=-4539 cdeg  linea=0x0
[gelatina] t=11848 ms  ATTACK       rival=si d=  70 mm rumbo=-4539 cdeg  linea=0x0
[gelatina] t=12080 ms  SEARCH       rival=no d=9999 mm rumbo=+6000 cdeg  linea=0x0
[gelatina] t=12168 ms  TRACK        rival=si d=  91 mm rumbo=+6000 cdeg  linea=0x0
[gelatina] t=12176 ms  ATTACK       rival=si d=  91 mm rumbo=+6000 cdeg  linea=0x0
[gelatina] t=12440 ms  SEARCH       rival=no d=9999 mm rumbo=-6000 cdeg  linea=0x0
WARNING: Contact joints between materials 'patin' and 'dohyo' will only be created for the 10 deepest contact points instead of all the 15 contact points.
[gelatina] t=12504 ms  TRACK        rival=si d=  84 mm rumbo=-6000 cdeg  linea=0x0
[gelatina] t=12512 ms  ATTACK       rival=si d=  84 mm rumbo=-6000 cdeg  linea=0x0
[gelatina] t=12768 ms  SEARCH       rival=no d=9999 mm rumbo=+3000 cdeg  linea=0x0
[gelatina] t=12896 ms  TRACK        rival=si d= 116 mm rumbo=+6000 cdeg  linea=0x0
[gelatina] t=12904 ms  ATTACK       rival=si d= 116 mm rumbo=+6000 cdeg  linea=0x0
[gelatina] t=13136 ms  SEARCH       rival=no d=9999 mm rumbo=-6000 cdeg  linea=0x0
[gelatina] t=13232 ms  TRACK        rival=si d=  83 mm rumbo=-6000 cdeg  linea=0x0
[gelatina] t=13240 ms  ATTACK       rival=si d=  83 mm rumbo=-6000 cdeg  linea=0x0
[gelatina] t=13464 ms  SEARCH       rival=no d=9999 mm rumbo=+6000 cdeg  linea=0x0
WARNING: Contact joints between materials 'rueda' and 'dohyo' will only be created for the 10 deepest contact points instead of all the 13 contact points.
[gelatina] t=13592 ms  TRACK        rival=si d=  97 mm rumbo=+4498 cdeg  linea=0x0
[gelatina] t=13600 ms  ATTACK       rival=si d=  97 mm rumbo=+4498 cdeg  linea=0x0
[gelatina] t=13792 ms  SEARCH       rival=no d=9999 mm rumbo=-4530 cdeg  linea=0x0
[gelatina] t=13888 ms  TRACK        rival=si d= 118 mm rumbo=-6000 cdeg  linea=0x0
[gelatina] t=13896 ms  ATTACK       rival=si d= 118 mm rumbo=-6000 cdeg  linea=0x0
[gelatina] t=14120 ms  SEARCH       rival=no d=9999 mm rumbo=+6000 cdeg  linea=0x0
[gelatina] t=14248 ms  TRACK        rival=si d=  93 mm rumbo=+4549 cdeg  linea=0x0
[gelatina] t=14256 ms  ATTACK       rival=si d=  93 mm rumbo=+4549 cdeg  linea=0x0
[gelatina] t=14456 ms  SEARCH       rival=no d=9999 mm rumbo=-4536 cdeg  linea=0x0
[gelatina] t=14552 ms  TRACK        rival=si d= 105 mm rumbo=-6000 cdeg  linea=0x0
[gelatina] t=14560 ms  ATTACK       rival=si d= 105 mm rumbo=-6000 cdeg  linea=0x0
WARNING: Contact joints between materials 'rueda' and 'dohyo' will only be created for the 10 deepest contact points instead of all the 20 contact points.
[gelatina] t=14784 ms  SEARCH       rival=no d=9999 mm rumbo=+6000 cdeg  linea=0x0
[gelatina] t=14880 ms  TRACK        rival=si d= 121 mm rumbo=+6000 cdeg  linea=0x0
[gelatina] t=14888 ms  ATTACK       rival=si d= 121 mm rumbo=+6000 cdeg  linea=0x0
[gelatina] t=15152 ms  SEARCH       rival=no d=9999 mm rumbo=-6000 cdeg  linea=0x0
[gelatina] t=15208 ms  TRACK        rival=si d= 109 mm rumbo=-6000 cdeg  linea=0x0
[gelatina] t=15216 ms  ATTACK       rival=si d= 109 mm rumbo=-6000 cdeg  linea=0x0
[gelatina] t=15480 ms  SEARCH       rival=no d=9999 mm rumbo=+6000 cdeg  linea=0x0
[gelatina] t=15568 ms  TRACK        rival=si d=  83 mm rumbo=+6000 cdeg  linea=0x0
[gelatina] t=15576 ms  ATTACK       rival=si d=  83 mm rumbo=+6000 cdeg  linea=0x0
[gelatina] t=15808 ms  SEARCH       rival=no d=9999 mm rumbo=-6000 cdeg  linea=0x0
[gelatina] t=15872 ms  TRACK        rival=si d=  99 mm rumbo=-6000 cdeg  linea=0x0
[gelatina] t=15880 ms  ATTACK       rival=si d=  99 mm rumbo=-6000 cdeg  linea=0x0
WARNING: Contact joints between materials 'patin' and 'dohyo' will only be created for the 10 deepest contact points instead of all the 12 contact points.
[gelatina] t=16136 ms  SEARCH       rival=no d=9999 mm rumbo=+4530 cdeg  linea=0x0
[gelatina] t=16232 ms  TRACK        rival=si d=  70 mm rumbo=+6000 cdeg  linea=0x0
[gelatina] t=16240 ms  ATTACK       rival=si d=  70 mm rumbo=+6000 cdeg  linea=0x0
[gelatina] t=16504 ms  SEARCH       rival=no d=9999 mm rumbo=-6000 cdeg  linea=0x0
[gelatina] t=16592 ms  TRACK        rival=si d=  51 mm rumbo=-4501 cdeg  linea=0x0
[gelatina] t=16600 ms  ATTACK       rival=si d=  51 mm rumbo=-4501 cdeg  linea=0x0
[gelatina] t=16768 ms  SEARCH       rival=no d=9999 mm rumbo=+3000 cdeg  linea=0x0
[gelatina] t=16920 ms  TRACK        rival=si d=  62 mm rumbo=+6000 cdeg  linea=0x0
[gelatina] t=16928 ms  ATTACK       rival=si d=  62 mm rumbo=+4532 cdeg  linea=0x0
WARNING: Contact joints between materials 'patin' and 'dohyo' will only be created for the 10 deepest contact points instead of all the 14 contact points.
[gelatina] t=17160 ms  SEARCH       rival=no d=9999 mm rumbo=-6000 cdeg  linea=0x0
[gelatina] t=17256 ms  TRACK        rival=si d=  50 mm rumbo=-4521 cdeg  linea=0x0
[gelatina] t=17264 ms  ATTACK       rival=si d=  50 mm rumbo=-4521 cdeg  linea=0x0
[gelatina] t=17456 ms  SEARCH       rival=no d=9999 mm rumbo=+4500 cdeg  linea=0x0
[gelatina] t=17584 ms  TRACK        rival=si d=  71 mm rumbo=+6000 cdeg  linea=0x0
[gelatina] t=17592 ms  ATTACK       rival=si d=  71 mm rumbo=+6000 cdeg  linea=0x0
[gelatina] t=17824 ms  SEARCH       rival=no d=9999 mm rumbo=-6000 cdeg  linea=0x0
[gelatina] t=17912 ms  TRACK        rival=si d=  79 mm rumbo=-6000 cdeg  linea=0x0
[gelatina] t=17920 ms  ATTACK       rival=si d=  79 mm rumbo=-6000 cdeg  linea=0x0
WARNING: Contact joints between materials 'patin' and 'dohyo' will only be created for the 10 deepest contact points instead of all the 30 contact points.
[gelatina] t=18152 ms  SEARCH       rival=no d=9999 mm rumbo=+6000 cdeg  linea=0x0
[gelatina] t=18280 ms  TRACK        rival=si d=  75 mm rumbo=+4492 cdeg  linea=0x0
[gelatina] t=18288 ms  ATTACK       rival=si d=  75 mm rumbo=+4492 cdeg  linea=0x0
[gelatina] t=18512 ms  SEARCH       rival=no d=9999 mm rumbo=-6000 cdeg  linea=0x0
[gelatina] t=18608 ms  TRACK        rival=si d=  71 mm rumbo=-6000 cdeg  linea=0x0
[gelatina] t=18616 ms  ATTACK       rival=si d=  71 mm rumbo=-6000 cdeg  linea=0x0
[gelatina] t=18840 ms  SEARCH       rival=no d=9999 mm rumbo=+6000 cdeg  linea=0x0
[gelatina] t=18936 ms  TRACK        rival=si d=  77 mm rumbo=+6000 cdeg  linea=0x0
[gelatina] t=18944 ms  ATTACK       rival=si d=  77 mm rumbo=+6000 cdeg  linea=0x0
[gelatina] t=19176 ms  SEARCH       rival=no d=9999 mm rumbo=-6000 cdeg  linea=0x0
[gelatina] t=19272 ms  TRACK        rival=si d=  61 mm rumbo=-6000 cdeg  linea=0x0
[gelatina] t=19280 ms  ATTACK       rival=si d=  61 mm rumbo=-6000 cdeg  linea=0x0
[gelatina] t=19504 ms  SEARCH       rival=no d=9999 mm rumbo=+6000 cdeg  linea=0x0
[gelatina] t=19600 ms  TRACK        rival=si d= 100 mm rumbo=+6000 cdeg  linea=0x0
[gelatina] t=19608 ms  ATTACK       rival=si d= 100 mm rumbo=+6000 cdeg  linea=0x0
[gelatina] t=19832 ms  SEARCH       rival=no d=9999 mm rumbo=-6000 cdeg  linea=0x0
[gelatina] t=19928 ms  TRACK        rival=si d=  80 mm rumbo=-6000 cdeg  linea=0x0
WARNING: Contact joints between materials 'patin' and 'dohyo' will only be created for the 10 deepest contact points instead of all the 15 contact points.
[gelatina] t=19936 ms  ATTACK       rival=si d=  80 mm rumbo=-6000 cdeg  linea=0x0
[gelatina] t=20232 ms  SEARCH       rival=no d=9999 mm rumbo=+6000 cdeg  linea=0x0
[gelatina] t=20320 ms  TRACK        rival=si d=  91 mm rumbo=+6000 cdeg  linea=0x0
[gelatina] t=20328 ms  ATTACK       rival=si d=  91 mm rumbo=+6000 cdeg  linea=0x0
[gelatina] t=20592 ms  SEARCH       rival=no d=9999 mm rumbo=-6000 cdeg  linea=0x0
[gelatina] t=20624 ms  TRACK        rival=si d=  78 mm rumbo=-6000 cdeg  linea=0x0
[gelatina] t=20632 ms  ATTACK       rival=si d=  78 mm rumbo=-6000 cdeg  linea=0x0
[gelatina] t=20792 ms  SEARCH       rival=no d=9999 mm rumbo=-6000 cdeg  linea=0x0
[gelatina] t=21048 ms  TRACK        rival=si d=  79 mm rumbo=-3000 cdeg  linea=0x0
[gelatina] t=21056 ms  ATTACK       rival=si d=  79 mm rumbo=-3000 cdeg  linea=0x0
WARNING: Contact joints between materials 'patin' and 'dohyo' will only be created for the 10 deepest contact points instead of all the 12 contact points.
[gelatina] t=21288 ms  SEARCH       rival=no d=9999 mm rumbo=+3000 cdeg  linea=0x0
[gelatina] t=21408 ms  TRACK        rival=si d=  51 mm rumbo=+6000 cdeg  linea=0x0
[gelatina] t=21416 ms  ATTACK       rival=si d=  51 mm rumbo=+6000 cdeg  linea=0x0
[gelatina] t=21616 ms  SEARCH       rival=no d=9999 mm rumbo=-1509 cdeg  linea=0x0
[gelatina] t=21808 ms  TRACK        rival=si d=  68 mm rumbo=-6000 cdeg  linea=0x0
[gelatina] t=21816 ms  ATTACK       rival=si d=  68 mm rumbo=-6000 cdeg  linea=0x0
[gelatina] t=22040 ms  SEARCH       rival=no d=9999 mm rumbo=+6000 cdeg  linea=0x0
[gelatina] t=22168 ms  TRACK        rival=si d=  76 mm rumbo=+6000 cdeg  linea=0x0
[gelatina] t=22176 ms  ATTACK       rival=si d=  76 mm rumbo=+6000 cdeg  linea=0x0
[gelatina] t=22408 ms  SEARCH       rival=no d=9999 mm rumbo=-6000 cdeg  linea=0x0
[gelatina] t=22472 ms  TRACK        rival=si d=  74 mm rumbo=-6000 cdeg  linea=0x0
[gelatina] t=22480 ms  ATTACK       rival=si d=  74 mm rumbo=-6000 cdeg  linea=0x0
[gelatina] t=22736 ms  SEARCH       rival=no d=9999 mm rumbo=+6000 cdeg  linea=0x0
WARNING: Contact joints between materials 'patin' and 'dohyo' will only be created for the 10 deepest contact points instead of all the 13 contact points.
[gelatina] t=22832 ms  TRACK        rival=si d=  91 mm rumbo=+6000 cdeg  linea=0x0
[gelatina] t=22840 ms  ATTACK       rival=si d=  91 mm rumbo=+6000 cdeg  linea=0x0
[gelatina] t=23072 ms  SEARCH       rival=no d=9999 mm rumbo=-4497 cdeg  linea=0x0
[gelatina] t=23160 ms  TRACK        rival=si d=  86 mm rumbo=-6000 cdeg  linea=0x0
[gelatina] t=23168 ms  ATTACK       rival=si d=  86 mm rumbo=-6000 cdeg  linea=0x0
[gelatina] t=23368 ms  SEARCH       rival=no d=9999 mm rumbo=+1503 cdeg  linea=0x0
[gelatina] t=23592 ms  TRACK        rival=si d=  79 mm rumbo=+6000 cdeg  linea=0x0
[gelatina] t=23600 ms  ATTACK       rival=si d=  79 mm rumbo=+6000 cdeg  linea=0x0
[gelatina] t=23824 ms  SEARCH       rival=no d=9999 mm rumbo=-6000 cdeg  linea=0x0
[gelatina] t=23888 ms  TRACK        rival=si d= 110 mm rumbo=-6000 cdeg  linea=0x0
[gelatina] t=23896 ms  ATTACK       rival=si d= 110 mm rumbo=-6000 cdeg  linea=0x0
WARNING: Contact joints between materials 'patin' and 'dohyo' will only be created for the 10 deepest contact points instead of all the 12 contact points.
[gelatina] t=24152 ms  SEARCH       rival=no d=9999 mm rumbo=+6000 cdeg  linea=0x0
[gelatina] t=24248 ms  TRACK        rival=si d=  82 mm rumbo=+6000 cdeg  linea=0x0
[gelatina] t=24256 ms  ATTACK       rival=si d=  82 mm rumbo=+6000 cdeg  linea=0x0
[gelatina] t=24456 ms  SEARCH       rival=no d=9999 mm rumbo=-4491 cdeg  linea=0x0
[gelatina] t=24552 ms  TRACK        rival=si d=  76 mm rumbo=-6000 cdeg  linea=0x0
[gelatina] t=24560 ms  ATTACK       rival=si d=  76 mm rumbo=-6000 cdeg  linea=0x0
[gelatina] t=24784 ms  SEARCH       rival=no d=9999 mm rumbo=+6000 cdeg  linea=0x0
[gelatina] t=24912 ms  TRACK        rival=si d=  83 mm rumbo=+4515 cdeg  linea=0x0
[gelatina] t=24920 ms  ATTACK       rival=si d=  83 mm rumbo=+4515 cdeg  linea=0x0
[gelatina] t=25144 ms  SEARCH       rival=no d=9999 mm rumbo=-6000 cdeg  linea=0x0
[gelatina] t=25240 ms  TRACK        rival=si d=  83 mm rumbo=-4561 cdeg  linea=0x0
[gelatina] t=25248 ms  ATTACK       rival=si d=  83 mm rumbo=-4561 cdeg  linea=0x0
[gelatina] t=25472 ms  SEARCH       rival=no d=9999 mm rumbo=+6000 cdeg  linea=0x0
WARNING: Contact joints between materials 'patin' and 'dohyo' will only be created for the 10 deepest contact points instead of all the 12 contact points.
[gelatina] t=25568 ms  TRACK        rival=si d= 120 mm rumbo=+6000 cdeg  linea=0x0
[gelatina] t=25576 ms  ATTACK       rival=si d= 120 mm rumbo=+6000 cdeg  linea=0x0
[gelatina] t=25808 ms  SEARCH       rival=no d=9999 mm rumbo=-6000 cdeg  linea=0x0
[gelatina] t=25872 ms  TRACK        rival=si d= 104 mm rumbo=-6000 cdeg  linea=0x0
[gelatina] t=25880 ms  ATTACK       rival=si d= 104 mm rumbo=-6000 cdeg  linea=0x0
[gelatina] t=26136 ms  SEARCH       rival=no d=9999 mm rumbo=+6000 cdeg  linea=0x0
[gelatina] t=26232 ms  TRACK        rival=si d= 110 mm rumbo=+6000 cdeg  linea=0x0
[gelatina] t=26240 ms  ATTACK       rival=si d= 110 mm rumbo=+6000 cdeg  linea=0x0
[gelatina] t=26504 ms  SEARCH       rival=no d=9999 mm rumbo=-6000 cdeg  linea=0x0
[gelatina] t=26560 ms  TRACK        rival=si d=  82 mm rumbo=-6000 cdeg  linea=0x0
[gelatina] t=26568 ms  ATTACK       rival=si d=  82 mm rumbo=-6000 cdeg  linea=0x0
[gelatina] t=26800 ms  SEARCH       rival=no d=9999 mm rumbo=+3000 cdeg  linea=0x0
WARNING: Contact joints between materials 'patin' and 'dohyo' will only be created for the 10 deepest contact points instead of all the 12 contact points.
[gelatina] t=26952 ms  TRACK        rival=si d= 112 mm rumbo=+6000 cdeg  linea=0x0
[gelatina] t=26960 ms  ATTACK       rival=si d= 112 mm rumbo=+6000 cdeg  linea=0x0
[gelatina] t=27192 ms  SEARCH       rival=no d=9999 mm rumbo=-6000 cdeg  linea=0x0
[gelatina] t=27256 ms  TRACK        rival=si d= 109 mm rumbo=-6000 cdeg  linea=0x0
[gelatina] t=27264 ms  ATTACK       rival=si d= 109 mm rumbo=-6000 cdeg  linea=0x0
[gelatina] t=27520 ms  SEARCH       rival=no d=9999 mm rumbo=+6000 cdeg  linea=0x0
[gelatina] t=27616 ms  TRACK        rival=si d= 111 mm rumbo=+6000 cdeg  linea=0x0
[gelatina] t=27624 ms  ATTACK       rival=si d= 111 mm rumbo=+6000 cdeg  linea=0x0
[gelatina] t=27856 ms  SEARCH       rival=no d=9999 mm rumbo=-6000 cdeg  linea=0x0
[gelatina] t=27944 ms  TRACK        rival=si d=  99 mm rumbo=-4509 cdeg  linea=0x0
[gelatina] t=27952 ms  ATTACK       rival=si d=  99 mm rumbo=-4509 cdeg  linea=0x0
[gelatina] t=28152 ms  SEARCH       rival=no d=9999 mm rumbo=+4523 cdeg  linea=0x0
[gelatina] t=28272 ms  TRACK        rival=si d= 107 mm rumbo=+6000 cdeg  linea=0x0
[gelatina] t=28280 ms  ATTACK       rival=si d= 107 mm rumbo=+6000 cdeg  linea=0x0
WARNING: Contact joints between materials 'patin' and 'dohyo' will only be created for the 10 deepest contact points instead of all the 12 contact points.
[gelatina] t=28512 ms  SEARCH       rival=no d=9999 mm rumbo=-6000 cdeg  linea=0x0
[gelatina] t=28608 ms  TRACK        rival=si d=  91 mm rumbo=-4545 cdeg  linea=0x0
[gelatina] t=28616 ms  ATTACK       rival=si d=  91 mm rumbo=-4545 cdeg  linea=0x0
[gelatina] t=28808 ms  SEARCH       rival=no d=9999 mm rumbo=+4496 cdeg  linea=0x0
[gelatina] t=28968 ms  TRACK        rival=si d= 103 mm rumbo=+4484 cdeg  linea=0x0
[gelatina] t=28976 ms  ATTACK       rival=si d= 103 mm rumbo=+4484 cdeg  linea=0x0
[gelatina] t=29176 ms  SEARCH       rival=no d=9999 mm rumbo=-6000 cdeg  linea=0x0
[gelatina] t=29304 ms  TRACK        rival=si d= 129 mm rumbo=-3000 cdeg  linea=0x0
[gelatina] t=29312 ms  ATTACK       rival=si d= 129 mm rumbo=-3000 cdeg  linea=0x0
[gelatina] t=29504 ms  SEARCH       rival=no d=9999 mm rumbo=+4509 cdeg  linea=0x0
[gelatina] t=29632 ms  TRACK        rival=si d= 123 mm rumbo=+6000 cdeg  linea=0x0
[gelatina] t=29640 ms  ATTACK       rival=si d= 123 mm rumbo=+6000 cdeg  linea=0x0
[gelatina] t=29864 ms  SEARCH       rival=no d=9999 mm rumbo=-6000 cdeg  linea=0x0
[gelatina] t=29960 ms  TRACK        rival=si d= 135 mm rumbo=-4502 cdeg  linea=0x0
[gelatina] t=29992 ms  ATTACK       rival=si d= 131 mm rumbo=   +0 cdeg  linea=0x0
[gelatina] t=30192 ms  SEARCH       rival=no d=9999 mm rumbo=+6000 cdeg  linea=0x0
WARNING: Contact joints between materials 'patin' and 'dohyo' will only be created for the 10 deepest contact points instead of all the 16 contact points.
[gelatina] t=30320 ms  TRACK        rival=si d= 162 mm rumbo=+6000 cdeg  linea=0x0
[gelatina] t=30352 ms  ATTACK       rival=si d= 130 mm rumbo=+3000 cdeg  linea=0x0
[gelatina] t=30592 ms  SEARCH       rival=no d=9999 mm rumbo=-6000 cdeg  linea=0x0
[gelatina] t=30624 ms  TRACK        rival=si d= 151 mm rumbo=-6000 cdeg  linea=0x0
[gelatina] t=30656 ms  ATTACK       rival=si d= 122 mm rumbo=-4496 cdeg  linea=0x0
[gelatina] t=30920 ms  SEARCH       rival=no d=9999 mm rumbo=+6000 cdeg  linea=0x0
[gelatina] t=30984 ms  TRACK        rival=si d=  99 mm rumbo=+6000 cdeg  linea=0x0
[gelatina] t=30992 ms  ATTACK       rival=si d=  99 mm rumbo=+6000 cdeg  linea=0x0
[gelatina] t=31256 ms  SEARCH       rival=no d=9999 mm rumbo=-6000 cdeg  linea=0x0
[gelatina] t=31280 ms  TRACK        rival=si d=  69 mm rumbo=-6000 cdeg  linea=0x0
[gelatina] t=31288 ms  ATTACK       rival=si d=  69 mm rumbo=-6000 cdeg  linea=0x0
WARNING: Contact joints between materials 'patin' and 'dohyo' will only be created for the 10 deepest contact points instead of all the 12 contact points.
[gelatina] t=31480 ms  SEARCH       rival=no d=9999 mm rumbo=-3000 cdeg  linea=0x0
[gelatina] t=31512 ms  TRACK        rival=si d=  56 mm rumbo=-3000 cdeg  linea=0x0
[gelatina] t=31520 ms  ATTACK       rival=si d=  56 mm rumbo=-3000 cdeg  linea=0x0
[gelatina] t=31776 ms  SEARCH       rival=no d=9999 mm rumbo=   +0 cdeg  linea=0x0
[arbitro] asalto 18/30  espalda  rival fuera     +1  31.84 s
[inercia] asalto=18 robot=GELATINA rueda=0 rotor=2.25404198e-05
[inercia] asalto=18 robot=GELATINA rueda=1 rotor=2.56114295e-05
[inercia] asalto=18 robot=RIVAL rueda=0 rotor=2.46049333e-05
[inercia] asalto=18 robot=RIVAL rueda=1 rotor=3.5543922e-05
[planta] asalto=18 mu=0.844635224 slip=0.00154555714 aleatorio=1
[gelatina] fin de asalto motor={"battery_v":7.99312286,"resistance_ohm":[3.75926223,4.15530663],"bridge_ohm":[0.556766689,0.605963027],"omega_rad_s":[0.452911201,39.9698931],"current_a":[-1.12076086,0.891862495],"torque_nm":[-0.0561194404,0.033474029],"applied_pwm":[-0.599999964,1],"over_1_2a_samples":2360,"over_3_2a_samples":4}
[gelatina] t=    0 ms  WAIT         rival=no d=9999 mm rumbo=   +0 cdeg  linea=0x2
[rival] fin de asalto motor={"battery_v":7.5843847,"resistance_ohm":[3.91543999,4.33976283],"bridge_ohm":[0.586867845,0.592389929],"omega_rad_s":[-9.63048369,-6.82785723],"current_a":[0.17257244,0.135688291],"torque_nm":[0.0177840948,0.0102439101],"applied_pwm":[0,0],"over_1_2a_samples":0,"over_3_2a_samples":0}
[planta] gelatina ciclo=20 rueda=0 V=8.02911175 R=3.61012363 Rpuente=0.516429031 I0=0.210014623 Ke=0.0936193282 Kt=0.0483794733
[planta] gelatina ciclo=20 rueda=1 V=8.02911175 R=4.12301402 Rpuente=0.626979172 I0=0.12040143 Ke=0.0837847377 Kt=0.0483794733
[sensores] gelatina ToF alcance=1879.35494 minimo=46.9584197 sigma_rel=0.0957727957
[gelatina] pulsador recibido: permiso previsto 237032 ms
[planta] rival ciclo=20 rueda=0 V=7.18980441 R=4.06803827 Rpuente=0.515953016 I0=0.11582112 Ke=0.0819734825 Kt=0.0483794733
[planta] rival ciclo=20 rueda=1 V=7.18980441 R=3.79150333 Rpuente=0.687746608 I0=0.212566745 Ke=0.0740779743 Kt=0.0483794733
[sensores] rival ToF alcance=1307.80552 minimo=44.8006952 sigma_rel=0.0580336189
[arranque] pulsador=232032 permiso=237032 ms
[gelatina] permiso de arranque a los 237032 ms
[gelatina] t=    0 ms  TRACK        rival=si d=  68 mm rumbo=-1462 cdeg  linea=0x0
[gelatina] t=    8 ms  ATTACK       rival=si d=  68 mm rumbo=-1462 cdeg  linea=0x0
WARNING: Contact joints between materials 'rueda' and 'dohyo' will only be created for the 10 deepest contact points instead of all the 14 contact points.
[gelatina] t=  264 ms  SEARCH       rival=no d=9999 mm rumbo=+1502 cdeg  linea=0x0
[gelatina] t=  592 ms  TRACK        rival=si d=  95 mm rumbo=+4534 cdeg  linea=0x0
[gelatina] t=  600 ms  ATTACK       rival=si d=  95 mm rumbo=+4534 cdeg  linea=0x0
[gelatina] t=  792 ms  SEARCH       rival=no d=9999 mm rumbo=-6000 cdeg  linea=0x0
[gelatina] t=  920 ms  TRACK        rival=si d= 115 mm rumbo=-6000 cdeg  linea=0x0
[gelatina] t=  928 ms  ATTACK       rival=si d= 115 mm rumbo=-6000 cdeg  linea=0x0
[gelatina] t= 1152 ms  SEARCH       rival=no d=9999 mm rumbo=+6000 cdeg  linea=0x0
WARNING: Contact joints between materials 'rueda' and 'dohyo' will only be created for the 10 deepest contact points instead of all the 16 contact points.
[gelatina] t= 1216 ms  TRACK        rival=si d= 127 mm rumbo=+6000 cdeg  linea=0x0
[gelatina] t= 1224 ms  ATTACK       rival=si d= 127 mm rumbo=+6000 cdeg  linea=0x0
[gelatina] t= 1456 ms  SEARCH       rival=no d=9999 mm rumbo=-6000 cdeg  linea=0x0
[gelatina] t= 1544 ms  TRACK        rival=si d= 119 mm rumbo=-6000 cdeg  linea=0x0
[gelatina] t= 1552 ms  ATTACK       rival=si d= 119 mm rumbo=-6000 cdeg  linea=0x0
[gelatina] t= 2144 ms  SEARCH       rival=no d=9999 mm rumbo=-6000 cdeg  linea=0x0
[gelatina] t= 2208 ms  TRACK        rival=si d=  49 mm rumbo=-6000 cdeg  linea=0x0
WARNING: Contact joints between materials 'patin' and 'dohyo' will only be created for the 10 deepest contact points instead of all the 12 contact points.
[gelatina] t= 2216 ms  ATTACK       rival=si d=  49 mm rumbo=-6000 cdeg  linea=0x0
[gelatina] t= 2344 ms  SEARCH       rival=no d=9999 mm rumbo=-6000 cdeg  linea=0x0
[gelatina] t= 2600 ms  TRACK        rival=si d=  46 mm rumbo=-3000 cdeg  linea=0x0
[gelatina] t= 2608 ms  ATTACK       rival=si d=  46 mm rumbo=-3000 cdeg  linea=0x0
[gelatina] t= 2744 ms  SEARCH       rival=no d=9999 mm rumbo=-3000 cdeg  linea=0x0
[gelatina] t= 2904 ms  TRACK        rival=si d=  54 mm rumbo=-3000 cdeg  linea=0x0
[gelatina] t= 2912 ms  ATTACK       rival=si d=  54 mm rumbo=-3000 cdeg  linea=0x0
[gelatina] t= 3104 ms  SEARCH       rival=no d=9999 mm rumbo=+6000 cdeg  linea=0x0
[gelatina] t= 3192 ms  TRACK        rival=si d=  75 mm rumbo=+6000 cdeg  linea=0x0
[gelatina] t= 3200 ms  ATTACK       rival=si d=  75 mm rumbo=+6000 cdeg  linea=0x0
WARNING: Contact joints between materials 'patin' and 'dohyo' will only be created for the 10 deepest contact points instead of all the 12 contact points.
[gelatina] t= 3432 ms  SEARCH       rival=no d=9999 mm rumbo=-4509 cdeg  linea=0x0
[gelatina] t= 3528 ms  TRACK        rival=si d=  81 mm rumbo=-4518 cdeg  linea=0x0
[gelatina] t= 3536 ms  ATTACK       rival=si d=  81 mm rumbo=-4518 cdeg  linea=0x0
[gelatina] t= 3760 ms  SEARCH       rival=no d=9999 mm rumbo=+6000 cdeg  linea=0x0
[gelatina] t= 3824 ms  TRACK        rival=si d= 127 mm rumbo=+6000 cdeg  linea=0x0
[gelatina] t= 3832 ms  ATTACK       rival=si d= 127 mm rumbo=+6000 cdeg  linea=0x0
[gelatina] t= 4096 ms  SEARCH       rival=no d=9999 mm rumbo=-6000 cdeg  linea=0x0
[gelatina] t= 4184 ms  TRACK        rival=si d=  63 mm rumbo=-3021 cdeg  linea=0x0
[gelatina] t= 4192 ms  ATTACK       rival=si d=  63 mm rumbo=-3021 cdeg  linea=0x0
[gelatina] t= 4328 ms  SEARCH       rival=no d=9999 mm rumbo=-6000 cdeg  linea=0x0
[gelatina] t= 4448 ms  TRACK        rival=si d=  57 mm rumbo=-3000 cdeg  linea=0x0
[gelatina] t= 4456 ms  ATTACK       rival=si d=  57 mm rumbo=-3000 cdeg  linea=0x0
WARNING: Contact joints between materials 'patin' and 'dohyo' will only be created for the 10 deepest contact points instead of all the 18 contact points.
[gelatina] t= 4624 ms  SEARCH       rival=no d=9999 mm rumbo=+3000 cdeg  linea=0x0
[gelatina] t= 4744 ms  TRACK        rival=si d=  41 mm rumbo=+6000 cdeg  linea=0x0
[gelatina] t= 4752 ms  ATTACK       rival=si d=  41 mm rumbo=+6000 cdeg  linea=0x0
[gelatina] t= 4952 ms  SEARCH       rival=no d=9999 mm rumbo=-4508 cdeg  linea=0x0
[gelatina] t= 5080 ms  TRACK        rival=si d=  64 mm rumbo=-6000 cdeg  linea=0x0
[gelatina] t= 5088 ms  ATTACK       rival=si d=  64 mm rumbo=-6000 cdeg  linea=0x0
[gelatina] t= 5280 ms  SEARCH       rival=no d=9999 mm rumbo=+4517 cdeg  linea=0x0
[gelatina] t= 5376 ms  TRACK        rival=si d=  64 mm rumbo=+6000 cdeg  linea=0x0
[gelatina] t= 5384 ms  ATTACK       rival=si d=  64 mm rumbo=+6000 cdeg  linea=0x0
[gelatina] t= 5608 ms  SEARCH       rival=no d=9999 mm rumbo=-6000 cdeg  linea=0x0
WARNING: Contact joints between materials 'patin' and 'dohyo' will only be created for the 10 deepest contact points instead of all the 13 contact points.
[gelatina] t= 5736 ms  TRACK        rival=si d= 114 mm rumbo=-6000 cdeg  linea=0x0
[gelatina] t= 5744 ms  ATTACK       rival=si d= 114 mm rumbo=-6000 cdeg  linea=0x0
[gelatina] t= 5976 ms  SEARCH       rival=no d=9999 mm rumbo=+6000 cdeg  linea=0x0
[gelatina] t= 6064 ms  TRACK        rival=si d= 119 mm rumbo=+6000 cdeg  linea=0x0
[gelatina] t= 6072 ms  ATTACK       rival=si d= 119 mm rumbo=+6000 cdeg  linea=0x0
[gelatina] t= 6272 ms  SEARCH       rival=no d=9999 mm rumbo=-6000 cdeg  linea=0x0
[gelatina] t= 6400 ms  TRACK        rival=si d= 112 mm rumbo=-6000 cdeg  linea=0x0
[gelatina] t= 6408 ms  ATTACK       rival=si d= 112 mm rumbo=-6000 cdeg  linea=0x0
[gelatina] t= 6632 ms  SEARCH       rival=no d=9999 mm rumbo=+6000 cdeg  linea=0x0
[gelatina] t= 6696 ms  TRACK        rival=si d= 153 mm rumbo=+6000 cdeg  linea=0x0
[gelatina] t= 6728 ms  ATTACK       rival=si d= 116 mm rumbo=+4502 cdeg  linea=0x0
[gelatina] t= 6968 ms  SEARCH       rival=no d=9999 mm rumbo=-6000 cdeg  linea=0x0
[gelatina] t= 7056 ms  TRACK        rival=si d= 126 mm rumbo=-4503 cdeg  linea=0x0
[gelatina] t= 7064 ms  ATTACK       rival=si d= 126 mm rumbo=-4503 cdeg  linea=0x0
[gelatina] t= 7296 ms  SEARCH       rival=no d=9999 mm rumbo=+6000 cdeg  linea=0x0
[gelatina] t= 7352 ms  TRACK        rival=si d= 137 mm rumbo=+6000 cdeg  linea=0x0
[gelatina] t= 7384 ms  ATTACK       rival=si d= 103 mm rumbo=+4500 cdeg  linea=0x0
[gelatina] t= 7624 ms  SEARCH       rival=no d=9999 mm rumbo=-6000 cdeg  linea=0x0
[gelatina] t= 7688 ms  TRACK        rival=si d=  85 mm rumbo=-6000 cdeg  linea=0x0
[gelatina] t= 7696 ms  ATTACK       rival=si d=  85 mm rumbo=-6000 cdeg  linea=0x0
[gelatina] t= 7920 ms  SEARCH       rival=no d=9999 mm rumbo=+4523 cdeg  linea=0x0
[gelatina] t= 7984 ms  TRACK        rival=si d=  86 mm rumbo=+6000 cdeg  linea=0x0
[gelatina] t= 7992 ms  ATTACK       rival=si d=  86 mm rumbo=+6000 cdeg  linea=0x0
[gelatina] t= 8248 ms  SEARCH       rival=no d=9999 mm rumbo=-6000 cdeg  linea=0x0
[gelatina] t= 8344 ms  TRACK        rival=si d=  54 mm rumbo=-6000 cdeg  linea=0x0
[gelatina] t= 8352 ms  ATTACK       rival=si d=  54 mm rumbo=-6000 cdeg  linea=0x0
[gelatina] t= 8576 ms  SEARCH       rival=no d=9999 mm rumbo=+6000 cdeg  linea=0x0
[gelatina] t= 8640 ms  TRACK        rival=si d=  58 mm rumbo=+6000 cdeg  linea=0x0
[gelatina] t= 8648 ms  ATTACK       rival=si d=  58 mm rumbo=+6000 cdeg  linea=0x0
[gelatina] t= 8848 ms  SEARCH       rival=no d=9999 mm rumbo=   +0 cdeg  linea=0x0
[gelatina] t= 8936 ms  TRACK        rival=si d=  67 mm rumbo=+3000 cdeg  linea=0x0
[gelatina] t= 8944 ms  ATTACK       rival=si d=  67 mm rumbo=+3000 cdeg  linea=0x0
[gelatina] t= 9176 ms  SEARCH       rival=no d=9999 mm rumbo=-6000 cdeg  linea=0x0
[gelatina] t= 9272 ms  TRACK        rival=si d=  67 mm rumbo=-6000 cdeg  linea=0x0
[gelatina] t= 9280 ms  ATTACK       rival=si d=  67 mm rumbo=-6000 cdeg  linea=0x0
[gelatina] t= 9472 ms  SEARCH       rival=no d=9999 mm rumbo=+4491 cdeg  linea=0x0
[gelatina] t= 9568 ms  TRACK        rival=si d=  56 mm rumbo=+4548 cdeg  linea=0x0
[gelatina] t= 9576 ms  ATTACK       rival=si d=  56 mm rumbo=+4548 cdeg  linea=0x0
[gelatina] t= 9800 ms  SEARCH       rival=no d=9999 mm rumbo=-6000 cdeg  linea=0x0
[gelatina] t= 9896 ms  TRACK        rival=si d=  68 mm rumbo=-4539 cdeg  linea=0x0
[gelatina] t= 9904 ms  ATTACK       rival=si d=  68 mm rumbo=-4539 cdeg  linea=0x0
[gelatina] t=10128 ms  SEARCH       rival=no d=9999 mm rumbo=+6000 cdeg  linea=0x0
[gelatina] t=10192 ms  TRACK        rival=si d=  68 mm rumbo=+6000 cdeg  linea=0x0
[gelatina] t=10200 ms  ATTACK       rival=si d=  68 mm rumbo=+6000 cdeg  linea=0x0
[gelatina] t=10400 ms  SEARCH       rival=no d=9999 mm rumbo=-3000 cdeg  linea=0x0
[gelatina] t=10560 ms  TRACK        rival=si d=  73 mm rumbo=-4568 cdeg  linea=0x0
[gelatina] t=10568 ms  ATTACK       rival=si d=  73 mm rumbo=-4568 cdeg  linea=0x0
[gelatina] t=10792 ms  SEARCH       rival=no d=9999 mm rumbo=+6000 cdeg  linea=0x0
[gelatina] t=10888 ms  TRACK        rival=si d=  90 mm rumbo=+4486 cdeg  linea=0x0
[gelatina] t=10896 ms  ATTACK       rival=si d=  90 mm rumbo=+4486 cdeg  linea=0x0
[gelatina] t=11088 ms  SEARCH       rival=no d=9999 mm rumbo=-4516 cdeg  linea=0x0
[gelatina] t=11184 ms  TRACK        rival=si d= 102 mm rumbo=-6000 cdeg  linea=0x0
[gelatina] t=11192 ms  ATTACK       rival=si d= 102 mm rumbo=-6000 cdeg  linea=0x0
[gelatina] t=11416 ms  SEARCH       rival=no d=9999 mm rumbo=+6000 cdeg  linea=0x0
[gelatina] t=11544 ms  TRACK        rival=si d=  92 mm rumbo=+4450 cdeg  linea=0x0
[gelatina] t=11552 ms  ATTACK       rival=si d=  92 mm rumbo=+4450 cdeg  linea=0x0
[gelatina] t=11752 ms  SEARCH       rival=no d=9999 mm rumbo=-6000 cdeg  linea=0x0
[gelatina] t=11840 ms  TRACK        rival=si d= 148 mm rumbo=-6000 cdeg  linea=0x0
[gelatina] t=11880 ms  ATTACK       rival=si d= 118 mm rumbo=-3000 cdeg  linea=0x0
[gelatina] t=12080 ms  SEARCH       rival=no d=9999 mm rumbo=+6000 cdeg  linea=0x0
WARNING: Contact joints between materials 'patin' and 'dohyo' will only be created for the 10 deepest contact points instead of all the 14 contact points.
[gelatina] t=12136 ms  TRACK        rival=si d= 126 mm rumbo=+6000 cdeg  linea=0x0
[gelatina] t=12144 ms  ATTACK       rival=si d= 126 mm rumbo=+6000 cdeg  linea=0x0
[gelatina] t=12376 ms  SEARCH       rival=no d=9999 mm rumbo=-4505 cdeg  linea=0x0
[gelatina] t=12472 ms  TRACK        rival=si d=  92 mm rumbo=-4534 cdeg  linea=0x0
[gelatina] t=12480 ms  ATTACK       rival=si d=  92 mm rumbo=-4534 cdeg  linea=0x0
[gelatina] t=12704 ms  SEARCH       rival=no d=9999 mm rumbo=+6000 cdeg  linea=0x0
[gelatina] t=12768 ms  TRACK        rival=si d=  91 mm rumbo=+6000 cdeg  linea=0x0
[gelatina] t=12776 ms  ATTACK       rival=si d=  91 mm rumbo=+6000 cdeg  linea=0x0
[gelatina] t=13000 ms  SEARCH       rival=no d=9999 mm rumbo=-6000 cdeg  linea=0x0
[gelatina] t=13096 ms  TRACK        rival=si d=  94 mm rumbo=-6000 cdeg  linea=0x0
[gelatina] t=13104 ms  ATTACK       rival=si d=  94 mm rumbo=-6000 cdeg  linea=0x0
[gelatina] t=13336 ms  SEARCH       rival=no d=9999 mm rumbo=+3000 cdeg  linea=0x0
[gelatina] t=13424 ms  TRACK        rival=si d= 106 mm rumbo=+6000 cdeg  linea=0x0
[gelatina] t=13432 ms  ATTACK       rival=si d= 106 mm rumbo=+6000 cdeg  linea=0x0
[gelatina] t=13664 ms  SEARCH       rival=no d=9999 mm rumbo=-6000 cdeg  linea=0x0
[gelatina] t=13760 ms  TRACK        rival=si d= 121 mm rumbo=-6000 cdeg  linea=0x0
[gelatina] t=13768 ms  ATTACK       rival=si d= 121 mm rumbo=-6000 cdeg  linea=0x0
[gelatina] t=13992 ms  SEARCH       rival=no d=9999 mm rumbo=+6000 cdeg  linea=0x0
[gelatina] t=14056 ms  TRACK        rival=si d= 136 mm rumbo=+6000 cdeg  linea=0x0
[gelatina] t=14088 ms  ATTACK       rival=si d= 112 mm rumbo=+3000 cdeg  linea=0x0
WARNING: Contact joints between materials 'patin' and 'dohyo' will only be created for the 10 deepest contact points instead of all the 13 contact points.
[gelatina] t=14288 ms  SEARCH       rival=no d=9999 mm rumbo=-4511 cdeg  linea=0x0
[gelatina] t=14384 ms  TRACK        rival=si d= 108 mm rumbo=-4599 cdeg  linea=0x0
[gelatina] t=14392 ms  ATTACK       rival=si d= 108 mm rumbo=-4599 cdeg  linea=0x0
[gelatina] t=14616 ms  SEARCH       rival=no d=9999 mm rumbo=+6000 cdeg  linea=0x0
[gelatina] t=14648 ms  TRACK        rival=si d= 139 mm rumbo=+6000 cdeg  linea=0x0
[gelatina] t=14680 ms  ATTACK       rival=si d= 101 mm rumbo=+4520 cdeg  linea=0x0
[gelatina] t=14920 ms  SEARCH       rival=no d=9999 mm rumbo=-6000 cdeg  linea=0x0
[gelatina] t=15008 ms  TRACK        rival=si d=  39 mm rumbo=-4555 cdeg  linea=0x0
[gelatina] t=15016 ms  ATTACK       rival=si d=  39 mm rumbo=-4555 cdeg  linea=0x0
[gelatina] t=15248 ms  SEARCH       rival=no d=9999 mm rumbo=+6000 cdeg  linea=0x0
[gelatina] t=15344 ms  TRACK        rival=si d=  57 mm rumbo=+3000 cdeg  linea=0x0
[gelatina] t=15352 ms  ATTACK       rival=si d=  57 mm rumbo=+3000 cdeg  linea=0x0
[gelatina] t=15544 ms  SEARCH       rival=no d=9999 mm rumbo=-3000 cdeg  linea=0x0
[gelatina] t=15704 ms  ATTACK       rival=si d=  89 mm rumbo=-4488 cdeg  linea=0x1
[gelatina] t=15904 ms  SEARCH       rival=no d=9999 mm rumbo=+4514 cdeg  linea=0x8
[gelatina] t=15968 ms  TRACK        rival=si d=  84 mm rumbo=+6000 cdeg  linea=0x0
[gelatina] t=15976 ms  ATTACK       rival=si d=  84 mm rumbo=+6000 cdeg  linea=0x0
[gelatina] t=16208 ms  SEARCH       rival=no d=9999 mm rumbo=-6000 cdeg  linea=0x0
[gelatina] t=16296 ms  TRACK        rival=si d= 107 mm rumbo=-6000 cdeg  linea=0x1
[gelatina] t=16304 ms  ATTACK       rival=si d= 107 mm rumbo=-6000 cdeg  linea=0x1
[gelatina] t=16536 ms  SEARCH       rival=no d=9999 mm rumbo=+6000 cdeg  linea=0x8
[gelatina] t=16592 ms  TRACK        rival=si d=  86 mm rumbo=+6000 cdeg  linea=0x0
[gelatina] t=16600 ms  ATTACK       rival=si d=  86 mm rumbo=+6000 cdeg  linea=0x0
[gelatina] t=16832 ms  SEARCH       rival=no d=9999 mm rumbo=-6000 cdeg  linea=0x0
[gelatina] t=16928 ms  TRACK        rival=si d=  78 mm rumbo=-6000 cdeg  linea=0x1
[gelatina] t=16936 ms  ATTACK       rival=si d=  78 mm rumbo=-6000 cdeg  linea=0x1
[gelatina] t=17160 ms  SEARCH       rival=no d=9999 mm rumbo=+6000 cdeg  linea=0x8
[gelatina] t=17256 ms  TRACK        rival=si d=  92 mm rumbo=+4500 cdeg  linea=0x0
[gelatina] t=17264 ms  ATTACK       rival=si d=  92 mm rumbo=+4500 cdeg  linea=0x0
[gelatina] t=17488 ms  SEARCH       rival=no d=9999 mm rumbo=-6000 cdeg  linea=0x0
[gelatina] t=17552 ms  TRACK        rival=si d= 111 mm rumbo=-6000 cdeg  linea=0x1
[gelatina] t=17560 ms  ATTACK       rival=si d= 111 mm rumbo=-6000 cdeg  linea=0x1
[gelatina] t=17816 ms  SEARCH       rival=no d=9999 mm rumbo=+6000 cdeg  linea=0x0
[gelatina] t=17848 ms  TRACK        rival=si d=  49 mm rumbo=+6000 cdeg  linea=0x0
[gelatina] t=17856 ms  ATTACK       rival=si d=  49 mm rumbo=+6000 cdeg  linea=0x0
[gelatina] t=18088 ms  SEARCH       rival=no d=9999 mm rumbo=-6000 cdeg  linea=0x0
WARNING: Contact joints between materials 'patin' and 'dohyo' will only be created for the 10 deepest contact points instead of all the 12 contact points.
[gelatina] t=18440 ms  TRACK        rival=si d=  88 mm rumbo=+3000 cdeg  linea=0x0
[gelatina] t=18448 ms  ATTACK       rival=si d=  88 mm rumbo=+3000 cdeg  linea=0x0
[gelatina] t=18576 ms  SEARCH       rival=no d=9999 mm rumbo=+3000 cdeg  linea=0x0
[gelatina] t=18736 ms  TRACK        rival=si d=  57 mm rumbo=+4522 cdeg  linea=0x0
[gelatina] t=18744 ms  ATTACK       rival=si d=  57 mm rumbo=+4522 cdeg  linea=0x0
[gelatina] t=18944 ms  SEARCH       rival=no d=9999 mm rumbo=-3000 cdeg  linea=0x0
[gelatina] t=19104 ms  TRACK        rival=si d=  80 mm rumbo=-6000 cdeg  linea=0x0
[gelatina] t=19112 ms  ATTACK       rival=si d=  80 mm rumbo=-6000 cdeg  linea=0x0
[gelatina] t=19336 ms  SEARCH       rival=no d=9999 mm rumbo=+6000 cdeg  linea=0x0
[gelatina] t=19400 ms  TRACK        rival=si d=  94 mm rumbo=+6000 cdeg  linea=0x0
[gelatina] t=19408 ms  ATTACK       rival=si d=  94 mm rumbo=+6000 cdeg  linea=0x0
[gelatina] t=19640 ms  SEARCH       rival=no d=9999 mm rumbo=-6000 cdeg  linea=0x0
[gelatina] t=19728 ms  TRACK        rival=si d= 102 mm rumbo=-6000 cdeg  linea=0x0
[gelatina] t=19736 ms  ATTACK       rival=si d= 102 mm rumbo=-6000 cdeg  linea=0x0
[gelatina] t=19968 ms  SEARCH       rival=no d=9999 mm rumbo=+6000 cdeg  linea=0x0
[gelatina] t=20023 ms  TRACK        rival=si d= 100 mm rumbo=+6000 cdeg  linea=0x0
[gelatina] t=20032 ms  ATTACK       rival=si d= 100 mm rumbo=+6000 cdeg  linea=0x0
[gelatina] t=20264 ms  SEARCH       rival=no d=9999 mm rumbo=-6000 cdeg  linea=0x0
[gelatina] t=20360 ms  TRACK        rival=si d= 105 mm rumbo=-6000 cdeg  linea=0x0
[gelatina] t=20367 ms  ATTACK       rival=si d= 105 mm rumbo=-6000 cdeg  linea=0x0
[gelatina] t=20592 ms  SEARCH       rival=no d=9999 mm rumbo=+6000 cdeg  linea=0x0
[gelatina] t=20656 ms  TRACK        rival=si d=  93 mm rumbo=+6000 cdeg  linea=0x0
[gelatina] t=20664 ms  ATTACK       rival=si d=  93 mm rumbo=+6000 cdeg  linea=0x0
[gelatina] t=20888 ms  SEARCH       rival=no d=9999 mm rumbo=-6000 cdeg  linea=0x0
[gelatina] t=20984 ms  TRACK        rival=si d= 102 mm rumbo=-6000 cdeg  linea=0x0
[gelatina] t=20992 ms  ATTACK       rival=si d= 102 mm rumbo=-6000 cdeg  linea=0x0
[gelatina] t=21216 ms  SEARCH       rival=no d=9999 mm rumbo=+6000 cdeg  linea=0x0
[gelatina] t=21280 ms  TRACK        rival=si d= 101 mm rumbo=+6000 cdeg  linea=0x0
[gelatina] t=21288 ms  ATTACK       rival=si d= 101 mm rumbo=+6000 cdeg  linea=0x0
WARNING: Contact joints between materials 'patin' and 'dohyo' will only be created for the 10 deepest contact points instead of all the 12 contact points.
[gelatina] t=21520 ms  SEARCH       rival=no d=9999 mm rumbo=-6000 cdeg  linea=0x0
[gelatina] t=21608 ms  TRACK        rival=si d= 100 mm rumbo=-6000 cdeg  linea=0x0
[gelatina] t=21616 ms  ATTACK       rival=si d= 100 mm rumbo=-6000 cdeg  linea=0x0
[gelatina] t=21848 ms  SEARCH       rival=no d=9999 mm rumbo=+6000 cdeg  linea=0x0
[gelatina] t=21936 ms  TRACK        rival=si d= 138 mm rumbo=+6000 cdeg  linea=0x0
[gelatina] t=21944 ms  ATTACK       rival=si d=  87 mm rumbo=+2947 cdeg  linea=0x0
[gelatina] t=22144 ms  SEARCH       rival=no d=9999 mm rumbo=-6000 cdeg  linea=0x0
[gelatina] t=22240 ms  TRACK        rival=si d= 127 mm rumbo=-6000 cdeg  linea=0x0
[gelatina] t=22248 ms  ATTACK       rival=si d= 127 mm rumbo=-6000 cdeg  linea=0x0
[gelatina] t=22472 ms  SEARCH       rival=no d=9999 mm rumbo=+6000 cdeg  linea=0x0
[gelatina] t=22535 ms  TRACK        rival=si d=  87 mm rumbo=+6000 cdeg  linea=0x0
[gelatina] t=22544 ms  ATTACK       rival=si d=  87 mm rumbo=+6000 cdeg  linea=0x0
[gelatina] t=22768 ms  SEARCH       rival=no d=9999 mm rumbo=-6000 cdeg  linea=0x0
[gelatina] t=22864 ms  TRACK        rival=si d=  94 mm rumbo=-6000 cdeg  linea=0x0
[gelatina] t=22872 ms  ATTACK       rival=si d=  94 mm rumbo=-6000 cdeg  linea=0x0
[gelatina] t=23096 ms  SEARCH       rival=no d=9999 mm rumbo=+6000 cdeg  linea=0x0
[gelatina] t=23128 ms  TRACK        rival=si d= 121 mm rumbo=+6000 cdeg  linea=0x0
[gelatina] t=23136 ms  ATTACK       rival=si d= 121 mm rumbo=+6000 cdeg  linea=0x0
[gelatina] t=23367 ms  SEARCH       rival=no d=9999 mm rumbo=   +0 cdeg  linea=0x0
[gelatina] t=23792 ms  TRACK        rival=si d=  69 mm rumbo=   +0 cdeg  linea=0x0
[gelatina] t=23800 ms  ATTACK       rival=si d=  69 mm rumbo=   +0 cdeg  linea=0x0
[gelatina] t=23960 ms  SEARCH       rival=no d=9999 mm rumbo=-6000 cdeg  linea=0x0
[gelatina] t=24120 ms  TRACK        rival=si d=  65 mm rumbo=-4505 cdeg  linea=0x0
[gelatina] t=24128 ms  ATTACK       rival=si d=  65 mm rumbo=-4505 cdeg  linea=0x0
[gelatina] t=24320 ms  SEARCH       rival=no d=9999 mm rumbo=+6000 cdeg  linea=0x0
[gelatina] t=24384 ms  TRACK        rival=si d= 110 mm rumbo=+6000 cdeg  linea=0x0
[gelatina] t=24391 ms  ATTACK       rival=si d= 110 mm rumbo=+6000 cdeg  linea=0x0
[gelatina] t=24656 ms  SEARCH       rival=no d=9999 mm rumbo=-6000 cdeg  linea=0x0
[gelatina] t=24744 ms  TRACK        rival=si d=  83 mm rumbo=-6000 cdeg  linea=0x0
[gelatina] t=24752 ms  ATTACK       rival=si d=  83 mm rumbo=-6000 cdeg  linea=0x0
[gelatina] t=24984 ms  SEARCH       rival=no d=9999 mm rumbo=+6000 cdeg  linea=0x0
[gelatina] t=25040 ms  TRACK        rival=si d= 140 mm rumbo=+6000 cdeg  linea=0x0
[gelatina] t=25071 ms  ATTACK       rival=si d=  78 mm rumbo=+4500 cdeg  linea=0x0
[gelatina] t=25280 ms  SEARCH       rival=no d=9999 mm rumbo=-4524 cdeg  linea=0x0
[gelatina] t=25376 ms  TRACK        rival=si d=  63 mm rumbo=-6000 cdeg  linea=0x1
[gelatina] t=25384 ms  ATTACK       rival=si d=  63 mm rumbo=-6000 cdeg  linea=0x1
[gelatina] t=25608 ms  SEARCH       rival=no d=9999 mm rumbo=+6000 cdeg  linea=0x0
[gelatina] t=25672 ms  TRACK        rival=si d=  70 mm rumbo=+6000 cdeg  linea=0x0
[gelatina] t=25680 ms  ATTACK       rival=si d=  70 mm rumbo=+6000 cdeg  linea=0x0
[gelatina] t=25904 ms  SEARCH       rival=no d=9999 mm rumbo=-6000 cdeg  linea=0x0
[gelatina] t=26000 ms  TRACK        rival=si d=  89 mm rumbo=-6000 cdeg  linea=0x1
[gelatina] t=26008 ms  ATTACK       rival=si d=  89 mm rumbo=-6000 cdeg  linea=0x1
[gelatina] t=26232 ms  SEARCH       rival=no d=9999 mm rumbo=+6000 cdeg  linea=0x0
[gelatina] t=26296 ms  TRACK        rival=si d=  86 mm rumbo=+6000 cdeg  linea=0x0
[gelatina] t=26304 ms  ATTACK       rival=si d=  86 mm rumbo=+6000 cdeg  linea=0x0
[gelatina] t=26536 ms  SEARCH       rival=no d=9999 mm rumbo=-4540 cdeg  linea=0x0
[gelatina] t=26624 ms  TRACK        rival=si d=  88 mm rumbo=-6000 cdeg  linea=0x1
[gelatina] t=26632 ms  ATTACK       rival=si d=  88 mm rumbo=-6000 cdeg  linea=0x1
[gelatina] t=26864 ms  SEARCH       rival=no d=9999 mm rumbo=+6000 cdeg  linea=0x0
[gelatina] t=26920 ms  TRACK        rival=si d=  50 mm rumbo=+6000 cdeg  linea=0x0
[gelatina] t=26928 ms  ATTACK       rival=si d=  50 mm rumbo=+6000 cdeg  linea=0x0
[gelatina] t=27128 ms  SEARCH       rival=no d=9999 mm rumbo=   +0 cdeg  linea=0x0
[gelatina] t=27184 ms  TRACK        rival=si d=  58 mm rumbo=+6000 cdeg  linea=0x0
[gelatina] t=27192 ms  ATTACK       rival=si d=  58 mm rumbo=+6000 cdeg  linea=0x0
[gelatina] t=27456 ms  SEARCH       rival=no d=9999 mm rumbo=-6000 cdeg  linea=0x0
[gelatina] t=27584 ms  TRACK        rival=si d=  64 mm rumbo=-6000 cdeg  linea=0x1
[gelatina] t=27592 ms  ATTACK       rival=si d=  64 mm rumbo=-6000 cdeg  linea=0x1
[gelatina] t=27816 ms  SEARCH       rival=no d=9999 mm rumbo=+6000 cdeg  linea=0x0
[gelatina] t=27880 ms  TRACK        rival=si d=  92 mm rumbo=+6000 cdeg  linea=0x0
[gelatina] t=27888 ms  ATTACK       rival=si d=  92 mm rumbo=+6000 cdeg  linea=0x0
[gelatina] t=28120 ms  SEARCH       rival=no d=9999 mm rumbo=-6000 cdeg  linea=0x0
[gelatina] t=28208 ms  TRACK        rival=si d=  56 mm rumbo=-6000 cdeg  linea=0x1
[gelatina] t=28216 ms  ATTACK       rival=si d=  56 mm rumbo=-6000 cdeg  linea=0x1
[gelatina] t=28416 ms  SEARCH       rival=no d=9999 mm rumbo=+3000 cdeg  linea=0x8
[gelatina] t=28576 ms  TRACK        rival=si d=  84 mm rumbo=+3000 cdeg  linea=0x0
[gelatina] t=28584 ms  ATTACK       rival=si d=  84 mm rumbo=+3000 cdeg  linea=0x0
[gelatina] t=28776 ms  SEARCH       rival=no d=9999 mm rumbo=-6000 cdeg  linea=0x0
[gelatina] t=28904 ms  ATTACK       rival=si d= 101 mm rumbo=-4537 cdeg  linea=0x1
[gelatina] t=29104 ms  SEARCH       rival=no d=9999 mm rumbo=+4490 cdeg  linea=0x8
[gelatina] t=29168 ms  TRACK        rival=si d=  92 mm rumbo=+6000 cdeg  linea=0x0
[gelatina] t=29176 ms  ATTACK       rival=si d=  92 mm rumbo=+6000 cdeg  linea=0x0
[gelatina] t=29408 ms  SEARCH       rival=no d=9999 mm rumbo=-6000 cdeg  linea=0x0
[gelatina] t=29496 ms  TRACK        rival=si d= 129 mm rumbo=-6000 cdeg  linea=0x1
[gelatina] t=29504 ms  ATTACK       rival=si d= 129 mm rumbo=-6000 cdeg  linea=0x1
[gelatina] t=29736 ms  SEARCH       rival=no d=9999 mm rumbo=+6000 cdeg  linea=0x8
[gelatina] t=29792 ms  TRACK        rival=si d=  95 mm rumbo=+6000 cdeg  linea=0x0
[gelatina] t=29800 ms  ATTACK       rival=si d=  95 mm rumbo=+6000 cdeg  linea=0x0
[gelatina] t=30032 ms  SEARCH       rival=no d=9999 mm rumbo=-4543 cdeg  linea=0x0
[gelatina] t=30128 ms  TRACK        rival=si d=  82 mm rumbo=-6000 cdeg  linea=0x1
[gelatina] t=30136 ms  ATTACK       rival=si d=  82 mm rumbo=-6000 cdeg  linea=0x1
[gelatina] t=30360 ms  SEARCH       rival=no d=9999 mm rumbo=+6000 cdeg  linea=0x0
[gelatina] t=30424 ms  TRACK        rival=si d= 132 mm rumbo=+6000 cdeg  linea=0x0
[gelatina] t=30432 ms  ATTACK       rival=si d= 132 mm rumbo=+6000 cdeg  linea=0x0
[gelatina] t=30688 ms  SEARCH       rival=no d=9999 mm rumbo=-6000 cdeg  linea=0x0
[gelatina] t=30784 ms  TRACK        rival=si d=  76 mm rumbo=-6000 cdeg  linea=0x1
[gelatina] t=30792 ms  ATTACK       rival=si d=  76 mm rumbo=-6000 cdeg  linea=0x1
[gelatina] t=31016 ms  SEARCH       rival=no d=9999 mm rumbo=+6000 cdeg  linea=0x0
[gelatina] t=31048 ms  TRACK        rival=si d=  80 mm rumbo=+6000 cdeg  linea=0x0
[gelatina] t=31056 ms  ATTACK       rival=si d=  80 mm rumbo=+6000 cdeg  linea=0x0
WARNING: Contact joints between materials 'patin' and 'dohyo' will only be created for the 10 deepest contact points instead of all the 14 contact points.
[gelatina] t=31288 ms  SEARCH       rival=no d=9999 mm rumbo=+3000 cdeg  linea=0x0
[gelatina] t=31440 ms  TRACK        rival=si d=  50 mm rumbo=+6000 cdeg  linea=0x0
[gelatina] t=31448 ms  ATTACK       rival=si d=  50 mm rumbo=+4519 cdeg  linea=0x0
[gelatina] t=31648 ms  SEARCH       rival=no d=9999 mm rumbo=-3000 cdeg  linea=0x0
[gelatina] t=31840 ms  TRACK        rival=si d=  78 mm rumbo=-4524 cdeg  linea=0x0
[gelatina] t=31848 ms  ATTACK       rival=si d=  78 mm rumbo=-4524 cdeg  linea=0x0
[gelatina] t=32040 ms  SEARCH       rival=no d=9999 mm rumbo=+4511 cdeg  linea=0x0
[gelatina] t=32136 ms  TRACK        rival=si d=  96 mm rumbo=+6000 cdeg  linea=0x0
[gelatina] t=32144 ms  ATTACK       rival=si d=  96 mm rumbo=+6000 cdeg  linea=0x0
[gelatina] t=32376 ms  SEARCH       rival=no d=9999 mm rumbo=-6000 cdeg  linea=0x0
[gelatina] t=32504 ms  TRACK        rival=si d= 126 mm rumbo=-4515 cdeg  linea=0x0
[gelatina] t=32512 ms  ATTACK       rival=si d= 126 mm rumbo=-4515 cdeg  linea=0x0
[gelatina] t=32704 ms  SEARCH       rival=no d=9999 mm rumbo=+4509 cdeg  linea=0x0
[gelatina] t=32800 ms  TRACK        rival=si d= 120 mm rumbo=+6000 cdeg  linea=0x0
[gelatina] t=32808 ms  ATTACK       rival=si d= 120 mm rumbo=+6000 cdeg  linea=0x0
[gelatina] t=33032 ms  SEARCH       rival=no d=9999 mm rumbo=-6000 cdeg  linea=0x0
[gelatina] t=33128 ms  TRACK        rival=si d= 115 mm rumbo=-6000 cdeg  linea=0x1
[gelatina] t=33136 ms  ATTACK       rival=si d= 115 mm rumbo=-6000 cdeg  linea=0x1
[gelatina] t=33360 ms  SEARCH       rival=no d=9999 mm rumbo=+6000 cdeg  linea=0x0
[gelatina] t=33424 ms  TRACK        rival=si d= 145 mm rumbo=+6000 cdeg  linea=0x0
[gelatina] t=33456 ms  ATTACK       rival=si d= 124 mm rumbo=+1483 cdeg  linea=0x0
[gelatina] t=33664 ms  SEARCH       rival=no d=9999 mm rumbo=-6000 cdeg  linea=0x0
[gelatina] t=33752 ms  TRACK        rival=si d= 115 mm rumbo=-6000 cdeg  linea=0x1
[gelatina] t=33760 ms  ATTACK       rival=si d= 115 mm rumbo=-6000 cdeg  linea=0x1
[gelatina] t=33992 ms  SEARCH       rival=no d=9999 mm rumbo=+6000 cdeg  linea=0x0
[gelatina] t=34048 ms  TRACK        rival=si d= 128 mm rumbo=+6000 cdeg  linea=0x0
[gelatina] t=34056 ms  ATTACK       rival=si d= 128 mm rumbo=+6000 cdeg  linea=0x0
WARNING: Contact joints between materials 'patin' and 'dohyo' will only be created for the 10 deepest contact points instead of all the 12 contact points.
[gelatina] t=34288 ms  SEARCH       rival=no d=9999 mm rumbo=-6000 cdeg  linea=0x0
[gelatina] t=34384 ms  TRACK        rival=si d=  84 mm rumbo=-6000 cdeg  linea=0x0
[gelatina] t=34392 ms  ATTACK       rival=si d=  84 mm rumbo=-6000 cdeg  linea=0x0
[gelatina] t=34616 ms  SEARCH       rival=no d=9999 mm rumbo=+6000 cdeg  linea=0x0
[gelatina] t=34712 ms  TRACK        rival=si d=  77 mm rumbo=+4555 cdeg  linea=0x0
[gelatina] t=34720 ms  ATTACK       rival=si d=  77 mm rumbo=+4555 cdeg  linea=0x0
[gelatina] t=34912 ms  SEARCH       rival=no d=9999 mm rumbo=-6000 cdeg  linea=0x0
[gelatina] t=35008 ms  TRACK        rival=si d= 115 mm rumbo=-6000 cdeg  linea=0x0
[gelatina] t=35016 ms  ATTACK       rival=si d= 115 mm rumbo=-6000 cdeg  linea=0x0
[gelatina] t=35248 ms  SEARCH       rival=no d=9999 mm rumbo=+3000 cdeg  linea=0x0
WARNING: Contact joints between materials 'patin' and 'dohyo' will only be created for the 10 deepest contact points instead of all the 11 contact points.
[gelatina] t=35368 ms  TRACK        rival=si d= 113 mm rumbo=+4489 cdeg  linea=0x0
[gelatina] t=35376 ms  ATTACK       rival=si d= 113 mm rumbo=+4489 cdeg  linea=0x0
[gelatina] t=35576 ms  SEARCH       rival=no d=9999 mm rumbo=-6000 cdeg  linea=0x0
[gelatina] t=35704 ms  TRACK        rival=si d= 126 mm rumbo=-4463 cdeg  linea=0x0
[gelatina] t=35712 ms  ATTACK       rival=si d= 126 mm rumbo=-4463 cdeg  linea=0x0
[gelatina] t=35904 ms  SEARCH       rival=no d=9999 mm rumbo=+6000 cdeg  linea=0x0
[gelatina] t=35968 ms  TRACK        rival=si d= 171 mm rumbo=+6000 cdeg  linea=0x0
[gelatina] t=36000 ms  ATTACK       rival=si d= 103 mm rumbo=+4440 cdeg  linea=0x0
[gelatina] t=36200 ms  SEARCH       rival=no d=9999 mm rumbo=-6000 cdeg  linea=0x0
[gelatina] t=36296 ms  TRACK        rival=si d= 157 mm rumbo=-6000 cdeg  linea=0x0
[gelatina] t=36328 ms  ATTACK       rival=si d= 124 mm rumbo=-4408 cdeg  linea=0x0
[gelatina] t=36560 ms  SEARCH       rival=no d=9999 mm rumbo=+6000 cdeg  linea=0x0
[gelatina] t=36592 ms  TRACK        rival=si d= 145 mm rumbo=+6000 cdeg  linea=0x0
[gelatina] t=36656 ms  ATTACK       rival=si d= 108 mm rumbo=   +0 cdeg  linea=0x0
[gelatina] t=36832 ms  SEARCH       rival=no d=9999 mm rumbo=-4512 cdeg  linea=0x0
[gelatina] t=36960 ms  TRACK        rival=si d=  89 mm rumbo=-3000 cdeg  linea=0x0
[gelatina] t=36968 ms  ATTACK       rival=si d=  89 mm rumbo=-3000 cdeg  linea=0x0
[gelatina] t=37160 ms  SEARCH       rival=no d=9999 mm rumbo=+6000 cdeg  linea=0x0
[gelatina] t=37288 ms  TRACK        rival=si d=  82 mm rumbo=+1480 cdeg  linea=0x0
[gelatina] t=37296 ms  ATTACK       rival=si d=  82 mm rumbo=+1480 cdeg  linea=0x0
[gelatina] t=37456 ms  SEARCH       rival=no d=9999 mm rumbo=-4458 cdeg  linea=0x0
[gelatina] t=37584 ms  TRACK        rival=si d= 127 mm rumbo=-6000 cdeg  linea=0x0
[gelatina] t=37592 ms  ATTACK       rival=si d= 127 mm rumbo=-6000 cdeg  linea=0x0
[gelatina] t=37784 ms  SEARCH       rival=no d=9999 mm rumbo=+4515 cdeg  linea=0x0
[gelatina] t=37880 ms  TRACK        rival=si d= 116 mm rumbo=+4531 cdeg  linea=0x0
[gelatina] t=37888 ms  ATTACK       rival=si d= 116 mm rumbo=+4531 cdeg  linea=0x0
[gelatina] t=38080 ms  SEARCH       rival=no d=9999 mm rumbo=-4551 cdeg  linea=0x0
[gelatina] t=38208 ms  TRACK        rival=si d= 125 mm rumbo=-4492 cdeg  linea=0x0
[gelatina] t=38216 ms  ATTACK       rival=si d= 125 mm rumbo=-4492 cdeg  linea=0x0
[gelatina] t=38416 ms  SEARCH       rival=no d=9999 mm rumbo=+3000 cdeg  linea=0x0
[gelatina] t=38568 ms  TRACK        rival=si d= 132 mm rumbo=+6000 cdeg  linea=0x0
[gelatina] t=38576 ms  ATTACK       rival=si d= 132 mm rumbo=+4546 cdeg  linea=0x0
[gelatina] t=38776 ms  SEARCH       rival=no d=9999 mm rumbo=-6000 cdeg  linea=0x0
[gelatina] t=38872 ms  TRACK        rival=si d= 176 mm rumbo=-6000 cdeg  linea=0x0
[gelatina] t=39104 ms  ATTACK       rival=si d= 121 mm rumbo=+4464 cdeg  linea=0x0
[gelatina] t=39336 ms  SEARCH       rival=no d=9999 mm rumbo=-6000 cdeg  linea=0x0
[gelatina] t=39368 ms  EDGE_ESCAPE  rival=no d=9999 mm rumbo=-6000 cdeg  linea=0x1
[gelatina] t=39432 ms  ATTACK       rival=si d= 129 mm rumbo=-4508 cdeg  linea=0x4
[gelatina] t=39832 ms  SEARCH       rival=no d=9999 mm rumbo=   +0 cdeg  linea=0x0
[gelatina] t=39912 ms  EDGE_ESCAPE  rival=no d=9999 mm rumbo=   +0 cdeg  linea=0x2
[gelatina] t=40120 ms  SEARCH       rival=si d=  60 mm rumbo=+3000 cdeg  linea=0x0
[gelatina] t=40128 ms  ATTACK       rival=si d=  60 mm rumbo=+3000 cdeg  linea=0x8
[gelatina] t=40264 ms  SEARCH       rival=no d=9999 mm rumbo=+3000 cdeg  linea=0x0
WARNING: Contact joints between materials 'patin' and 'dohyo' will only be created for the 10 deepest contact points instead of all the 14 contact points.
[gelatina] t=40320 ms  TRACK        rival=si d= 467 mm rumbo= +532 cdeg  linea=0x8
[gelatina] t=40424 ms  ATTACK       rival=si d=  38 mm rumbo=+3000 cdeg  linea=0x0
[gelatina] t=40592 ms  SEARCH       rival=no d=9999 mm rumbo=+3000 cdeg  linea=0x0
[gelatina] t=40688 ms  TRACK        rival=si d=  60 mm rumbo=+3000 cdeg  linea=0x0
[gelatina] t=40696 ms  ATTACK       rival=si d=  60 mm rumbo=+3000 cdeg  linea=0x0
[gelatina] t=40824 ms  SEARCH       rival=no d=9999 mm rumbo=+3000 cdeg  linea=0x0
[gelatina] t=40880 ms  TRACK        rival=si d=  71 mm rumbo=   +0 cdeg  linea=0x0
[gelatina] t=40888 ms  ATTACK       rival=si d=  71 mm rumbo=   +0 cdeg  linea=0x0
[gelatina] t=41016 ms  SEARCH       rival=no d=9999 mm rumbo=   +0 cdeg  linea=0x0
[gelatina] t=41144 ms  TRACK        rival=si d=  65 mm rumbo=+6000 cdeg  linea=0x0
[gelatina] t=41152 ms  ATTACK       rival=si d=  65 mm rumbo=+6000 cdeg  linea=0x0
[gelatina] t=41352 ms  SEARCH       rival=no d=9999 mm rumbo=-4534 cdeg  linea=0x0
[gelatina] t=41480 ms  TRACK        rival=si d= 116 mm rumbo=-6000 cdeg  linea=0x0
[gelatina] t=41488 ms  ATTACK       rival=si d= 116 mm rumbo=-6000 cdeg  linea=0x0
[gelatina] t=41712 ms  SEARCH       rival=no d=9999 mm rumbo=+6000 cdeg  linea=0x0
[gelatina] t=41808 ms  TRACK        rival=si d=  69 mm rumbo=+6000 cdeg  linea=0x0
[gelatina] t=41816 ms  ATTACK       rival=si d=  69 mm rumbo=+6000 cdeg  linea=0x0
[gelatina] t=42040 ms  SEARCH       rival=no d=9999 mm rumbo=-6000 cdeg  linea=0x0
[gelatina] t=42136 ms  TRACK        rival=si d= 104 mm rumbo=-6000 cdeg  linea=0x0
[gelatina] t=42144 ms  ATTACK       rival=si d= 104 mm rumbo=-6000 cdeg  linea=0x0
[gelatina] t=42336 ms  SEARCH       rival=no d=9999 mm rumbo=+4504 cdeg  linea=0x0
[gelatina] t=42432 ms  TRACK        rival=si d=  72 mm rumbo=+6000 cdeg  linea=0x0
[gelatina] t=42440 ms  ATTACK       rival=si d=  72 mm rumbo=+6000 cdeg  linea=0x0
WARNING: Contact joints between materials 'patin' and 'dohyo' will only be created for the 10 deepest contact points instead of all the 11 contact points.
[gelatina] t=42640 ms  SEARCH       rival=no d=9999 mm rumbo=-1534 cdeg  linea=0x0
[gelatina] t=42832 ms  TRACK        rival=si d= 126 mm rumbo=-6000 cdeg  linea=0x0
[gelatina] t=42840 ms  ATTACK       rival=si d= 126 mm rumbo=-6000 cdeg  linea=0x0
[gelatina] t=43032 ms  SEARCH       rival=no d=9999 mm rumbo=+4486 cdeg  linea=0x0
[gelatina] t=43128 ms  TRACK        rival=si d= 188 mm rumbo=+6000 cdeg  linea=0x0
[gelatina] t=43192 ms  ATTACK       rival=si d= 121 mm rumbo=-1466 cdeg  linea=0x0
[gelatina] t=43360 ms  SEARCH       rival=no d=9999 mm rumbo=-6000 cdeg  linea=0x0
[gelatina] t=43488 ms  TRACK        rival=si d= 157 mm rumbo=-4474 cdeg  linea=0x0
[gelatina] t=43784 ms  ATTACK       rival=si d= 108 mm rumbo=-6000 cdeg  linea=0x0
[gelatina] t=43960 ms  EDGE_ESCAPE  rival=si d=  93 mm rumbo=-6000 cdeg  linea=0x1
[gelatina] t=44008 ms  ATTACK       rival=si d=  68 mm rumbo=-4516 cdeg  linea=0x4
WARNING: Contact joints between materials 'patin' and 'dohyo' will only be created for the 10 deepest contact points instead of all the 16 contact points.
[gelatina] t=44344 ms  EDGE_ESCAPE  rival=si d= 152 mm rumbo=+6000 cdeg  linea=0xC
[gelatina] t=44480 ms  ATTACK       rival=si d=  71 mm rumbo=   +0 cdeg  linea=0x4
[gelatina] t=44512 ms  EDGE_ESCAPE  rival=si d=  71 mm rumbo=   +0 cdeg  linea=0x4
[gelatina] t=44544 ms  ATTACK       rival=si d=  80 mm rumbo=   +0 cdeg  linea=0x4
[gelatina] t=44680 ms  EDGE_ESCAPE  rival=si d=  73 mm rumbo=   +0 cdeg  linea=0x4
[gelatina] t=44888 ms  SEARCH       rival=no d=9999 mm rumbo=   +0 cdeg  linea=0x4
[gelatina] t=44944 ms  TRACK        rival=si d=  55 mm rumbo=+3000 cdeg  linea=0x0
[gelatina] t=44952 ms  ATTACK       rival=si d=  55 mm rumbo=+3000 cdeg  linea=0x2
[arbitro] asalto 19/30  frente   expulsado       -1  44.97 s
[inercia] asalto=19 robot=GELATINA rueda=0 rotor=3.56502855e-05
[inercia] asalto=19 robot=GELATINA rueda=1 rotor=2.84224543e-05
[inercia] asalto=19 robot=RIVAL rueda=0 rotor=2.59446371e-05
[inercia] asalto=19 robot=RIVAL rueda=1 rotor=2.11662378e-05
[planta] asalto=19 mu=1.07916555 slip=0.000595489621 aleatorio=1
WARNING: DEF RIVAL GelatinaNuclear > HingeJoint "rueda_der" > Solid "rueda_der": Webots has detected that this solid is light and oblong according to its inertia matrix. This belongs in the physics edge cases, and can imply weird physical results. Increasing the weight of the object or reducing its eccentricity are recommended.
[gelatina] fin de asalto motor={"battery_v":8.02911175,"resistance_ohm":[3.61012363,4.12301402],"bridge_ohm":[0.516429031,0.626979172],"omega_rad_s":[-27.1756026,45.6301172],"current_a":[0.499791285,0.88547587],"torque_nm":[0.034340036,0.0370138985],"applied_pwm":[-0.0599999875,1],"over_1_2a_samples":3009,"over_3_2a_samples":4}
[gelatina] t=    0 ms  WAIT         rival=si d=  55 mm rumbo=+3000 cdeg  linea=0x6
[rival] fin de asalto motor={"battery_v":7.18980441,"resistance_ohm":[4.06803827,3.79150333],"bridge_ohm":[0.515953016,0.687746608],"omega_rad_s":[-0.0711072203,0.633645755],"current_a":[0.00127157887,-0.0104792531],"torque_nm":[0.000459287831,-0.00627167956],"applied_pwm":[0,0],"over_1_2a_samples":0,"over_3_2a_samples":0}
[planta] gelatina ciclo=21 rueda=0 V=8.06293029 R=3.97073298 Rpuente=0.528324747 I0=0.155373824 Ke=0.0909510855 Kt=0.0483794733
[planta] gelatina ciclo=21 rueda=1 V=8.06293029 R=4.09804659 Rpuente=0.503165686 I0=0.0911542028 Ke=0.0747389617 Kt=0.0483794733
[sensores] gelatina ToF alcance=1830.08862 minimo=22.9418826 sigma_rel=0.0530888653
[gelatina] pulsador recibido: permiso previsto 287312 ms
[planta] rival ciclo=21 rueda=0 V=7.15712184 R=4.22095814 Rpuente=0.644258213 I0=0.12137703 Ke=0.0816681165 Kt=0.0483794733
[planta] rival ciclo=21 rueda=1 V=7.15712184 R=4.00081563 Rpuente=0.660281038 I0=0.121148506 Ke=0.0779330288 Kt=0.0483794733
[arranque] pulsador=282312 permiso=287312 ms
[sensores] rival ToF alcance=1046.47231 minimo=42.354129 sigma_rel=0.0780528402
[gelatina] permiso de arranque a los 287312 ms
[gelatina] t=    0 ms  OPENING      rival=no d=9999 mm rumbo=+3000 cdeg  linea=0x0
WARNING: Contact joints between materials 'patin' and 'dohyo' will only be created for the 10 deepest contact points instead of all the 14 contact points.
[gelatina] t=   64 ms  TRACK        rival=si d=  77 mm rumbo=-6000 cdeg  linea=0x0
[gelatina] t=   72 ms  ATTACK       rival=si d=  77 mm rumbo=-6000 cdeg  linea=0x0
[gelatina] t=  560 ms  SEARCH       rival=no d=9999 mm rumbo=+3000 cdeg  linea=0x0
[gelatina] t=  592 ms  TRACK        rival=si d=  54 mm rumbo=+3000 cdeg  linea=0x0
[gelatina] t=  600 ms  ATTACK       rival=si d=  54 mm rumbo=+3000 cdeg  linea=0x0
[gelatina] t=  856 ms  SEARCH       rival=no d=9999 mm rumbo=+3000 cdeg  linea=0x2
[gelatina] t= 1048 ms  TRACK        rival=si d=  21 mm rumbo=+4494 cdeg  linea=0x0
[gelatina] t= 1056 ms  ATTACK       rival=si d=  21 mm rumbo=+4214 cdeg  linea=0x0
[arbitro] asalto 20/30  lado     expulsado       -1   1.29 s
[inercia] asalto=20 robot=GELATINA rueda=0 rotor=3.43606977e-05
[inercia] asalto=20 robot=GELATINA rueda=1 rotor=3.12603291e-05
[inercia] asalto=20 robot=RIVAL rueda=0 rotor=9.26263064e-06
[inercia] asalto=20 robot=RIVAL rueda=1 rotor=1.42282911e-05
[planta] asalto=20 mu=1.20134381 slip=0.000236595631 aleatorio=1
WARNING: DEF GELATINA GelatinaNuclear > HingeJoint "rueda_izq" > Solid "rueda_izq": Webots has detected that this solid is light and oblong according to its inertia matrix. This belongs in the physics edge cases, and can imply weird physical results. Increasing the weight of the object or reducing its eccentricity are recommended.
[gelatina] fin de asalto motor={"battery_v":8.06293029,"resistance_ohm":[3.97073298,4.09804659],"bridge_ohm":[0.528324747,0.503165686],"omega_rad_s":[55.1778482,93.1068045],"current_a":[0.67668505,-0.343226387],"torque_nm":[0.0252207626,-0.0210151042],"applied_pwm":[1,0.667182803],"over_1_2a_samples":3037,"over_3_2a_samples":4}
[gelatina] t=    0 ms  WAIT         rival=si d= 117 mm rumbo=-1788 cdeg  linea=0x0
[rival] fin de asalto motor={"battery_v":7.15712184,"resistance_ohm":[4.22095814,4.00081563],"bridge_ohm":[0.644258213,0.660281038],"omega_rad_s":[-4.73871609e-06,1.04435731e-05],"current_a":[7.95446676e-08,-1.74615406e-07],"torque_nm":[3.1674813e-08,-6.96586372e-08],"applied_pwm":[0,0],"over_1_2a_samples":0,"over_3_2a_samples":0}
WARNING: Contact joints between materials 'patin' and 'dohyo' will only be created for the 10 deepest contact points instead of all the 12 contact points.
[planta] gelatina ciclo=22 rueda=0 V=8.09891918 R=3.82159433 Rpuente=0.687987089 I0=0.122942841 Ke=0.0686880602 Kt=0.0483794733
[planta] gelatina ciclo=22 rueda=1 V=8.09891918 R=4.06575394 Rpuente=0.524181831 I0=0.161598748 Ke=0.0911811254 Kt=0.0483794733
[sensores] gelatina ToF alcance=1660.50074 minimo=23.1434596 sigma_rel=0.0834694672
[gelatina] pulsador recibido: permiso previsto 293912 ms
[planta] rival ciclo=22 rueda=0 V=7.89076605 R=3.88990607 Rpuente=0.528554785 I0=0.0850940287 Ke=0.102339163 Kt=0.0483794733
[planta] rival ciclo=22 rueda=1 V=7.89076605 R=3.76079721 Rpuente=0.502074564 I0=0.0864165455 Ke=0.074028238 Kt=0.0483794733
[sensores] rival ToF alcance=1687.28053 minimo=23.5093021 sigma_rel=0.0401044607
[arranque] pulsador=288912 permiso=293912 ms
[gelatina] permiso de arranque a los 293912 ms
[gelatina] t=    0 ms  OPENING      rival=no d=9999 mm rumbo=-4488 cdeg  linea=0x0
[gelatina] t=  112 ms  SEARCH       rival=no d=9999 mm rumbo=-4488 cdeg  linea=0x0
[gelatina] t=  224 ms  TRACK        rival=si d=  62 mm rumbo=-4503 cdeg  linea=0x0
[gelatina] t=  232 ms  ATTACK       rival=si d=  62 mm rumbo=-4503 cdeg  linea=0x0
WARNING: Contact joints between materials 'rueda' and 'dohyo' will only be created for the 10 deepest contact points instead of all the 11 contact points.
[gelatina] t=  432 ms  SEARCH       rival=no d=9999 mm rumbo=+6000 cdeg  linea=0x0
[gelatina] t=  520 ms  TRACK        rival=si d=  93 mm rumbo=+6000 cdeg  linea=0x0
[gelatina] t=  528 ms  ATTACK       rival=si d=  93 mm rumbo=+6000 cdeg  linea=0x0
[gelatina] t=  760 ms  SEARCH       rival=no d=9999 mm rumbo=-6000 cdeg  linea=0x0
[gelatina] t=  824 ms  TRACK        rival=si d=  63 mm rumbo=-6000 cdeg  linea=0x0
[gelatina] t=  832 ms  ATTACK       rival=si d=  63 mm rumbo=-6000 cdeg  linea=0x0
[gelatina] t= 1088 ms  SEARCH       rival=no d=9999 mm rumbo=+6000 cdeg  linea=0x0
[gelatina] t= 1184 ms  TRACK        rival=si d=  97 mm rumbo=+6000 cdeg  linea=0x0
[gelatina] t= 1192 ms  ATTACK       rival=si d=  97 mm rumbo=+6000 cdeg  linea=0x0
WARNING: Contact joints between materials 'rueda' and 'dohyo' will only be created for the 10 deepest contact points instead of all the 13 contact points.
[arbitro] asalto 21/30  espalda  rival fuera     +1   2.04 s
[inercia] asalto=21 robot=GELATINA rueda=0 rotor=2.41761752e-05
[inercia] asalto=21 robot=GELATINA rueda=1 rotor=2.18299767e-05
[inercia] asalto=21 robot=RIVAL rueda=0 rotor=2.12558225e-05
[inercia] asalto=21 robot=RIVAL rueda=1 rotor=2.09447334e-05
[planta] asalto=21 mu=1.16233686 slip=3.54218483e-05 aleatorio=1
WARNING: DEF GELATINA GelatinaNuclear > HingeJoint "rueda_izq" > Solid "rueda_izq": Webots has detected that this solid is light and oblong according to its inertia matrix. This belongs in the physics edge cases, and can imply weird physical results. Increasing the weight of the object or reducing its eccentricity are recommended.
WARNING: DEF GELATINA GelatinaNuclear > HingeJoint "rueda_der" > Solid "rueda_der": Webots has detected that this solid is light and oblong according to its inertia matrix. This belongs in the physics edge cases, and can imply weird physical results. Increasing the weight of the object or reducing its eccentricity are recommended.
[gelatina] fin de asalto motor={"battery_v":8.09891918,"resistance_ohm":[3.82159433,4.06575394],"bridge_ohm":[0.687987089,0.524181831],"omega_rad_s":[41.5502623,10.4295335],"current_a":[1.16305967,0.0751319192],"torque_nm":[0.0503203042,-0.00418321962],"applied_pwm":[1,0.160000026],"over_1_2a_samples":3097,"over_3_2a_samples":4}
[gelatina] t=    0 ms  WAIT         rival=no d=9999 mm rumbo=-6000 cdeg  linea=0x1
[rival] fin de asalto motor={"battery_v":7.89076605,"resistance_ohm":[3.88990607,3.76079721],"bridge_ohm":[0.528554785,0.502074564],"omega_rad_s":[1.12532607,3.4672406],"current_a":[-0.0260644898,-0.0602114551],"torque_nm":[-0.00459318344,-0.0070856523],"applied_pwm":[0,0],"over_1_2a_samples":0,"over_3_2a_samples":0}
[planta] gelatina ciclo=23 rueda=0 V=8.13273771 R=4.18220367 Rpuente=0.699882805 I0=0.218302032 Ke=0.090068279 Kt=0.0483794733
[planta] gelatina ciclo=23 rueda=1 V=8.13273771 R=4.0407865 Rpuente=0.600368345 I0=0.132351521 Ke=0.0801447784 Kt=0.0483794733
[sensores] gelatina ToF alcance=1611.23441 minimo=29.1269225 sigma_rel=0.0407855368
[gelatina] pulsador recibido: permiso previsto 301264 ms
[planta] rival ciclo=23 rueda=0 V=8.38062681 R=4.06832638 Rpuente=0.606924069 I0=0.108852911 Ke=0.0858912756 Kt=0.0483794733
[planta] rival ciclo=23 rueda=1 V=8.38062681 R=3.66455526 Rpuente=0.623745346 I0=0.135405868 Ke=0.0937291894 Kt=0.0483794733
[sensores] rival ToF alcance=885.067499 minimo=32.9394126 sigma_rel=0.108723536
[arranque] pulsador=296264 permiso=301264 ms
[gelatina] permiso de arranque a los 301264 ms
[gelatina] t=    0 ms  TRACK        rival=si d=  72 mm rumbo=+1505 cdeg  linea=0x0
[gelatina] t=    8 ms  ATTACK       rival=si d=  72 mm rumbo=+1505 cdeg  linea=0x0
WARNING: Contact joints between materials 'patin' and 'dohyo' will only be created for the 10 deepest contact points instead of all the 34 contact points.
[arbitro] asalto 22/30  frente   expulsado       -1   0.86 s
[inercia] asalto=22 robot=GELATINA rueda=0 rotor=3.47288454e-05
[inercia] asalto=22 robot=GELATINA rueda=1 rotor=2.88815353e-05
[inercia] asalto=22 robot=RIVAL rueda=0 rotor=2.26690709e-05
[inercia] asalto=22 robot=RIVAL rueda=1 rotor=3.08220808e-05
[planta] asalto=22 mu=0.619500673 slip=0.00136060154 aleatorio=1
[gelatina] fin de asalto motor={"battery_v":8.13273771,"resistance_ohm":[4.18220367,4.0407865],"bridge_ohm":[0.699882805,0.600368345],"omega_rad_s":[77.9334528,35.5458571],"current_a":[0.228059406,-0.33124567],"torque_nm":[0.000472056578,-0.0224285879],"applied_pwm":[1,0.161255956],"over_1_2a_samples":3106,"over_3_2a_samples":4}
[gelatina] t=    0 ms  WAIT         rival=si d=  38 mm rumbo=-4506 cdeg  linea=0x0
[rival] fin de asalto motor={"battery_v":8.38062681,"resistance_ohm":[4.06832638,3.66455526],"bridge_ohm":[0.606924069,0.623745346],"omega_rad_s":[-0.163771326,-0.0177657085],"current_a":[0.00300872183,0.000388304274],"torque_nm":[0.00100039169,0.000135154464],"applied_pwm":[0,0],"over_1_2a_samples":0,"over_3_2a_samples":0}
[planta] gelatina ciclo=24 rueda=0 V=8.16872652 R=4.03306503 Rpuente=0.659545147 I0=0.18587105 Ke=0.0674814979 Kt=0.0483794733
[planta] gelatina ciclo=24 rueda=1 V=8.16872652 R=4.00849385 Rpuente=0.62138449 I0=0.202796066 Ke=0.0658805613 Kt=0.0483794733
[sensores] gelatina ToF alcance=1441.64653 minimo=29.3285012 sigma_rel=0.0711661434
[gelatina] pulsador recibido: permiso previsto 307440 ms
[planta] rival ciclo=24 rueda=0 V=7.43880427 R=3.66269288 Rpuente=0.615391648 I0=0.176589221 Ke=0.067912769 Kt=0.0483794733
[planta] rival ciclo=24 rueda=1 V=7.43880427 R=4.27961082 Rpuente=0.657067728 I0=0.0886220098 Ke=0.0838948678 Kt=0.0483794733
[arranque] pulsador=302440 permiso=307440 ms
[sensores] rival ToF alcance=814.122832 minimo=37.7100253 sigma_rel=0.0649522638
[gelatina] permiso de arranque a los 307440 ms
[gelatina] t=    0 ms  OPENING      rival=no d=9999 mm rumbo=-4506 cdeg  linea=0x0
[gelatina] t=   64 ms  TRACK        rival=si d=  88 mm rumbo=-6000 cdeg  linea=0x0
[gelatina] t=   72 ms  ATTACK       rival=si d=  88 mm rumbo=-6000 cdeg  linea=0x0
WARNING: Contact joints between materials 'rueda' and 'dohyo' will only be created for the 10 deepest contact points instead of all the 12 contact points.
[gelatina] t=  496 ms  SEARCH       rival=no d=9999 mm rumbo=   +0 cdeg  linea=0x0
[gelatina] t=  688 ms  TRACK        rival=si d=  32 mm rumbo=   +0 cdeg  linea=0x0
[gelatina] t=  696 ms  ATTACK       rival=si d=  32 mm rumbo=   +0 cdeg  linea=0x0
[gelatina] t=  928 ms  SEARCH       rival=no d=9999 mm rumbo=-6000 cdeg  linea=0x0
[gelatina] t= 1016 ms  TRACK        rival=si d=  93 mm rumbo=-6000 cdeg  linea=0x0
[gelatina] t= 1024 ms  ATTACK       rival=si d=  93 mm rumbo=-6000 cdeg  linea=0x0
[gelatina] t= 1256 ms  SEARCH       rival=no d=9999 mm rumbo=+6000 cdeg  linea=0x0
WARNING: Contact joints between materials 'patin' and 'dohyo' will only be created for the 10 deepest contact points instead of all the 11 contact points.
[gelatina] t= 1416 ms  TRACK        rival=si d=  56 mm rumbo=+6000 cdeg  linea=0x0
[gelatina] t= 1424 ms  ATTACK       rival=si d=  56 mm rumbo=+6000 cdeg  linea=0x0
[gelatina] t= 1616 ms  SEARCH       rival=no d=9999 mm rumbo=-4502 cdeg  linea=0x0
[gelatina] t= 1776 ms  TRACK        rival=si d=  50 mm rumbo=-6000 cdeg  linea=0x0
[gelatina] t= 1784 ms  ATTACK       rival=si d=  50 mm rumbo=-6000 cdeg  linea=0x0
[gelatina] t= 1984 ms  SEARCH       rival=no d=9999 mm rumbo=+3000 cdeg  linea=0x0
[gelatina] t= 2208 ms  TRACK        rival=si d=  76 mm rumbo=+6000 cdeg  linea=0x0
[gelatina] t= 2216 ms  ATTACK       rival=si d=  76 mm rumbo=+6000 cdeg  linea=0x0
[gelatina] t= 2408 ms  SEARCH       rival=no d=9999 mm rumbo=-4471 cdeg  linea=0x0
[gelatina] t= 2568 ms  TRACK        rival=si d= 104 mm rumbo=-4511 cdeg  linea=0x0
[gelatina] t= 2576 ms  ATTACK       rival=si d= 104 mm rumbo=-4511 cdeg  linea=0x0
[gelatina] t= 2768 ms  SEARCH       rival=no d=9999 mm rumbo=+6000 cdeg  linea=0x0
WARNING: Contact joints between materials 'patin' and 'dohyo' will only be created for the 10 deepest contact points instead of all the 14 contact points.
[gelatina] t= 2968 ms  TRACK        rival=si d= 102 mm rumbo=+3000 cdeg  linea=0x0
[gelatina] t= 2976 ms  ATTACK       rival=si d= 102 mm rumbo=+3000 cdeg  linea=0x0
[gelatina] t= 3168 ms  SEARCH       rival=no d=9999 mm rumbo=-6000 cdeg  linea=0x0
[gelatina] t= 3328 ms  TRACK        rival=si d= 124 mm rumbo=-4540 cdeg  linea=0x0
[gelatina] t= 3336 ms  ATTACK       rival=si d= 124 mm rumbo=-4540 cdeg  linea=0x0
[gelatina] t= 3528 ms  SEARCH       rival=no d=9999 mm rumbo=+6000 cdeg  linea=0x0
[gelatina] t= 3688 ms  TRACK        rival=si d= 123 mm rumbo=+6000 cdeg  linea=0x0
[gelatina] t= 3696 ms  ATTACK       rival=si d= 123 mm rumbo=+6000 cdeg  linea=0x0
[gelatina] t= 3896 ms  SEARCH       rival=no d=9999 mm rumbo=-6000 cdeg  linea=0x0
[gelatina] t= 4056 ms  TRACK        rival=si d= 168 mm rumbo=-4448 cdeg  linea=0x0
[gelatina] t= 4256 ms  SEARCH       rival=no d=9999 mm rumbo=+6000 cdeg  linea=0x0
[gelatina] t= 4320 ms  TRACK        rival=si d= 135 mm rumbo=+4557 cdeg  linea=0x0
[gelatina] t= 4352 ms  ATTACK       rival=si d= 141 mm rumbo=   +0 cdeg  linea=0x8
[gelatina] t= 4520 ms  SEARCH       rival=no d=9999 mm rumbo=-4481 cdeg  linea=0x0
[gelatina] t= 4680 ms  TRACK        rival=si d= 137 mm rumbo=-4513 cdeg  linea=0x0
[gelatina] t= 4880 ms  SEARCH       rival=no d=9999 mm rumbo=+6000 cdeg  linea=0x0
[gelatina] t= 4912 ms  TRACK        rival=si d= 184 mm rumbo=+6000 cdeg  linea=0x0
WARNING: Contact joints between materials 'patin' and 'dohyo' will only be created for the 10 deepest contact points instead of all the 12 contact points.
[gelatina] t= 5152 ms  SEARCH       rival=no d=9999 mm rumbo=-4501 cdeg  linea=0x0
[gelatina] t= 5208 ms  TRACK        rival=si d= 128 mm rumbo=-6000 cdeg  linea=0x0
[gelatina] t= 5216 ms  ATTACK       rival=si d= 128 mm rumbo=-6000 cdeg  linea=0x0
[gelatina] t= 5448 ms  SEARCH       rival=no d=9999 mm rumbo=+6000 cdeg  linea=0x0
[gelatina] t= 5608 ms  TRACK        rival=si d= 118 mm rumbo=+4555 cdeg  linea=0x0
[gelatina] t= 5616 ms  ATTACK       rival=si d= 118 mm rumbo=+4555 cdeg  linea=0x0
[gelatina] t= 5808 ms  SEARCH       rival=no d=9999 mm rumbo=-4541 cdeg  linea=0x0
[gelatina] t= 5968 ms  TRACK        rival=si d= 135 mm rumbo=-4534 cdeg  linea=0x0
[gelatina] t= 6168 ms  SEARCH       rival=no d=9999 mm rumbo=+6000 cdeg  linea=0x0
[gelatina] t= 6232 ms  TRACK        rival=si d= 135 mm rumbo=+4524 cdeg  linea=0x0
[gelatina] t= 6264 ms  ATTACK       rival=si d= 129 mm rumbo=+1416 cdeg  linea=0x0
[gelatina] t= 6440 ms  SEARCH       rival=no d=9999 mm rumbo=-3000 cdeg  linea=0x0
WARNING: Contact joints between materials 'patin' and 'dohyo' will only be created for the 10 deepest contact points instead of all the 11 contact points.
[gelatina] t= 6632 ms  TRACK        rival=si d= 151 mm rumbo=-6000 cdeg  linea=0x0
[gelatina] t= 6864 ms  SEARCH       rival=no d=9999 mm rumbo=+6000 cdeg  linea=0x0
[gelatina] t= 6888 ms  TRACK        rival=si d= 139 mm rumbo=+6000 cdeg  linea=0x0
[gelatina] t= 6992 ms  ATTACK       rival=si d= 107 mm rumbo=-4517 cdeg  linea=0x0
[gelatina] t= 7160 ms  SEARCH       rival=no d=9999 mm rumbo=-6000 cdeg  linea=0x0
[gelatina] t= 7256 ms  TRACK        rival=si d= 127 mm rumbo=-6000 cdeg  linea=0x0
[gelatina] t= 7264 ms  ATTACK       rival=si d= 127 mm rumbo=-6000 cdeg  linea=0x0
[gelatina] t= 7456 ms  SEARCH       rival=no d=9999 mm rumbo=+4507 cdeg  linea=0x0
[gelatina] t= 7616 ms  TRACK        rival=si d= 131 mm rumbo=+6000 cdeg  linea=0x0
[gelatina] t= 7624 ms  ATTACK       rival=si d= 131 mm rumbo=+6000 cdeg  linea=0x0
[gelatina] t= 7824 ms  SEARCH       rival=no d=9999 mm rumbo=-4497 cdeg  linea=0x0
[gelatina] t= 7984 ms  TRACK        rival=si d= 131 mm rumbo=-4545 cdeg  linea=0x0
[gelatina] t= 7992 ms  ATTACK       rival=si d= 131 mm rumbo=-4545 cdeg  linea=0x0
[gelatina] t= 8184 ms  SEARCH       rival=no d=9999 mm rumbo=+6000 cdeg  linea=0x0
[gelatina] t= 8376 ms  TRACK        rival=si d= 141 mm rumbo=+3000 cdeg  linea=0x0
[gelatina] t= 8544 ms  SEARCH       rival=no d=9999 mm rumbo=   +0 cdeg  linea=0x0
[gelatina] t= 8672 ms  TRACK        rival=si d= 148 mm rumbo=+6000 cdeg  linea=0x0
[gelatina] t= 8880 ms  SEARCH       rival=no d=9999 mm rumbo=-6000 cdeg  linea=0x0
[gelatina] t= 8904 ms  TRACK        rival=si d= 146 mm rumbo=-6000 cdeg  linea=0x0
[gelatina] t= 9168 ms  ATTACK       rival=si d= 116 mm rumbo=+6000 cdeg  linea=0x0
[gelatina] t= 9408 ms  SEARCH       rival=no d=9999 mm rumbo=-6000 cdeg  linea=0x0
[gelatina] t= 9536 ms  TRACK        rival=si d= 111 mm rumbo=-6000 cdeg  linea=0x0
[gelatina] t= 9544 ms  ATTACK       rival=si d= 111 mm rumbo=-6000 cdeg  linea=0x0
[gelatina] t= 9736 ms  SEARCH       rival=no d=9999 mm rumbo=+4589 cdeg  linea=0x0
[gelatina] t= 9928 ms  TRACK        rival=si d= 101 mm rumbo=+6000 cdeg  linea=0x0
[gelatina] t= 9936 ms  ATTACK       rival=si d= 101 mm rumbo=+6000 cdeg  linea=0x0
WARNING: Contact joints between materials 'patin' and 'dohyo' will only be created for the 10 deepest contact points instead of all the 11 contact points.
[gelatina] t=10136 ms  SEARCH       rival=no d=9999 mm rumbo=-6000 cdeg  linea=0x0
[gelatina] t=10296 ms  TRACK        rival=si d= 108 mm rumbo=-4504 cdeg  linea=0x0
[gelatina] t=10304 ms  ATTACK       rival=si d= 108 mm rumbo=-4504 cdeg  linea=0x0
[gelatina] t=10496 ms  SEARCH       rival=no d=9999 mm rumbo=+6000 cdeg  linea=0x0
[gelatina] t=10688 ms  TRACK        rival=si d= 123 mm rumbo=+6000 cdeg  linea=0x0
[gelatina] t=10696 ms  ATTACK       rival=si d= 123 mm rumbo=+6000 cdeg  linea=0x0
[gelatina] t=10888 ms  SEARCH       rival=no d=9999 mm rumbo=-4513 cdeg  linea=0x0
[gelatina] t=11048 ms  TRACK        rival=si d= 102 mm rumbo=-4550 cdeg  linea=0x0
[gelatina] t=11056 ms  ATTACK       rival=si d= 102 mm rumbo=-4550 cdeg  linea=0x0
[gelatina] t=11256 ms  SEARCH       rival=no d=9999 mm rumbo=+6000 cdeg  linea=0x0
[gelatina] t=11416 ms  TRACK        rival=si d= 134 mm rumbo=+4456 cdeg  linea=0x0
WARNING: Contact joints between materials 'patin' and 'dohyo' will only be created for the 10 deepest contact points instead of all the 13 contact points.
[gelatina] t=11680 ms  SEARCH       rival=no d=9999 mm rumbo=-1280 cdeg  linea=0x0
[gelatina] t=11744 ms  TRACK        rival=si d= 148 mm rumbo=-6000 cdeg  linea=0x0
[gelatina] t=12008 ms  ATTACK       rival=si d= 100 mm rumbo=+4584 cdeg  linea=0x0
[gelatina] t=12248 ms  SEARCH       rival=no d=9999 mm rumbo=-4538 cdeg  linea=0x0
[gelatina] t=12336 ms  TRACK        rival=si d= 148 mm rumbo=-6000 cdeg  linea=0x0
[gelatina] t=12368 ms  ATTACK       rival=si d=  96 mm rumbo=-4509 cdeg  linea=0x0
[gelatina] t=12576 ms  SEARCH       rival=no d=9999 mm rumbo=+6000 cdeg  linea=0x0
[gelatina] t=12736 ms  TRACK        rival=si d= 100 mm rumbo=+4516 cdeg  linea=0x0
[gelatina] t=12744 ms  ATTACK       rival=si d= 100 mm rumbo=+4516 cdeg  linea=0x0
[gelatina] t=12936 ms  SEARCH       rival=no d=9999 mm rumbo=-6000 cdeg  linea=0x0
[gelatina] t=13096 ms  TRACK        rival=si d= 118 mm rumbo=-4520 cdeg  linea=0x0
[gelatina] t=13104 ms  ATTACK       rival=si d= 118 mm rumbo=-4520 cdeg  linea=0x0
WARNING: Contact joints between materials 'patin' and 'dohyo' will only be created for the 10 deepest contact points instead of all the 11 contact points.
[gelatina] t=13296 ms  SEARCH       rival=no d=9999 mm rumbo=+6000 cdeg  linea=0x0
[gelatina] t=13456 ms  TRACK        rival=si d= 116 mm rumbo=+4450 cdeg  linea=0x0
[gelatina] t=13464 ms  ATTACK       rival=si d= 116 mm rumbo=+4450 cdeg  linea=0x0
[gelatina] t=13664 ms  SEARCH       rival=no d=9999 mm rumbo=-6000 cdeg  linea=0x0
[gelatina] t=13792 ms  TRACK        rival=si d= 171 mm rumbo=-6000 cdeg  linea=0x0
[gelatina] t=14024 ms  SEARCH       rival=no d=9999 mm rumbo=+6000 cdeg  linea=0x0
[gelatina] t=14088 ms  TRACK        rival=si d= 152 mm rumbo=+4507 cdeg  linea=0x0
[gelatina] t=14152 ms  ATTACK       rival=si d= 129 mm rumbo=-3000 cdeg  linea=0x0
[gelatina] t=14320 ms  SEARCH       rival=no d=9999 mm rumbo=-6000 cdeg  linea=0x0
[gelatina] t=14448 ms  TRACK        rival=si d= 139 mm rumbo=-6000 cdeg  linea=0x0
WARNING: Contact joints between materials 'patin' and 'dohyo' will only be created for the 10 deepest contact points instead of all the 18 contact points.
[gelatina] t=14656 ms  SEARCH       rival=no d=9999 mm rumbo=+3000 cdeg  linea=0x0
[gelatina] t=14744 ms  TRACK        rival=si d= 150 mm rumbo=+6000 cdeg  linea=0x0
[gelatina] t=14816 ms  ATTACK       rival=si d= 130 mm rumbo=-3000 cdeg  linea=0x0
[gelatina] t=14984 ms  SEARCH       rival=no d=9999 mm rumbo=-6000 cdeg  linea=0x0
[gelatina] t=15144 ms  TRACK        rival=si d= 165 mm rumbo=-3000 cdeg  linea=0x0
[gelatina] t=15344 ms  SEARCH       rival=no d=9999 mm rumbo=+6000 cdeg  linea=0x0
[gelatina] t=15408 ms  TRACK        rival=si d= 145 mm rumbo=+6000 cdeg  linea=0x0
[gelatina] t=15472 ms  ATTACK       rival=si d= 127 mm rumbo=-3000 cdeg  linea=0x0
[gelatina] t=15640 ms  SEARCH       rival=no d=9999 mm rumbo=-6000 cdeg  linea=0x0
[gelatina] t=15768 ms  TRACK        rival=si d= 153 mm rumbo=-6000 cdeg  linea=0x0
[gelatina] t=15968 ms  SEARCH       rival=no d=9999 mm rumbo=+6000 cdeg  linea=0x0
[gelatina] t=16064 ms  TRACK        rival=si d= 134 mm rumbo=+4534 cdeg  linea=0x0
[gelatina] t=16136 ms  ATTACK       rival=si d= 128 mm rumbo=-6000 cdeg  linea=0x0
[gelatina] t=16272 ms  SEARCH       rival=no d=9999 mm rumbo=-6000 cdeg  linea=0x0
[gelatina] t=16400 ms  TRACK        rival=si d= 146 mm rumbo=-4471 cdeg  linea=0x0
WARNING: Contact joints between materials 'patin' and 'dohyo' will only be created for the 10 deepest contact points instead of all the 27 contact points.
[gelatina] t=16760 ms  ATTACK       rival=si d= 120 mm rumbo=-6000 cdeg  linea=0x0
[gelatina] t=17256 ms  SEARCH       rival=no d=9999 mm rumbo=+6000 cdeg  linea=0x0
[gelatina] t=17320 ms  TRACK        rival=si d=  63 mm rumbo=+6000 cdeg  linea=0x0
[gelatina] t=17328 ms  ATTACK       rival=si d=  63 mm rumbo=+6000 cdeg  linea=0x0
[gelatina] t=17592 ms  SEARCH       rival=no d=9999 mm rumbo=-6000 cdeg  linea=0x0
WARNING: Contact joints between materials 'patin' and 'dohyo' will only be created for the 10 deepest contact points instead of all the 12 contact points.
[gelatina] t=17752 ms  TRACK        rival=si d=  36 mm rumbo=-4506 cdeg  linea=0x0
[gelatina] t=17760 ms  ATTACK       rival=si d=  36 mm rumbo=-4506 cdeg  linea=0x0
[gelatina] t=17952 ms  SEARCH       rival=no d=9999 mm rumbo=+4519 cdeg  linea=0x0
[gelatina] t=18080 ms  TRACK        rival=si d=  94 mm rumbo=+6000 cdeg  linea=0x0
[gelatina] t=18088 ms  ATTACK       rival=si d=  94 mm rumbo=+6000 cdeg  linea=0x0
[gelatina] t=18320 ms  SEARCH       rival=no d=9999 mm rumbo=-6000 cdeg  linea=0x0
[gelatina] t=18480 ms  TRACK        rival=si d=  65 mm rumbo=-4495 cdeg  linea=0x0
[gelatina] t=18488 ms  ATTACK       rival=si d=  65 mm rumbo=-4495 cdeg  linea=0x0
[gelatina] t=18680 ms  SEARCH       rival=no d=9999 mm rumbo=+6000 cdeg  linea=0x0
WARNING: Contact joints between materials 'patin' and 'dohyo' will only be created for the 10 deepest contact points instead of all the 11 contact points.
[gelatina] t=18840 ms  TRACK        rival=si d=  82 mm rumbo=+6000 cdeg  linea=0x0
[gelatina] t=18848 ms  ATTACK       rival=si d=  82 mm rumbo=+6000 cdeg  linea=0x0
[gelatina] t=19040 ms  SEARCH       rival=no d=9999 mm rumbo=-4518 cdeg  linea=0x0
[gelatina] t=19200 ms  TRACK        rival=si d= 111 mm rumbo=-4553 cdeg  linea=0x0
[gelatina] t=19208 ms  ATTACK       rival=si d= 111 mm rumbo=-4553 cdeg  linea=0x0
[gelatina] t=19408 ms  SEARCH       rival=no d=9999 mm rumbo=+3000 cdeg  linea=0x0
[gelatina] t=19632 ms  TRACK        rival=si d= 104 mm rumbo=+4460 cdeg  linea=0x0
[gelatina] t=19640 ms  ATTACK       rival=si d= 104 mm rumbo=+4460 cdeg  linea=0x0
[gelatina] t=19832 ms  SEARCH       rival=no d=9999 mm rumbo=-4560 cdeg  linea=0x0
[gelatina] t=19960 ms  TRACK        rival=si d= 190 mm rumbo=-6000 cdeg  linea=0x0
[gelatina] t=19992 ms  ATTACK       rival=si d= 131 mm rumbo=-3000 cdeg  linea=0x0
WARNING: Contact joints between materials 'patin' and 'dohyo' will only be created for the 10 deepest contact points instead of all the 12 contact points.
[gelatina] t=20192 ms  SEARCH       rival=no d=9999 mm rumbo=+6000 cdeg  linea=0x0
[gelatina] t=20352 ms  TRACK        rival=si d= 120 mm rumbo=+6000 cdeg  linea=0x0
[gelatina] t=20360 ms  ATTACK       rival=si d= 120 mm rumbo=+6000 cdeg  linea=0x0
[gelatina] t=20592 ms  SEARCH       rival=no d=9999 mm rumbo=-6000 cdeg  linea=0x0
[gelatina] t=20720 ms  TRACK        rival=si d= 157 mm rumbo=-4520 cdeg  linea=0x0
[gelatina] t=20920 ms  SEARCH       rival=no d=9999 mm rumbo=+6000 cdeg  linea=0x0
[gelatina] t=20984 ms  TRACK        rival=si d= 147 mm rumbo=+6000 cdeg  linea=0x0
[gelatina] t=21080 ms  ATTACK       rival=si d= 112 mm rumbo=-6000 cdeg  linea=0x0
WARNING: Contact joints between materials 'patin' and 'dohyo' will only be created for the 10 deepest contact points instead of all the 25 contact points.
[gelatina] t=21224 ms  SEARCH       rival=no d=9999 mm rumbo=-6000 cdeg  linea=0x0
[gelatina] t=21312 ms  TRACK        rival=si d= 182 mm rumbo=-6000 cdeg  linea=0x0
[gelatina] t=21376 ms  ATTACK       rival=si d= 125 mm rumbo=   +0 cdeg  linea=0x0
[gelatina] t=21552 ms  SEARCH       rival=no d=9999 mm rumbo=+6000 cdeg  linea=0x0
[gelatina] t=21672 ms  TRACK        rival=si d= 171 mm rumbo=+6000 cdeg  linea=0x0
[gelatina] t=21880 ms  SEARCH       rival=no d=9999 mm rumbo=-4516 cdeg  linea=0x0
[gelatina] t=21944 ms  TRACK        rival=si d= 155 mm rumbo=-4452 cdeg  linea=0x0
[gelatina] t=22144 ms  SEARCH       rival=no d=9999 mm rumbo=+6000 cdeg  linea=0x0
[gelatina] t=22200 ms  TRACK        rival=si d= 147 mm rumbo=+6000 cdeg  linea=0x0
WARNING: Contact joints between materials 'rueda' and 'dohyo' will only be created for the 10 deepest contact points instead of all the 14 contact points.
[gelatina] t=22472 ms  ATTACK       rival=si d= 130 mm rumbo=-1545 cdeg  linea=0x0
[gelatina] t=22672 ms  SEARCH       rival=no d=9999 mm rumbo=+4517 cdeg  linea=0x0
[gelatina] t=22800 ms  TRACK        rival=si d= 123 mm rumbo=+4485 cdeg  linea=0x0
[gelatina] t=22808 ms  ATTACK       rival=si d= 123 mm rumbo=+4485 cdeg  linea=0x0
[gelatina] t=23000 ms  SEARCH       rival=no d=9999 mm rumbo=-4526 cdeg  linea=0x0
[gelatina] t=23192 ms  TRACK        rival=si d= 111 mm rumbo=-4489 cdeg  linea=0x0
[gelatina] t=23200 ms  ATTACK       rival=si d= 111 mm rumbo=-4489 cdeg  linea=0x0
WARNING: Contact joints between materials 'patin' and 'dohyo' will only be created for the 10 deepest contact points instead of all the 13 contact points.
[gelatina] t=23400 ms  SEARCH       rival=no d=9999 mm rumbo=+6000 cdeg  linea=0x0
[gelatina] t=23560 ms  TRACK        rival=si d= 147 mm rumbo=+6000 cdeg  linea=0x0
[gelatina] t=23624 ms  ATTACK       rival=si d= 123 mm rumbo=-3000 cdeg  linea=0x0
[gelatina] t=23792 ms  SEARCH       rival=no d=9999 mm rumbo=-6000 cdeg  linea=0x0
[gelatina] t=23920 ms  TRACK        rival=si d= 191 mm rumbo=-6000 cdeg  linea=0x0
[gelatina] t=24152 ms  SEARCH       rival=no d=9999 mm rumbo=+6000 cdeg  linea=0x0
[gelatina] t=24184 ms  TRACK        rival=si d= 135 mm rumbo=+6000 cdeg  linea=0x0
[gelatina] t=24320 ms  ATTACK       rival=si d= 119 mm rumbo=-3000 cdeg  linea=0x0
WARNING: Contact joints between materials 'patin' and 'dohyo' will only be created for the 10 deepest contact points instead of all the 21 contact points.
[gelatina] t=25112 ms  SEARCH       rival=no d=9999 mm rumbo=   +0 cdeg  linea=0x0
[gelatina] t=25472 ms  TRACK        rival=si d=  94 mm rumbo=+6000 cdeg  linea=0x0
[gelatina] t=25480 ms  ATTACK       rival=si d=  94 mm rumbo=+6000 cdeg  linea=0x0
[gelatina] t=25744 ms  SEARCH       rival=no d=9999 mm rumbo=-6000 cdeg  linea=0x0
[gelatina] t=25832 ms  TRACK        rival=si d=  72 mm rumbo=-6000 cdeg  linea=0x0
[gelatina] t=25840 ms  ATTACK       rival=si d=  72 mm rumbo=-6000 cdeg  linea=0x0
[gelatina] t=26072 ms  SEARCH       rival=no d=9999 mm rumbo=+6000 cdeg  linea=0x0
[gelatina] t=26232 ms  TRACK        rival=si d=  46 mm rumbo=+4567 cdeg  linea=0x0
[gelatina] t=26240 ms  ATTACK       rival=si d=  46 mm rumbo=+4567 cdeg  linea=0x0
[gelatina] t=26432 ms  SEARCH       rival=no d=9999 mm rumbo=-4508 cdeg  linea=0x0
[gelatina] t=26592 ms  TRACK        rival=si d=  56 mm rumbo=-6000 cdeg  linea=0x0
WARNING: Contact joints between materials 'patin' and 'dohyo' will only be created for the 10 deepest contact points instead of all the 11 contact points.
[gelatina] t=26600 ms  ATTACK       rival=si d=  56 mm rumbo=-6000 cdeg  linea=0x0
[gelatina] t=26800 ms  SEARCH       rival=no d=9999 mm rumbo=+3000 cdeg  linea=0x0
[gelatina] t=27024 ms  TRACK        rival=si d=  66 mm rumbo=+6000 cdeg  linea=0x0
[gelatina] t=27032 ms  ATTACK       rival=si d=  66 mm rumbo=+6000 cdeg  linea=0x0
[gelatina] t=27224 ms  SEARCH       rival=no d=9999 mm rumbo=-4513 cdeg  linea=0x0
[gelatina] t=27384 ms  TRACK        rival=si d=  82 mm rumbo=-6000 cdeg  linea=0x0
[gelatina] t=27392 ms  ATTACK       rival=si d=  82 mm rumbo=-6000 cdeg  linea=0x0
[gelatina] t=27624 ms  SEARCH       rival=no d=9999 mm rumbo=+6000 cdeg  linea=0x0
[gelatina] t=27784 ms  TRACK        rival=si d=  94 mm rumbo=+4442 cdeg  linea=0x0
[gelatina] t=27792 ms  ATTACK       rival=si d=  94 mm rumbo=+4442 cdeg  linea=0x0
[gelatina] t=27984 ms  SEARCH       rival=no d=9999 mm rumbo=-6000 cdeg  linea=0x0
[gelatina] t=28144 ms  ATTACK       rival=si d= 100 mm rumbo=-4544 cdeg  linea=0x4
[gelatina] t=28344 ms  SEARCH       rival=no d=9999 mm rumbo=+4582 cdeg  linea=0x0
WARNING: Contact joints between materials 'patin' and 'dohyo' will only be created for the 10 deepest contact points instead of all the 11 contact points.
[gelatina] t=28504 ms  ATTACK       rival=si d= 113 mm rumbo=+4547 cdeg  linea=0x8
[gelatina] t=28712 ms  SEARCH       rival=no d=9999 mm rumbo=-6000 cdeg  linea=0x0
[gelatina] t=28872 ms  ATTACK       rival=si d= 106 mm rumbo=-4527 cdeg  linea=0x4
[gelatina] t=29072 ms  SEARCH       rival=no d=9999 mm rumbo=+4596 cdeg  linea=0x0
[gelatina] t=29232 ms  TRACK        rival=si d= 134 mm rumbo=+6000 cdeg  linea=0xA
[gelatina] t=29264 ms  ATTACK       rival=si d= 129 mm rumbo=   +0 cdeg  linea=0x8
[gelatina] t=29440 ms  SEARCH       rival=no d=9999 mm rumbo=-6000 cdeg  linea=0x1
[gelatina] t=29600 ms  TRACK        rival=si d= 174 mm rumbo=-6000 cdeg  linea=0x5
[gelatina] t=29632 ms  ATTACK       rival=si d= 125 mm rumbo=-3000 cdeg  linea=0x4
[gelatina] t=29832 ms  SEARCH       rival=no d=9999 mm rumbo=+6000 cdeg  linea=0x3
[gelatina] t=29960 ms  TRACK        rival=si d= 650 mm rumbo=-6000 cdeg  linea=0x0
[gelatina] t=30024 ms  ATTACK       rival=si d= 127 mm rumbo=-4641 cdeg  linea=0x0
WARNING: Contact joints between materials 'patin' and 'dohyo' will only be created for the 10 deepest contact points instead of all the 17 contact points.
WARNING: Contact joints between materials 'patin' and 'dohyo' will only be created for the 10 deepest contact points instead of all the 15 contact points.
WARNING: Contact joints between materials 'patin' and 'dohyo' will only be created for the 10 deepest contact points instead of all the 17 contact points.
WARNING: Contact joints between materials 'patin' and 'dohyo' will only be created for the 10 deepest contact points instead of all the 17 contact points.
WARNING: Contact joints between materials 'patin' and 'dohyo' will only be created for the 10 deepest contact points instead of all the 17 contact points.
WARNING: Contact joints between materials 'patin' and 'dohyo' will only be created for the 10 deepest contact points instead of all the 11 contact points.
WARNING: Contact joints between materials 'patin' and 'dohyo' will only be created for the 10 deepest contact points instead of all the 17 contact points.
WARNING: Contact joints between materials 'patin' and 'dohyo' will only be created for the 10 deepest contact points instead of all the 17 contact points.
WARNING: Contact joints between materials 'patin' and 'dohyo' will only be created for the 10 deepest contact points instead of all the 17 contact points.
WARNING: Contact joints between materials 'patin' and 'dohyo' will only be created for the 10 deepest contact points instead of all the 15 contact points.
WARNING: Contact joints between materials 'patin' and 'dohyo' will only be created for the 10 deepest contact points instead of all the 17 contact points.
WARNING: Contact joints between materials 'patin' and 'dohyo' will only be created for the 10 deepest contact points instead of all the 15 contact points.
WARNING: Contact joints between materials 'patin' and 'dohyo' will only be created for the 10 deepest contact points instead of all the 15 contact points.
WARNING: Contact joints between materials 'patin' and 'dohyo' will only be created for the 10 deepest contact points instead of all the 15 contact points.
[gelatina] t=45472 ms  EDGE_ESCAPE  rival=si d= 171 mm rumbo=-6000 cdeg  linea=0x8
[gelatina] t=45680 ms  SEARCH       rival=si d= 201 mm rumbo=-6000 cdeg  linea=0x8
[gelatina] t=45688 ms  TRACK        rival=si d= 201 mm rumbo=-6000 cdeg  linea=0x8
[arbitro] asalto 23/30  lado     auto-salida     -1  45.77 s
[inercia] asalto=23 robot=GELATINA rueda=0 rotor=3.50999542e-05
[inercia] asalto=23 robot=GELATINA rueda=1 rotor=1.70414917e-05
[inercia] asalto=23 robot=RIVAL rueda=0 rotor=3.00675711e-05
[inercia] asalto=23 robot=RIVAL rueda=1 rotor=2.47809886e-05
[planta] asalto=23 mu=0.949570215 slip=0.00127460468 aleatorio=1
WARNING: DEF GELATINA GelatinaNuclear > HingeJoint "rueda_izq" > Solid "rueda_izq": Webots has detected that this solid is light and oblong according to its inertia matrix. This belongs in the physics edge cases, and can imply weird physical results. Increasing the weight of the object or reducing its eccentricity are recommended.
WARNING: DEF RIVAL GelatinaNuclear > HingeJoint "rueda_der" > Solid "rueda_der": Webots has detected that this solid is light and oblong according to its inertia matrix. This belongs in the physics edge cases, and can imply weird physical results. Increasing the weight of the object or reducing its eccentricity are recommended.
[gelatina] fin de asalto motor={"battery_v":8.16872652,"resistance_ohm":[4.03306503,4.00849385],"bridge_ohm":[0.659545147,0.62138449],"omega_rad_s":[46.5665095,-18.8123633],"current_a":[1.07112002,-0.438050733],"torque_nm":[0.0428278789,-0.0113814969],"applied_pwm":[1,-0.400000006],"over_1_2a_samples":3771,"over_3_2a_samples":4}
[gelatina] t=    0 ms  WAIT         rival=no d=9999 mm rumbo=-6000 cdeg  linea=0x1
[rival] fin de asalto motor={"battery_v":7.43880427,"resistance_ohm":[3.66269288,4.27961082],"bridge_ohm":[0.615391648,0.657067728],"omega_rad_s":[3.21861648e-07,-3.23610028e-07],"current_a":[-5.10941652e-09,5.49949125e-09],"torque_nm":[-2.99694941e-09,1.653536e-09],"applied_pwm":[0,0],"over_1_2a_samples":0,"over_3_2a_samples":0}
WARNING: Contact joints between materials 'patin' and 'dohyo' will only be created for the 10 deepest contact points instead of all the 13 contact points.
[planta] gelatina ciclo=25 rueda=0 V=8.20254513 R=4.39367437 Rpuente=0.671440876 I0=0.13123025 Ke=0.0669557527 Kt=0.0483794733
[planta] gelatina ciclo=25 rueda=1 V=8.20254513 R=3.98352647 Rpuente=0.697571003 I0=0.17354883 Ke=0.0868823042 Kt=0.0483794733
[sensores] gelatina ToF alcance=1392.38014 minimo=35.3119642 sigma_rel=0.108482208
[gelatina] pulsador recibido: permiso previsto 358520 ms
[planta] rival ciclo=25 rueda=0 V=7.96421191 R=4.10517569 Rpuente=0.551964056 I0=0.167828563 Ke=0.0806549315 Kt=0.0483794733
[planta] rival ciclo=25 rueda=1 V=7.96421191 R=3.67243137 Rpuente=0.518191636 I0=0.147279301 Ke=0.0759574003 Kt=0.0483794733
[sensores] rival ToF alcance=1304.29261 minimo=44.8549813 sigma_rel=0.0543525887
[arranque] pulsador=353520 permiso=358520 ms
[gelatina] permiso de arranque a los 358520 ms
[gelatina] t=    0 ms  OPENING      rival=no d=9999 mm rumbo=-6000 cdeg  linea=0x0
[gelatina] t=  112 ms  SEARCH       rival=no d=9999 mm rumbo=-6000 cdeg  linea=0x0
[gelatina] t=  224 ms  TRACK        rival=si d=  53 mm rumbo=-4501 cdeg  linea=0x0
[gelatina] t=  232 ms  ATTACK       rival=si d=  53 mm rumbo=-4501 cdeg  linea=0x0
[gelatina] t=  432 ms  SEARCH       rival=no d=9999 mm rumbo=+6000 cdeg  linea=0x0
WARNING: Contact joints between materials 'patin' and 'dohyo' will only be created for the 10 deepest contact points instead of all the 16 contact points.
[gelatina] t=  552 ms  TRACK        rival=si d=  86 mm rumbo=+6000 cdeg  linea=0x0
[gelatina] t=  560 ms  ATTACK       rival=si d=  86 mm rumbo=+4518 cdeg  linea=0x0
[gelatina] t=  792 ms  SEARCH       rival=no d=9999 mm rumbo=-6000 cdeg  linea=0x0
[gelatina] t=  888 ms  TRACK        rival=si d=  92 mm rumbo=-1496 cdeg  linea=0x0
[gelatina] t=  896 ms  ATTACK       rival=si d=  92 mm rumbo=-1496 cdeg  linea=0x0
[gelatina] t= 1056 ms  SEARCH       rival=no d=9999 mm rumbo=+4506 cdeg  linea=0x0
[gelatina] t= 1216 ms  TRACK        rival=si d= 107 mm rumbo=+4491 cdeg  linea=0x0
[gelatina] t= 1224 ms  ATTACK       rival=si d= 107 mm rumbo=+4491 cdeg  linea=0x0
[gelatina] t= 1424 ms  SEARCH       rival=no d=9999 mm rumbo=-4562 cdeg  linea=0x0
[gelatina] t= 1512 ms  TRACK        rival=si d= 112 mm rumbo=-6000 cdeg  linea=0x0
[gelatina] t= 1520 ms  ATTACK       rival=si d= 112 mm rumbo=-6000 cdeg  linea=0x0
[gelatina] t= 1752 ms  SEARCH       rival=no d=9999 mm rumbo=+6000 cdeg  linea=0x0
[gelatina] t= 1872 ms  TRACK        rival=si d= 161 mm rumbo=+6000 cdeg  linea=0x0
[gelatina] t= 1944 ms  ATTACK       rival=si d= 122 mm rumbo=-4460 cdeg  linea=0x0
[gelatina] t= 2112 ms  SEARCH       rival=no d=9999 mm rumbo=-6000 cdeg  linea=0x0
[gelatina] t= 2144 ms  TRACK        rival=si d= 144 mm rumbo=-6000 cdeg  linea=0x0
WARNING: Contact joints between materials 'patin' and 'dohyo' will only be created for the 10 deepest contact points instead of all the 13 contact points.
[gelatina] t= 2240 ms  ATTACK       rival=si d= 104 mm rumbo=+1490 cdeg  linea=0x0
[gelatina] t= 2408 ms  SEARCH       rival=no d=9999 mm rumbo=+6000 cdeg  linea=0x0
[gelatina] t= 2504 ms  TRACK        rival=si d= 131 mm rumbo=+6000 cdeg  linea=0x0
[gelatina] t= 2512 ms  ATTACK       rival=si d= 131 mm rumbo=+6000 cdeg  linea=0x0
[gelatina] t= 3040 ms  SEARCH       rival=no d=9999 mm rumbo=+3000 cdeg  linea=0x0
[gelatina] t= 3160 ms  TRACK        rival=si d= 106 mm rumbo=+6000 cdeg  linea=0x0
[gelatina] t= 3168 ms  ATTACK       rival=si d= 106 mm rumbo=+6000 cdeg  linea=0x0
WARNING: Contact joints between materials 'rueda' and 'dohyo' will only be created for the 10 deepest contact points instead of all the 12 contact points.
[gelatina] t= 3760 ms  SEARCH       rival=no d=9999 mm rumbo=+6000 cdeg  linea=0x0
[gelatina] t= 3888 ms  TRACK        rival=si d=  58 mm rumbo=+4525 cdeg  linea=0x0
[gelatina] t= 3896 ms  ATTACK       rival=si d=  58 mm rumbo=+4525 cdeg  linea=0x0
[gelatina] t= 4096 ms  SEARCH       rival=no d=9999 mm rumbo=-6000 cdeg  linea=0x0
[gelatina] t= 4184 ms  TRACK        rival=si d= 110 mm rumbo=-6000 cdeg  linea=0x0
[gelatina] t= 4192 ms  ATTACK       rival=si d= 110 mm rumbo=-6000 cdeg  linea=0x0
[gelatina] t= 4424 ms  SEARCH       rival=no d=9999 mm rumbo=+6000 cdeg  linea=0x0
[gelatina] t= 4552 ms  TRACK        rival=si d= 131 mm rumbo=+6000 cdeg  linea=0x0
[gelatina] t= 4560 ms  ATTACK       rival=si d= 131 mm rumbo=+6000 cdeg  linea=0x0
[gelatina] t= 4784 ms  SEARCH       rival=no d=9999 mm rumbo=-6000 cdeg  linea=0x0
[gelatina] t= 4880 ms  TRACK        rival=si d= 104 mm rumbo=-4539 cdeg  linea=0x0
[gelatina] t= 4888 ms  ATTACK       rival=si d= 104 mm rumbo=-4539 cdeg  linea=0x0
WARNING: Contact joints between materials 'patin' and 'dohyo' will only be created for the 10 deepest contact points instead of all the 11 contact points.
[gelatina] t= 5080 ms  SEARCH       rival=no d=9999 mm rumbo=+4497 cdeg  linea=0x0
[gelatina] t= 5208 ms  TRACK        rival=si d= 124 mm rumbo=+6000 cdeg  linea=0x0
[gelatina] t= 5216 ms  ATTACK       rival=si d= 124 mm rumbo=+6000 cdeg  linea=0x0
[gelatina] t= 5448 ms  SEARCH       rival=no d=9999 mm rumbo=-6000 cdeg  linea=0x0
[gelatina] t= 5504 ms  TRACK        rival=si d= 156 mm rumbo=-6000 cdeg  linea=0x0
[gelatina] t= 5640 ms  ATTACK       rival=si d= 112 mm rumbo=+6000 cdeg  linea=0x0
WARNING: Contact joints between materials 'rueda' and 'dohyo' will only be created for the 10 deepest contact points instead of all the 17 contact points.
[gelatina] t= 6272 ms  SEARCH       rival=no d=9999 mm rumbo=-3000 cdeg  linea=0x0
WARNING: DEF GELATINA GelatinaNuclear > HingeJoint "rueda_der" > RotationalMotor "motor_der": The requested motor torque 0.271043 exceeds 'maxTorque' = 0.25
[gelatina] t= 6368 ms  TRACK        rival=si d= 301 mm rumbo=   +0 cdeg  linea=0x0
[gelatina] t= 6400 ms  ATTACK       rival=si d=  42 mm rumbo=   +0 cdeg  linea=0x0
[gelatina] t= 6632 ms  SEARCH       rival=no d=9999 mm rumbo=   +0 cdeg  linea=0x0
[gelatina] t= 6728 ms  TRACK        rival=si d=  56 mm rumbo=-6000 cdeg  linea=0x0
[gelatina] t= 6736 ms  ATTACK       rival=si d=  56 mm rumbo=-6000 cdeg  linea=0x0
[gelatina] t= 6864 ms  SEARCH       rival=no d=9999 mm rumbo=-6000 cdeg  linea=0x0
[gelatina] t= 6992 ms  TRACK        rival=si d=  96 mm rumbo=-6000 cdeg  linea=0x0
[gelatina] t= 7000 ms  ATTACK       rival=si d=  96 mm rumbo=-6000 cdeg  linea=0x0
[gelatina] t= 7192 ms  SEARCH       rival=no d=9999 mm rumbo=+4467 cdeg  linea=0x0
WARNING: Contact joints between materials 'patin' and 'dohyo' will only be created for the 10 deepest contact points instead of all the 14 contact points.
[gelatina] t= 7352 ms  TRACK        rival=si d= 125 mm rumbo=+4469 cdeg  linea=0x0
[gelatina] t= 7360 ms  ATTACK       rival=si d= 125 mm rumbo=+4469 cdeg  linea=0x0
[gelatina] t= 7560 ms  SEARCH       rival=no d=9999 mm rumbo=-6000 cdeg  linea=0x0
[gelatina] t= 7656 ms  TRACK        rival=si d= 171 mm rumbo=-6000 cdeg  linea=0x5
[gelatina] t= 7888 ms  SEARCH       rival=no d=9999 mm rumbo=+6000 cdeg  linea=0x8
[gelatina] t= 7912 ms  TRACK        rival=si d= 136 mm rumbo=+6000 cdeg  linea=0x8
[gelatina] t= 7952 ms  ATTACK       rival=si d= 126 mm rumbo=+1473 cdeg  linea=0x0
[gelatina] t= 8152 ms  SEARCH       rival=no d=9999 mm rumbo=-6000 cdeg  linea=0x1
[gelatina] t= 8184 ms  TRACK        rival=si d= 135 mm rumbo=-6000 cdeg  linea=0x1
[gelatina] t= 8216 ms  ATTACK       rival=si d=  99 mm rumbo=-4538 cdeg  linea=0x5
[gelatina] t= 8448 ms  SEARCH       rival=no d=9999 mm rumbo=+4561 cdeg  linea=0x0
[gelatina] t= 8576 ms  TRACK        rival=si d=  88 mm rumbo=+6000 cdeg  linea=0x0
[gelatina] t= 8584 ms  ATTACK       rival=si d=  88 mm rumbo=+6000 cdeg  linea=0x0
[gelatina] t= 8776 ms  SEARCH       rival=no d=9999 mm rumbo=-4497 cdeg  linea=0x0
[gelatina] t= 8872 ms  TRACK        rival=si d= 117 mm rumbo=-6000 cdeg  linea=0x0
[gelatina] t= 8880 ms  ATTACK       rival=si d= 117 mm rumbo=-6000 cdeg  linea=0x0
[gelatina] t= 9104 ms  SEARCH       rival=no d=9999 mm rumbo=+6000 cdeg  linea=0x0
[gelatina] t= 9232 ms  TRACK        rival=si d= 141 mm rumbo=+6000 cdeg  linea=0x8
[gelatina] t= 9272 ms  ATTACK       rival=si d= 121 mm rumbo=+3000 cdeg  linea=0x4
[gelatina] t= 9472 ms  SEARCH       rival=no d=9999 mm rumbo=-6000 cdeg  linea=0x1
[gelatina] t= 9568 ms  TRACK        rival=si d= 136 mm rumbo=-6000 cdeg  linea=0x4
[gelatina] t= 9600 ms  ATTACK       rival=si d= 140 mm rumbo=-1487 cdeg  linea=0x1
[gelatina] t= 9800 ms  SEARCH       rival=no d=9999 mm rumbo=+6000 cdeg  linea=0x0
[gelatina] t= 9896 ms  TRACK        rival=si d= 450 mm rumbo=-5029 cdeg  linea=0x0
WARNING: Contact joints between materials 'patin' and 'dohyo' will only be created for the 10 deepest contact points instead of all the 12 contact points.
[gelatina] t=10096 ms  ATTACK       rival=si d= 140 mm rumbo=-4913 cdeg  linea=0x4
[arbitro] asalto 24/30  espalda  auto-salida     -1  10.21 s
[inercia] asalto=24 robot=GELATINA rueda=0 rotor=9.69655949e-06
[inercia] asalto=24 robot=GELATINA rueda=1 rotor=2.4212451e-05
[inercia] asalto=24 robot=RIVAL rueda=0 rotor=3.15720313e-05
[inercia] asalto=24 robot=RIVAL rueda=1 rotor=1.12083823e-05
[planta] asalto=24 mu=1.17989329 slip=0.000279034257 aleatorio=1
WARNING: DEF GELATINA GelatinaNuclear > HingeJoint "rueda_izq" > Solid "rueda_izq": Webots has detected that this solid is light and oblong according to its inertia matrix. This belongs in the physics edge cases, and can imply weird physical results. Increasing the weight of the object or reducing its eccentricity are recommended.
[gelatina] fin de asalto motor={"battery_v":8.20254513,"resistance_ohm":[4.39367437,3.98352647],"bridge_ohm":[0.671440876,0.697571003],"omega_rad_s":[71.9188897,25.6336437],"current_a":[0.668723527,0.218093134],"torque_nm":[0.0260036417,0.00215503],"applied_pwm":[1,0.395977736],"over_1_2a_samples":3977,"over_3_2a_samples":5}
[gelatina] t=    0 ms  WAIT         rival=si d=  83 mm rumbo=   +0 cdeg  linea=0x0
[rival] fin de asalto motor={"battery_v":7.96421191,"resistance_ohm":[4.10517569,3.67243137],"bridge_ohm":[0.551964056,0.518191636],"omega_rad_s":[-2.34479103e-10,-1.32782674e-10],"current_a":[4.06083928e-12,2.40676068e-12],"torque_nm":[2.10030437e-12,1.06255354e-12],"applied_pwm":[0,0],"over_1_2a_samples":0,"over_3_2a_samples":0}
[planta] gelatina ciclo=26 rueda=0 V=8.23853394 R=4.24453578 Rpuente=0.631103218 I0=0.0987992674 Ke=0.0743115635 Kt=0.0483794733
[planta] gelatina ciclo=26 rueda=1 V=8.23853394 R=3.95123382 Rpuente=0.518587148 I0=0.0939933747 Ke=0.0785624439 Kt=0.0483794733
[sensores] gelatina ToF alcance=1222.79226 minimo=35.5135429 sigma_rel=0.0588628149
[gelatina] pulsador recibido: permiso previsto 374040 ms
[planta] rival ciclo=26 rueda=0 V=7.85345128 R=3.67864804 Rpuente=0.664514804 I0=0.117259365 Ke=0.0835980642 Kt=0.0483794733
[planta] rival ciclo=26 rueda=1 V=7.85345128 R=3.95715528 Rpuente=0.636369371 I0=0.133642271 Ke=0.0722743059 Kt=0.0483794733
[sensores] rival ToF alcance=1042.78057 minimo=45.847522 sigma_rel=0.0809257889
[arranque] pulsador=369040 permiso=374040 ms
[gelatina] permiso de arranque a los 374040 ms
[gelatina] t=    0 ms  TRACK        rival=si d=  71 mm rumbo=   +0 cdeg  linea=0x0
[gelatina] t=    8 ms  ATTACK       rival=si d=  71 mm rumbo=   +0 cdeg  linea=0x0
WARNING: Contact joints between materials 'rueda' and 'dohyo' will only be created for the 10 deepest contact points instead of all the 15 contact points.
[gelatina] t=  328 ms  SEARCH       rival=no d=9999 mm rumbo=+1503 cdeg  linea=0x0
[gelatina] t=  456 ms  TRACK        rival=si d=  41 mm rumbo=   +0 cdeg  linea=0x0
[gelatina] t=  464 ms  ATTACK       rival=si d=  41 mm rumbo=   +0 cdeg  linea=0x0
[gelatina] t=  592 ms  SEARCH       rival=no d=9999 mm rumbo=   +0 cdeg  linea=0x0
[gelatina] t=  688 ms  TRACK        rival=si d= 152 mm rumbo=+6000 cdeg  linea=0x0
[gelatina] t= 1120 ms  ATTACK       rival=si d= 123 mm rumbo=+4537 cdeg  linea=0x0
[gelatina] t= 1352 ms  SEARCH       rival=no d=9999 mm rumbo=-6000 cdeg  linea=0x0
WARNING: Contact joints between materials 'patin' and 'dohyo' will only be created for the 10 deepest contact points instead of all the 11 contact points.
[gelatina] t= 1416 ms  TRACK        rival=si d= 144 mm rumbo=-6000 cdeg  linea=0x0
[gelatina] t= 1480 ms  ATTACK       rival=si d= 112 mm rumbo=+4529 cdeg  linea=0x0
[gelatina] t= 1616 ms  SEARCH       rival=no d=9999 mm rumbo=+4529 cdeg  linea=0x0
[arbitro] asalto 25/30  frente   rival fuera     +1   1.64 s
[inercia] asalto=25 robot=GELATINA rueda=0 rotor=1.51063374e-05
[inercia] asalto=25 robot=GELATINA rueda=1 rotor=1.77277225e-05
[inercia] asalto=25 robot=RIVAL rueda=0 rotor=1.69141039e-05
[inercia] asalto=25 robot=RIVAL rueda=1 rotor=2.07750269e-05
[planta] asalto=25 mu=0.640810823 slip=0.00191908431 aleatorio=1
WARNING: DEF RIVAL GelatinaNuclear > HingeJoint "rueda_izq" > Solid "rueda_izq": Webots has detected that this solid is light and oblong according to its inertia matrix. This belongs in the physics edge cases, and can imply weird physical results. Increasing the weight of the object or reducing its eccentricity are recommended.
[gelatina] fin de asalto motor={"battery_v":8.23853394,"resistance_ohm":[4.24453578,3.95123382],"bridge_ohm":[0.631103218,0.518587148],"omega_rad_s":[0.345034094,50.6748836],"current_a":[-0.748741844,0.952474668],"torque_nm":[-0.0378104773,0.0415328728],"applied_pwm":[-0.439999998,1],"over_1_2a_samples":4021,"over_3_2a_samples":5}
[gelatina] t=    0 ms  WAIT         rival=no d=9999 mm rumbo=+4529 cdeg  linea=0x0
[rival] fin de asalto motor={"battery_v":7.85345128,"resistance_ohm":[3.67864804,3.95715528],"bridge_ohm":[0.664514804,0.636369371],"omega_rad_s":[0.0190137368,-4.61997592],"current_a":[-0.000365980197,0.072690489],"torque_nm":[-0.000125556841,0.00998101501],"applied_pwm":[0,0],"over_1_2a_samples":0,"over_3_2a_samples":0}
[planta] gelatina ciclo=27 rueda=0 V=8.27235247 R=3.80514512 Rpuente=0.642998934 I0=0.194158459 Ke=0.0671985495 Kt=0.0483794733
[planta] gelatina ciclo=27 rueda=1 V=8.27235247 R=3.92626638 Rpuente=0.594773662 I0=0.214746147 Ke=0.0634773829 Kt=0.0483794733
[sensores] gelatina ToF alcance=1173.52594 minimo=41.4970058 sigma_rel=0.0961788797
[gelatina] pulsador recibido: permiso previsto 380992 ms
[planta] rival ciclo=27 rueda=0 V=8.37885891 R=4.1211309 Rpuente=0.601087213 I0=0.108498716 Ke=0.0686697177 Kt=0.0483794733
[planta] rival ciclo=27 rueda=1 V=8.37885891 R=4.14997587 Rpuente=0.697493279 I0=0.192299563 Ke=0.0645617259 Kt=0.0483794733
[sensores] rival ToF alcance=1532.95035 minimo=22.9924762 sigma_rel=0.0703261137
[arranque] pulsador=375992 permiso=380992 ms
[gelatina] permiso de arranque a los 380992 ms
[gelatina] t=    0 ms  OPENING      rival=no d=9999 mm rumbo=+4529 cdeg  linea=0x0
[gelatina] t=   64 ms  TRACK        rival=si d=  81 mm rumbo=-6000 cdeg  linea=0x0
[gelatina] t=   72 ms  ATTACK       rival=si d=  81 mm rumbo=-6000 cdeg  linea=0x0
WARNING: Contact joints between materials 'rueda' and 'dohyo' will only be created for the 10 deepest contact points instead of all the 12 contact points.
[gelatina] t=  624 ms  SEARCH       rival=no d=9999 mm rumbo=+3000 cdeg  linea=0x0
[gelatina] t=  920 ms  TRACK        rival=si d=  53 mm rumbo=   +0 cdeg  linea=0x0
[gelatina] t=  928 ms  ATTACK       rival=si d=  53 mm rumbo=   +0 cdeg  linea=0x0
[gelatina] t= 1120 ms  SEARCH       rival=no d=9999 mm rumbo=-6000 cdeg  linea=0x0
[gelatina] t= 1280 ms  TRACK        rival=si d=  61 mm rumbo=-3000 cdeg  linea=0x0
[gelatina] t= 1288 ms  ATTACK       rival=si d=  61 mm rumbo=-3000 cdeg  linea=0x0
[gelatina] t= 1488 ms  SEARCH       rival=no d=9999 mm rumbo=+6000 cdeg  linea=0x0
[gelatina] t= 1648 ms  TRACK        rival=si d=  77 mm rumbo=+6000 cdeg  linea=0x0
[gelatina] t= 1656 ms  ATTACK       rival=si d=  77 mm rumbo=+6000 cdeg  linea=0x0
[gelatina] t= 1848 ms  SEARCH       rival=no d=9999 mm rumbo=-6000 cdeg  linea=0x0
[gelatina] t= 2008 ms  TRACK        rival=si d=  82 mm rumbo=-4475 cdeg  linea=0x0
[gelatina] t= 2016 ms  ATTACK       rival=si d=  82 mm rumbo=-4475 cdeg  linea=0x0
[gelatina] t= 2176 ms  SEARCH       rival=no d=9999 mm rumbo=+1528 cdeg  linea=0x0
WARNING: Contact joints between materials 'patin' and 'dohyo' will only be created for the 10 deepest contact points instead of all the 15 contact points.
[gelatina] t= 2400 ms  TRACK        rival=si d= 181 mm rumbo=+6000 cdeg  linea=0x0
[gelatina] t= 2576 ms  SEARCH       rival=no d=9999 mm rumbo=-3000 cdeg  linea=0x0
[gelatina] t= 2704 ms  TRACK        rival=si d= 134 mm rumbo=-4452 cdeg  linea=0x0
[gelatina] t= 2768 ms  ATTACK       rival=si d= 125 mm rumbo=+6000 cdeg  linea=0x0
[gelatina] t= 2904 ms  SEARCH       rival=no d=9999 mm rumbo=+6000 cdeg  linea=0x0
[gelatina] t= 3032 ms  TRACK        rival=si d= 153 mm rumbo=+6000 cdeg  linea=0x0
[gelatina] t= 3232 ms  SEARCH       rival=no d=9999 mm rumbo=-6000 cdeg  linea=0x0
[gelatina] t= 3296 ms  TRACK        rival=si d= 160 mm rumbo=-4491 cdeg  linea=0x0
WARNING: Contact joints between materials 'patin' and 'dohyo' will only be created for the 10 deepest contact points instead of all the 35 contact points.
[gelatina] t= 3592 ms  ATTACK       rival=si d= 113 mm rumbo=-4432 cdeg  linea=0x0
[gelatina] t= 3760 ms  SEARCH       rival=no d=9999 mm rumbo=-6000 cdeg  linea=0x0
[gelatina] t= 3856 ms  TRACK        rival=si d= 118 mm rumbo=-4521 cdeg  linea=0x0
[gelatina] t= 3864 ms  ATTACK       rival=si d= 118 mm rumbo=-4521 cdeg  linea=0x0
[gelatina] t= 4056 ms  SEARCH       rival=no d=9999 mm rumbo=+4484 cdeg  linea=0x0
[gelatina] t= 4184 ms  TRACK        rival=si d= 124 mm rumbo=+6000 cdeg  linea=0x0
[gelatina] t= 4192 ms  ATTACK       rival=si d= 124 mm rumbo=+6000 cdeg  linea=0x0
[gelatina] t= 4392 ms  SEARCH       rival=no d=9999 mm rumbo=-6000 cdeg  linea=0x0
WARNING: Contact joints between materials 'patin' and 'dohyo' will only be created for the 10 deepest contact points instead of all the 14 contact points.
[gelatina] t= 4552 ms  TRACK        rival=si d= 151 mm rumbo=-3000 cdeg  linea=0x0
[gelatina] t= 4752 ms  SEARCH       rival=no d=9999 mm rumbo=+6000 cdeg  linea=0x0
[gelatina] t= 4816 ms  TRACK        rival=si d= 135 mm rumbo=+4525 cdeg  linea=0x0
[gelatina] t= 5016 ms  ATTACK       rival=si d= 125 mm rumbo=-6000 cdeg  linea=0x0
WARNING: Contact joints between materials 'patin' and 'dohyo' will only be created for the 10 deepest contact points instead of all the 12 contact points.
[gelatina] t= 6072 ms  SEARCH       rival=no d=9999 mm rumbo=-3000 cdeg  linea=0x0
[gelatina] t= 6264 ms  TRACK        rival=si d=  62 mm rumbo=+6000 cdeg  linea=0x0
[gelatina] t= 6272 ms  ATTACK       rival=si d=  62 mm rumbo=+6000 cdeg  linea=0x0
[gelatina] t= 6400 ms  SEARCH       rival=no d=9999 mm rumbo=+6000 cdeg  linea=0x0
[gelatina] t= 6592 ms  TRACK        rival=si d=  49 mm rumbo=+4498 cdeg  linea=0x0
[gelatina] t= 6600 ms  ATTACK       rival=si d=  49 mm rumbo=+4498 cdeg  linea=0x0
[gelatina] t= 6768 ms  SEARCH       rival=no d=9999 mm rumbo=-4514 cdeg  linea=0x0
[gelatina] t= 6928 ms  TRACK        rival=si d=  66 mm rumbo=-6000 cdeg  linea=0x0
[gelatina] t= 6936 ms  ATTACK       rival=si d=  66 mm rumbo=-6000 cdeg  linea=0x0
[gelatina] t= 7128 ms  SEARCH       rival=no d=9999 mm rumbo=+6000 cdeg  linea=0x0
[gelatina] t= 7256 ms  TRACK        rival=si d=  71 mm rumbo=+6000 cdeg  linea=0x0
[gelatina] t= 7264 ms  ATTACK       rival=si d=  71 mm rumbo=+6000 cdeg  linea=0x0
WARNING: Contact joints between materials 'patin' and 'dohyo' will only be created for the 10 deepest contact points instead of all the 16 contact points.
[gelatina] t= 7456 ms  SEARCH       rival=no d=9999 mm rumbo=-4512 cdeg  linea=0x0
[gelatina] t= 7616 ms  TRACK        rival=si d=  71 mm rumbo=-4539 cdeg  linea=0x0
[gelatina] t= 7624 ms  ATTACK       rival=si d=  71 mm rumbo=-4539 cdeg  linea=0x0
[gelatina] t= 7824 ms  SEARCH       rival=no d=9999 mm rumbo=+6000 cdeg  linea=0x0
[gelatina] t= 7984 ms  TRACK        rival=si d=  79 mm rumbo=+6000 cdeg  linea=0x0
[gelatina] t= 7992 ms  ATTACK       rival=si d=  79 mm rumbo=+6000 cdeg  linea=0x0
[gelatina] t= 8184 ms  SEARCH       rival=no d=9999 mm rumbo=-6000 cdeg  linea=0x0
[gelatina] t= 8344 ms  TRACK        rival=si d=  95 mm rumbo=-4511 cdeg  linea=0x0
[gelatina] t= 8352 ms  ATTACK       rival=si d=  95 mm rumbo=-4511 cdeg  linea=0x0
[gelatina] t= 8544 ms  SEARCH       rival=no d=9999 mm rumbo=+6000 cdeg  linea=0x0
[gelatina] t= 8704 ms  TRACK        rival=si d=  71 mm rumbo=+3000 cdeg  linea=0x0
[gelatina] t= 8712 ms  ATTACK       rival=si d=  71 mm rumbo=+3000 cdeg  linea=0x0
[gelatina] t= 8880 ms  SEARCH       rival=no d=9999 mm rumbo=-4510 cdeg  linea=0x0
WARNING: Contact joints between materials 'patin' and 'dohyo' will only be created for the 10 deepest contact points instead of all the 12 contact points.
[gelatina] t= 9040 ms  TRACK        rival=si d=  93 mm rumbo=-6000 cdeg  linea=0x0
[gelatina] t= 9048 ms  ATTACK       rival=si d=  93 mm rumbo=-6000 cdeg  linea=0x0
[gelatina] t= 9240 ms  SEARCH       rival=no d=9999 mm rumbo=+6000 cdeg  linea=0x0
[gelatina] t= 9400 ms  TRACK        rival=si d= 149 mm rumbo=+6000 cdeg  linea=0x0
[gelatina] t= 9432 ms  ATTACK       rival=si d= 108 mm rumbo=+1527 cdeg  linea=0x0
[gelatina] t= 9608 ms  SEARCH       rival=no d=9999 mm rumbo=-4502 cdeg  linea=0x0
[gelatina] t= 9728 ms  TRACK        rival=si d= 170 mm rumbo=-6000 cdeg  linea=0x0
[gelatina] t= 9800 ms  ATTACK       rival=si d= 131 mm rumbo=+3000 cdeg  linea=0x0
[gelatina] t= 9936 ms  SEARCH       rival=no d=9999 mm rumbo=+3000 cdeg  linea=0x0
WARNING: Contact joints between materials 'patin' and 'dohyo' will only be created for the 10 deepest contact points instead of all the 11 contact points.
[gelatina] t=10128 ms  TRACK        rival=si d= 127 mm rumbo=+6000 cdeg  linea=0x0
[gelatina] t=10136 ms  ATTACK       rival=si d= 127 mm rumbo=+6000 cdeg  linea=0x0
[gelatina] t=10328 ms  SEARCH       rival=no d=9999 mm rumbo=-6000 cdeg  linea=0x0
[gelatina] t=10520 ms  TRACK        rival=si d= 143 mm rumbo=-3000 cdeg  linea=0x0
[gelatina] t=10728 ms  SEARCH       rival=no d=9999 mm rumbo=+6000 cdeg  linea=0x0
[gelatina] t=10784 ms  TRACK        rival=si d= 116 mm rumbo=+4485 cdeg  linea=0x0
[gelatina] t=10792 ms  ATTACK       rival=si d= 116 mm rumbo=+4485 cdeg  linea=0x0
[gelatina] t=10992 ms  SEARCH       rival=no d=9999 mm rumbo=-6000 cdeg  linea=0x0
[gelatina] t=11120 ms  TRACK        rival=si d= 113 mm rumbo=-6000 cdeg  linea=0x0
[gelatina] t=11128 ms  ATTACK       rival=si d= 113 mm rumbo=-6000 cdeg  linea=0x0
WARNING: Contact joints between materials 'patin' and 'dohyo' will only be created for the 10 deepest contact points instead of all the 11 contact points.
[gelatina] t=11320 ms  SEARCH       rival=no d=9999 mm rumbo=+4510 cdeg  linea=0x0
[gelatina] t=11480 ms  TRACK        rival=si d= 112 mm rumbo=+6000 cdeg  linea=0x0
[gelatina] t=11488 ms  ATTACK       rival=si d= 112 mm rumbo=+6000 cdeg  linea=0x0
[gelatina] t=11680 ms  SEARCH       rival=no d=9999 mm rumbo=-6000 cdeg  linea=0x0
[gelatina] t=11840 ms  TRACK        rival=si d= 108 mm rumbo=-4523 cdeg  linea=0x0
[gelatina] t=11848 ms  ATTACK       rival=si d= 108 mm rumbo=-4523 cdeg  linea=0x0
[gelatina] t=12048 ms  SEARCH       rival=no d=9999 mm rumbo=+6000 cdeg  linea=0x0
[gelatina] t=12208 ms  TRACK        rival=si d= 154 mm rumbo=   +0 cdeg  linea=0x0
[gelatina] t=12344 ms  SEARCH       rival=no d=9999 mm rumbo=   +0 cdeg  linea=0x0
[gelatina] t=12472 ms  TRACK        rival=si d= 148 mm rumbo=+6000 cdeg  linea=0x0
[gelatina] t=12672 ms  SEARCH       rival=no d=9999 mm rumbo=-4553 cdeg  linea=0x0
[gelatina] t=12704 ms  TRACK        rival=si d= 149 mm rumbo=-6000 cdeg  linea=0x0
[gelatina] t=12768 ms  ATTACK       rival=si d= 114 mm rumbo=+1520 cdeg  linea=0x0
[gelatina] t=12936 ms  SEARCH       rival=no d=9999 mm rumbo=+6000 cdeg  linea=0x0
[gelatina] t=13064 ms  TRACK        rival=si d= 146 mm rumbo=+4495 cdeg  linea=0x0
[gelatina] t=13264 ms  SEARCH       rival=no d=9999 mm rumbo=-6000 cdeg  linea=0x4
[gelatina] t=13328 ms  TRACK        rival=si d= 118 mm rumbo=-4557 cdeg  linea=0x0
[gelatina] t=13336 ms  ATTACK       rival=si d= 118 mm rumbo=-4557 cdeg  linea=0x0
[gelatina] t=13528 ms  SEARCH       rival=no d=9999 mm rumbo=+6000 cdeg  linea=0x1
[gelatina] t=13656 ms  TRACK        rival=si d= 149 mm rumbo=+4463 cdeg  linea=0x8
[gelatina] t=13832 ms  SEARCH       rival=no d=9999 mm rumbo=-3000 cdeg  linea=0x0
[gelatina] t=13888 ms  TRACK        rival=si d= 609 mm rumbo=+4088 cdeg  linea=0x0
[gelatina] t=13952 ms  ATTACK       rival=si d=  84 mm rumbo=+2774 cdeg  linea=0x2
[arbitro] asalto 26/30  lado     auto-salida     -1  14.02 s
[inercia] asalto=26 robot=GELATINA rueda=0 rotor=1.54931517e-05
[inercia] asalto=26 robot=GELATINA rueda=1 rotor=1.17622864e-05
[inercia] asalto=26 robot=RIVAL rueda=0 rotor=2.777028e-05
[inercia] asalto=26 robot=RIVAL rueda=1 rotor=2.71616879e-05
[planta] asalto=26 mu=1.35029093 slip=0.000660977721 aleatorio=1
[gelatina] fin de asalto motor={"battery_v":8.27235247,"resistance_ohm":[3.80514512,3.92626638],"bridge_ohm":[0.642998934,0.594773662],"omega_rad_s":[52.249359,88.8271126],"current_a":[0.454213943,0.582573877],"torque_nm":[0.0125813474,0.0177953118],"applied_pwm":[0.668671966,1],"over_1_2a_samples":4249,"over_3_2a_samples":5}
[gelatina] t=    0 ms  WAIT         rival=si d= 102 mm rumbo=+1780 cdeg  linea=0x0
[rival] fin de asalto motor={"battery_v":8.37885891,"resistance_ohm":[4.1211309,4.14997587],"bridge_ohm":[0.601087213,0.697493279],"omega_rad_s":[-6.98783253e-08,5.18936005e-08],"current_a":[1.01615909e-09,-6.91152498e-10],"torque_nm":[4.15960311e-10,-5.16222004e-10],"applied_pwm":[0,0],"over_1_2a_samples":0,"over_3_2a_samples":0}
WARNING: Contact joints between materials 'patin' and 'dohyo' will only be created for the 10 deepest contact points instead of all the 22 contact points.
[planta] gelatina ciclo=28 rueda=0 V=8.30834136 R=3.65600648 Rpuente=0.602661276 I0=0.161727476 Ke=0.0747151705 Kt=0.0483794733
[planta] gelatina ciclo=28 rueda=1 V=8.30834136 R=3.89397373 Rpuente=0.615789807 I0=0.135190693 Ke=0.0847888796 Kt=0.0483794733
[sensores] gelatina ToF alcance=1003.93806 minimo=41.6985828 sigma_rel=0.0465594864
[gelatina] pulsador recibido: permiso previsto 400328 ms
[planta] rival ciclo=28 rueda=0 V=7.09189321 R=3.87593999 Rpuente=0.606464481 I0=0.114516324 Ke=0.0853337899 Kt=0.0483794733
[planta] rival ciclo=28 rueda=1 V=7.09189321 R=4.25763769 Rpuente=0.55996114 I0=0.126802191 Ke=0.0776055521 Kt=0.0483794733
[sensores] rival ToF alcance=991.946936 minimo=27.9371268 sigma_rel=0.0544977999
[arranque] pulsador=395328 permiso=400328 ms
[gelatina] permiso de arranque a los 400328 ms
[gelatina] t=    0 ms  OPENING      rival=no d=9999 mm rumbo=+1780 cdeg  linea=0x0
[gelatina] t=  111 ms  SEARCH       rival=no d=9999 mm rumbo=+1780 cdeg  linea=0x0
WARNING: Contact joints between materials 'rueda' and 'dohyo' will only be created for the 10 deepest contact points instead of all the 13 contact points.
[gelatina] t=  327 ms  TRACK        rival=si d=  91 mm rumbo=+6000 cdeg  linea=0x0
[gelatina] t=  335 ms  ATTACK       rival=si d=  91 mm rumbo=+6000 cdeg  linea=0x0
[gelatina] t=  855 ms  SEARCH       rival=no d=9999 mm rumbo=+3000 cdeg  linea=0x0
[gelatina] t= 1048 ms  TRACK        rival=si d=  61 mm rumbo=   +0 cdeg  linea=0x0
[gelatina] t= 1055 ms  ATTACK       rival=si d=  61 mm rumbo=   +0 cdeg  linea=0x0
WARNING: Contact joints between materials 'rueda' and 'dohyo' will only be created for the 10 deepest contact points instead of all the 17 contact points.
[gelatina] t= 1223 ms  SEARCH       rival=no d=9999 mm rumbo=-2980 cdeg  linea=0x0
[gelatina] t= 1351 ms  TRACK        rival=si d=  61 mm rumbo=-4514 cdeg  linea=0x0
[gelatina] t= 1359 ms  ATTACK       rival=si d=  61 mm rumbo=-4514 cdeg  linea=0x0
[gelatina] t= 1551 ms  SEARCH       rival=no d=9999 mm rumbo=+6000 cdeg  linea=0x0
[gelatina] t= 1608 ms  TRACK        rival=si d= 106 mm rumbo=+6000 cdeg  linea=0x0
[gelatina] t= 1615 ms  ATTACK       rival=si d= 106 mm rumbo=+6000 cdeg  linea=0x0
[gelatina] t= 1847 ms  SEARCH       rival=no d=9999 mm rumbo=-4563 cdeg  linea=0x0
[gelatina] t= 1879 ms  TRACK        rival=si d=  54 mm rumbo=-6000 cdeg  linea=0x0
[gelatina] t= 1887 ms  ATTACK       rival=si d=  54 mm rumbo=-6000 cdeg  linea=0x0
WARNING: Contact joints between materials 'patin' and 'dohyo' will only be created for the 10 deepest contact points instead of all the 44 contact points.
[gelatina] t= 2311 ms  SEARCH       rival=no d=9999 mm rumbo=+3000 cdeg  linea=0x0
[gelatina] t= 2439 ms  TRACK        rival=si d=  57 mm rumbo=-6000 cdeg  linea=0x0
[gelatina] t= 2447 ms  ATTACK       rival=si d=  57 mm rumbo=-6000 cdeg  linea=0x0
[gelatina] t= 2575 ms  SEARCH       rival=no d=9999 mm rumbo=-6000 cdeg  linea=0x0
[gelatina] t= 2703 ms  TRACK        rival=si d= 127 mm rumbo=-6000 cdeg  linea=0x0
[gelatina] t= 2711 ms  ATTACK       rival=si d= 127 mm rumbo=-6000 cdeg  linea=0x0
[gelatina] t= 2903 ms  SEARCH       rival=no d=9999 mm rumbo=+6000 cdeg  linea=0x0
[gelatina] t= 3000 ms  TRACK        rival=si d= 150 mm rumbo=+6000 cdeg  linea=0x0
[gelatina] t= 3231 ms  ATTACK       rival=si d= 119 mm rumbo=-3000 cdeg  linea=0x0
[gelatina] t= 3431 ms  SEARCH       rival=no d=9999 mm rumbo=+6000 cdeg  linea=0x0
WARNING: Contact joints between materials 'rueda' and 'dohyo' will only be created for the 10 deepest contact points instead of all the 13 contact points.
[gelatina] t= 3455 ms  TRACK        rival=si d= 136 mm rumbo=+6000 cdeg  linea=0x0
[gelatina] t= 3495 ms  ATTACK       rival=si d= 104 mm rumbo=+4487 cdeg  linea=0x0
[gelatina] t= 3727 ms  SEARCH       rival=no d=9999 mm rumbo=-6000 cdeg  linea=0x0
[gelatina] t= 3759 ms  TRACK        rival=si d=  96 mm rumbo=-6000 cdeg  linea=0x0
[gelatina] t= 3767 ms  ATTACK       rival=si d=  96 mm rumbo=-6000 cdeg  linea=0x0
[gelatina] t= 3991 ms  SEARCH       rival=no d=9999 mm rumbo=+3030 cdeg  linea=0x0
[gelatina] t= 4087 ms  TRACK        rival=si d=  58 mm rumbo=+6000 cdeg  linea=0x0
[gelatina] t= 4096 ms  ATTACK       rival=si d=  58 mm rumbo=+6000 cdeg  linea=0x0
WARNING: Contact joints between materials 'patin' and 'dohyo' will only be created for the 10 deepest contact points instead of all the 14 contact points.
[gelatina] t= 4584 ms  SEARCH       rival=no d=9999 mm rumbo=+3000 cdeg  linea=0x0
[arbitro] asalto 27/30  espalda  rival fuera     +1   4.68 s
[inercia] asalto=27 robot=GELATINA rueda=0 rotor=1.94309714e-05
[inercia] asalto=27 robot=GELATINA rueda=1 rotor=9.35624832e-06
[inercia] asalto=27 robot=RIVAL rueda=0 rotor=2.79407188e-05
[inercia] asalto=27 robot=RIVAL rueda=1 rotor=1.12463045e-05
[planta] asalto=27 mu=1.12337044 slip=0.00097377944 aleatorio=1
[gelatina] fin de asalto motor={"battery_v":8.30834136,"resistance_ohm":[3.65600648,3.89397373],"bridge_ohm":[0.602661276,0.615789807],"omega_rad_s":[-37.1089402,59.4708693],"current_a":[-0.962756284,0.724178321],"torque_nm":[-0.0387533518,0.0284949113],"applied_pwm":[-0.827199996,1],"over_1_2a_samples":4445,"over_3_2a_samples":5}
[gelatina] t=    0 ms  WAIT         rival=no d=9999 mm rumbo=+3000 cdeg  linea=0x2
[rival] fin de asalto motor={"battery_v":7.09189321,"resistance_ohm":[3.87593999,4.25763769],"bridge_ohm":[0.606464481,0.55996114],"omega_rad_s":[7.80461845,6.29728436],"current_a":[-0.14858045,-0.101441454],"torque_nm":[-0.0127284815,-0.0110422657],"applied_pwm":[0,0],"over_1_2a_samples":0,"over_3_2a_samples":0}
[planta] gelatina ciclo=29 rueda=0 V=8.34215989 R=4.01661582 Rpuente=0.614556992 I0=0.107086676 Ke=0.0736885814 Kt=0.0483794733
[planta] gelatina ciclo=29 rueda=1 V=8.34215989 R=3.8690063 Rpuente=0.691976321 I0=0.105943465 Ke=0.0753897349 Kt=0.0483794733
[sensores] gelatina ToF alcance=954.671735 minimo=47.6820457 sigma_rel=0.083875556
[gelatina] pulsador recibido: permiso previsto 410320 ms
[planta] rival ciclo=29 rueda=0 V=7.20060447 R=3.79002953 Rpuente=0.571846259 I0=0.191470322 Ke=0.0936401875 Kt=0.0483794733
[planta] rival ciclo=29 rueda=1 V=7.20060447 R=4.25690155 Rpuente=0.61379689 I0=0.094638285 Ke=0.0993166171 Kt=0.0483794733
[sensores] rival ToF alcance=1183.85692 minimo=35.2040571 sigma_rel=0.0955069351
[arranque] pulsador=405320 permiso=410320 ms
[gelatina] permiso de arranque a los 410320 ms
[gelatina] t=    0 ms  TRACK        rival=si d=  73 mm rumbo=   +0 cdeg  linea=0x0
[gelatina] t=    8 ms  ATTACK       rival=si d=  73 mm rumbo=   +0 cdeg  linea=0x0
WARNING: Contact joints between materials 'patin' and 'dohyo' will only be created for the 10 deepest contact points instead of all the 70 contact points.
[gelatina] t=  264 ms  SEARCH       rival=no d=9999 mm rumbo= -100 cdeg  linea=0x0
[gelatina] t=  424 ms  TRACK        rival=si d=  52 mm rumbo=+6000 cdeg  linea=0x0
[gelatina] t=  432 ms  ATTACK       rival=si d=  52 mm rumbo=+6000 cdeg  linea=0x0
[gelatina] t=  560 ms  SEARCH       rival=no d=9999 mm rumbo=+6000 cdeg  linea=0x0
[gelatina] t=  720 ms  TRACK        rival=si d= 142 mm rumbo=+3000 cdeg  linea=0x0
[gelatina] t=  896 ms  SEARCH       rival=no d=9999 mm rumbo=-3000 cdeg  linea=0x0
[gelatina] t=  952 ms  TRACK        rival=si d= 140 mm rumbo=-4573 cdeg  linea=0x0
[gelatina] t= 1216 ms  ATTACK       rival=si d= 125 mm rumbo=-1585 cdeg  linea=0x0
[gelatina] t= 1384 ms  SEARCH       rival=no d=9999 mm rumbo=-6000 cdeg  linea=0x0
[gelatina] t= 1448 ms  TRACK        rival=si d= 104 mm rumbo=-4571 cdeg  linea=0x0
[gelatina] t= 1456 ms  ATTACK       rival=si d= 104 mm rumbo=-4571 cdeg  linea=0x0
WARNING: Contact joints between materials 'patin' and 'dohyo' will only be created for the 10 deepest contact points instead of all the 19 contact points.
[gelatina] t= 1648 ms  SEARCH       rival=no d=9999 mm rumbo=+3000 cdeg  linea=0x0
[gelatina] t= 1808 ms  TRACK        rival=si d= 171 mm rumbo=+4523 cdeg  linea=0x0
[gelatina] t= 2104 ms  ATTACK       rival=si d= 132 mm rumbo=+6000 cdeg  linea=0x0
[gelatina] t= 2480 ms  SEARCH       rival=no d=9999 mm rumbo=-6000 cdeg  linea=0x0
WARNING: Contact joints between materials 'patin' and 'dohyo' will only be created for the 10 deepest contact points instead of all the 13 contact points.
[gelatina] t= 2800 ms  TRACK        rival=si d=  67 mm rumbo=-3000 cdeg  linea=0x0
[gelatina] t= 2808 ms  ATTACK       rival=si d=  67 mm rumbo=-3000 cdeg  linea=0x1
[gelatina] t= 3072 ms  SEARCH       rival=no d=9999 mm rumbo=   +0 cdeg  linea=0x0
[gelatina] t= 3232 ms  TRACK        rival=si d=  50 mm rumbo=+3000 cdeg  linea=0x0
[gelatina] t= 3240 ms  ATTACK       rival=si d=  50 mm rumbo=+3000 cdeg  linea=0x2
[arbitro] asalto 28/30  frente   rival fuera     +1   3.42 s
[inercia] asalto=28 robot=GELATINA rueda=0 rotor=2.55414689e-05
[inercia] asalto=28 robot=GELATINA rueda=1 rotor=2.19878901e-05
[inercia] asalto=28 robot=RIVAL rueda=0 rotor=2.79932778e-05
[inercia] asalto=28 robot=RIVAL rueda=1 rotor=1.5502732e-05
[planta] asalto=28 mu=1.46634105 slip=0.00129893672 aleatorio=1
[gelatina] fin de asalto motor={"battery_v":8.34215989,"resistance_ohm":[4.01661582,3.8690063],"bridge_ohm":[0.614556992,0.691976321],"omega_rad_s":[33.2231676,10.5054151],"current_a":[1.27267801,0.118997458],"torque_nm":[0.0563906948,0.000631545312],"applied_pwm":[1,0.160000026],"over_1_2a_samples":4560,"over_3_2a_samples":5}
[gelatina] t=    0 ms  WAIT         rival=no d=9999 mm rumbo=-6000 cdeg  linea=0x8
[rival] fin de asalto motor={"battery_v":7.20060447,"resistance_ohm":[3.79002953,4.25690155],"bridge_ohm":[0.571846259,0.61379689],"omega_rad_s":[1.07776051,-1.35636769],"current_a":[-0.0231372237,0.0276571937],"torque_nm":[-0.00845924839,0.00534678073],"applied_pwm":[0,0],"over_1_2a_samples":0,"over_3_2a_samples":0}
[planta] gelatina ciclo=30 rueda=0 V=8.37814878 R=3.86747718 Rpuente=0.574219334 I0=0.224655694 Ke=0.0736339521 Kt=0.0483794733
[planta] gelatina ciclo=30 rueda=1 V=8.37814878 R=3.83671365 Rpuente=0.512992465 I0=0.17638801 Ke=0.0926337765 Kt=0.0483794733
[sensores] gelatina ToF alcance=785.083777 minimo=47.8836244 sigma_rel=0.114256158
[gelatina] pulsador recibido: permiso previsto 419048 ms
[planta] rival ciclo=30 rueda=0 V=8.35094497 R=3.98737073 Rpuente=0.627333462 I0=0.219472674 Ke=0.0758553078 Kt=0.0483794733
[planta] rival ciclo=30 rueda=1 V=8.35094497 R=4.21043987 Rpuente=0.662878561 I0=0.150727522 Ke=0.0661402564 Kt=0.0483794733
[sensores] rival ToF alcance=822.924936 minimo=46.2372559 sigma_rel=0.0859497404
[arranque] pulsador=414048 permiso=419048 ms
[gelatina] permiso de arranque a los 419048 ms
[gelatina] t=    0 ms  OPENING      rival=no d=9999 mm rumbo=-6000 cdeg  linea=0x0
[gelatina] t=   32 ms  TRACK        rival=si d=  84 mm rumbo=-6000 cdeg  linea=0x0
[gelatina] t=   40 ms  ATTACK       rival=si d=  84 mm rumbo=-6000 cdeg  linea=0x0
WARNING: Contact joints between materials 'rueda' and 'dohyo' will only be created for the 10 deepest contact points instead of all the 11 contact points.
[gelatina] t=  232 ms  SEARCH       rival=no d=9999 mm rumbo=-6000 cdeg  linea=0x0
[gelatina] t=  360 ms  TRACK        rival=si d=  50 mm rumbo=+6000 cdeg  linea=0x0
[gelatina] t=  368 ms  ATTACK       rival=si d=  50 mm rumbo=+6000 cdeg  linea=0x0
[gelatina] t=  496 ms  SEARCH       rival=no d=9999 mm rumbo=+6000 cdeg  linea=0x0
[gelatina] t=  624 ms  TRACK        rival=si d= 133 mm rumbo=+6000 cdeg  linea=0x0
[gelatina] t=  656 ms  ATTACK       rival=si d=  83 mm rumbo=+4472 cdeg  linea=0x0
[gelatina] t= 1120 ms  SEARCH       rival=no d=9999 mm rumbo=   +0 cdeg  linea=0x0
WARNING: Contact joints between materials 'rueda' and 'dohyo' will only be created for the 10 deepest contact points instead of all the 12 contact points.
[gelatina] t= 1312 ms  TRACK        rival=si d= 144 mm rumbo=+6000 cdeg  linea=0x0
[gelatina] t= 1352 ms  ATTACK       rival=si d= 127 mm rumbo=   +0 cdeg  linea=0x0
[gelatina] t= 1520 ms  SEARCH       rival=no d=9999 mm rumbo=-4572 cdeg  linea=0x0
[gelatina] t= 1584 ms  TRACK        rival=si d= 178 mm rumbo=-6000 cdeg  linea=0x0
[gelatina] t= 1648 ms  ATTACK       rival=si d= 131 mm rumbo=+1507 cdeg  linea=0x0
[gelatina] t= 1816 ms  SEARCH       rival=no d=9999 mm rumbo=+6000 cdeg  linea=0x0
[gelatina] t= 1912 ms  TRACK        rival=si d= 116 mm rumbo=+4591 cdeg  linea=0x0
[gelatina] t= 1920 ms  ATTACK       rival=si d= 116 mm rumbo=+4591 cdeg  linea=0x0
WARNING: Contact joints between materials 'rueda' and 'dohyo' will only be created for the 10 deepest contact points instead of all the 12 contact points.
[gelatina] t= 2472 ms  SEARCH       rival=no d=9999 mm rumbo=+6000 cdeg  linea=0x0
[gelatina] t= 2568 ms  TRACK        rival=si d=  72 mm rumbo=   +0 cdeg  linea=0x0
[gelatina] t= 2576 ms  ATTACK       rival=si d=  72 mm rumbo=   +0 cdeg  linea=0x0
[gelatina] t= 2744 ms  SEARCH       rival=no d=9999 mm rumbo=-3000 cdeg  linea=0x0
[gelatina] t= 3032 ms  TRACK        rival=si d=  68 mm rumbo=-6000 cdeg  linea=0x0
[gelatina] t= 3040 ms  ATTACK       rival=si d=  68 mm rumbo=-6000 cdeg  linea=0x0
[gelatina] t= 3200 ms  SEARCH       rival=no d=9999 mm rumbo=   +0 cdeg  linea=0x0
WARNING: Contact joints between materials 'patin' and 'dohyo' will only be created for the 10 deepest contact points instead of all the 20 contact points.
[gelatina] t= 3464 ms  TRACK        rival=si d=  50 mm rumbo=+3000 cdeg  linea=0x0
[gelatina] t= 3472 ms  ATTACK       rival=si d=  50 mm rumbo=+3000 cdeg  linea=0x0
[gelatina] t= 3800 ms  SEARCH       rival=no d=9999 mm rumbo=-6000 cdeg  linea=0x0
[gelatina] t= 4056 ms  TRACK        rival=si d=  55 mm rumbo=-3000 cdeg  linea=0x0
[gelatina] t= 4064 ms  ATTACK       rival=si d=  55 mm rumbo=-3000 cdeg  linea=0x0
[gelatina] t= 4256 ms  SEARCH       rival=no d=9999 mm rumbo=+6000 cdeg  linea=0x0
WARNING: Contact joints between materials 'patin' and 'dohyo' will only be created for the 10 deepest contact points instead of all the 14 contact points.
[gelatina] t= 4352 ms  TRACK        rival=si d=  82 mm rumbo=+6000 cdeg  linea=0x0
[gelatina] t= 4360 ms  ATTACK       rival=si d=  82 mm rumbo=+6000 cdeg  linea=0x0
[gelatina] t= 4592 ms  SEARCH       rival=no d=9999 mm rumbo=-6000 cdeg  linea=0x0
[gelatina] t= 4616 ms  TRACK        rival=si d=  86 mm rumbo=-6000 cdeg  linea=0x0
[gelatina] t= 4624 ms  ATTACK       rival=si d=  86 mm rumbo=-6000 cdeg  linea=0x0
[gelatina] t= 4888 ms  SEARCH       rival=no d=9999 mm rumbo=+3000 cdeg  linea=0x0
[gelatina] t= 5008 ms  TRACK        rival=si d= 122 mm rumbo=+6000 cdeg  linea=0x0
[gelatina] t= 5016 ms  ATTACK       rival=si d= 122 mm rumbo=+6000 cdeg  linea=0x0
[gelatina] t= 5216 ms  SEARCH       rival=no d=9999 mm rumbo=-4501 cdeg  linea=0x0
[gelatina] t= 5280 ms  TRACK        rival=si d=  89 mm rumbo=-6000 cdeg  linea=0x0
[gelatina] t= 5288 ms  ATTACK       rival=si d=  89 mm rumbo=-6000 cdeg  linea=0x0
WARNING: Contact joints between materials 'patin' and 'dohyo' will only be created for the 10 deepest contact points instead of all the 11 contact points.
[gelatina] t= 5512 ms  SEARCH       rival=no d=9999 mm rumbo=+6000 cdeg  linea=0x0
[gelatina] t= 5608 ms  TRACK        rival=si d= 107 mm rumbo=+6000 cdeg  linea=0x0
[gelatina] t= 5616 ms  ATTACK       rival=si d= 107 mm rumbo=+6000 cdeg  linea=0x0
[gelatina] t= 5840 ms  SEARCH       rival=no d=9999 mm rumbo=-6000 cdeg  linea=0x0
[gelatina] t= 5872 ms  TRACK        rival=si d=  78 mm rumbo=-6000 cdeg  linea=0x0
[gelatina] t= 5880 ms  ATTACK       rival=si d=  78 mm rumbo=-6000 cdeg  linea=0x0
[gelatina] t= 6208 ms  SEARCH       rival=no d=9999 mm rumbo=   +0 cdeg  linea=0x0
[arbitro] asalto 29/30  lado     rival fuera     +1   6.46 s
[inercia] asalto=29 robot=GELATINA rueda=0 rotor=1.93387651e-05
[inercia] asalto=29 robot=GELATINA rueda=1 rotor=2.56285785e-05
[inercia] asalto=29 robot=RIVAL rueda=0 rotor=2.94294961e-05
[inercia] asalto=29 robot=RIVAL rueda=1 rotor=3.0536506e-05
[planta] asalto=29 mu=1.28143648 slip=0.000702222109 aleatorio=1
[gelatina] fin de asalto motor={"battery_v":8.37814878,"resistance_ohm":[3.86747718,3.83671365],"bridge_ohm":[0.574219334,0.512992465],"omega_rad_s":[-60.5592701,60.6192726],"current_a":[-0.556360892,0.635159378],"torque_nm":[-0.0160477228,0.0221951171],"applied_pwm":[-0.827199996,1],"over_1_2a_samples":4879,"over_3_2a_samples":5}
[gelatina] t=    0 ms  WAIT         rival=no d=9999 mm rumbo=   +0 cdeg  linea=0x0
[rival] fin de asalto motor={"battery_v":8.35094497,"resistance_ohm":[3.98737073,4.21043987],"bridge_ohm":[0.627333462,0.662878561],"omega_rad_s":[4.08400131,27.6967299],"current_a":[-0.0671317518,-0.375897624],"torque_nm":[-0.0138597507,-0.0254778472],"applied_pwm":[0,0],"over_1_2a_samples":0,"over_3_2a_samples":0}
WARNING: Contact joints between materials 'patin' and 'dohyo' will only be created for the 10 deepest contact points instead of all the 28 contact points.
[planta] gelatina ciclo=31 rueda=0 V=7.01196731 R=4.22808652 Rpuente=0.586115062 I0=0.170014885 Ke=0.072463821 Kt=0.0483794733
[planta] gelatina ciclo=31 rueda=1 V=7.01196731 R=3.81174626 Rpuente=0.589178979 I0=0.147140774 Ke=0.0811089341 Kt=0.0483794733
[sensores] gelatina ToF alcance=735.817456 minimo=23.8670874 sigma_rel=0.0715722275
[gelatina] pulsador recibido: permiso previsto 430824 ms
[planta] rival ciclo=31 rueda=0 V=7.05026116 R=3.70891438 Rpuente=0.630490899 I0=0.0937249482 Ke=0.0711979099 Kt=0.0483794733
[planta] rival ciclo=31 rueda=1 V=7.05026116 R=3.90925069 Rpuente=0.636213768 I0=0.128782082 Ke=0.0974377837 Kt=0.0483794733
[sensores] rival ToF alcance=1096.08399 minimo=42.1623528 sigma_rel=0.0406015539
[arranque] pulsador=425824 permiso=430824 ms
[gelatina] permiso de arranque a los 430824 ms
[gelatina] t=    0 ms  OPENING      rival=no d=9999 mm rumbo=   +0 cdeg  linea=0x0
[gelatina] t=  112 ms  SEARCH       rival=no d=9999 mm rumbo=   +0 cdeg  linea=0x0
[gelatina] t=  328 ms  TRACK        rival=si d=  76 mm rumbo=+6000 cdeg  linea=0x0
[gelatina] t=  336 ms  ATTACK       rival=si d=  76 mm rumbo=+6000 cdeg  linea=0x0
WARNING: Contact joints between materials 'patin' and 'dohyo' will only be created for the 10 deepest contact points instead of all the 13 contact points.
[gelatina] t= 1224 ms  SEARCH       rival=no d=9999 mm rumbo=-3000 cdeg  linea=0x0
[gelatina] t= 1248 ms  TRACK        rival=si d=  34 mm rumbo=-3000 cdeg  linea=0x0
[gelatina] t= 1256 ms  ATTACK       rival=si d=  34 mm rumbo=-3000 cdeg  linea=0x0
[arbitro] asalto 30/30  espalda  rival fuera     +1   1.41 s

[arbitro] RESULTADO  21W 9L 0D  win rate 70.0%  auto-salidas 4  t medio de victoria 4.74 s

[arbitro]   frente   7W 3L 0D
[arbitro]   lado     6W 4L 0D
[arbitro]   espalda  8W 2L 0D
[arbitro]   combate: gana 78.8%  jueces 0.0%  pierde 21.2%
[arbitro] resultados -> ../../../../result.json
INFO: 'arbitro' controller exited successfully.
INFO: medido: Terminating.
INFO: oponente: Terminating.
