WARNING: Contact joints between materials 'patin' and 'dohyo' will only be created for the 10 deepest contact points instead of all the 12 contact points.
INFO: medido: Starting controller: $LAB_ROOT/Mini-Sumo-real/runs/real/20260913T164027881373Z_v15_v0.3.1_reglamento_spinner_s0_r0/project/webots/controllers/medido/medido
INFO: oponente: Starting controller: $LAB_ROOT/Mini-Sumo-real/runs/real/20260913T164027881373Z_v15_v0.3.1_reglamento_spinner_s0_r0/project/webots/controllers/oponente/oponente spinner
INFO: arbitro: Starting controller: $LAB_ROOT/Mini-Sumo-real/runs/real/20260913T164027881373Z_v15_v0.3.1_reglamento_spinner_s0_r0/project/webots/controllers/arbitro/arbitro --rounds 30 --rival spinner --version v0.3.1 --colocacion reglamento --out ../../../../result.json
[planta] gelatina V=7.4 R=4 Rpuente=0.5 I0=0.15 Ke=0.0793326178 Kt=0.0483794733
[sensores] gelatina ToF alcance=1200 minimo=30 sigma_rel=0.07
[gelatina] HAL Webots listo: paso 8 ms, umbral de linea 400
[gelatina] estrategia v0.3.0 en linea
[planta] rival V=7.4 R=4 Rpuente=0.5 I0=0.15 Ke=0.0793326178 Kt=0.0483794733
[sensores] rival ToF alcance=1200 minimo=30 sigma_rel=0.07
[rival] comportamiento: spinner

[arbitro] 30 asaltos contra 'spinner', colocacion reglamento, limite 60 s por asalto
[gelatina] t=    0 ms  WAIT         rival=no d=9999 mm rumbo=   +0 cdeg  linea=0x0
[planta] asalto=0 mu=1.1 slip=0.0005 aleatorio=0
[planta] gelatina V=7.4 R=4 Rpuente=0.5 I0=0.15 Ke=0.0793326178 Kt=0.0483794733
[sensores] gelatina ToF alcance=1200 minimo=30 sigma_rel=0.07
[gelatina] pulsador recibido: permiso previsto 5312 ms
[planta] rival V=7.4 R=4 Rpuente=0.5 I0=0.15 Ke=0.0793326178 Kt=0.0483794733
[sensores] rival ToF alcance=1200 minimo=30 sigma_rel=0.07
[arranque] pulsador=312 permiso=5312 ms
[gelatina] permiso de arranque a los 5312 ms
[gelatina] t=    0 ms  TRACK        rival=si d=  73 mm rumbo=+1487 cdeg  linea=0x0
[gelatina] t=    8 ms  ATTACK       rival=si d=  68 mm rumbo=+1492 cdeg  linea=0x0
WARNING: Contact joints between materials 'patin' and 'dohyo' will only be created for the 10 deepest contact points instead of all the 13 contact points.
[gelatina] t=  344 ms  SEARCH       rival=no d=9999 mm rumbo=-3000 cdeg  linea=0x0
[gelatina] t=  432 ms  TRACK        rival=si d=  38 mm rumbo=+6000 cdeg  linea=0x0
[gelatina] t=  440 ms  ATTACK       rival=si d=  38 mm rumbo=+6000 cdeg  linea=0x0
[gelatina] t=  568 ms  SEARCH       rival=no d=9999 mm rumbo=+6000 cdeg  linea=0x0
[gelatina] t=  728 ms  TRACK        rival=si d=  86 mm rumbo=+6000 cdeg  linea=0x0
[gelatina] t=  736 ms  ATTACK       rival=si d=  86 mm rumbo=+6000 cdeg  linea=0x0
[gelatina] t=  936 ms  SEARCH       rival=no d=9999 mm rumbo=-4516 cdeg  linea=0x0
[gelatina] t= 1000 ms  TRACK        rival=si d= 149 mm rumbo=-6000 cdeg  linea=0x0
[gelatina] t= 1032 ms  ATTACK       rival=si d=  93 mm rumbo=-4521 cdeg  linea=0x0
WARNING: Contact joints between materials 'rueda' and 'dohyo' will only be created for the 10 deepest contact points instead of all the 12 contact points.
[gelatina] t= 1664 ms  SEARCH       rival=no d=9999 mm rumbo=-6000 cdeg  linea=0x0
[gelatina] t= 1720 ms  TRACK        rival=si d=  58 mm rumbo=-6000 cdeg  linea=0x0
[gelatina] t= 1728 ms  ATTACK       rival=si d=  58 mm rumbo=-6000 cdeg  linea=0x0
[gelatina] t= 2120 ms  SEARCH       rival=no d=9999 mm rumbo=+6000 cdeg  linea=0x0
[gelatina] t= 2184 ms  TRACK        rival=si d=  40 mm rumbo=+3000 cdeg  linea=0x0
[gelatina] t= 2192 ms  ATTACK       rival=si d=  40 mm rumbo=+3000 cdeg  linea=0x0
[gelatina] t= 2480 ms  EDGE_ESCAPE  rival=si d=  42 mm rumbo=+6000 cdeg  linea=0x2
[gelatina] t= 2600 ms  ATTACK       rival=si d=  53 mm rumbo=+3000 cdeg  linea=0x2
WARNING: Contact joints between materials 'patin' and 'dohyo' will only be created for the 10 deepest contact points instead of all the 11 contact points.
[gelatina] t= 2648 ms  EDGE_ESCAPE  rival=si d=  43 mm rumbo=+6000 cdeg  linea=0x2
[gelatina] t= 2680 ms  ATTACK       rival=si d=  42 mm rumbo=+4497 cdeg  linea=0x2
[gelatina] t= 2808 ms  EDGE_ESCAPE  rival=si d=  29 mm rumbo=+1484 cdeg  linea=0x4
[gelatina] t= 3016 ms  SEARCH       rival=si d=  45 mm rumbo=   +0 cdeg  linea=0x0
[gelatina] t= 3024 ms  TRACK        rival=si d=  45 mm rumbo=   +0 cdeg  linea=0x0
[gelatina] t= 3032 ms  ATTACK       rival=si d=  45 mm rumbo=   +0 cdeg  linea=0x0
[gelatina] t= 3312 ms  SEARCH       rival=no d=9999 mm rumbo=+6000 cdeg  linea=0x0
[gelatina] t= 3336 ms  TRACK        rival=si d=  29 mm rumbo=+6000 cdeg  linea=0x0
[gelatina] t= 3344 ms  ATTACK       rival=si d=  29 mm rumbo=+6000 cdeg  linea=0x0
WARNING: Contact joints between materials 'patin' and 'dohyo' will only be created for the 10 deepest contact points instead of all the 20 contact points.
[gelatina] t= 3968 ms  SEARCH       rival=no d=9999 mm rumbo=+3000 cdeg  linea=0x0
[gelatina] t= 4064 ms  TRACK        rival=si d=  39 mm rumbo=+3000 cdeg  linea=0x0
[gelatina] t= 4072 ms  ATTACK       rival=si d=  39 mm rumbo=+3000 cdeg  linea=0x0
[gelatina] t= 4560 ms  EDGE_ESCAPE  rival=si d=  48 mm rumbo=-6000 cdeg  linea=0x8
WARNING: Contact joints between materials 'patin' and 'dohyo' will only be created for the 10 deepest contact points instead of all the 13 contact points.
[gelatina] t= 4768 ms  SEARCH       rival=si d=  30 mm rumbo=-3000 cdeg  linea=0x0
[gelatina] t= 4776 ms  TRACK        rival=si d=  30 mm rumbo=-3000 cdeg  linea=0x0
[gelatina] t= 4784 ms  ATTACK       rival=si d=  30 mm rumbo=-3000 cdeg  linea=0x0
[gelatina] t= 5096 ms  SEARCH       rival=no d=9999 mm rumbo=-3000 cdeg  linea=0x0
[gelatina] t= 5184 ms  TRACK        rival=si d=  46 mm rumbo=   +0 cdeg  linea=0x0
[gelatina] t= 5192 ms  ATTACK       rival=si d=  46 mm rumbo=   +0 cdeg  linea=0x0
[gelatina] t= 5320 ms  SEARCH       rival=no d=9999 mm rumbo=   +0 cdeg  linea=0x0
[gelatina] t= 5512 ms  TRACK        rival=si d= 136 mm rumbo=+6000 cdeg  linea=0x0
[gelatina] t= 5552 ms  ATTACK       rival=si d= 119 mm rumbo=+1546 cdeg  linea=0x0
[gelatina] t= 5752 ms  SEARCH       rival=no d=9999 mm rumbo=-6000 cdeg  linea=0x0
[gelatina] t= 5816 ms  TRACK        rival=si d=  91 mm rumbo=-6000 cdeg  linea=0x0
[gelatina] t= 5824 ms  ATTACK       rival=si d=  91 mm rumbo=-6000 cdeg  linea=0x0
[gelatina] t= 6048 ms  SEARCH       rival=no d=9999 mm rumbo=+6000 cdeg  linea=0x0
[gelatina] t= 6080 ms  TRACK        rival=si d= 109 mm rumbo=+6000 cdeg  linea=0x0
[gelatina] t= 6088 ms  ATTACK       rival=si d= 109 mm rumbo=+6000 cdeg  linea=0x0
[gelatina] t= 6384 ms  SEARCH       rival=no d=9999 mm rumbo=-3000 cdeg  linea=0x0
WARNING: Contact joints between materials 'patin' and 'dohyo' will only be created for the 10 deepest contact points instead of all the 13 contact points.
[gelatina] t= 6456 ms  EDGE_ESCAPE  rival=no d=9999 mm rumbo=-3000 cdeg  linea=0x2
[gelatina] t= 6504 ms  ATTACK       rival=si d=  48 mm rumbo=-3000 cdeg  linea=0x5
[gelatina] t= 7136 ms  SEARCH       rival=no d=9999 mm rumbo=-6000 cdeg  linea=0x0
[gelatina] t= 7200 ms  TRACK        rival=si d=  67 mm rumbo=-3000 cdeg  linea=0x0
[gelatina] t= 7208 ms  ATTACK       rival=si d=  67 mm rumbo=-3000 cdeg  linea=0x0
[gelatina] t= 7464 ms  EDGE_ESCAPE  rival=si d=  33 mm rumbo=-1521 cdeg  linea=0x1
[gelatina] t= 7496 ms  ATTACK       rival=si d=  33 mm rumbo=   +0 cdeg  linea=0x4
[gelatina] t= 7560 ms  EDGE_ESCAPE  rival=si d=  42 mm rumbo=   +0 cdeg  linea=0x4
WARNING: Contact joints between materials 'patin' and 'dohyo' will only be created for the 10 deepest contact points instead of all the 13 contact points.
[gelatina] t= 7592 ms  ATTACK       rival=si d=  37 mm rumbo=   +0 cdeg  linea=0x4
[gelatina] t= 7736 ms  SEARCH       rival=no d=9999 mm rumbo=   +0 cdeg  linea=0x0
[gelatina] t= 7824 ms  TRACK        rival=si d=  44 mm rumbo=+6000 cdeg  linea=0x0
[gelatina] t= 7832 ms  ATTACK       rival=si d=  44 mm rumbo=+6000 cdeg  linea=0x0
[gelatina] t= 8096 ms  SEARCH       rival=no d=9999 mm rumbo=+3000 cdeg  linea=0x0
[gelatina] t= 8112 ms  EDGE_ESCAPE  rival=no d=9999 mm rumbo=+3000 cdeg  linea=0x2
[gelatina] t= 8256 ms  ATTACK       rival=si d=  33 mm rumbo=+1135 cdeg  linea=0x4
[gelatina] t= 8288 ms  EDGE_ESCAPE  rival=si d= 232 mm rumbo=-6000 cdeg  linea=0x8
[gelatina] t= 8496 ms  SEARCH       rival=si d= 390 mm rumbo=-6000 cdeg  linea=0x8
[gelatina] t= 8504 ms  TRACK        rival=si d= 390 mm rumbo=-6000 cdeg  linea=0x9
[arbitro] asalto  1/30  frente   expulsado       -1   8.51 s
[planta] asalto=1 mu=1.1 slip=0.0005 aleatorio=0
[gelatina] t=    0 ms  WAIT         rival=no d=9999 mm rumbo=-6000 cdeg  linea=0x1
WARNING: Contact joints between materials 'rueda' and 'dohyo' will only be created for the 10 deepest contact points instead of all the 12 contact points.
[planta] gelatina V=7.4 R=4 Rpuente=0.5 I0=0.15 Ke=0.0793326178 Kt=0.0483794733
[sensores] gelatina ToF alcance=1200 minimo=30 sigma_rel=0.07
[gelatina] pulsador recibido: permiso previsto 19136 ms
[arranque] pulsador=14136 permiso=19136 ms
[planta] rival V=7.4 R=4 Rpuente=0.5 I0=0.15 Ke=0.0793326178 Kt=0.0483794733
[sensores] rival ToF alcance=1200 minimo=30 sigma_rel=0.07
[gelatina] permiso de arranque a los 19136 ms
[gelatina] t=    0 ms  OPENING      rival=no d=9999 mm rumbo=-6000 cdeg  linea=0x0
WARNING: Contact joints between materials 'rueda' and 'dohyo' will only be created for the 10 deepest contact points instead of all the 12 contact points.
[gelatina] t=   72 ms  TRACK        rival=si d=  58 mm rumbo=-6000 cdeg  linea=0x0
[gelatina] t=   80 ms  ATTACK       rival=si d=  58 mm rumbo=-6000 cdeg  linea=0x0
WARNING: Contact joints between materials 'patin' and 'dohyo' will only be created for the 10 deepest contact points instead of all the 19 contact points.
[gelatina] t= 1336 ms  SEARCH       rival=no d=9999 mm rumbo=-3000 cdeg  linea=0x0
[gelatina] t= 1360 ms  TRACK        rival=si d=  36 mm rumbo=-3000 cdeg  linea=0x0
[gelatina] t= 1368 ms  ATTACK       rival=si d=  36 mm rumbo=-3000 cdeg  linea=0x0
[gelatina] t= 1496 ms  SEARCH       rival=no d=9999 mm rumbo=-3000 cdeg  linea=0x0
[gelatina] t= 1528 ms  TRACK        rival=si d=  34 mm rumbo=   +0 cdeg  linea=0x0
[gelatina] t= 1536 ms  ATTACK       rival=si d=  34 mm rumbo=   +0 cdeg  linea=0x0
[gelatina] t= 1864 ms  SEARCH       rival=no d=9999 mm rumbo=+6000 cdeg  linea=0x0
[gelatina] t= 1888 ms  TRACK        rival=si d=  35 mm rumbo=+3000 cdeg  linea=0x0
[gelatina] t= 1896 ms  ATTACK       rival=si d=  35 mm rumbo=+3000 cdeg  linea=0x0
[gelatina] t= 2128 ms  SEARCH       rival=no d=9999 mm rumbo=+6000 cdeg  linea=0x0
WARNING: Contact joints between materials 'patin' and 'dohyo' will only be created for the 10 deepest contact points instead of all the 20 contact points.
[gelatina] t= 2256 ms  TRACK        rival=si d=  33 mm rumbo=-6000 cdeg  linea=0x0
[gelatina] t= 2264 ms  ATTACK       rival=si d=  33 mm rumbo=-6000 cdeg  linea=0x0
[gelatina] t= 2392 ms  SEARCH       rival=no d=9999 mm rumbo=-6000 cdeg  linea=0x0
[gelatina] t= 2488 ms  TRACK        rival=si d=  63 mm rumbo=-6000 cdeg  linea=0x0
[gelatina] t= 2496 ms  ATTACK       rival=si d=  63 mm rumbo=-6000 cdeg  linea=0x0
[gelatina] t= 2952 ms  SEARCH       rival=no d=9999 mm rumbo=-1523 cdeg  linea=0x0
[gelatina] t= 3280 ms  TRACK        rival=si d=  43 mm rumbo=-4513 cdeg  linea=0x0
[gelatina] t= 3288 ms  ATTACK       rival=si d=  43 mm rumbo=-4513 cdeg  linea=0x0
[gelatina] t= 3480 ms  SEARCH       rival=no d=9999 mm rumbo=+6000 cdeg  linea=0x0
[gelatina] t= 3568 ms  TRACK        rival=si d=  39 mm rumbo=+6000 cdeg  linea=0x0
[gelatina] t= 3576 ms  ATTACK       rival=si d=  39 mm rumbo=+4509 cdeg  linea=0x0
[gelatina] t= 3808 ms  SEARCH       rival=no d=9999 mm rumbo=-6000 cdeg  linea=0x0
[gelatina] t= 3872 ms  TRACK        rival=si d=  48 mm rumbo=-6000 cdeg  linea=0x0
[gelatina] t= 3880 ms  ATTACK       rival=si d=  48 mm rumbo=-6000 cdeg  linea=0x0
[gelatina] t= 4104 ms  SEARCH       rival=no d=9999 mm rumbo=+4511 cdeg  linea=0x0
[gelatina] t= 4168 ms  TRACK        rival=si d=  61 mm rumbo=+6000 cdeg  linea=0x0
[gelatina] t= 4176 ms  ATTACK       rival=si d=  61 mm rumbo=+6000 cdeg  linea=0x0
[gelatina] t= 4440 ms  SEARCH       rival=no d=9999 mm rumbo=-6000 cdeg  linea=0x0
[gelatina] t= 4496 ms  TRACK        rival=si d=  74 mm rumbo=-6000 cdeg  linea=0x0
[gelatina] t= 4504 ms  ATTACK       rival=si d=  74 mm rumbo=-6000 cdeg  linea=0x0
WARNING: Contact joints between materials 'patin' and 'dohyo' will only be created for the 10 deepest contact points instead of all the 11 contact points.
[gelatina] t= 4768 ms  SEARCH       rival=no d=9999 mm rumbo=+6000 cdeg  linea=0x0
[gelatina] t= 4824 ms  TRACK        rival=si d=  30 mm rumbo=+6000 cdeg  linea=0x0
[gelatina] t= 4832 ms  ATTACK       rival=si d=  30 mm rumbo=+6000 cdeg  linea=0x0
[gelatina] t= 5224 ms  SEARCH       rival=no d=9999 mm rumbo=   +0 cdeg  linea=0x0
[gelatina] t= 5352 ms  TRACK        rival=si d=  30 mm rumbo=-6000 cdeg  linea=0x0
[gelatina] t= 5360 ms  ATTACK       rival=si d=  30 mm rumbo=-6000 cdeg  linea=0x0
[gelatina] t= 5496 ms  SEARCH       rival=no d=9999 mm rumbo=-6000 cdeg  linea=0x0
[gelatina] t= 5616 ms  TRACK        rival=si d=  83 mm rumbo=-4540 cdeg  linea=0x0
[gelatina] t= 5624 ms  ATTACK       rival=si d=  83 mm rumbo=-4540 cdeg  linea=0x0
WARNING: Contact joints between materials 'rueda' and 'dohyo' will only be created for the 10 deepest contact points instead of all the 17 contact points.
[gelatina] t= 5824 ms  SEARCH       rival=no d=9999 mm rumbo=+4527 cdeg  linea=0x0
[gelatina] t= 5912 ms  TRACK        rival=si d=  94 mm rumbo=+6000 cdeg  linea=0x0
[gelatina] t= 5920 ms  ATTACK       rival=si d=  94 mm rumbo=+6000 cdeg  linea=0x0
[gelatina] t= 6152 ms  SEARCH       rival=no d=9999 mm rumbo=-6000 cdeg  linea=0x0
[gelatina] t= 6184 ms  TRACK        rival=si d=  80 mm rumbo=-6000 cdeg  linea=0x0
[gelatina] t= 6192 ms  ATTACK       rival=si d=  80 mm rumbo=-6000 cdeg  linea=0x0
WARNING: Contact joints between materials 'rueda' and 'dohyo' will only be created for the 10 deepest contact points instead of all the 19 contact points.
[gelatina] t= 6912 ms  SEARCH       rival=no d=9999 mm rumbo=+3000 cdeg  linea=0x0
[gelatina] t= 7000 ms  TRACK        rival=si d=  45 mm rumbo=+6000 cdeg  linea=0x0
[gelatina] t= 7008 ms  ATTACK       rival=si d=  45 mm rumbo=+6000 cdeg  linea=0x0
[gelatina] t= 7504 ms  SEARCH       rival=no d=9999 mm rumbo=+6000 cdeg  linea=0x0
[gelatina] t= 7568 ms  TRACK        rival=si d=  43 mm rumbo=+3000 cdeg  linea=0x0
[gelatina] t= 7576 ms  ATTACK       rival=si d=  43 mm rumbo=+3000 cdeg  linea=0x0
WARNING: Contact joints between materials 'patin' and 'dohyo' will only be created for the 10 deepest contact points instead of all the 18 contact points.
[gelatina] t= 7832 ms  SEARCH       rival=no d=9999 mm rumbo=+3000 cdeg  linea=0x0
[gelatina] t= 7896 ms  TRACK        rival=si d=  43 mm rumbo=+6000 cdeg  linea=0x0
[gelatina] t= 7904 ms  ATTACK       rival=si d=  43 mm rumbo=+6000 cdeg  linea=0x0
[gelatina] t= 8168 ms  SEARCH       rival=no d=9999 mm rumbo=+3000 cdeg  linea=0x0
[gelatina] t= 8256 ms  TRACK        rival=si d=  34 mm rumbo=+6000 cdeg  linea=0x0
[gelatina] t= 8264 ms  ATTACK       rival=si d=  34 mm rumbo=+6000 cdeg  linea=0x0
[gelatina] t= 8496 ms  SEARCH       rival=no d=9999 mm rumbo=   +0 cdeg  linea=0x0
[gelatina] t= 8816 ms  TRACK        rival=si d=  60 mm rumbo=+6000 cdeg  linea=0x0
[gelatina] t= 8824 ms  ATTACK       rival=si d=  60 mm rumbo=+6000 cdeg  linea=0x0
WARNING: Contact joints between materials 'patin' and 'dohyo' will only be created for the 10 deepest contact points instead of all the 42 contact points.
[gelatina] t= 9256 ms  SEARCH       rival=no d=9999 mm rumbo=   -2 cdeg  linea=0x0
[gelatina] t= 9416 ms  TRACK        rival=si d=  37 mm rumbo=+3000 cdeg  linea=0x0
[gelatina] t= 9424 ms  ATTACK       rival=si d=  37 mm rumbo=+3000 cdeg  linea=0x0
[gelatina] t= 9552 ms  SEARCH       rival=no d=9999 mm rumbo=+3000 cdeg  linea=0x0
[gelatina] t= 9712 ms  TRACK        rival=si d=  96 mm rumbo=+4506 cdeg  linea=0x0
[gelatina] t= 9720 ms  ATTACK       rival=si d=  96 mm rumbo=+4506 cdeg  linea=0x0
[gelatina] t= 9912 ms  SEARCH       rival=no d=9999 mm rumbo=-4527 cdeg  linea=0x0
WARNING: Contact joints between materials 'patin' and 'dohyo' will only be created for the 10 deepest contact points instead of all the 18 contact points.
[gelatina] t= 9976 ms  TRACK        rival=si d= 122 mm rumbo=-6000 cdeg  linea=0x0
[gelatina] t= 9984 ms  ATTACK       rival=si d= 122 mm rumbo=-6000 cdeg  linea=0x0
[gelatina] t=10536 ms  EDGE_ESCAPE  rival=si d=  34 mm rumbo=-3186 cdeg  linea=0x2
[gelatina] t=10744 ms  SEARCH       rival=si d=  41 mm rumbo=-3000 cdeg  linea=0x0
[gelatina] t=10752 ms  TRACK        rival=si d=  41 mm rumbo=-3000 cdeg  linea=0x0
[gelatina] t=10760 ms  ATTACK       rival=si d=  41 mm rumbo=-3000 cdeg  linea=0x0
[gelatina] t=10904 ms  SEARCH       rival=no d=9999 mm rumbo=-6000 cdeg  linea=0x0
[gelatina] t=10968 ms  TRACK        rival=si d=  42 mm rumbo=-4562 cdeg  linea=0x0
[gelatina] t=10976 ms  ATTACK       rival=si d=  42 mm rumbo=-4562 cdeg  linea=0x0
[gelatina] t=11168 ms  SEARCH       rival=no d=9999 mm rumbo=+2997 cdeg  linea=0x0
[gelatina] t=11264 ms  TRACK        rival=si d=  78 mm rumbo=+6000 cdeg  linea=0x0
[gelatina] t=11272 ms  ATTACK       rival=si d=  78 mm rumbo=+6000 cdeg  linea=0x0
[gelatina] t=11496 ms  SEARCH       rival=no d=9999 mm rumbo=-4490 cdeg  linea=0x0
[gelatina] t=11592 ms  TRACK        rival=si d=  32 mm rumbo=-4529 cdeg  linea=0x0
[gelatina] t=11600 ms  ATTACK       rival=si d=  32 mm rumbo=-4529 cdeg  linea=0x0
[gelatina] t=11824 ms  SEARCH       rival=no d=9999 mm rumbo=+6000 cdeg  linea=0x0
[gelatina] t=11888 ms  TRACK        rival=si d=  56 mm rumbo=+6000 cdeg  linea=0x0
[gelatina] t=11896 ms  ATTACK       rival=si d=  56 mm rumbo=+6000 cdeg  linea=0x0
WARNING: Contact joints between materials 'patin' and 'dohyo' will only be created for the 10 deepest contact points instead of all the 12 contact points.
[gelatina] t=12080 ms  EDGE_ESCAPE  rival=si d=  36 mm rumbo=-3000 cdeg  linea=0x8
[gelatina] t=12288 ms  SEARCH       rival=no d=9999 mm rumbo=-3000 cdeg  linea=0x0
[gelatina] t=12520 ms  TRACK        rival=si d= 133 mm rumbo=-6000 cdeg  linea=0x0
[gelatina] t=12584 ms  ATTACK       rival=si d= 118 mm rumbo=+3000 cdeg  linea=0x0
[gelatina] t=12752 ms  SEARCH       rival=no d=9999 mm rumbo=+6000 cdeg  linea=0x0
[gelatina] t=12776 ms  TRACK        rival=si d= 149 mm rumbo=+6000 cdeg  linea=0x2
[gelatina] t=12808 ms  ATTACK       rival=si d= 107 mm rumbo=+6000 cdeg  linea=0x0
WARNING: Contact joints between materials 'patin' and 'dohyo' will only be created for the 10 deepest contact points instead of all the 14 contact points.
[gelatina] t=13280 ms  SEARCH       rival=no d=9999 mm rumbo=-3045 cdeg  linea=0x0
[gelatina] t=13344 ms  TRACK        rival=si d=  50 mm rumbo=   +0 cdeg  linea=0x0
[gelatina] t=13352 ms  ATTACK       rival=si d=  50 mm rumbo=   +0 cdeg  linea=0x0
[gelatina] t=13544 ms  SEARCH       rival=no d=9999 mm rumbo=+6000 cdeg  linea=0x0
[gelatina] t=13568 ms  TRACK        rival=si d=  66 mm rumbo=+6000 cdeg  linea=0x0
[gelatina] t=13576 ms  ATTACK       rival=si d=  66 mm rumbo=+6000 cdeg  linea=0x0
WARNING: Contact joints between materials 'patin' and 'dohyo' will only be created for the 10 deepest contact points instead of all the 12 contact points.
[gelatina] t=14168 ms  SEARCH       rival=no d=9999 mm rumbo=-3000 cdeg  linea=0x0
[gelatina] t=14200 ms  TRACK        rival=si d=  92 mm rumbo=+3000 cdeg  linea=0x0
[gelatina] t=14208 ms  ATTACK       rival=si d=  92 mm rumbo=+3000 cdeg  linea=0x0
[gelatina] t=14368 ms  EDGE_ESCAPE  rival=si d=  26 mm rumbo=+3000 cdeg  linea=0x2
[gelatina] t=14432 ms  ATTACK       rival=si d=  74 mm rumbo=+1532 cdeg  linea=0x9
[gelatina] t=14464 ms  EDGE_ESCAPE  rival=si d= 147 mm rumbo=-3061 cdeg  linea=0x9
[arbitro] asalto  2/30  lado     rival fuera     +1  14.46 s
[planta] asalto=2 mu=1.1 slip=0.0005 aleatorio=0
[gelatina] t=    0 ms  WAIT         rival=si d= 147 mm rumbo=-3061 cdeg  linea=0x8
[planta] gelatina V=7.4 R=4 Rpuente=0.5 I0=0.15 Ke=0.0793326178 Kt=0.0483794733
[sensores] gelatina ToF alcance=1200 minimo=30 sigma_rel=0.07
[gelatina] pulsador recibido: permiso previsto 38904 ms
[planta] rival V=7.4 R=4 Rpuente=0.5 I0=0.15 Ke=0.0793326178 Kt=0.0483794733
[sensores] rival ToF alcance=1200 minimo=30 sigma_rel=0.07
[arranque] pulsador=33904 permiso=38904 ms
[gelatina] permiso de arranque a los 38904 ms
[gelatina] t=    0 ms  OPENING      rival=no d=9999 mm rumbo=-3061 cdeg  linea=0x0
[gelatina] t=  112 ms  SEARCH       rival=no d=9999 mm rumbo=-3061 cdeg  linea=0x0
WARNING: Contact joints between materials 'rueda' and 'dohyo' will only be created for the 10 deepest contact points instead of all the 22 contact points.
[gelatina] t=  208 ms  TRACK        rival=si d=  41 mm rumbo=-6000 cdeg  linea=0x0
[gelatina] t=  216 ms  ATTACK       rival=si d=  41 mm rumbo=-6000 cdeg  linea=0x0
[gelatina] t=  440 ms  SEARCH       rival=no d=9999 mm rumbo=+6000 cdeg  linea=0x0
[gelatina] t=  472 ms  TRACK        rival=si d=  93 mm rumbo=+6000 cdeg  linea=0x0
[gelatina] t=  480 ms  ATTACK       rival=si d=  93 mm rumbo=+6000 cdeg  linea=0x0
[gelatina] t=  704 ms  SEARCH       rival=no d=9999 mm rumbo=  +43 cdeg  linea=0x0
[gelatina] t=  864 ms  TRACK        rival=si d=  29 mm rumbo=-6000 cdeg  linea=0x0
[gelatina] t=  872 ms  ATTACK       rival=si d=  29 mm rumbo=-6000 cdeg  linea=0x0
[gelatina] t= 1000 ms  SEARCH       rival=no d=9999 mm rumbo=-6000 cdeg  linea=0x0
[gelatina] t= 1128 ms  TRACK        rival=si d=  78 mm rumbo=-6000 cdeg  linea=0x0
[gelatina] t= 1136 ms  ATTACK       rival=si d=  78 mm rumbo=-6000 cdeg  linea=0x0
WARNING: Contact joints between materials 'patin' and 'dohyo' will only be created for the 10 deepest contact points instead of all the 15 contact points.
[gelatina] t= 1368 ms  SEARCH       rival=no d=9999 mm rumbo=+6000 cdeg  linea=0x0
[gelatina] t= 1424 ms  TRACK        rival=si d=  82 mm rumbo=+6000 cdeg  linea=0x0
[gelatina] t= 1432 ms  ATTACK       rival=si d=  82 mm rumbo=+6000 cdeg  linea=0x0
[arbitro] asalto  3/30  espalda  rival fuera     +1   2.10 s
[planta] asalto=3 mu=1.1 slip=0.0005 aleatorio=0
[gelatina] t=    0 ms  WAIT         rival=no d=9999 mm rumbo=-3000 cdeg  linea=0x1
[arranque] pulsador=41312 permiso=46312 ms
[planta] gelatina V=7.4 R=4 Rpuente=0.5 I0=0.15 Ke=0.0793326178 Kt=0.0483794733
[sensores] gelatina ToF alcance=1200 minimo=30 sigma_rel=0.07
[gelatina] pulsador recibido: permiso previsto 46312 ms
[planta] rival V=7.4 R=4 Rpuente=0.5 I0=0.15 Ke=0.0793326178 Kt=0.0483794733
[sensores] rival ToF alcance=1200 minimo=30 sigma_rel=0.07
[gelatina] permiso de arranque a los 46312 ms
[gelatina] t=    0 ms  TRACK        rival=si d=  71 mm rumbo=   +0 cdeg  linea=0x0
[gelatina] t=    8 ms  ATTACK       rival=si d=  71 mm rumbo=   +0 cdeg  linea=0x0
WARNING: Contact joints between materials 'patin' and 'dohyo' will only be created for the 10 deepest contact points instead of all the 292 contact points.
[gelatina] t=  688 ms  SEARCH       rival=no d=9999 mm rumbo=   +0 cdeg  linea=0x0
[arbitro] asalto  4/30  frente   rival fuera     +1   0.70 s
[planta] asalto=4 mu=1.1 slip=0.0005 aleatorio=0
[gelatina] t=    0 ms  WAIT         rival=no d=9999 mm rumbo=   +0 cdeg  linea=0x2
[planta] gelatina V=7.4 R=4 Rpuente=0.5 I0=0.15 Ke=0.0793326178 Kt=0.0483794733
[sensores] gelatina ToF alcance=1200 minimo=30 sigma_rel=0.07
[gelatina] pulsador recibido: permiso previsto 52328 ms
[arranque] pulsador=47328 permiso=52328 ms
[planta] rival V=7.4 R=4 Rpuente=0.5 I0=0.15 Ke=0.0793326178 Kt=0.0483794733
[sensores] rival ToF alcance=1200 minimo=30 sigma_rel=0.07
[gelatina] permiso de arranque a los 52328 ms
[gelatina] t=    0 ms  OPENING      rival=no d=9999 mm rumbo=   +0 cdeg  linea=0x0
WARNING: Contact joints between materials 'rueda' and 'dohyo' will only be created for the 10 deepest contact points instead of all the 12 contact points.
[gelatina] t=   80 ms  TRACK        rival=si d=  63 mm rumbo=-6000 cdeg  linea=0x0
[gelatina] t=   88 ms  ATTACK       rival=si d=  63 mm rumbo=-6000 cdeg  linea=0x0
[gelatina] t=  552 ms  SEARCH       rival=no d=9999 mm rumbo=-3000 cdeg  linea=0x0
[gelatina] t=  608 ms  TRACK        rival=si d=  29 mm rumbo=-6000 cdeg  linea=0x0
[gelatina] t=  616 ms  ATTACK       rival=si d=  29 mm rumbo=-6000 cdeg  linea=0x0
[gelatina] t= 1208 ms  SEARCH       rival=no d=9999 mm rumbo=+3000 cdeg  linea=0x8
[gelatina] t= 1272 ms  ATTACK       rival=si d=  34 mm rumbo=+3000 cdeg  linea=0x8
WARNING: Contact joints between materials 'patin' and 'dohyo' will only be created for the 10 deepest contact points instead of all the 11 contact points.
[gelatina] t= 2000 ms  SEARCH       rival=no d=9999 mm rumbo=+6000 cdeg  linea=0x0
[gelatina] t= 2024 ms  TRACK        rival=si d=  38 mm rumbo=+3000 cdeg  linea=0x0
[gelatina] t= 2032 ms  ATTACK       rival=si d=  38 mm rumbo=+3000 cdeg  linea=0x0
[gelatina] t= 2424 ms  SEARCH       rival=no d=9999 mm rumbo=+6000 cdeg  linea=0x0
[gelatina] t= 2656 ms  TRACK        rival=si d=  54 mm rumbo=+6000 cdeg  linea=0x0
[gelatina] t= 2664 ms  ATTACK       rival=si d=  54 mm rumbo=+6000 cdeg  linea=0x0
WARNING: Contact joints between materials 'patin' and 'dohyo' will only be created for the 10 deepest contact points instead of all the 17 contact points.
WARNING: Contact joints between materials 'patin' and 'dohyo' will only be created for the 10 deepest contact points instead of all the 12 contact points.
WARNING: Contact joints between materials 'patin' and 'dohyo' will only be created for the 10 deepest contact points instead of all the 15 contact points.
WARNING: Contact joints between materials 'patin' and 'dohyo' will only be created for the 10 deepest contact points instead of all the 17 contact points.
WARNING: Contact joints between materials 'patin' and 'dohyo' will only be created for the 10 deepest contact points instead of all the 15 contact points.
WARNING: Contact joints between materials 'patin' and 'dohyo' will only be created for the 10 deepest contact points instead of all the 15 contact points.
WARNING: Contact joints between materials 'patin' and 'dohyo' will only be created for the 10 deepest contact points instead of all the 11 contact points.
WARNING: Contact joints between materials 'patin' and 'dohyo' will only be created for the 10 deepest contact points instead of all the 17 contact points.
WARNING: Contact joints between materials 'patin' and 'dohyo' will only be created for the 10 deepest contact points instead of all the 17 contact points.
WARNING: Contact joints between materials 'patin' and 'dohyo' will only be created for the 10 deepest contact points instead of all the 15 contact points.
[gelatina] t=12872 ms  EDGE_ESCAPE  rival=si d= 167 mm rumbo=-6000 cdeg  linea=0x8
[gelatina] t=13080 ms  SEARCH       rival=si d= 203 mm rumbo=-6000 cdeg  linea=0x8
[gelatina] t=13088 ms  TRACK        rival=si d= 203 mm rumbo=-6000 cdeg  linea=0x8
[arbitro] asalto  5/30  lado     auto-salida     -1  13.14 s
[planta] asalto=5 mu=1.1 slip=0.0005 aleatorio=0
[gelatina] t=    0 ms  WAIT         rival=no d=9999 mm rumbo=-6000 cdeg  linea=0x1
[planta] gelatina V=7.4 R=4 Rpuente=0.5 I0=0.15 Ke=0.0793326178 Kt=0.0483794733
[sensores] gelatina ToF alcance=1200 minimo=30 sigma_rel=0.07
[gelatina] pulsador recibido: permiso previsto 70784 ms
[arranque] pulsador=65784 permiso=70784 ms
[planta] rival V=7.4 R=4 Rpuente=0.5 I0=0.15 Ke=0.0793326178 Kt=0.0483794733
[sensores] rival ToF alcance=1200 minimo=30 sigma_rel=0.07
[gelatina] permiso de arranque a los 70784 ms
[gelatina] t=    0 ms  OPENING      rival=no d=9999 mm rumbo=-6000 cdeg  linea=0x0
[gelatina] t=  112 ms  SEARCH       rival=no d=9999 mm rumbo=-6000 cdeg  linea=0x0
WARNING: Contact joints between materials 'rueda' and 'dohyo' will only be created for the 10 deepest contact points instead of all the 26 contact points.
[gelatina] t=  208 ms  TRACK        rival=si d=  62 mm rumbo=-6000 cdeg  linea=0x0
[gelatina] t=  216 ms  ATTACK       rival=si d=  62 mm rumbo=-6000 cdeg  linea=0x0
[gelatina] t=  440 ms  SEARCH       rival=no d=9999 mm rumbo=+4524 cdeg  linea=0x0
[gelatina] t=  496 ms  TRACK        rival=si d=  85 mm rumbo=+6000 cdeg  linea=0x0
[gelatina] t=  504 ms  ATTACK       rival=si d=  85 mm rumbo=+6000 cdeg  linea=0x0
WARNING: Contact joints between materials 'patin' and 'dohyo' will only be created for the 10 deepest contact points instead of all the 15 contact points.
[gelatina] t= 1328 ms  SEARCH       rival=no d=9999 mm rumbo=-6000 cdeg  linea=0x0
[gelatina] t= 1424 ms  TRACK        rival=si d=  39 mm rumbo=+6000 cdeg  linea=0x0
[gelatina] t= 1432 ms  ATTACK       rival=si d=  39 mm rumbo=+6000 cdeg  linea=0x0
[arbitro] asalto  6/30  espalda  rival fuera     +1   1.46 s
[planta] asalto=6 mu=1.1 slip=0.0005 aleatorio=0
[gelatina] t=    0 ms  WAIT         rival=no d=9999 mm rumbo=+6000 cdeg  linea=0x0
[planta] gelatina V=7.4 R=4 Rpuente=0.5 I0=0.15 Ke=0.0793326178 Kt=0.0483794733
[sensores] gelatina ToF alcance=1200 minimo=30 sigma_rel=0.07
[gelatina] pulsador recibido: permiso previsto 77560 ms
[planta] rival V=7.4 R=4 Rpuente=0.5 I0=0.15 Ke=0.0793326178 Kt=0.0483794733
[sensores] rival ToF alcance=1200 minimo=30 sigma_rel=0.07
[arranque] pulsador=72560 permiso=77560 ms
[gelatina] permiso de arranque a los 77560 ms
[gelatina] t=    0 ms  TRACK        rival=si d=  56 mm rumbo=-1505 cdeg  linea=0x0
[gelatina] t=    8 ms  ATTACK       rival=si d=  56 mm rumbo=-1505 cdeg  linea=0x0
WARNING: Contact joints between materials 'rueda' and 'dohyo' will only be created for the 10 deepest contact points instead of all the 14 contact points.
[gelatina] t=  328 ms  SEARCH       rival=no d=9999 mm rumbo=+3000 cdeg  linea=0x0
[gelatina] t=  360 ms  TRACK        rival=si d=  36 mm rumbo=+3000 cdeg  linea=0x0
[gelatina] t=  368 ms  ATTACK       rival=si d=  36 mm rumbo=+3000 cdeg  linea=0x0
[arbitro] asalto  7/30  frente   expulsado       -1   0.93 s
[planta] asalto=7 mu=1.1 slip=0.0005 aleatorio=0
[gelatina] t=    0 ms  WAIT         rival=si d= 289 mm rumbo=-3051 cdeg  linea=0x0
[planta] gelatina V=7.4 R=4 Rpuente=0.5 I0=0.15 Ke=0.0793326178 Kt=0.0483794733
[sensores] gelatina ToF alcance=1200 minimo=30 sigma_rel=0.07
[gelatina] pulsador recibido: permiso previsto 83800 ms
[planta] rival V=7.4 R=4 Rpuente=0.5 I0=0.15 Ke=0.0793326178 Kt=0.0483794733
[sensores] rival ToF alcance=1200 minimo=30 sigma_rel=0.07
[arranque] pulsador=78800 permiso=83800 ms
[gelatina] permiso de arranque a los 83800 ms
[gelatina] t=    0 ms  OPENING      rival=no d=9999 mm rumbo=-3051 cdeg  linea=0x0
WARNING: Contact joints between materials 'patin' and 'dohyo' will only be created for the 10 deepest contact points instead of all the 21 contact points.
[gelatina] t=   56 ms  TRACK        rival=si d=  78 mm rumbo=-6000 cdeg  linea=0x0
[gelatina] t=   64 ms  ATTACK       rival=si d=  78 mm rumbo=-6000 cdeg  linea=0x0
[gelatina] t=  488 ms  SEARCH       rival=no d=9999 mm rumbo=   +0 cdeg  linea=0x0
WARNING: Contact joints between materials 'patin' and 'dohyo' will only be created for the 10 deepest contact points instead of all the 12 contact points.
WARNING: Contact joints between materials 'patin' and 'dohyo' will only be created for the 10 deepest contact points instead of all the 20 contact points.
WARNING: Contact joints between materials 'patin' and 'dohyo' will only be created for the 10 deepest contact points instead of all the 20 contact points.
WARNING: Contact joints between materials 'patin' and 'dohyo' will only be created for the 10 deepest contact points instead of all the 20 contact points.
WARNING: Contact joints between materials 'patin' and 'dohyo' will only be created for the 10 deepest contact points instead of all the 20 contact points.
WARNING: Contact joints between materials 'patin' and 'dohyo' will only be created for the 10 deepest contact points instead of all the 20 contact points.
WARNING: Contact joints between materials 'patin' and 'dohyo' will only be created for the 10 deepest contact points instead of all the 20 contact points.
WARNING: Contact joints between materials 'patin' and 'dohyo' will only be created for the 10 deepest contact points instead of all the 20 contact points.
WARNING: Contact joints between materials 'patin' and 'dohyo' will only be created for the 10 deepest contact points instead of all the 20 contact points.
WARNING: Contact joints between materials 'patin' and 'dohyo' will only be created for the 10 deepest contact points instead of all the 20 contact points.
WARNING: Contact joints between materials 'patin' and 'dohyo' will only be created for the 10 deepest contact points instead of all the 20 contact points.
WARNING: Contact joints between materials 'patin' and 'dohyo' will only be created for the 10 deepest contact points instead of all the 20 contact points.
WARNING: Contact joints between materials 'patin' and 'dohyo' will only be created for the 10 deepest contact points instead of all the 20 contact points.
WARNING: Contact joints between materials 'patin' and 'dohyo' will only be created for the 10 deepest contact points instead of all the 20 contact points.
WARNING: Contact joints between materials 'patin' and 'dohyo' will only be created for the 10 deepest contact points instead of all the 20 contact points.
WARNING: Contact joints between materials 'patin' and 'dohyo' will only be created for the 10 deepest contact points instead of all the 20 contact points.
WARNING: Contact joints between materials 'patin' and 'dohyo' will only be created for the 10 deepest contact points instead of all the 20 contact points.
WARNING: Contact joints between materials 'patin' and 'dohyo' will only be created for the 10 deepest contact points instead of all the 20 contact points.
WARNING: Contact joints between materials 'patin' and 'dohyo' will only be created for the 10 deepest contact points instead of all the 20 contact points.
WARNING: Contact joints between materials 'patin' and 'dohyo' will only be created for the 10 deepest contact points instead of all the 20 contact points.
WARNING: Contact joints between materials 'patin' and 'dohyo' will only be created for the 10 deepest contact points instead of all the 20 contact points.
WARNING: Contact joints between materials 'patin' and 'dohyo' will only be created for the 10 deepest contact points instead of all the 20 contact points.
WARNING: Contact joints between materials 'patin' and 'dohyo' will only be created for the 10 deepest contact points instead of all the 20 contact points.
WARNING: Contact joints between materials 'patin' and 'dohyo' will only be created for the 10 deepest contact points instead of all the 20 contact points.
WARNING: Contact joints between materials 'patin' and 'dohyo' will only be created for the 10 deepest contact points instead of all the 20 contact points.
WARNING: Contact joints between materials 'patin' and 'dohyo' will only be created for the 10 deepest contact points instead of all the 20 contact points.
WARNING: Contact joints between materials 'patin' and 'dohyo' will only be created for the 10 deepest contact points instead of all the 20 contact points.
WARNING: Contact joints between materials 'patin' and 'dohyo' will only be created for the 10 deepest contact points instead of all the 20 contact points.
WARNING: Contact joints between materials 'patin' and 'dohyo' will only be created for the 10 deepest contact points instead of all the 20 contact points.
WARNING: Contact joints between materials 'patin' and 'dohyo' will only be created for the 10 deepest contact points instead of all the 20 contact points.
WARNING: Contact joints between materials 'patin' and 'dohyo' will only be created for the 10 deepest contact points instead of all the 20 contact points.
WARNING: Contact joints between materials 'patin' and 'dohyo' will only be created for the 10 deepest contact points instead of all the 20 contact points.
WARNING: Contact joints between materials 'patin' and 'dohyo' will only be created for the 10 deepest contact points instead of all the 20 contact points.
WARNING: Contact joints between materials 'patin' and 'dohyo' will only be created for the 10 deepest contact points instead of all the 20 contact points.
WARNING: Contact joints between materials 'patin' and 'dohyo' will only be created for the 10 deepest contact points instead of all the 20 contact points.
WARNING: Contact joints between materials 'patin' and 'dohyo' will only be created for the 10 deepest contact points instead of all the 20 contact points.
WARNING: Contact joints between materials 'patin' and 'dohyo' will only be created for the 10 deepest contact points instead of all the 20 contact points.
WARNING: Contact joints between materials 'patin' and 'dohyo' will only be created for the 10 deepest contact points instead of all the 20 contact points.
WARNING: Contact joints between materials 'patin' and 'dohyo' will only be created for the 10 deepest contact points instead of all the 20 contact points.
WARNING: Contact joints between materials 'patin' and 'dohyo' will only be created for the 10 deepest contact points instead of all the 20 contact points.
WARNING: Contact joints between materials 'patin' and 'dohyo' will only be created for the 10 deepest contact points instead of all the 20 contact points.
WARNING: Contact joints between materials 'patin' and 'dohyo' will only be created for the 10 deepest contact points instead of all the 20 contact points.
WARNING: Contact joints between materials 'patin' and 'dohyo' will only be created for the 10 deepest contact points instead of all the 20 contact points.
WARNING: Contact joints between materials 'patin' and 'dohyo' will only be created for the 10 deepest contact points instead of all the 20 contact points.
WARNING: Contact joints between materials 'patin' and 'dohyo' will only be created for the 10 deepest contact points instead of all the 20 contact points.
WARNING: Contact joints between materials 'patin' and 'dohyo' will only be created for the 10 deepest contact points instead of all the 20 contact points.
WARNING: Contact joints between materials 'patin' and 'dohyo' will only be created for the 10 deepest contact points instead of all the 20 contact points.
WARNING: Contact joints between materials 'patin' and 'dohyo' will only be created for the 10 deepest contact points instead of all the 20 contact points.
WARNING: Contact joints between materials 'patin' and 'dohyo' will only be created for the 10 deepest contact points instead of all the 20 contact points.
WARNING: Contact joints between materials 'patin' and 'dohyo' will only be created for the 10 deepest contact points instead of all the 20 contact points.
WARNING: Contact joints between materials 'patin' and 'dohyo' will only be created for the 10 deepest contact points instead of all the 20 contact points.
WARNING: Contact joints between materials 'patin' and 'dohyo' will only be created for the 10 deepest contact points instead of all the 20 contact points.
WARNING: Contact joints between materials 'patin' and 'dohyo' will only be created for the 10 deepest contact points instead of all the 20 contact points.
WARNING: Contact joints between materials 'patin' and 'dohyo' will only be created for the 10 deepest contact points instead of all the 20 contact points.
WARNING: Contact joints between materials 'patin' and 'dohyo' will only be created for the 10 deepest contact points instead of all the 19 contact points.
WARNING: Contact joints between materials 'patin' and 'dohyo' will only be created for the 10 deepest contact points instead of all the 20 contact points.
WARNING: Contact joints between materials 'patin' and 'dohyo' will only be created for the 10 deepest contact points instead of all the 20 contact points.
WARNING: Contact joints between materials 'patin' and 'dohyo' will only be created for the 10 deepest contact points instead of all the 20 contact points.
WARNING: Contact joints between materials 'patin' and 'dohyo' will only be created for the 10 deepest contact points instead of all the 20 contact points.
[arbitro] asalto  8/30  lado     tiempo agotado  +0  60.00 s
[planta] asalto=8 mu=1.1 slip=0.0005 aleatorio=0
[gelatina] t=    0 ms  WAIT         rival=no d=9999 mm rumbo=   +0 cdeg  linea=0x0
[arranque] pulsador=144112 permiso=149112 ms
[planta] gelatina V=7.4 R=4 Rpuente=0.5 I0=0.15 Ke=0.0793326178 Kt=0.0483794733
[sensores] gelatina ToF alcance=1200 minimo=30 sigma_rel=0.07
[gelatina] pulsador recibido: permiso previsto 149112 ms
[planta] rival V=7.4 R=4 Rpuente=0.5 I0=0.15 Ke=0.0793326178 Kt=0.0483794733
[sensores] rival ToF alcance=1200 minimo=30 sigma_rel=0.07
[gelatina] permiso de arranque a los 149112 ms
[gelatina] t=    0 ms  OPENING      rival=no d=9999 mm rumbo=   +0 cdeg  linea=0x0
WARNING: Contact joints between materials 'patin' and 'dohyo' will only be created for the 10 deepest contact points instead of all the 19 contact points.
[gelatina] t=  112 ms  SEARCH       rival=no d=9999 mm rumbo=   +0 cdeg  linea=0x0
[gelatina] t=  312 ms  TRACK        rival=si d=  97 mm rumbo=+6000 cdeg  linea=0x0
[gelatina] t=  320 ms  ATTACK       rival=si d=  97 mm rumbo=+6000 cdeg  linea=0x0
[gelatina] t=  552 ms  SEARCH       rival=no d=9999 mm rumbo=-6000 cdeg  linea=0x0
[gelatina] t=  584 ms  TRACK        rival=si d=  91 mm rumbo=-6000 cdeg  linea=0x0
[gelatina] t=  592 ms  ATTACK       rival=si d=  91 mm rumbo=-6000 cdeg  linea=0x0
[gelatina] t=  984 ms  SEARCH       rival=no d=9999 mm rumbo=+6000 cdeg  linea=0x0
[gelatina] t= 1008 ms  TRACK        rival=si d=  37 mm rumbo=   +0 cdeg  linea=0x0
[gelatina] t= 1016 ms  ATTACK       rival=si d=  37 mm rumbo=   +0 cdeg  linea=0x0
WARNING: Contact joints between materials 'patin' and 'dohyo' will only be created for the 10 deepest contact points instead of all the 16 contact points.
[gelatina] t= 1576 ms  SEARCH       rival=no d=9999 mm rumbo=-3000 cdeg  linea=0x1
[gelatina] t= 1640 ms  ATTACK       rival=si d=  41 mm rumbo=-3000 cdeg  linea=0x4
WARNING: Contact joints between materials 'patin' and 'dohyo' will only be created for the 10 deepest contact points instead of all the 25 contact points.
WARNING: DEF GELATINA GelatinaNuclear > HingeJoint "rueda_der" > RotationalMotor "motor_der": The requested motor torque -0.289919 exceeds 'maxTorque' = 0.25
WARNING: DEF GELATINA GelatinaNuclear > HingeJoint "rueda_der" > RotationalMotor "motor_der": The requested motor torque 2.55135 exceeds 'maxTorque' = 0.25
WARNING: DEF GELATINA GelatinaNuclear > HingeJoint "rueda_der" > RotationalMotor "motor_der": The requested motor torque -2.52558 exceeds 'maxTorque' = 0.25
WARNING: DEF GELATINA GelatinaNuclear > HingeJoint "rueda_der" > RotationalMotor "motor_der": The requested motor torque -7.95544 exceeds 'maxTorque' = 0.25
WARNING: DEF GELATINA GelatinaNuclear > HingeJoint "rueda_izq" > RotationalMotor "motor_izq": The requested motor torque 2.04229 exceeds 'maxTorque' = 0.25
WARNING: DEF GELATINA GelatinaNuclear > HingeJoint "rueda_der" > RotationalMotor "motor_der": The requested motor torque 8.69714 exceeds 'maxTorque' = 0.25
[arbitro] asalto  9/30  espalda  expulsado       -1   2.14 s
[planta] asalto=9 mu=1.1 slip=0.0005 aleatorio=0
[gelatina] t=    0 ms  WAIT         rival=si d= 184 mm rumbo=-4477 cdeg  linea=0x0
[planta] gelatina V=7.4 R=4 Rpuente=0.5 I0=0.15 Ke=0.0793326178 Kt=0.0483794733
[sensores] gelatina ToF alcance=1200 minimo=30 sigma_rel=0.07
[gelatina] pulsador recibido: permiso previsto 156560 ms
[planta] rival V=7.4 R=4 Rpuente=0.5 I0=0.15 Ke=0.0793326178 Kt=0.0483794733
[sensores] rival ToF alcance=1200 minimo=30 sigma_rel=0.07
[arranque] pulsador=151560 permiso=156560 ms
[gelatina] permiso de arranque a los 156560 ms
[gelatina] t=    0 ms  TRACK        rival=si d=  67 mm rumbo=   +0 cdeg  linea=0x0
[gelatina] t=    8 ms  ATTACK       rival=si d=  67 mm rumbo=   +0 cdeg  linea=0x0
WARNING: Contact joints between materials 'patin' and 'dohyo' will only be created for the 10 deepest contact points instead of all the 62 contact points.
[gelatina] t=  592 ms  SEARCH       rival=no d=9999 mm rumbo=+6000 cdeg  linea=0x0
[gelatina] t=  624 ms  TRACK        rival=si d=  29 mm rumbo=-3000 cdeg  linea=0x0
[gelatina] t=  632 ms  ATTACK       rival=si d=  29 mm rumbo=-3000 cdeg  linea=0x0
[gelatina] t=  792 ms  SEARCH       rival=no d=9999 mm rumbo=-6000 cdeg  linea=0x0
[gelatina] t=  824 ms  TRACK        rival=si d=  64 mm rumbo=-6000 cdeg  linea=0x0
[gelatina] t=  832 ms  ATTACK       rival=si d=  64 mm rumbo=-6000 cdeg  linea=0x0
[arbitro] asalto 10/30  frente   rival fuera     +1   1.14 s
[planta] asalto=10 mu=1.1 slip=0.0005 aleatorio=0
[gelatina] t=    0 ms  WAIT         rival=si d=  81 mm rumbo=-6000 cdeg  linea=0x0
[planta] gelatina V=7.4 R=4 Rpuente=0.5 I0=0.15 Ke=0.0793326178 Kt=0.0483794733
[sensores] gelatina ToF alcance=1200 minimo=30 sigma_rel=0.07
[gelatina] pulsador recibido: permiso previsto 163008 ms
[planta] rival V=7.4 R=4 Rpuente=0.5 I0=0.15 Ke=0.0793326178 Kt=0.0483794733
[sensores] rival ToF alcance=1200 minimo=30 sigma_rel=0.07
[arranque] pulsador=158008 permiso=163008 ms
[gelatina] permiso de arranque a los 163008 ms
[gelatina] t=    0 ms  TRACK        rival=si d=  72 mm rumbo=-6000 cdeg  linea=0x0
[gelatina] t=    8 ms  ATTACK       rival=si d=  72 mm rumbo=-6000 cdeg  linea=0x0
WARNING: Contact joints between materials 'rueda' and 'dohyo' will only be created for the 10 deepest contact points instead of all the 12 contact points.
[gelatina] t=  320 ms  SEARCH       rival=no d=9999 mm rumbo=-4483 cdeg  linea=0x0
[gelatina] t=  376 ms  TRACK        rival=si d=  26 mm rumbo=+3000 cdeg  linea=0x0
[gelatina] t=  384 ms  ATTACK       rival=si d=  26 mm rumbo=+3000 cdeg  linea=0x0
[gelatina] t=  552 ms  SEARCH       rival=no d=9999 mm rumbo=+6000 cdeg  linea=0x0
[gelatina] t=  608 ms  TRACK        rival=si d=  46 mm rumbo=+6000 cdeg  linea=0x0
[gelatina] t=  616 ms  ATTACK       rival=si d=  46 mm rumbo=+6000 cdeg  linea=0x0
[gelatina] t=  912 ms  SEARCH       rival=no d=9999 mm rumbo=-6000 cdeg  linea=0x0
[gelatina] t=  944 ms  TRACK        rival=si d=  33 mm rumbo=-6000 cdeg  linea=0x0
[gelatina] t=  952 ms  ATTACK       rival=si d=  33 mm rumbo=-6000 cdeg  linea=0x0
WARNING: Contact joints between materials 'patin' and 'dohyo' will only be created for the 10 deepest contact points instead of all the 18 contact points.
[gelatina] t= 1176 ms  SEARCH       rival=no d=9999 mm rumbo=-1504 cdeg  linea=0x0
[gelatina] t= 1400 ms  TRACK        rival=si d=  44 mm rumbo=-6000 cdeg  linea=0x0
[gelatina] t= 1408 ms  ATTACK       rival=si d=  44 mm rumbo=-6000 cdeg  linea=0x0
[gelatina] t= 1936 ms  SEARCH       rival=no d=9999 mm rumbo=-1519 cdeg  linea=0x0
[gelatina] t= 2000 ms  TRACK        rival=si d=  37 mm rumbo=-3000 cdeg  linea=0x0
[gelatina] t= 2008 ms  ATTACK       rival=si d=  37 mm rumbo=-3000 cdeg  linea=0x0
WARNING: Contact joints between materials 'patin' and 'dohyo' will only be created for the 10 deepest contact points instead of all the 12 contact points.
[gelatina] t= 3384 ms  SEARCH       rival=no d=9999 mm rumbo=   +0 cdeg  linea=0x0
[gelatina] t= 3552 ms  TRACK        rival=si d=  31 mm rumbo=-6000 cdeg  linea=0x0
[gelatina] t= 3560 ms  ATTACK       rival=si d=  31 mm rumbo=-6000 cdeg  linea=0x0
[gelatina] t= 3688 ms  SEARCH       rival=no d=9999 mm rumbo=-6000 cdeg  linea=0x0
[gelatina] t= 3816 ms  TRACK        rival=si d=  62 mm rumbo=-6000 cdeg  linea=0x0
[gelatina] t= 3824 ms  ATTACK       rival=si d=  62 mm rumbo=-6000 cdeg  linea=0x0
WARNING: Contact joints between materials 'patin' and 'dohyo' will only be created for the 10 deepest contact points instead of all the 11 contact points.
[gelatina] t= 4048 ms  SEARCH       rival=no d=9999 mm rumbo=+6000 cdeg  linea=0x0
[gelatina] t= 4072 ms  TRACK        rival=si d=  73 mm rumbo=+6000 cdeg  linea=0x0
[gelatina] t= 4080 ms  ATTACK       rival=si d=  73 mm rumbo=+6000 cdeg  linea=0x0
[gelatina] t= 4344 ms  SEARCH       rival=no d=9999 mm rumbo=   +0 cdeg  linea=0x0
[gelatina] t= 4504 ms  TRACK        rival=si d=  41 mm rumbo=-3000 cdeg  linea=0x0
[gelatina] t= 4512 ms  ATTACK       rival=si d=  41 mm rumbo=-3000 cdeg  linea=0x0
[gelatina] t= 4640 ms  SEARCH       rival=no d=9999 mm rumbo=-3000 cdeg  linea=0x0
[gelatina] t= 4800 ms  TRACK        rival=si d=  81 mm rumbo=-4537 cdeg  linea=0x0
[gelatina] t= 4808 ms  ATTACK       rival=si d=  81 mm rumbo=-4537 cdeg  linea=0x0
WARNING: Contact joints between materials 'rueda' and 'dohyo' will only be created for the 10 deepest contact points instead of all the 12 contact points.
[gelatina] t= 5008 ms  SEARCH       rival=no d=9999 mm rumbo=+3000 cdeg  linea=0x0
[gelatina] t= 5128 ms  TRACK        rival=si d= 140 mm rumbo=+6000 cdeg  linea=0x0
[gelatina] t= 5232 ms  ATTACK       rival=si d= 124 mm rumbo=-6000 cdeg  linea=0x0
[gelatina] t= 5368 ms  SEARCH       rival=no d=9999 mm rumbo=-6000 cdeg  linea=0x0
[gelatina] t= 5400 ms  TRACK        rival=si d= 110 mm rumbo=-6000 cdeg  linea=0x0
[gelatina] t= 5408 ms  ATTACK       rival=si d= 110 mm rumbo=-6000 cdeg  linea=0x0
[gelatina] t= 5928 ms  SEARCH       rival=no d=9999 mm rumbo=+3000 cdeg  linea=0x0
[gelatina] t= 5952 ms  TRACK        rival=si d=  33 mm rumbo=+6000 cdeg  linea=0x0
[gelatina] t= 5960 ms  ATTACK       rival=si d=  33 mm rumbo=+6000 cdeg  linea=0x0
WARNING: Contact joints between materials 'patin' and 'dohyo' will only be created for the 10 deepest contact points instead of all the 20 contact points.
[gelatina] t= 6256 ms  SEARCH       rival=no d=9999 mm rumbo=+3000 cdeg  linea=0x0
[gelatina] t= 6352 ms  TRACK        rival=si d=  25 mm rumbo=+3000 cdeg  linea=0x0
[gelatina] t= 6360 ms  ATTACK       rival=si d=  25 mm rumbo=+3000 cdeg  linea=0x0
[gelatina] t= 6656 ms  SEARCH       rival=no d=9999 mm rumbo=   +0 cdeg  linea=0x0
[gelatina] t= 6712 ms  TRACK        rival=si d=  36 mm rumbo=   +0 cdeg  linea=0x0
[gelatina] t= 6720 ms  ATTACK       rival=si d=  36 mm rumbo=   +0 cdeg  linea=0x0
[gelatina] t= 6920 ms  SEARCH       rival=no d=9999 mm rumbo=-3000 cdeg  linea=0x0
WARNING: Contact joints between materials 'patin' and 'dohyo' will only be created for the 10 deepest contact points instead of all the 15 contact points.
[gelatina] t= 7080 ms  TRACK        rival=si d=  83 mm rumbo=   +0 cdeg  linea=0x0
[gelatina] t= 7088 ms  ATTACK       rival=si d=  83 mm rumbo=   +0 cdeg  linea=0x0
[gelatina] t= 7648 ms  SEARCH       rival=no d=9999 mm rumbo=+3000 cdeg  linea=0x0
[gelatina] t= 7672 ms  TRACK        rival=si d=  32 mm rumbo=+6000 cdeg  linea=0x0
[gelatina] t= 7680 ms  ATTACK       rival=si d=  32 mm rumbo=+6000 cdeg  linea=0x0
WARNING: Contact joints between materials 'patin' and 'dohyo' will only be created for the 10 deepest contact points instead of all the 16 contact points.
[gelatina] t= 8008 ms  SEARCH       rival=no d=9999 mm rumbo=+3000 cdeg  linea=0x0
[gelatina] t= 8136 ms  TRACK        rival=si d=  48 mm rumbo=-6000 cdeg  linea=0x0
[gelatina] t= 8144 ms  ATTACK       rival=si d=  48 mm rumbo=-6000 cdeg  linea=0x0
[gelatina] t= 8272 ms  SEARCH       rival=no d=9999 mm rumbo=-6000 cdeg  linea=0x0
[gelatina] t= 8400 ms  TRACK        rival=si d=  67 mm rumbo=-6000 cdeg  linea=0x0
[gelatina] t= 8408 ms  ATTACK       rival=si d=  67 mm rumbo=-6000 cdeg  linea=0x0
[gelatina] t= 8632 ms  SEARCH       rival=no d=9999 mm rumbo=+6000 cdeg  linea=0x0
[gelatina] t= 8696 ms  TRACK        rival=si d=  63 mm rumbo=+6000 cdeg  linea=0x0
[gelatina] t= 8704 ms  ATTACK       rival=si d=  63 mm rumbo=+6000 cdeg  linea=0x0
WARNING: Contact joints between materials 'patin' and 'dohyo' will only be created for the 10 deepest contact points instead of all the 20 contact points.
[arbitro] asalto 11/30  lado     rival fuera     +1   9.74 s
[planta] asalto=11 mu=1.1 slip=0.0005 aleatorio=0
[gelatina] t=    0 ms  WAIT         rival=si d=  46 mm rumbo=+6000 cdeg  linea=0x1
[planta] gelatina V=7.4 R=4 Rpuente=0.5 I0=0.15 Ke=0.0793326178 Kt=0.0483794733
[sensores] gelatina ToF alcance=1200 minimo=30 sigma_rel=0.07
[gelatina] pulsador recibido: permiso previsto 178064 ms
[arranque] pulsador=173064 permiso=178064 ms
[planta] rival V=7.4 R=4 Rpuente=0.5 I0=0.15 Ke=0.0793326178 Kt=0.0483794733
[sensores] rival ToF alcance=1200 minimo=30 sigma_rel=0.07
[gelatina] permiso de arranque a los 178064 ms
[gelatina] t=    0 ms  OPENING      rival=no d=9999 mm rumbo=+6000 cdeg  linea=0x0
WARNING: Contact joints between materials 'patin' and 'dohyo' will only be created for the 10 deepest contact points instead of all the 18 contact points.
[gelatina] t=  112 ms  SEARCH       rival=no d=9999 mm rumbo=+6000 cdeg  linea=0x0
[gelatina] t=  336 ms  TRACK        rival=si d=  78 mm rumbo=+4491 cdeg  linea=0x0
[gelatina] t=  344 ms  ATTACK       rival=si d=  78 mm rumbo=+4491 cdeg  linea=0x0
[gelatina] t=  544 ms  SEARCH       rival=no d=9999 mm rumbo=-6000 cdeg  linea=0x0
[gelatina] t=  568 ms  TRACK        rival=si d= 120 mm rumbo=-6000 cdeg  linea=0x0
[gelatina] t=  576 ms  ATTACK       rival=si d= 120 mm rumbo=-6000 cdeg  linea=0x0
WARNING: Contact joints between materials 'patin' and 'dohyo' will only be created for the 10 deepest contact points instead of all the 18 contact points.
[gelatina] t= 1696 ms  SEARCH       rival=no d=9999 mm rumbo=+6000 cdeg  linea=0x0
[gelatina] t= 1728 ms  TRACK        rival=si d=  38 mm rumbo=+3000 cdeg  linea=0x0
[gelatina] t= 1736 ms  ATTACK       rival=si d=  38 mm rumbo=+3000 cdeg  linea=0x0
WARNING: Contact joints between materials 'patin' and 'dohyo' will only be created for the 10 deepest contact points instead of all the 11 contact points.
[gelatina] t= 3216 ms  SEARCH       rival=no d=9999 mm rumbo=+6000 cdeg  linea=0x0
[gelatina] t= 3312 ms  TRACK        rival=si d=  48 mm rumbo=+3000 cdeg  linea=0x0
[gelatina] t= 3320 ms  ATTACK       rival=si d=  48 mm rumbo=+3000 cdeg  linea=0x0
WARNING: Contact joints between materials 'patin' and 'dohyo' will only be created for the 10 deepest contact points instead of all the 14 contact points.
[gelatina] t= 4104 ms  SEARCH       rival=no d=9999 mm rumbo=   +0 cdeg  linea=0x0
[gelatina] t= 4136 ms  TRACK        rival=si d=  35 mm rumbo=+3000 cdeg  linea=0x0
[gelatina] t= 4144 ms  ATTACK       rival=si d=  35 mm rumbo=+3000 cdeg  linea=0x0
WARNING: Contact joints between materials 'rueda' and 'dohyo' will only be created for the 10 deepest contact points instead of all the 26 contact points.
[gelatina] t= 4400 ms  SEARCH       rival=no d=9999 mm rumbo=   +0 cdeg  linea=0x0
[gelatina] t= 4728 ms  TRACK        rival=si d=  34 mm rumbo=+3000 cdeg  linea=0x0
[gelatina] t= 4736 ms  ATTACK       rival=si d=  34 mm rumbo=+3000 cdeg  linea=0x0
[arbitro] asalto 12/30  espalda  rival fuera     +1   5.17 s
[planta] asalto=12 mu=1.1 slip=0.0005 aleatorio=0
[gelatina] t=    0 ms  WAIT         rival=no d=9999 mm rumbo=   +0 cdeg  linea=0x1
[planta] gelatina V=7.4 R=4 Rpuente=0.5 I0=0.15 Ke=0.0793326178 Kt=0.0483794733
[sensores] gelatina ToF alcance=1200 minimo=30 sigma_rel=0.07
[gelatina] pulsador recibido: permiso previsto 188544 ms
[arranque] pulsador=183544 permiso=188544 ms
[planta] rival V=7.4 R=4 Rpuente=0.5 I0=0.15 Ke=0.0793326178 Kt=0.0483794733
[sensores] rival ToF alcance=1200 minimo=30 sigma_rel=0.07
[gelatina] permiso de arranque a los 188544 ms
[gelatina] t=    0 ms  TRACK        rival=si d=  77 mm rumbo=-1462 cdeg  linea=0x0
[gelatina] t=    8 ms  ATTACK       rival=si d=  77 mm rumbo=-1462 cdeg  linea=0x0
WARNING: Contact joints between materials 'patin' and 'dohyo' will only be created for the 10 deepest contact points instead of all the 17 contact points.
[gelatina] t=  296 ms  SEARCH       rival=no d=9999 mm rumbo=-3000 cdeg  linea=0x0
[gelatina] t=  320 ms  TRACK        rival=si d=  34 mm rumbo=+6000 cdeg  linea=0x0
[gelatina] t=  328 ms  ATTACK       rival=si d=  34 mm rumbo=+6000 cdeg  linea=0x0
[gelatina] t=  952 ms  SEARCH       rival=no d=9999 mm rumbo=+3000 cdeg  linea=0x0
[gelatina] t= 1048 ms  TRACK        rival=si d=  41 mm rumbo=+3000 cdeg  linea=0x0
[gelatina] t= 1056 ms  ATTACK       rival=si d=  41 mm rumbo=+3000 cdeg  linea=0x0
WARNING: Contact joints between materials 'rueda' and 'dohyo' will only be created for the 10 deepest contact points instead of all the 12 contact points.
[gelatina] t= 1680 ms  SEARCH       rival=no d=9999 mm rumbo=+3000 cdeg  linea=0x0
[gelatina] t= 1704 ms  TRACK        rival=si d=  31 mm rumbo=+6000 cdeg  linea=0x0
[gelatina] t= 1712 ms  ATTACK       rival=si d=  31 mm rumbo=+6000 cdeg  linea=0x0
[gelatina] t= 2008 ms  SEARCH       rival=no d=9999 mm rumbo=+3000 cdeg  linea=0x0
[gelatina] t= 2264 ms  TRACK        rival=si d=  45 mm rumbo=-2972 cdeg  linea=0x0
[gelatina] t= 2272 ms  ATTACK       rival=si d=  45 mm rumbo=-2972 cdeg  linea=0x0
WARNING: Contact joints between materials 'patin' and 'dohyo' will only be created for the 10 deepest contact points instead of all the 14 contact points.
[gelatina] t= 2440 ms  SEARCH       rival=no d=9999 mm rumbo=-6000 cdeg  linea=0x0
[gelatina] t= 2528 ms  TRACK        rival=si d=  29 mm rumbo=-6000 cdeg  linea=0x0
[gelatina] t= 2536 ms  ATTACK       rival=si d=  29 mm rumbo=-6000 cdeg  linea=0x0
[gelatina] t= 2768 ms  SEARCH       rival=no d=9999 mm rumbo=+6000 cdeg  linea=0x0
[gelatina] t= 2792 ms  TRACK        rival=si d=  53 mm rumbo=+6000 cdeg  linea=0x0
[gelatina] t= 2800 ms  ATTACK       rival=si d=  53 mm rumbo=+6000 cdeg  linea=0x0
[gelatina] t= 3160 ms  SEARCH       rival=no d=9999 mm rumbo=+6000 cdeg  linea=0x0
[gelatina] t= 3192 ms  TRACK        rival=si d=  41 mm rumbo=+3000 cdeg  linea=0x0
[gelatina] t= 3200 ms  ATTACK       rival=si d=  41 mm rumbo=+3000 cdeg  linea=0x0
WARNING: Contact joints between materials 'patin' and 'dohyo' will only be created for the 10 deepest contact points instead of all the 20 contact points.
[gelatina] t= 4088 ms  SEARCH       rival=no d=9999 mm rumbo=+3000 cdeg  linea=0x0
[gelatina] t= 4184 ms  TRACK        rival=si d=  38 mm rumbo=   +0 cdeg  linea=0x0
[gelatina] t= 4192 ms  ATTACK       rival=si d=  38 mm rumbo=   +0 cdeg  linea=0x0
[gelatina] t= 4416 ms  SEARCH       rival=no d=9999 mm rumbo=-6000 cdeg  linea=0x0
[gelatina] t= 4448 ms  TRACK        rival=si d=  41 mm rumbo=-6000 cdeg  linea=0x0
[gelatina] t= 4456 ms  ATTACK       rival=si d=  41 mm rumbo=-6000 cdeg  linea=0x0
[gelatina] t= 4648 ms  SEARCH       rival=no d=9999 mm rumbo=-3000 cdeg  linea=0x0
[gelatina] t= 4872 ms  TRACK        rival=si d=  60 mm rumbo=-3000 cdeg  linea=0x0
[gelatina] t= 4880 ms  ATTACK       rival=si d=  60 mm rumbo=-3000 cdeg  linea=0x0
[gelatina] t= 5112 ms  SEARCH       rival=no d=9999 mm rumbo=+6000 cdeg  linea=0x0
[gelatina] t= 5168 ms  TRACK        rival=si d= 138 mm rumbo=+6000 cdeg  linea=0x0
WARNING: Contact joints between materials 'patin' and 'dohyo' will only be created for the 10 deepest contact points instead of all the 13 contact points.
[arbitro] asalto 13/30  frente   rival fuera     +1   5.49 s
[planta] asalto=13 mu=1.1 slip=0.0005 aleatorio=0
[gelatina] t=    0 ms  WAIT         rival=si d= 333 mm rumbo=+6000 cdeg  linea=0x0
[planta] gelatina V=7.4 R=4 Rpuente=0.5 I0=0.15 Ke=0.0793326178 Kt=0.0483794733
[sensores] gelatina ToF alcance=1200 minimo=30 sigma_rel=0.07
[gelatina] pulsador recibido: permiso previsto 199344 ms
[arranque] pulsador=194344 permiso=199344 ms
[planta] rival V=7.4 R=4 Rpuente=0.5 I0=0.15 Ke=0.0793326178 Kt=0.0483794733
[sensores] rival ToF alcance=1200 minimo=30 sigma_rel=0.07
[gelatina] permiso de arranque a los 199344 ms
[gelatina] t=    0 ms  OPENING      rival=no d=9999 mm rumbo=+6000 cdeg  linea=0x0
[gelatina] t=   48 ms  TRACK        rival=si d=  76 mm rumbo=-6000 cdeg  linea=0x0
[gelatina] t=   56 ms  ATTACK       rival=si d=  76 mm rumbo=-6000 cdeg  linea=0x0
WARNING: Contact joints between materials 'rueda' and 'dohyo' will only be created for the 10 deepest contact points instead of all the 12 contact points.
[gelatina] t=  576 ms  SEARCH       rival=no d=9999 mm rumbo=+3000 cdeg  linea=0x0
[gelatina] t= 1104 ms  ATTACK       rival=si d=  44 mm rumbo=+3000 cdeg  linea=0x1
WARNING: Contact joints between materials 'patin' and 'dohyo' will only be created for the 10 deepest contact points instead of all the 13 contact points.
[gelatina] t= 1272 ms  SEARCH       rival=no d=9999 mm rumbo=+3000 cdeg  linea=0x0
[gelatina] t= 1336 ms  TRACK        rival=si d=  34 mm rumbo=+6000 cdeg  linea=0x0
[gelatina] t= 1344 ms  ATTACK       rival=si d=  34 mm rumbo=+6000 cdeg  linea=0x0
[gelatina] t= 1504 ms  SEARCH       rival=no d=9999 mm rumbo=+3000 cdeg  linea=0x0
[gelatina] t= 1528 ms  TRACK        rival=si d=  45 mm rumbo=+6000 cdeg  linea=0x0
[gelatina] t= 1536 ms  ATTACK       rival=si d=  45 mm rumbo=+6000 cdeg  linea=0x0
WARNING: Contact joints between materials 'patin' and 'dohyo' will only be created for the 10 deepest contact points instead of all the 13 contact points.
[gelatina] t= 2656 ms  SEARCH       rival=no d=9999 mm rumbo=+3000 cdeg  linea=0x0
WARNING: Contact joints between materials 'patin' and 'dohyo' will only be created for the 10 deepest contact points instead of all the 22 contact points.
WARNING: Contact joints between materials 'patin' and 'dohyo' will only be created for the 10 deepest contact points instead of all the 11 contact points.
WARNING: Contact joints between materials 'patin' and 'dohyo' will only be created for the 10 deepest contact points instead of all the 11 contact points.
WARNING: Contact joints between materials 'patin' and 'dohyo' will only be created for the 10 deepest contact points instead of all the 11 contact points.
[arbitro] asalto 14/30  lado     tiempo agotado  +0  60.00 s
[planta] asalto=14 mu=1.1 slip=0.0005 aleatorio=0
[gelatina] t=    0 ms  WAIT         rival=no d=9999 mm rumbo=+3000 cdeg  linea=0x0
WARNING: Contact joints between materials 'patin' and 'dohyo' will only be created for the 10 deepest contact points instead of all the 22 contact points.
[planta] gelatina V=7.4 R=4 Rpuente=0.5 I0=0.15 Ke=0.0793326178 Kt=0.0483794733
[sensores] gelatina ToF alcance=1200 minimo=30 sigma_rel=0.07
[gelatina] pulsador recibido: permiso previsto 264656 ms
[arranque] pulsador=259656 permiso=264656 ms
[planta] rival V=7.4 R=4 Rpuente=0.5 I0=0.15 Ke=0.0793326178 Kt=0.0483794733
[sensores] rival ToF alcance=1200 minimo=30 sigma_rel=0.07
[gelatina] permiso de arranque a los 264656 ms
[gelatina] t=    0 ms  OPENING      rival=no d=9999 mm rumbo=+3000 cdeg  linea=0x0
WARNING: Contact joints between materials 'patin' and 'dohyo' will only be created for the 10 deepest contact points instead of all the 16 contact points.
[gelatina] t=  112 ms  SEARCH       rival=no d=9999 mm rumbo=+3000 cdeg  linea=0x0
[gelatina] t=  568 ms  TRACK        rival=si d= 229 mm rumbo=+4544 cdeg  linea=0x8
WARNING: Contact joints between materials 'rueda' and 'dohyo' will only be created for the 10 deepest contact points instead of all the 12 contact points.
[gelatina] t= 1232 ms  ATTACK       rival=si d= 117 mm rumbo=+4571 cdeg  linea=0x0
[gelatina] t= 1632 ms  SEARCH       rival=no d=9999 mm rumbo=-3000 cdeg  linea=0x0
[gelatina] t= 1728 ms  TRACK        rival=si d=  34 mm rumbo=-4519 cdeg  linea=0x0
[gelatina] t= 1736 ms  ATTACK       rival=si d=  34 mm rumbo=-4519 cdeg  linea=0x0
[gelatina] t= 2088 ms  SEARCH       rival=no d=9999 mm rumbo=+6000 cdeg  linea=0x0
WARNING: Contact joints between materials 'patin' and 'dohyo' will only be created for the 10 deepest contact points instead of all the 88 contact points.
[gelatina] t= 2152 ms  TRACK        rival=si d=  38 mm rumbo=+3000 cdeg  linea=0x0
[gelatina] t= 2160 ms  ATTACK       rival=si d=  38 mm rumbo=+3000 cdeg  linea=0x0
[gelatina] t= 2456 ms  SEARCH       rival=no d=9999 mm rumbo=+3000 cdeg  linea=0x0
WARNING: Contact joints between materials 'patin' and 'dohyo' will only be created for the 10 deepest contact points instead of all the 11 contact points.
WARNING: Contact joints between materials 'patin' and 'dohyo' will only be created for the 10 deepest contact points instead of all the 50 contact points.
WARNING: Contact joints between materials 'patin' and 'dohyo' will only be created for the 10 deepest contact points instead of all the 16 contact points.
[gelatina] t= 5552 ms  TRACK        rival=si d=  45 mm rumbo=   +0 cdeg  linea=0x0
[gelatina] t= 5560 ms  ATTACK       rival=si d=  45 mm rumbo=   +0 cdeg  linea=0x0
[gelatina] t= 5688 ms  SEARCH       rival=no d=9999 mm rumbo=   +0 cdeg  linea=0x0
[gelatina] t= 5984 ms  TRACK        rival=si d=  40 mm rumbo=+6000 cdeg  linea=0x0
[gelatina] t= 5992 ms  ATTACK       rival=si d=  40 mm rumbo=+6000 cdeg  linea=0x0
WARNING: Contact joints between materials 'patin' and 'dohyo' will only be created for the 10 deepest contact points instead of all the 27 contact points.
[gelatina] t= 6320 ms  SEARCH       rival=no d=9999 mm rumbo=+3000 cdeg  linea=0x0
[gelatina] t= 6408 ms  TRACK        rival=si d=  41 mm rumbo=-3000 cdeg  linea=0x0
[gelatina] t= 6416 ms  ATTACK       rival=si d=  41 mm rumbo=-3000 cdeg  linea=0x0
[gelatina] t= 6712 ms  SEARCH       rival=no d=9999 mm rumbo=-6000 cdeg  linea=0x0
[gelatina] t= 6776 ms  TRACK        rival=si d=  37 mm rumbo=+3000 cdeg  linea=0x0
[gelatina] t= 6784 ms  ATTACK       rival=si d=  37 mm rumbo=+3000 cdeg  linea=0x0
[gelatina] t= 6944 ms  SEARCH       rival=no d=9999 mm rumbo=+6000 cdeg  linea=0x0
[gelatina] t= 7000 ms  TRACK        rival=si d=  63 mm rumbo=+6000 cdeg  linea=0x0
[gelatina] t= 7008 ms  ATTACK       rival=si d=  63 mm rumbo=+6000 cdeg  linea=0x0
WARNING: Contact joints between materials 'patin' and 'dohyo' will only be created for the 10 deepest contact points instead of all the 13 contact points.
[gelatina] t= 7536 ms  SEARCH       rival=no d=9999 mm rumbo=-1494 cdeg  linea=0x0
[gelatina] t= 7896 ms  TRACK        rival=si d=  32 mm rumbo=+4502 cdeg  linea=0x0
[gelatina] t= 7904 ms  ATTACK       rival=si d=  32 mm rumbo=+4502 cdeg  linea=0x0
WARNING: Contact joints between materials 'patin' and 'dohyo' will only be created for the 10 deepest contact points instead of all the 12 contact points.
[arbitro] asalto 15/30  espalda  rival fuera     +1   8.51 s
[planta] asalto=15 mu=1.1 slip=0.0005 aleatorio=0
[gelatina] t=    0 ms  WAIT         rival=no d=9999 mm rumbo=-3000 cdeg  linea=0x1
[planta] gelatina V=7.4 R=4 Rpuente=0.5 I0=0.15 Ke=0.0793326178 Kt=0.0483794733
[sensores] gelatina ToF alcance=1200 minimo=30 sigma_rel=0.07
[gelatina] pulsador recibido: permiso previsto 278480 ms
[arranque] pulsador=273480 permiso=278480 ms
[planta] rival V=7.4 R=4 Rpuente=0.5 I0=0.15 Ke=0.0793326178 Kt=0.0483794733
[sensores] rival ToF alcance=1200 minimo=30 sigma_rel=0.07
[gelatina] permiso de arranque a los 278480 ms
[gelatina] t=    0 ms  TRACK        rival=si d=  66 mm rumbo=-1463 cdeg  linea=0x0
[gelatina] t=    8 ms  ATTACK       rival=si d=  75 mm rumbo=-1472 cdeg  linea=0x0
WARNING: Contact joints between materials 'rueda' and 'dohyo' will only be created for the 10 deepest contact points instead of all the 22 contact points.
WARNING: Contact joints between materials 'patin' and 'dohyo' will only be created for the 10 deepest contact points instead of all the 12 contact points.
[arbitro] asalto 16/30  frente   auto-salida     -1   2.21 s
[planta] asalto=16 mu=1.1 slip=0.0005 aleatorio=0
[gelatina] t=    0 ms  WAIT         rival=no d=9999 mm rumbo=-3458 cdeg  linea=0x0
WARNING: Contact joints between materials 'rueda' and 'dohyo' will only be created for the 10 deepest contact points instead of all the 16 contact points.
[planta] gelatina V=7.4 R=4 Rpuente=0.5 I0=0.15 Ke=0.0793326178 Kt=0.0483794733
[sensores] gelatina ToF alcance=1200 minimo=30 sigma_rel=0.07
[gelatina] pulsador recibido: permiso previsto 286000 ms
[arranque] pulsador=281000 permiso=286000 ms
[planta] rival V=7.4 R=4 Rpuente=0.5 I0=0.15 Ke=0.0793326178 Kt=0.0483794733
[sensores] rival ToF alcance=1200 minimo=30 sigma_rel=0.07
[gelatina] permiso de arranque a los 286000 ms
[gelatina] t=    0 ms  OPENING      rival=no d=9999 mm rumbo=-3458 cdeg  linea=0x0
WARNING: Contact joints between materials 'rueda' and 'dohyo' will only be created for the 10 deepest contact points instead of all the 13 contact points.
[gelatina] t=   80 ms  TRACK        rival=si d=  57 mm rumbo=-6000 cdeg  linea=0x0
[gelatina] t=   88 ms  ATTACK       rival=si d=  57 mm rumbo=-6000 cdeg  linea=0x0
[gelatina] t=  352 ms  SEARCH       rival=no d=9999 mm rumbo=-3000 cdeg  linea=0x0
[gelatina] t=  512 ms  TRACK        rival=si d=  47 mm rumbo=+3000 cdeg  linea=0x0
[gelatina] t=  520 ms  ATTACK       rival=si d=  47 mm rumbo=+3000 cdeg  linea=0x0
[gelatina] t=  680 ms  SEARCH       rival=no d=9999 mm rumbo=+6000 cdeg  linea=0x0
[gelatina] t=  776 ms  TRACK        rival=si d=  63 mm rumbo=+6000 cdeg  linea=0x0
[gelatina] t=  784 ms  ATTACK       rival=si d=  63 mm rumbo=+6000 cdeg  linea=0x0
[gelatina] t= 1008 ms  SEARCH       rival=no d=9999 mm rumbo=-4522 cdeg  linea=0x0
WARNING: Contact joints between materials 'patin' and 'dohyo' will only be created for the 10 deepest contact points instead of all the 12 contact points.
[gelatina] t= 1072 ms  TRACK        rival=si d=  73 mm rumbo=-6000 cdeg  linea=0x0
[gelatina] t= 1080 ms  ATTACK       rival=si d=  73 mm rumbo=-6000 cdeg  linea=0x0
[gelatina] t= 1640 ms  SEARCH       rival=no d=9999 mm rumbo=-3000 cdeg  linea=0x0
[gelatina] t= 1928 ms  TRACK        rival=si d=  83 mm rumbo=-6000 cdeg  linea=0x0
[gelatina] t= 1936 ms  ATTACK       rival=si d=  83 mm rumbo=-6000 cdeg  linea=0x0
[gelatina] t= 2168 ms  SEARCH       rival=no d=9999 mm rumbo=+6000 cdeg  linea=0x0
[gelatina] t= 2256 ms  TRACK        rival=si d=  44 mm rumbo=+6000 cdeg  linea=0x0
[gelatina] t= 2264 ms  ATTACK       rival=si d=  44 mm rumbo=+6000 cdeg  linea=0x0
[gelatina] t= 2464 ms  SEARCH       rival=no d=9999 mm rumbo=-4506 cdeg  linea=0x0
WARNING: Contact joints between materials 'patin' and 'dohyo' will only be created for the 10 deepest contact points instead of all the 12 contact points.
[gelatina] t= 2560 ms  TRACK        rival=si d=  97 mm rumbo=-6000 cdeg  linea=0x0
[gelatina] t= 2568 ms  ATTACK       rival=si d=  97 mm rumbo=-6000 cdeg  linea=0x0
WARNING: Contact joints between materials 'patin' and 'dohyo' will only be created for the 10 deepest contact points instead of all the 12 contact points.
[gelatina] t= 6192 ms  SEARCH       rival=no d=9999 mm rumbo=   +0 cdeg  linea=0x0
[gelatina] t= 6320 ms  TRACK        rival=si d=  32 mm rumbo=-6000 cdeg  linea=0x0
[gelatina] t= 6328 ms  ATTACK       rival=si d=  32 mm rumbo=-6000 cdeg  linea=0x0
[gelatina] t= 6456 ms  SEARCH       rival=no d=9999 mm rumbo=-6000 cdeg  linea=0x0
[gelatina] t= 6584 ms  TRACK        rival=si d= 124 mm rumbo=-6000 cdeg  linea=0x0
[gelatina] t= 6592 ms  ATTACK       rival=si d= 124 mm rumbo=-6000 cdeg  linea=0x0
[gelatina] t= 6816 ms  SEARCH       rival=no d=9999 mm rumbo=+6000 cdeg  linea=0x0
[gelatina] t= 6880 ms  TRACK        rival=si d=  78 mm rumbo=+6000 cdeg  linea=0x0
[gelatina] t= 6888 ms  ATTACK       rival=si d=  78 mm rumbo=+6000 cdeg  linea=0x0
WARNING: Contact joints between materials 'patin' and 'dohyo' will only be created for the 10 deepest contact points instead of all the 12 contact points.
[arbitro] asalto 17/30  lado     rival fuera     +1   7.68 s
[planta] asalto=17 mu=1.1 slip=0.0005 aleatorio=0
[gelatina] t=    0 ms  WAIT         rival=no d=9999 mm rumbo=-6000 cdeg  linea=0x0
[planta] gelatina V=7.4 R=4 Rpuente=0.5 I0=0.15 Ke=0.0793326178 Kt=0.0483794733
[sensores] gelatina ToF alcance=1200 minimo=30 sigma_rel=0.07
[gelatina] pulsador recibido: permiso previsto 298992 ms
[arranque] pulsador=293992 permiso=298992 ms
[planta] rival V=7.4 R=4 Rpuente=0.5 I0=0.15 Ke=0.0793326178 Kt=0.0483794733
[sensores] rival ToF alcance=1200 minimo=30 sigma_rel=0.07
[gelatina] permiso de arranque a los 298992 ms
[gelatina] t=    0 ms  OPENING      rival=no d=9999 mm rumbo=-6000 cdeg  linea=0x0
WARNING: Contact joints between materials 'rueda' and 'dohyo' will only be created for the 10 deepest contact points instead of all the 12 contact points.
[gelatina] t=  112 ms  SEARCH       rival=no d=9999 mm rumbo=-6000 cdeg  linea=0x0
[gelatina] t=  192 ms  TRACK        rival=si d= 108 mm rumbo=-6000 cdeg  linea=0x0
[gelatina] t=  200 ms  ATTACK       rival=si d= 108 mm rumbo=-6000 cdeg  linea=0x0
[gelatina] t=  688 ms  SEARCH       rival=no d=9999 mm rumbo=+2985 cdeg  linea=0x0
[gelatina] t=  984 ms  TRACK        rival=si d=  38 mm rumbo=+4503 cdeg  linea=0x0
[gelatina] t=  992 ms  ATTACK       rival=si d=  38 mm rumbo=+4503 cdeg  linea=0x0
WARNING: Contact joints between materials 'rueda' and 'dohyo' will only be created for the 10 deepest contact points instead of all the 16 contact points.
[gelatina] t= 1288 ms  SEARCH       rival=no d=9999 mm rumbo=   +0 cdeg  linea=0x0
[gelatina] t= 1608 ms  TRACK        rival=si d=  40 mm rumbo=+6000 cdeg  linea=0x0
[gelatina] t= 1616 ms  ATTACK       rival=si d=  40 mm rumbo=+6000 cdeg  linea=0x0
[gelatina] t= 2112 ms  SEARCH       rival=no d=9999 mm rumbo=   +0 cdeg  linea=0x0
WARNING: Contact joints between materials 'patin' and 'dohyo' will only be created for the 10 deepest contact points instead of all the 14 contact points.
[arbitro] asalto 18/30  espalda  rival fuera     +1   2.19 s
[planta] asalto=18 mu=1.1 slip=0.0005 aleatorio=0
[gelatina] t=    0 ms  WAIT         rival=si d=  96 mm rumbo=-3000 cdeg  linea=0x3
[planta] gelatina V=7.4 R=4 Rpuente=0.5 I0=0.15 Ke=0.0793326178 Kt=0.0483794733
[sensores] gelatina ToF alcance=1200 minimo=30 sigma_rel=0.07
[gelatina] pulsador recibido: permiso previsto 306496 ms
[planta] rival V=7.4 R=4 Rpuente=0.5 I0=0.15 Ke=0.0793326178 Kt=0.0483794733
[sensores] rival ToF alcance=1200 minimo=30 sigma_rel=0.07
[arranque] pulsador=301496 permiso=306496 ms
[gelatina] permiso de arranque a los 306496 ms
[gelatina] t=    0 ms  TRACK        rival=si d=  75 mm rumbo=-1486 cdeg  linea=0x0
[gelatina] t=    8 ms  ATTACK       rival=si d=  75 mm rumbo=-1486 cdeg  linea=0x0
WARNING: Contact joints between materials 'patin' and 'dohyo' will only be created for the 10 deepest contact points instead of all the 68 contact points.
[gelatina] t=  312 ms  SEARCH       rival=no d=9999 mm rumbo=-3000 cdeg  linea=0x0
[gelatina] t=  408 ms  TRACK        rival=si d=  39 mm rumbo=+6000 cdeg  linea=0x0
[gelatina] t=  416 ms  ATTACK       rival=si d=  39 mm rumbo=+6000 cdeg  linea=0x0
[gelatina] t=  544 ms  SEARCH       rival=no d=9999 mm rumbo=+6000 cdeg  linea=0x0
[gelatina] t=  672 ms  TRACK        rival=si d= 109 mm rumbo=+6000 cdeg  linea=0x0
[gelatina] t=  680 ms  ATTACK       rival=si d= 109 mm rumbo=+6000 cdeg  linea=0x0
WARNING: Contact joints between materials 'patin' and 'dohyo' will only be created for the 10 deepest contact points instead of all the 14 contact points.
[gelatina] t= 1272 ms  SEARCH       rival=no d=9999 mm rumbo=+3000 cdeg  linea=0x0
[gelatina] t= 1400 ms  TRACK        rival=si d=  39 mm rumbo=   +0 cdeg  linea=0x0
[gelatina] t= 1408 ms  ATTACK       rival=si d=  39 mm rumbo=   +0 cdeg  linea=0x0
[gelatina] t= 2064 ms  SEARCH       rival=no d=9999 mm rumbo=+6000 cdeg  linea=0x0
[gelatina] t= 2088 ms  TRACK        rival=si d=  99 mm rumbo=+6000 cdeg  linea=0x2
[gelatina] t= 2096 ms  ATTACK       rival=si d=  99 mm rumbo=+6000 cdeg  linea=0x2
WARNING: Contact joints between materials 'patin' and 'dohyo' will only be created for the 10 deepest contact points instead of all the 14 contact points.
[gelatina] t= 2392 ms  SEARCH       rival=no d=9999 mm rumbo=   +0 cdeg  linea=0x0
[gelatina] t= 2456 ms  TRACK        rival=si d=  39 mm rumbo=+3000 cdeg  linea=0x0
[gelatina] t= 2464 ms  ATTACK       rival=si d=  39 mm rumbo=+3000 cdeg  linea=0x0
[gelatina] t= 2728 ms  SEARCH       rival=no d=9999 mm rumbo=-6000 cdeg  linea=0x0
[gelatina] t= 2784 ms  TRACK        rival=si d= 102 mm rumbo=-6000 cdeg  linea=0x0
[gelatina] t= 2792 ms  ATTACK       rival=si d= 102 mm rumbo=-6000 cdeg  linea=0x0
[gelatina] t= 3056 ms  SEARCH       rival=no d=9999 mm rumbo=+6000 cdeg  linea=0x0
[gelatina] t= 3112 ms  TRACK        rival=si d=  41 mm rumbo=+6000 cdeg  linea=0x0
[gelatina] t= 3120 ms  ATTACK       rival=si d=  41 mm rumbo=+6000 cdeg  linea=0x0
WARNING: Contact joints between materials 'patin' and 'dohyo' will only be created for the 10 deepest contact points instead of all the 26 contact points.
[gelatina] t= 3384 ms  SEARCH       rival=no d=9999 mm rumbo=   +0 cdeg  linea=0x0
[gelatina] t= 3448 ms  TRACK        rival=si d=  34 mm rumbo=-6000 cdeg  linea=0x0
[gelatina] t= 3456 ms  ATTACK       rival=si d=  34 mm rumbo=-6000 cdeg  linea=0x0
[gelatina] t= 3616 ms  SEARCH       rival=no d=9999 mm rumbo=   +0 cdeg  linea=0x0
[gelatina] t= 3808 ms  TRACK        rival=si d= 113 mm rumbo=+6000 cdeg  linea=0x0
[gelatina] t= 3816 ms  ATTACK       rival=si d= 113 mm rumbo=+6000 cdeg  linea=0x0
[gelatina] t= 4048 ms  SEARCH       rival=no d=9999 mm rumbo=-6000 cdeg  linea=0x0
[gelatina] t= 4104 ms  TRACK        rival=si d=  97 mm rumbo=-6000 cdeg  linea=0x0
[gelatina] t= 4112 ms  ATTACK       rival=si d=  97 mm rumbo=-6000 cdeg  linea=0x0
[gelatina] t= 4376 ms  SEARCH       rival=no d=9999 mm rumbo=+6000 cdeg  linea=0x0
WARNING: Contact joints between materials 'patin' and 'dohyo' will only be created for the 10 deepest contact points instead of all the 17 contact points.
[gelatina] t= 4432 ms  TRACK        rival=si d=  61 mm rumbo=+6000 cdeg  linea=0x0
[gelatina] t= 4440 ms  ATTACK       rival=si d=  61 mm rumbo=+6000 cdeg  linea=0x0
[gelatina] t= 4672 ms  SEARCH       rival=no d=9999 mm rumbo=-6000 cdeg  linea=0x0
[gelatina] t= 4736 ms  TRACK        rival=si d=  52 mm rumbo=-4527 cdeg  linea=0x0
[gelatina] t= 4744 ms  ATTACK       rival=si d=  52 mm rumbo=-4527 cdeg  linea=0x0
[gelatina] t= 5400 ms  SEARCH       rival=no d=9999 mm rumbo=+3000 cdeg  linea=0x0
[gelatina] t= 5424 ms  TRACK        rival=si d=  40 mm rumbo=+6000 cdeg  linea=0x0
[gelatina] t= 5432 ms  ATTACK       rival=si d=  40 mm rumbo=+6000 cdeg  linea=0x0
WARNING: Contact joints between materials 'patin' and 'dohyo' will only be created for the 10 deepest contact points instead of all the 22 contact points.
[gelatina] t= 5856 ms  SEARCH       rival=no d=9999 mm rumbo=-3000 cdeg  linea=0x0
[gelatina] t= 5952 ms  TRACK        rival=si d=  33 mm rumbo=   +0 cdeg  linea=0x0
[gelatina] t= 5960 ms  ATTACK       rival=si d=  33 mm rumbo=   +0 cdeg  linea=0x0
[gelatina] t= 6088 ms  SEARCH       rival=no d=9999 mm rumbo=   +0 cdeg  linea=0x0
[gelatina] t= 6280 ms  TRACK        rival=si d= 113 mm rumbo=+6000 cdeg  linea=0x0
[gelatina] t= 6288 ms  ATTACK       rival=si d= 113 mm rumbo=+6000 cdeg  linea=0x0
[gelatina] t= 6488 ms  SEARCH       rival=no d=9999 mm rumbo=-4532 cdeg  linea=0x0
[gelatina] t= 6584 ms  TRACK        rival=si d= 136 mm rumbo=-6000 cdeg  linea=0x0
WARNING: Contact joints between materials 'rueda' and 'dohyo' will only be created for the 10 deepest contact points instead of all the 12 contact points.
[gelatina] t= 6776 ms  ATTACK       rival=si d= 131 mm rumbo=+4561 cdeg  linea=0x0
[gelatina] t= 7312 ms  SEARCH       rival=no d=9999 mm rumbo=   +0 cdeg  linea=0x0
[gelatina] t= 7472 ms  TRACK        rival=si d=  35 mm rumbo=+6000 cdeg  linea=0x0
[gelatina] t= 7480 ms  ATTACK       rival=si d=  35 mm rumbo=+6000 cdeg  linea=0x0
[gelatina] t= 7672 ms  SEARCH       rival=no d=9999 mm rumbo=-3000 cdeg  linea=0x0
WARNING: Contact joints between materials 'patin' and 'dohyo' will only be created for the 10 deepest contact points instead of all the 23 contact points.
[gelatina] t= 7768 ms  TRACK        rival=si d=  61 mm rumbo=   +0 cdeg  linea=0x0
[gelatina] t= 7776 ms  ATTACK       rival=si d=  61 mm rumbo=   +0 cdeg  linea=0x0
[gelatina] t= 8568 ms  SEARCH       rival=no d=9999 mm rumbo=+3000 cdeg  linea=0x0
[gelatina] t= 8696 ms  TRACK        rival=si d=  27 mm rumbo=-3000 cdeg  linea=0x0
[gelatina] t= 8704 ms  ATTACK       rival=si d=  27 mm rumbo=-3000 cdeg  linea=0x0
[gelatina] t= 8864 ms  SEARCH       rival=no d=9999 mm rumbo=-6000 cdeg  linea=0x0
[gelatina] t= 8960 ms  TRACK        rival=si d=  39 mm rumbo=-4502 cdeg  linea=0x0
[gelatina] t= 8968 ms  ATTACK       rival=si d=  39 mm rumbo=-4502 cdeg  linea=0x0
[gelatina] t= 9192 ms  SEARCH       rival=no d=9999 mm rumbo=+6000 cdeg  linea=0x0
WARNING: Contact joints between materials 'patin' and 'dohyo' will only be created for the 10 deepest contact points instead of all the 11 contact points.
[gelatina] t= 9288 ms  TRACK        rival=si d=  82 mm rumbo=+6000 cdeg  linea=0x0
[gelatina] t= 9296 ms  ATTACK       rival=si d=  82 mm rumbo=+6000 cdeg  linea=0x0
[gelatina] t= 9520 ms  SEARCH       rival=no d=9999 mm rumbo=-6000 cdeg  linea=0x0
[gelatina] t= 9584 ms  TRACK        rival=si d=  68 mm rumbo=-6000 cdeg  linea=0x0
[gelatina] t= 9592 ms  ATTACK       rival=si d=  68 mm rumbo=-6000 cdeg  linea=0x0
WARNING: Contact joints between materials 'patin' and 'dohyo' will only be created for the 10 deepest contact points instead of all the 12 contact points.
WARNING: Contact joints between materials 'patin' and 'dohyo' will only be created for the 10 deepest contact points instead of all the 17 contact points.
WARNING: Contact joints between materials 'patin' and 'dohyo' will only be created for the 10 deepest contact points instead of all the 17 contact points.
[gelatina] t=13664 ms  EDGE_ESCAPE  rival=si d= 148 mm rumbo=-6000 cdeg  linea=0x8
WARNING: Contact joints between materials 'patin' and 'dohyo' will only be created for the 10 deepest contact points instead of all the 11 contact points.
[gelatina] t=13872 ms  SEARCH       rival=si d= 234 mm rumbo=-6000 cdeg  linea=0x8
[gelatina] t=13880 ms  TRACK        rival=si d= 234 mm rumbo=-6000 cdeg  linea=0x8
[arbitro] asalto 19/30  frente   expulsado       -1  13.93 s
[planta] asalto=19 mu=1.1 slip=0.0005 aleatorio=0
[gelatina] t=    0 ms  WAIT         rival=no d=9999 mm rumbo=-6000 cdeg  linea=0x1
[planta] gelatina V=7.4 R=4 Rpuente=0.5 I0=0.15 Ke=0.0793326178 Kt=0.0483794733
[sensores] gelatina ToF alcance=1200 minimo=30 sigma_rel=0.07
[gelatina] pulsador recibido: permiso previsto 325736 ms
[arranque] pulsador=320736 permiso=325736 ms
[planta] rival V=7.4 R=4 Rpuente=0.5 I0=0.15 Ke=0.0793326178 Kt=0.0483794733
[sensores] rival ToF alcance=1200 minimo=30 sigma_rel=0.07
[gelatina] permiso de arranque a los 325736 ms
[gelatina] t=    0 ms  OPENING      rival=no d=9999 mm rumbo=-6000 cdeg  linea=0x0
WARNING: Contact joints between materials 'rueda' and 'dohyo' will only be created for the 10 deepest contact points instead of all the 14 contact points.
[gelatina] t=   80 ms  TRACK        rival=si d=  60 mm rumbo=-6000 cdeg  linea=0x0
[gelatina] t=   88 ms  ATTACK       rival=si d=  60 mm rumbo=-6000 cdeg  linea=0x0
[gelatina] t=  312 ms  SEARCH       rival=no d=9999 mm rumbo=-3058 cdeg  linea=0x0
[gelatina] t=  440 ms  TRACK        rival=si d=  38 mm rumbo=+3000 cdeg  linea=0x0
[gelatina] t=  448 ms  ATTACK       rival=si d=  38 mm rumbo=+3000 cdeg  linea=0x0
[gelatina] t=  576 ms  SEARCH       rival=no d=9999 mm rumbo=+3000 cdeg  linea=0x0
[gelatina] t=  736 ms  TRACK        rival=si d=  96 mm rumbo=+6000 cdeg  linea=0x0
[gelatina] t=  744 ms  ATTACK       rival=si d=  96 mm rumbo=+6000 cdeg  linea=0x0
WARNING: Contact joints between materials 'rueda' and 'dohyo' will only be created for the 10 deepest contact points instead of all the 29 contact points.
[gelatina] t= 1304 ms  SEARCH       rival=no d=9999 mm rumbo=   +0 cdeg  linea=0x0
[gelatina] t= 1336 ms  TRACK        rival=si d=  39 mm rumbo=-3000 cdeg  linea=0x0
[gelatina] t= 1344 ms  ATTACK       rival=si d=  39 mm rumbo=-3000 cdeg  linea=0x0
[gelatina] t= 1472 ms  SEARCH       rival=no d=9999 mm rumbo=-3000 cdeg  linea=0x0
[gelatina] t= 1592 ms  TRACK        rival=si d=  67 mm rumbo=+6000 cdeg  linea=0x0
[gelatina] t= 1600 ms  ATTACK       rival=si d=  67 mm rumbo=+6000 cdeg  linea=0x0
[arbitro] asalto 20/30  lado     rival fuera     +1   1.62 s
[planta] asalto=20 mu=1.1 slip=0.0005 aleatorio=0
[gelatina] t=    0 ms  WAIT         rival=no d=9999 mm rumbo=+6000 cdeg  linea=0x0
[planta] gelatina V=7.4 R=4 Rpuente=0.5 I0=0.15 Ke=0.0793326178 Kt=0.0483794733
[sensores] gelatina ToF alcance=1200 minimo=30 sigma_rel=0.07
[gelatina] pulsador recibido: permiso previsto 332672 ms
[arranque] pulsador=327672 permiso=332672 ms
[planta] rival V=7.4 R=4 Rpuente=0.5 I0=0.15 Ke=0.0793326178 Kt=0.0483794733
[sensores] rival ToF alcance=1200 minimo=30 sigma_rel=0.07
[gelatina] permiso de arranque a los 332672 ms
[gelatina] t=    0 ms  OPENING      rival=no d=9999 mm rumbo=+6000 cdeg  linea=0x0
[gelatina] t=  112 ms  SEARCH       rival=no d=9999 mm rumbo=+6000 cdeg  linea=0x0
WARNING: Contact joints between materials 'rueda' and 'dohyo' will only be created for the 10 deepest contact points instead of all the 18 contact points.
[gelatina] t=  336 ms  TRACK        rival=si d=  77 mm rumbo=+4513 cdeg  linea=0x0
[gelatina] t=  344 ms  ATTACK       rival=si d=  77 mm rumbo=+4513 cdeg  linea=0x0
[gelatina] t=  536 ms  SEARCH       rival=no d=9999 mm rumbo=-6000 cdeg  linea=0x0
[gelatina] t=  600 ms  TRACK        rival=si d=  80 mm rumbo=-6000 cdeg  linea=0x0
[gelatina] t=  608 ms  ATTACK       rival=si d=  80 mm rumbo=-6000 cdeg  linea=0x0
WARNING: Contact joints between materials 'patin' and 'dohyo' will only be created for the 10 deepest contact points instead of all the 18 contact points.
[gelatina] t= 1528 ms  SEARCH       rival=no d=9999 mm rumbo=-6000 cdeg  linea=0x0
[gelatina] t= 1592 ms  TRACK        rival=si d=  35 mm rumbo=-6000 cdeg  linea=0x0
[gelatina] t= 1600 ms  ATTACK       rival=si d=  35 mm rumbo=-6000 cdeg  linea=0x0
[gelatina] t= 2152 ms  SEARCH       rival=no d=9999 mm rumbo=+3000 cdeg  linea=0x2
WARNING: Contact joints between materials 'patin' and 'dohyo' will only be created for the 10 deepest contact points instead of all the 11 contact points.
[gelatina] t= 2216 ms  TRACK        rival=si d=  40 mm rumbo=+6000 cdeg  linea=0x0
[gelatina] t= 2224 ms  ATTACK       rival=si d=  40 mm rumbo=+6000 cdeg  linea=0x0
[arbitro] asalto 21/30  espalda  expulsado       -1   2.38 s
[planta] asalto=21 mu=1.1 slip=0.0005 aleatorio=0
[gelatina] t=    0 ms  WAIT         rival=si d= 208 mm rumbo=-6000 cdeg  linea=0x8
[planta] gelatina V=7.4 R=4 Rpuente=0.5 I0=0.15 Ke=0.0793326178 Kt=0.0483794733
[sensores] gelatina ToF alcance=1200 minimo=30 sigma_rel=0.07
[gelatina] pulsador recibido: permiso previsto 340368 ms
[arranque] pulsador=335368 permiso=340368 ms
[planta] rival V=7.4 R=4 Rpuente=0.5 I0=0.15 Ke=0.0793326178 Kt=0.0483794733
[sensores] rival ToF alcance=1200 minimo=30 sigma_rel=0.07
[gelatina] permiso de arranque a los 340368 ms
[gelatina] t=    0 ms  TRACK        rival=si d=  72 mm rumbo=+1490 cdeg  linea=0x0
[gelatina] t=    8 ms  ATTACK       rival=si d=  72 mm rumbo=+1490 cdeg  linea=0x0
WARNING: Contact joints between materials 'patin' and 'dohyo' will only be created for the 10 deepest contact points instead of all the 64 contact points.
[gelatina] t=  304 ms  SEARCH       rival=no d=9999 mm rumbo=  -27 cdeg  linea=0x0
[gelatina] t=  328 ms  TRACK        rival=si d=  34 mm rumbo=-3000 cdeg  linea=0x0
[gelatina] t=  336 ms  ATTACK       rival=si d=  34 mm rumbo=-3000 cdeg  linea=0x0
[arbitro] asalto 22/30  frente   rival fuera     +1   0.72 s
[planta] asalto=22 mu=1.1 slip=0.0005 aleatorio=0
[gelatina] t=    0 ms  WAIT         rival=no d=9999 mm rumbo=   +0 cdeg  linea=0x0
[planta] gelatina V=7.4 R=4 Rpuente=0.5 I0=0.15 Ke=0.0793326178 Kt=0.0483794733
[sensores] gelatina ToF alcance=1200 minimo=30 sigma_rel=0.07
[gelatina] pulsador recibido: permiso previsto 346400 ms
[planta] rival V=7.4 R=4 Rpuente=0.5 I0=0.15 Ke=0.0793326178 Kt=0.0483794733
[sensores] rival ToF alcance=1200 minimo=30 sigma_rel=0.07
[arranque] pulsador=341400 permiso=346400 ms
[gelatina] permiso de arranque a los 346400 ms
[gelatina] t=    0 ms  OPENING      rival=no d=9999 mm rumbo=   +0 cdeg  linea=0x0
WARNING: Contact joints between materials 'rueda' and 'dohyo' will only be created for the 10 deepest contact points instead of all the 13 contact points.
[gelatina] t=   71 ms  TRACK        rival=si d=  56 mm rumbo=-6000 cdeg  linea=0x0
[gelatina] t=   79 ms  ATTACK       rival=si d=  56 mm rumbo=-6000 cdeg  linea=0x0
[gelatina] t=  375 ms  SEARCH       rival=no d=9999 mm rumbo=-3000 cdeg  linea=0x0
[gelatina] t=  399 ms  TRACK        rival=si d=  56 mm rumbo=   +0 cdeg  linea=0x0
[gelatina] t=  407 ms  ATTACK       rival=si d=  56 mm rumbo=   +0 cdeg  linea=0x0
WARNING: Contact joints between materials 'patin' and 'dohyo' will only be created for the 10 deepest contact points instead of all the 17 contact points.
WARNING: Contact joints between materials 'patin' and 'dohyo' will only be created for the 10 deepest contact points instead of all the 17 contact points.
WARNING: Contact joints between materials 'patin' and 'dohyo' will only be created for the 10 deepest contact points instead of all the 17 contact points.
WARNING: Contact joints between materials 'patin' and 'dohyo' will only be created for the 10 deepest contact points instead of all the 17 contact points.
WARNING: Contact joints between materials 'patin' and 'dohyo' will only be created for the 10 deepest contact points instead of all the 17 contact points.
WARNING: Contact joints between materials 'patin' and 'dohyo' will only be created for the 10 deepest contact points instead of all the 18 contact points.
WARNING: Contact joints between materials 'patin' and 'dohyo' will only be created for the 10 deepest contact points instead of all the 18 contact points.
WARNING: Contact joints between materials 'patin' and 'dohyo' will only be created for the 10 deepest contact points instead of all the 17 contact points.
WARNING: Contact joints between materials 'patin' and 'dohyo' will only be created for the 10 deepest contact points instead of all the 18 contact points.
WARNING: Contact joints between materials 'patin' and 'dohyo' will only be created for the 10 deepest contact points instead of all the 17 contact points.
WARNING: Contact joints between materials 'patin' and 'dohyo' will only be created for the 10 deepest contact points instead of all the 17 contact points.
WARNING: Contact joints between materials 'patin' and 'dohyo' will only be created for the 10 deepest contact points instead of all the 18 contact points.
WARNING: Contact joints between materials 'patin' and 'dohyo' will only be created for the 10 deepest contact points instead of all the 18 contact points.
WARNING: Contact joints between materials 'patin' and 'dohyo' will only be created for the 10 deepest contact points instead of all the 18 contact points.
WARNING: Contact joints between materials 'patin' and 'dohyo' will only be created for the 10 deepest contact points instead of all the 18 contact points.
WARNING: Contact joints between materials 'patin' and 'dohyo' will only be created for the 10 deepest contact points instead of all the 18 contact points.
WARNING: Contact joints between materials 'patin' and 'dohyo' will only be created for the 10 deepest contact points instead of all the 18 contact points.
WARNING: Contact joints between materials 'patin' and 'dohyo' will only be created for the 10 deepest contact points instead of all the 18 contact points.
WARNING: Contact joints between materials 'patin' and 'dohyo' will only be created for the 10 deepest contact points instead of all the 18 contact points.
WARNING: Contact joints between materials 'patin' and 'dohyo' will only be created for the 10 deepest contact points instead of all the 18 contact points.
WARNING: Contact joints between materials 'patin' and 'dohyo' will only be created for the 10 deepest contact points instead of all the 18 contact points.
WARNING: Contact joints between materials 'patin' and 'dohyo' will only be created for the 10 deepest contact points instead of all the 18 contact points.
WARNING: Contact joints between materials 'patin' and 'dohyo' will only be created for the 10 deepest contact points instead of all the 18 contact points.
WARNING: Contact joints between materials 'patin' and 'dohyo' will only be created for the 10 deepest contact points instead of all the 18 contact points.
WARNING: Contact joints between materials 'patin' and 'dohyo' will only be created for the 10 deepest contact points instead of all the 18 contact points.
WARNING: Contact joints between materials 'patin' and 'dohyo' will only be created for the 10 deepest contact points instead of all the 18 contact points.
WARNING: Contact joints between materials 'patin' and 'dohyo' will only be created for the 10 deepest contact points instead of all the 18 contact points.
WARNING: Contact joints between materials 'patin' and 'dohyo' will only be created for the 10 deepest contact points instead of all the 18 contact points.
WARNING: Contact joints between materials 'patin' and 'dohyo' will only be created for the 10 deepest contact points instead of all the 19 contact points.
WARNING: Contact joints between materials 'patin' and 'dohyo' will only be created for the 10 deepest contact points instead of all the 19 contact points.
WARNING: Contact joints between materials 'patin' and 'dohyo' will only be created for the 10 deepest contact points instead of all the 19 contact points.
WARNING: Contact joints between materials 'patin' and 'dohyo' will only be created for the 10 deepest contact points instead of all the 18 contact points.
WARNING: Contact joints between materials 'patin' and 'dohyo' will only be created for the 10 deepest contact points instead of all the 19 contact points.
WARNING: Contact joints between materials 'patin' and 'dohyo' will only be created for the 10 deepest contact points instead of all the 19 contact points.
WARNING: Contact joints between materials 'patin' and 'dohyo' will only be created for the 10 deepest contact points instead of all the 19 contact points.
WARNING: Contact joints between materials 'patin' and 'dohyo' will only be created for the 10 deepest contact points instead of all the 19 contact points.
WARNING: Contact joints between materials 'patin' and 'dohyo' will only be created for the 10 deepest contact points instead of all the 19 contact points.
WARNING: Contact joints between materials 'patin' and 'dohyo' will only be created for the 10 deepest contact points instead of all the 18 contact points.
WARNING: Contact joints between materials 'patin' and 'dohyo' will only be created for the 10 deepest contact points instead of all the 19 contact points.
WARNING: Contact joints between materials 'patin' and 'dohyo' will only be created for the 10 deepest contact points instead of all the 19 contact points.
WARNING: Contact joints between materials 'patin' and 'dohyo' will only be created for the 10 deepest contact points instead of all the 19 contact points.
WARNING: Contact joints between materials 'patin' and 'dohyo' will only be created for the 10 deepest contact points instead of all the 19 contact points.
WARNING: Contact joints between materials 'patin' and 'dohyo' will only be created for the 10 deepest contact points instead of all the 19 contact points.
WARNING: Contact joints between materials 'patin' and 'dohyo' will only be created for the 10 deepest contact points instead of all the 18 contact points.
WARNING: Contact joints between materials 'patin' and 'dohyo' will only be created for the 10 deepest contact points instead of all the 18 contact points.
WARNING: Contact joints between materials 'patin' and 'dohyo' will only be created for the 10 deepest contact points instead of all the 18 contact points.
WARNING: Contact joints between materials 'patin' and 'dohyo' will only be created for the 10 deepest contact points instead of all the 19 contact points.
WARNING: Contact joints between materials 'patin' and 'dohyo' will only be created for the 10 deepest contact points instead of all the 18 contact points.
WARNING: Contact joints between materials 'patin' and 'dohyo' will only be created for the 10 deepest contact points instead of all the 18 contact points.
WARNING: Contact joints between materials 'patin' and 'dohyo' will only be created for the 10 deepest contact points instead of all the 18 contact points.
WARNING: Contact joints between materials 'patin' and 'dohyo' will only be created for the 10 deepest contact points instead of all the 18 contact points.
WARNING: Contact joints between materials 'patin' and 'dohyo' will only be created for the 10 deepest contact points instead of all the 19 contact points.
WARNING: Contact joints between materials 'patin' and 'dohyo' will only be created for the 10 deepest contact points instead of all the 18 contact points.
WARNING: Contact joints between materials 'patin' and 'dohyo' will only be created for the 10 deepest contact points instead of all the 18 contact points.
WARNING: Contact joints between materials 'patin' and 'dohyo' will only be created for the 10 deepest contact points instead of all the 18 contact points.
WARNING: Contact joints between materials 'patin' and 'dohyo' will only be created for the 10 deepest contact points instead of all the 18 contact points.
WARNING: Contact joints between materials 'patin' and 'dohyo' will only be created for the 10 deepest contact points instead of all the 18 contact points.
WARNING: Contact joints between materials 'patin' and 'dohyo' will only be created for the 10 deepest contact points instead of all the 18 contact points.
WARNING: Contact joints between materials 'patin' and 'dohyo' will only be created for the 10 deepest contact points instead of all the 18 contact points.
[arbitro] asalto 23/30  lado     tiempo agotado  +0  60.00 s
[planta] asalto=23 mu=1.1 slip=0.0005 aleatorio=0
[gelatina] t=    0 ms  WAIT         rival=si d=  32 mm rumbo=+3000 cdeg  linea=0x0
[planta] gelatina V=7.4 R=4 Rpuente=0.5 I0=0.15 Ke=0.0793326178 Kt=0.0483794733
[sensores] gelatina ToF alcance=1200 minimo=30 sigma_rel=0.07
[gelatina] pulsador recibido: permiso previsto 411712 ms
[arranque] pulsador=406712 permiso=411712 ms
[planta] rival V=7.4 R=4 Rpuente=0.5 I0=0.15 Ke=0.0793326178 Kt=0.0483794733
[sensores] rival ToF alcance=1200 minimo=30 sigma_rel=0.07
[gelatina] permiso de arranque a los 411712 ms
[gelatina] t=    0 ms  OPENING      rival=no d=9999 mm rumbo=+3000 cdeg  linea=0x0
[gelatina] t=  112 ms  SEARCH       rival=no d=9999 mm rumbo=+3000 cdeg  linea=0x0
WARNING: Contact joints between materials 'rueda' and 'dohyo' will only be created for the 10 deepest contact points instead of all the 26 contact points.
[gelatina] t=  328 ms  TRACK        rival=si d=  73 mm rumbo=+4517 cdeg  linea=0x0
[gelatina] t=  336 ms  ATTACK       rival=si d=  73 mm rumbo=+4517 cdeg  linea=0x0
[gelatina] t=  536 ms  SEARCH       rival=no d=9999 mm rumbo=-6000 cdeg  linea=0x0
[gelatina] t=  632 ms  TRACK        rival=si d=  75 mm rumbo=-4533 cdeg  linea=0x0
[gelatina] t=  640 ms  ATTACK       rival=si d=  75 mm rumbo=-4533 cdeg  linea=0x0
[gelatina] t=  832 ms  SEARCH       rival=no d=9999 mm rumbo=+4511 cdeg  linea=0x0
[gelatina] t=  920 ms  TRACK        rival=si d= 100 mm rumbo=+6000 cdeg  linea=0x0
[gelatina] t=  928 ms  ATTACK       rival=si d= 100 mm rumbo=+4523 cdeg  linea=0x0
[gelatina] t= 1160 ms  SEARCH       rival=no d=9999 mm rumbo=-6000 cdeg  linea=0x0
[gelatina] t= 1192 ms  TRACK        rival=si d= 124 mm rumbo=-6000 cdeg  linea=0x0
[gelatina] t= 1200 ms  ATTACK       rival=si d= 124 mm rumbo=-6000 cdeg  linea=0x0
WARNING: Contact joints between materials 'rueda' and 'dohyo' will only be created for the 10 deepest contact points instead of all the 12 contact points.
[gelatina] t= 1560 ms  SEARCH       rival=no d=9999 mm rumbo=+3000 cdeg  linea=0x0
[gelatina] t= 1680 ms  TRACK        rival=si d=  36 mm rumbo=+3000 cdeg  linea=0x0
[gelatina] t= 1688 ms  ATTACK       rival=si d=  36 mm rumbo=+3000 cdeg  linea=0x0
[gelatina] t= 2048 ms  SEARCH       rival=no d=9999 mm rumbo=   +0 cdeg  linea=0x0
WARNING: Contact joints between materials 'patin' and 'dohyo' will only be created for the 10 deepest contact points instead of all the 26 contact points.
[gelatina] t= 2376 ms  TRACK        rival=si d=  60 mm rumbo=+4509 cdeg  linea=0x0
[gelatina] t= 2384 ms  ATTACK       rival=si d=  60 mm rumbo=+4509 cdeg  linea=0x0
[gelatina] t= 2584 ms  SEARCH       rival=no d=9999 mm rumbo=-4503 cdeg  linea=0x0
[gelatina] t= 2672 ms  TRACK        rival=si d=  73 mm rumbo=-6000 cdeg  linea=0x0
[gelatina] t= 2680 ms  ATTACK       rival=si d=  73 mm rumbo=-6000 cdeg  linea=0x0
WARNING: Contact joints between materials 'patin' and 'dohyo' will only be created for the 10 deepest contact points instead of all the 12 contact points.
[gelatina] t= 3336 ms  SEARCH       rival=no d=9999 mm rumbo=   +0 cdeg  linea=0x0
[gelatina] t= 3600 ms  TRACK        rival=si d=  64 mm rumbo=+1541 cdeg  linea=0x0
[gelatina] t= 3608 ms  ATTACK       rival=si d=  64 mm rumbo=+1541 cdeg  linea=0x0
[gelatina] t= 3800 ms  SEARCH       rival=no d=9999 mm rumbo=-6000 cdeg  linea=0x0
[gelatina] t= 3896 ms  TRACK        rival=si d=  73 mm rumbo=-6000 cdeg  linea=0x0
[gelatina] t= 3904 ms  ATTACK       rival=si d=  73 mm rumbo=-6000 cdeg  linea=0x0
[gelatina] t= 4128 ms  SEARCH       rival=no d=9999 mm rumbo=+6000 cdeg  linea=0x0
[gelatina] t= 4192 ms  TRACK        rival=si d=  90 mm rumbo=+6000 cdeg  linea=0x0
[gelatina] t= 4200 ms  ATTACK       rival=si d=  90 mm rumbo=+6000 cdeg  linea=0x0
WARNING: Contact joints between materials 'patin' and 'dohyo' will only be created for the 10 deepest contact points instead of all the 14 contact points.
[gelatina] t= 4432 ms  SEARCH       rival=no d=9999 mm rumbo=-6000 cdeg  linea=0x0
[gelatina] t= 4456 ms  TRACK        rival=si d=  72 mm rumbo=-6000 cdeg  linea=0x0
[gelatina] t= 4464 ms  ATTACK       rival=si d=  72 mm rumbo=-6000 cdeg  linea=0x0
[gelatina] t= 4728 ms  SEARCH       rival=no d=9999 mm rumbo=   +0 cdeg  linea=0x0
[gelatina] t= 4920 ms  TRACK        rival=si d=  36 mm rumbo=-6000 cdeg  linea=0x0
[gelatina] t= 4928 ms  ATTACK       rival=si d=  36 mm rumbo=-6000 cdeg  linea=0x0
[gelatina] t= 5056 ms  SEARCH       rival=no d=9999 mm rumbo=-6000 cdeg  linea=0x0
[gelatina] t= 5184 ms  TRACK        rival=si d=  68 mm rumbo=-6000 cdeg  linea=0x0
[gelatina] t= 5192 ms  ATTACK       rival=si d=  68 mm rumbo=-6000 cdeg  linea=0x0
[gelatina] t= 5416 ms  SEARCH       rival=no d=9999 mm rumbo=+6000 cdeg  linea=0x0
[gelatina] t= 5480 ms  TRACK        rival=si d=  65 mm rumbo=+6000 cdeg  linea=0x0
[gelatina] t= 5488 ms  ATTACK       rival=si d=  65 mm rumbo=+6000 cdeg  linea=0x0
WARNING: Contact joints between materials 'patin' and 'dohyo' will only be created for the 10 deepest contact points instead of all the 12 contact points.
[gelatina] t= 5712 ms  SEARCH       rival=no d=9999 mm rumbo=-4512 cdeg  linea=0x0
[gelatina] t= 5744 ms  TRACK        rival=si d=  78 mm rumbo=-6000 cdeg  linea=0x0
[gelatina] t= 5752 ms  ATTACK       rival=si d=  78 mm rumbo=-6000 cdeg  linea=0x0
[arbitro] asalto 24/30  espalda  tiempo agotado  +0  60.00 s
[planta] asalto=24 mu=1.1 slip=0.0005 aleatorio=0
[gelatina] t=    0 ms  WAIT         rival=si d=  56 mm rumbo=+3000 cdeg  linea=0x0
WARNING: Contact joints between materials 'patin' and 'dohyo' will only be created for the 10 deepest contact points instead of all the 52 contact points.
[planta] gelatina V=7.4 R=4 Rpuente=0.5 I0=0.15 Ke=0.0793326178 Kt=0.0483794733
[sensores] gelatina ToF alcance=1200 minimo=30 sigma_rel=0.07
[gelatina] pulsador recibido: permiso previsto 477024 ms
[arranque] pulsador=472024 permiso=477024 ms
[planta] rival V=7.4 R=4 Rpuente=0.5 I0=0.15 Ke=0.0793326178 Kt=0.0483794733
[sensores] rival ToF alcance=1200 minimo=30 sigma_rel=0.07
[gelatina] permiso de arranque a los 477024 ms
[gelatina] t=    0 ms  TRACK        rival=si d=  80 mm rumbo=   +0 cdeg  linea=0x0
[gelatina] t=    8 ms  ATTACK       rival=si d=  80 mm rumbo=   +0 cdeg  linea=0x0
WARNING: Contact joints between materials 'patin' and 'dohyo' will only be created for the 10 deepest contact points instead of all the 39 contact points.
[gelatina] t=  264 ms  SEARCH       rival=no d=9999 mm rumbo=+1494 cdeg  linea=0x0
[gelatina] t=  392 ms  TRACK        rival=si d=  42 mm rumbo=   +0 cdeg  linea=0x0
[gelatina] t=  400 ms  ATTACK       rival=si d=  42 mm rumbo=   +0 cdeg  linea=0x0
[gelatina] t=  888 ms  SEARCH       rival=no d=9999 mm rumbo=+3000 cdeg  linea=0x0
[gelatina] t= 1016 ms  TRACK        rival=si d=  76 mm rumbo=-3000 cdeg  linea=0x0
[gelatina] t= 1024 ms  ATTACK       rival=si d=  76 mm rumbo=-3000 cdeg  linea=0x0
WARNING: Contact joints between materials 'patin' and 'dohyo' will only be created for the 10 deepest contact points instead of all the 11 contact points.
[gelatina] t= 1160 ms  SEARCH       rival=no d=9999 mm rumbo=-3000 cdeg  linea=0x0
[gelatina] t= 1320 ms  TRACK        rival=si d= 111 mm rumbo=-6000 cdeg  linea=0x0
[gelatina] t= 1328 ms  ATTACK       rival=si d= 111 mm rumbo=-6000 cdeg  linea=0x0
[gelatina] t= 1552 ms  SEARCH       rival=no d=9999 mm rumbo=+6000 cdeg  linea=0x0
[gelatina] t= 1648 ms  TRACK        rival=si d= 114 mm rumbo=+4526 cdeg  linea=0x0
[gelatina] t= 1656 ms  ATTACK       rival=si d= 114 mm rumbo=+4526 cdeg  linea=0x0
[gelatina] t= 1848 ms  SEARCH       rival=no d=9999 mm rumbo=-4517 cdeg  linea=0x0
[gelatina] t= 1912 ms  TRACK        rival=si d= 123 mm rumbo=-6000 cdeg  linea=0x0
[gelatina] t= 1920 ms  ATTACK       rival=si d= 123 mm rumbo=-6000 cdeg  linea=0x0
[gelatina] t= 2144 ms  SEARCH       rival=no d=9999 mm rumbo=+6000 cdeg  linea=0x0
[gelatina] t= 2176 ms  TRACK        rival=si d= 109 mm rumbo=+6000 cdeg  linea=0x0
[gelatina] t= 2184 ms  ATTACK       rival=si d= 109 mm rumbo=+6000 cdeg  linea=0x0
WARNING: Contact joints between materials 'patin' and 'dohyo' will only be created for the 10 deepest contact points instead of all the 16 contact points.
[arbitro] asalto 25/30  frente   rival fuera     +1   2.78 s
[planta] asalto=25 mu=1.1 slip=0.0005 aleatorio=0
[gelatina] t=    0 ms  WAIT         rival=no d=9999 mm rumbo=   +0 cdeg  linea=0x1
[planta] gelatina V=7.4 R=4 Rpuente=0.5 I0=0.15 Ke=0.0793326178 Kt=0.0483794733
[sensores] gelatina ToF alcance=1200 minimo=30 sigma_rel=0.07
[gelatina] pulsador recibido: permiso previsto 485120 ms
[arranque] pulsador=480120 permiso=485120 ms
[planta] rival V=7.4 R=4 Rpuente=0.5 I0=0.15 Ke=0.0793326178 Kt=0.0483794733
[sensores] rival ToF alcance=1200 minimo=30 sigma_rel=0.07
[gelatina] permiso de arranque a los 485120 ms
[gelatina] t=    0 ms  OPENING      rival=no d=9999 mm rumbo=   +0 cdeg  linea=0x0
WARNING: Contact joints between materials 'rueda' and 'dohyo' will only be created for the 10 deepest contact points instead of all the 11 contact points.
[gelatina] t=   88 ms  TRACK        rival=si d=  58 mm rumbo=-6000 cdeg  linea=0x0
[gelatina] t=   96 ms  ATTACK       rival=si d=  58 mm rumbo=-6000 cdeg  linea=0x0
[gelatina] t=  352 ms  SEARCH       rival=no d=9999 mm rumbo=   +0 cdeg  linea=0x0
[gelatina] t=  480 ms  TRACK        rival=si d=  54 mm rumbo=-3000 cdeg  linea=0x0
[gelatina] t=  488 ms  ATTACK       rival=si d=  54 mm rumbo=-3000 cdeg  linea=0x0
[gelatina] t=  648 ms  SEARCH       rival=no d=9999 mm rumbo=-6000 cdeg  linea=0x0
[gelatina] t=  712 ms  TRACK        rival=si d=  93 mm rumbo=-6000 cdeg  linea=0x0
[gelatina] t=  720 ms  ATTACK       rival=si d=  93 mm rumbo=-6000 cdeg  linea=0x0
WARNING: Contact joints between materials 'patin' and 'dohyo' will only be created for the 10 deepest contact points instead of all the 22 contact points.
[gelatina] t= 1248 ms  SEARCH       rival=no d=9999 mm rumbo=-3000 cdeg  linea=0x0
[gelatina] t= 1368 ms  TRACK        rival=si d=  37 mm rumbo=+6000 cdeg  linea=0x0
[gelatina] t= 1376 ms  ATTACK       rival=si d=  37 mm rumbo=+6000 cdeg  linea=0x0
[gelatina] t= 1504 ms  SEARCH       rival=no d=9999 mm rumbo=+6000 cdeg  linea=0x0
[gelatina] t= 1664 ms  TRACK        rival=si d=  90 mm rumbo=+6000 cdeg  linea=0x0
[gelatina] t= 1672 ms  ATTACK       rival=si d=  90 mm rumbo=+6000 cdeg  linea=0x0
[gelatina] t= 1904 ms  SEARCH       rival=no d=9999 mm rumbo=-6000 cdeg  linea=0x0
[gelatina] t= 1968 ms  TRACK        rival=si d=  91 mm rumbo=-6000 cdeg  linea=0x0
[gelatina] t= 1976 ms  ATTACK       rival=si d=  91 mm rumbo=-6000 cdeg  linea=0x0
WARNING: Contact joints between materials 'patin' and 'dohyo' will only be created for the 10 deepest contact points instead of all the 15 contact points.
[arbitro] asalto 26/30  lado     rival fuera     +1   2.33 s
[planta] asalto=26 mu=1.1 slip=0.0005 aleatorio=0
[gelatina] t=    0 ms  WAIT         rival=no d=9999 mm rumbo=-2989 cdeg  linea=0x2
[planta] gelatina V=7.4 R=4 Rpuente=0.5 I0=0.15 Ke=0.0793326178 Kt=0.0483794733
[sensores] gelatina ToF alcance=1200 minimo=30 sigma_rel=0.07
[gelatina] pulsador recibido: permiso previsto 492760 ms
[arranque] pulsador=487760 permiso=492760 ms
[planta] rival V=7.4 R=4 Rpuente=0.5 I0=0.15 Ke=0.0793326178 Kt=0.0483794733
[sensores] rival ToF alcance=1200 minimo=30 sigma_rel=0.07
[gelatina] permiso de arranque a los 492760 ms
[gelatina] t=    0 ms  OPENING      rival=no d=9999 mm rumbo=-2989 cdeg  linea=0x0
WARNING: Contact joints between materials 'rueda' and 'dohyo' will only be created for the 10 deepest contact points instead of all the 11 contact points.
[gelatina] t=  112 ms  SEARCH       rival=no d=9999 mm rumbo=-2989 cdeg  linea=0x0
[gelatina] t=  200 ms  TRACK        rival=si d=  80 mm rumbo=-6000 cdeg  linea=0x0
[gelatina] t=  208 ms  ATTACK       rival=si d=  80 mm rumbo=-6000 cdeg  linea=0x0
[gelatina] t=  432 ms  SEARCH       rival=no d=9999 mm rumbo=+4527 cdeg  linea=0x0
[gelatina] t=  464 ms  TRACK        rival=si d=  80 mm rumbo=+6000 cdeg  linea=0x0
[gelatina] t=  472 ms  ATTACK       rival=si d=  80 mm rumbo=+6000 cdeg  linea=0x0
[gelatina] t=  736 ms  SEARCH       rival=no d=9999 mm rumbo=-4484 cdeg  linea=0x0
[gelatina] t=  824 ms  TRACK        rival=si d=  45 mm rumbo=-3000 cdeg  linea=0x0
[gelatina] t=  832 ms  ATTACK       rival=si d=  45 mm rumbo=-3000 cdeg  linea=0x0
[gelatina] t=  960 ms  SEARCH       rival=no d=9999 mm rumbo=-3000 cdeg  linea=0x0
[gelatina] t= 1120 ms  TRACK        rival=si d=  72 mm rumbo=-6000 cdeg  linea=0x0
[gelatina] t= 1128 ms  ATTACK       rival=si d=  72 mm rumbo=-6000 cdeg  linea=0x0
WARNING: Contact joints between materials 'rueda' and 'dohyo' will only be created for the 10 deepest contact points instead of all the 16 contact points.
[gelatina] t= 1328 ms  SEARCH       rival=no d=9999 mm rumbo=+4530 cdeg  linea=0x0
[gelatina] t= 1384 ms  TRACK        rival=si d= 102 mm rumbo=+6000 cdeg  linea=0x0
[gelatina] t= 1392 ms  ATTACK       rival=si d= 102 mm rumbo=+6000 cdeg  linea=0x0
[gelatina] t= 1856 ms  SEARCH       rival=no d=9999 mm rumbo=+3000 cdeg  linea=0x0
[gelatina] t= 1952 ms  TRACK        rival=si d=  37 mm rumbo=-3000 cdeg  linea=0x0
[gelatina] t= 1960 ms  ATTACK       rival=si d=  37 mm rumbo=-3000 cdeg  linea=0x0
[gelatina] t= 2120 ms  SEARCH       rival=no d=9999 mm rumbo=-6000 cdeg  linea=0x0
[gelatina] t= 2216 ms  TRACK        rival=si d=  59 mm rumbo=-6000 cdeg  linea=0x0
[gelatina] t= 2224 ms  ATTACK       rival=si d=  59 mm rumbo=-6000 cdeg  linea=0x0
[gelatina] t= 2448 ms  SEARCH       rival=no d=9999 mm rumbo=+6000 cdeg  linea=0x0
[gelatina] t= 2472 ms  TRACK        rival=si d= 146 mm rumbo=+6000 cdeg  linea=0x0
[gelatina] t= 2504 ms  ATTACK       rival=si d=  87 mm rumbo=+6000 cdeg  linea=0x0
WARNING: Contact joints between materials 'patin' and 'dohyo' will only be created for the 10 deepest contact points instead of all the 14 contact points.
[gelatina] t= 3008 ms  SEARCH       rival=no d=9999 mm rumbo=-3000 cdeg  linea=0x1
[gelatina] t= 3072 ms  ATTACK       rival=si d=  78 mm rumbo=   +0 cdeg  linea=0x5
WARNING: Contact joints between materials 'patin' and 'dohyo' will only be created for the 10 deepest contact points instead of all the 28 contact points.
[arbitro] asalto 27/30  espalda  rival fuera     +1   3.82 s
[planta] asalto=27 mu=1.1 slip=0.0005 aleatorio=0
[gelatina] t=    0 ms  WAIT         rival=si d=  77 mm rumbo=+1465 cdeg  linea=0x0
[planta] gelatina V=7.4 R=4 Rpuente=0.5 I0=0.15 Ke=0.0793326178 Kt=0.0483794733
[sensores] gelatina ToF alcance=1200 minimo=30 sigma_rel=0.07
[gelatina] pulsador recibido: permiso previsto 501888 ms
[arranque] pulsador=496888 permiso=501888 ms
[planta] rival V=7.4 R=4 Rpuente=0.5 I0=0.15 Ke=0.0793326178 Kt=0.0483794733
[sensores] rival ToF alcance=1200 minimo=30 sigma_rel=0.07
[gelatina] permiso de arranque a los 501888 ms
[gelatina] t=    0 ms  TRACK        rival=si d=  70 mm rumbo=   +0 cdeg  linea=0x0
[gelatina] t=    7 ms  ATTACK       rival=si d=  70 mm rumbo=   +0 cdeg  linea=0x0
WARNING: Contact joints between materials 'patin' and 'dohyo' will only be created for the 10 deepest contact points instead of all the 11 contact points.
[gelatina] t=  416 ms  SEARCH       rival=no d=9999 mm rumbo=+3000 cdeg  linea=0x0
[gelatina] t=  440 ms  TRACK        rival=si d=  35 mm rumbo=+3000 cdeg  linea=0x0
[gelatina] t=  447 ms  ATTACK       rival=si d=  35 mm rumbo=+3000 cdeg  linea=0x0
[gelatina] t=  807 ms  SEARCH       rival=no d=9999 mm rumbo=+6000 cdeg  linea=0x2
[arbitro] asalto 28/30  frente   rival fuera     +1   0.88 s
[planta] asalto=28 mu=1.1 slip=0.0005 aleatorio=0
[gelatina] t=    0 ms  WAIT         rival=no d=9999 mm rumbo=+6000 cdeg  linea=0x2
[arranque] pulsador=503080 permiso=508080 ms
[planta] gelatina V=7.4 R=4 Rpuente=0.5 I0=0.15 Ke=0.0793326178 Kt=0.0483794733
[sensores] gelatina ToF alcance=1200 minimo=30 sigma_rel=0.07
[gelatina] pulsador recibido: permiso previsto 508080 ms
[planta] rival V=7.4 R=4 Rpuente=0.5 I0=0.15 Ke=0.0793326178 Kt=0.0483794733
[sensores] rival ToF alcance=1200 minimo=30 sigma_rel=0.07
[gelatina] permiso de arranque a los 508080 ms
[gelatina] t=    0 ms  OPENING      rival=no d=9999 mm rumbo=+6000 cdeg  linea=0x0
WARNING: Contact joints between materials 'rueda' and 'dohyo' will only be created for the 10 deepest contact points instead of all the 16 contact points.
[gelatina] t=   56 ms  TRACK        rival=si d=  70 mm rumbo=-6000 cdeg  linea=0x0
[gelatina] t=   64 ms  ATTACK       rival=si d=  70 mm rumbo=-6000 cdeg  linea=0x0
[gelatina] t=  392 ms  SEARCH       rival=no d=9999 mm rumbo=+6000 cdeg  linea=0x0
[gelatina] t=  648 ms  TRACK        rival=si d=  44 mm rumbo=+6000 cdeg  linea=0x0
[gelatina] t=  656 ms  ATTACK       rival=si d=  44 mm rumbo=+4525 cdeg  linea=0x0
[gelatina] t= 1024 ms  SEARCH       rival=no d=9999 mm rumbo=-3000 cdeg  linea=0x0
WARNING: Contact joints between materials 'patin' and 'dohyo' will only be created for the 10 deepest contact points instead of all the 14 contact points.
[gelatina] t= 1312 ms  TRACK        rival=si d=  34 mm rumbo=-6000 cdeg  linea=0x0
[gelatina] t= 1320 ms  ATTACK       rival=si d=  34 mm rumbo=-6000 cdeg  linea=0x0
WARNING: Contact joints between materials 'patin' and 'dohyo' will only be created for the 10 deepest contact points instead of all the 16 contact points.
WARNING: Contact joints between materials 'patin' and 'dohyo' will only be created for the 10 deepest contact points instead of all the 15 contact points.
WARNING: Contact joints between materials 'patin' and 'dohyo' will only be created for the 10 deepest contact points instead of all the 15 contact points.
WARNING: Contact joints between materials 'patin' and 'dohyo' will only be created for the 10 deepest contact points instead of all the 12 contact points.
WARNING: Contact joints between materials 'patin' and 'dohyo' will only be created for the 10 deepest contact points instead of all the 12 contact points.
WARNING: Contact joints between materials 'patin' and 'dohyo' will only be created for the 10 deepest contact points instead of all the 15 contact points.
WARNING: Contact joints between materials 'patin' and 'dohyo' will only be created for the 10 deepest contact points instead of all the 17 contact points.
WARNING: Contact joints between materials 'patin' and 'dohyo' will only be created for the 10 deepest contact points instead of all the 17 contact points.
WARNING: Contact joints between materials 'patin' and 'dohyo' will only be created for the 10 deepest contact points instead of all the 17 contact points.
WARNING: Contact joints between materials 'patin' and 'dohyo' will only be created for the 10 deepest contact points instead of all the 15 contact points.
WARNING: Contact joints between materials 'patin' and 'dohyo' will only be created for the 10 deepest contact points instead of all the 17 contact points.
WARNING: Contact joints between materials 'patin' and 'dohyo' will only be created for the 10 deepest contact points instead of all the 17 contact points.
[gelatina] t=14456 ms  EDGE_ESCAPE  rival=si d= 176 mm rumbo=-6000 cdeg  linea=0x8
[gelatina] t=14664 ms  SEARCH       rival=si d= 191 mm rumbo=-6000 cdeg  linea=0x8
[gelatina] t=14672 ms  TRACK        rival=si d= 191 mm rumbo=-6000 cdeg  linea=0x8
[arbitro] asalto 29/30  lado     auto-salida     -1  14.73 s
[planta] asalto=29 mu=1.1 slip=0.0005 aleatorio=0
[gelatina] t=    0 ms  WAIT         rival=no d=9999 mm rumbo=-6000 cdeg  linea=0x1
[planta] gelatina V=7.4 R=4 Rpuente=0.5 I0=0.15 Ke=0.0793326178 Kt=0.0483794733
[sensores] gelatina ToF alcance=1200 minimo=30 sigma_rel=0.07
[gelatina] pulsador recibido: permiso previsto 528120 ms
[arranque] pulsador=523120 permiso=528120 ms
[planta] rival V=7.4 R=4 Rpuente=0.5 I0=0.15 Ke=0.0793326178 Kt=0.0483794733
[sensores] rival ToF alcance=1200 minimo=30 sigma_rel=0.07
[gelatina] permiso de arranque a los 528120 ms
[gelatina] t=    0 ms  OPENING      rival=no d=9999 mm rumbo=-6000 cdeg  linea=0x0
WARNING: Contact joints between materials 'patin' and 'dohyo' will only be created for the 10 deepest contact points instead of all the 18 contact points.
[gelatina] t=  112 ms  SEARCH       rival=no d=9999 mm rumbo=-6000 cdeg  linea=0x0
[gelatina] t=  216 ms  TRACK        rival=si d=  46 mm rumbo=-4566 cdeg  linea=0x0
[gelatina] t=  224 ms  ATTACK       rival=si d=  46 mm rumbo=-4566 cdeg  linea=0x0
[gelatina] t=  448 ms  SEARCH       rival=no d=9999 mm rumbo=+6000 cdeg  linea=0x0
[gelatina] t=  512 ms  TRACK        rival=si d=  65 mm rumbo=+6000 cdeg  linea=0x0
[gelatina] t=  520 ms  ATTACK       rival=si d=  65 mm rumbo=+6000 cdeg  linea=0x0
[gelatina] t=  784 ms  SEARCH       rival=no d=9999 mm rumbo=-6000 cdeg  linea=0x0
[gelatina] t=  808 ms  TRACK        rival=si d=  46 mm rumbo=-6000 cdeg  linea=0x0
[gelatina] t=  816 ms  ATTACK       rival=si d=  46 mm rumbo=-6000 cdeg  linea=0x0
WARNING: Contact joints between materials 'rueda' and 'dohyo' will only be created for the 10 deepest contact points instead of all the 11 contact points.
[gelatina] t= 1208 ms  SEARCH       rival=no d=9999 mm rumbo=   +0 cdeg  linea=0x0
[gelatina] t= 1368 ms  TRACK        rival=si d=  28 mm rumbo=   +0 cdeg  linea=0x0
[gelatina] t= 1376 ms  ATTACK       rival=si d=  28 mm rumbo=   +0 cdeg  linea=0x0
[gelatina] t= 1504 ms  SEARCH       rival=no d=9999 mm rumbo=   +0 cdeg  linea=0x0
[gelatina] t= 1696 ms  TRACK        rival=si d=  72 mm rumbo=+4532 cdeg  linea=0x0
[gelatina] t= 1704 ms  ATTACK       rival=si d=  72 mm rumbo=+4532 cdeg  linea=0x0
[gelatina] t= 1904 ms  SEARCH       rival=no d=9999 mm rumbo=-4586 cdeg  linea=0x0
[gelatina] t= 1968 ms  TRACK        rival=si d=  76 mm rumbo=-6000 cdeg  linea=0x0
[gelatina] t= 1976 ms  ATTACK       rival=si d=  76 mm rumbo=-6000 cdeg  linea=0x0
[gelatina] t= 2232 ms  SEARCH       rival=no d=9999 mm rumbo=+6000 cdeg  linea=0x0
[gelatina] t= 2256 ms  TRACK        rival=si d=  75 mm rumbo=+6000 cdeg  linea=0x0
[gelatina] t= 2264 ms  ATTACK       rival=si d=  75 mm rumbo=+6000 cdeg  linea=0x0
WARNING: Contact joints between materials 'patin' and 'dohyo' will only be created for the 10 deepest contact points instead of all the 18 contact points.
[gelatina] t= 2632 ms  SEARCH       rival=no d=9999 mm rumbo=   +0 cdeg  linea=0x0
[gelatina] t= 2952 ms  TRACK        rival=si d=  37 mm rumbo=+3000 cdeg  linea=0x0
[gelatina] t= 2960 ms  ATTACK       rival=si d=  37 mm rumbo=+3000 cdeg  linea=0x0
[gelatina] t= 3384 ms  SEARCH       rival=no d=9999 mm rumbo=   +0 cdeg  linea=0x0
WARNING: Contact joints between materials 'patin' and 'dohyo' will only be created for the 10 deepest contact points instead of all the 12 contact points.
[gelatina] t= 3648 ms  TRACK        rival=si d=  48 mm rumbo=+6000 cdeg  linea=0x0
[gelatina] t= 3656 ms  ATTACK       rival=si d=  48 mm rumbo=+6000 cdeg  linea=0x0
[gelatina] t= 3848 ms  SEARCH       rival=no d=9999 mm rumbo=-4505 cdeg  linea=0x0
[gelatina] t= 3944 ms  TRACK        rival=si d= 185 mm rumbo=-4459 cdeg  linea=0x0
[arbitro] asalto 30/30  espalda  rival fuera     +1   3.98 s

[arbitro] RESULTADO  18W 8L 4D  win rate 60.0%  auto-salidas 3  t medio de victoria 4.15 s

[arbitro]   frente   6W 4L 0D
[arbitro]   lado     5W 2L 3D
[arbitro]   espalda  7W 2L 1D
[arbitro]   combate: gana 75.9%  jueces 0.0%  pierde 24.1%
[arbitro] resultados -> ../../../../result.json
INFO: 'arbitro' controller exited successfully.
INFO: medido: Terminating.
INFO: oponente: Terminating.
