WARNING: Contact joints between materials 'patin' and 'dohyo' will only be created for the 10 deepest contact points instead of all the 12 contact points.
INFO: medido: Starting controller: $LAB_ROOT/Mini-Sumo-real/runs/real/20260913T170055382120Z_v21_v0.3.1_reglamento_spinner_s0_r1/project/webots/controllers/medido/medido
INFO: oponente: Starting controller: $LAB_ROOT/Mini-Sumo-real/runs/real/20260913T170055382120Z_v21_v0.3.1_reglamento_spinner_s0_r1/project/webots/controllers/oponente/oponente spinner
INFO: arbitro: Starting controller: $LAB_ROOT/Mini-Sumo-real/runs/real/20260913T170055382120Z_v21_v0.3.1_reglamento_spinner_s0_r1/project/webots/controllers/arbitro/arbitro --rounds 30 --rival spinner --version v0.3.1 --colocacion reglamento --out ../../../../result.json
[planta] gelatina ciclo=1 rueda=0 V=7.36485623 R=4.25602584 Rpuente=0.612744129 I0=0.126091683 Ke=0.092558592 Kt=0.0483794733
[planta] gelatina ciclo=1 rueda=1 V=7.36485623 R=3.87064724 Rpuente=0.5311391 I0=0.129181051 Ke=0.0852744683 Kt=0.0483794733
[sensores] gelatina ToF alcance=1418.63086 minimo=21.0914713 sigma_rel=0.0961221409
[gelatina] HAL Webots listo: paso 8 ms, umbral de linea 400
[gelatina] estrategia v0.3.0 en linea
[planta] rival ciclo=1 rueda=0 V=7.3310377 R=3.8954165 Rpuente=0.600848401 I0=0.180732483 Ke=0.0948581567 Kt=0.0483794733
[planta] rival ciclo=1 rueda=1 V=7.3310377 R=3.89561467 Rpuente=0.654952586 I0=0.158428279 Ke=0.0980418484 Kt=0.0483794733
[sensores] rival ToF alcance=1467.89725 minimo=45.1080084 sigma_rel=0.0588060713
[rival] comportamiento: spinner

[arbitro] 30 asaltos contra 'spinner', colocacion reglamento, limite 60 s por asalto
[gelatina] t=    0 ms  WAIT         rival=no d=9999 mm rumbo=   +0 cdeg  linea=0x0
Error: wb_supervisor_field_set_mf_vec3f() called on a read-only PROTO internal field.
Error: wb_supervisor_field_set_mf_vec3f() called on a read-only PROTO internal field.
Error: wb_supervisor_field_set_mf_vec3f() called on a read-only PROTO internal field.
Error: wb_supervisor_field_set_mf_vec3f() called on a read-only PROTO internal field.
[inercia] asalto=0 robot=GELATINA rueda=0 rotor=2.26145341e-05
[inercia] asalto=0 robot=GELATINA rueda=1 rotor=2.80318469e-05
[inercia] asalto=0 robot=RIVAL rueda=0 rotor=1.03646774e-05
[inercia] asalto=0 robot=RIVAL rueda=1 rotor=1.89769952e-05
[planta] asalto=0 mu=0.8364555 slip=0.000738541245 aleatorio=1
[planta] gelatina ciclo=2 rueda=0 V=7.40084512 R=4.10688725 Rpuente=0.572406459 I0=0.0936607003 Ke=0.0698853006 Kt=0.0483794733
[planta] gelatina ciclo=2 rueda=1 V=7.40084512 R=3.83835459 Rpuente=0.552155244 I0=0.199625596 Ke=0.0697456861 Kt=0.0483794733
[sensores] gelatina ToF alcance=1249.04298 minimo=21.2930501 sigma_rel=0.0465027428
[gelatina] pulsador recibido: permiso previsto 5312 ms
[planta] rival ciclo=2 rueda=0 V=7.99534413 R=3.71403046 Rpuente=0.594484353 I0=0.0934002846 Ke=0.0948363984 Kt=0.0483794733
[planta] rival ciclo=2 rueda=1 V=7.99534413 R=3.6196208 Rpuente=0.585172546 I0=0.147359303 Ke=0.0827417612 Kt=0.0483794733
[sensores] rival ToF alcance=757.486892 minimo=42.2123063 sigma_rel=0.084336791
[arranque] pulsador=312 permiso=5312 ms
[gelatina] permiso de arranque a los 5312 ms
[gelatina] t=    0 ms  TRACK        rival=si d=  71 mm rumbo=+1494 cdeg  linea=0x0
[gelatina] t=    8 ms  ATTACK       rival=si d=  71 mm rumbo=+1494 cdeg  linea=0x0
WARNING: Contact joints between materials 'patin' and 'dohyo' will only be created for the 10 deepest contact points instead of all the 13 contact points.
[gelatina] t=  624 ms  SEARCH       rival=no d=9999 mm rumbo=   +0 cdeg  linea=0x0
[gelatina] t=  688 ms  TRACK        rival=si d=  23 mm rumbo=+3000 cdeg  linea=0x0
[gelatina] t=  696 ms  ATTACK       rival=si d=  23 mm rumbo=+3000 cdeg  linea=0x0
Error: wb_supervisor_field_set_mf_vec3f() called on a read-only PROTO internal field.
Error: wb_supervisor_field_set_mf_vec3f() called on a read-only PROTO internal field.
Error: wb_supervisor_field_set_mf_vec3f() called on a read-only PROTO internal field.
Error: wb_supervisor_field_set_mf_vec3f() called on a read-only PROTO internal field.
[arbitro] asalto  1/30  frente   rival fuera     +1   0.81 s
[inercia] asalto=1 robot=GELATINA rueda=0 rotor=9.44531643e-06
[inercia] asalto=1 robot=GELATINA rueda=1 rotor=2.62596416e-05
[inercia] asalto=1 robot=RIVAL rueda=0 rotor=1.57621794e-05
[inercia] asalto=1 robot=RIVAL rueda=1 rotor=2.04041997e-05
[planta] asalto=1 mu=1.37476293 slip=0.00111237705 aleatorio=1
[gelatina] fin de asalto motor={"battery_v":7.40084512,"resistance_ohm":[4.10688725,3.83835459],"bridge_ohm":[0.572406459,0.552155244],"omega_rad_s":[19.2659386,53.0748115],"current_a":[0.410675853,0.842523106],"torque_nm":[0.0153370261,0.0311030429],"applied_pwm":[0.441581845,1],"over_1_2a_samples":10,"over_3_2a_samples":0}
[gelatina] t=    0 ms  WAIT         rival=no d=9999 mm rumbo=+3000 cdeg  linea=0x0
[rival] fin de asalto motor={"battery_v":7.99534413,"resistance_ohm":[3.71403046,3.6196208],"bridge_ohm":[0.594484353,0.585172546],"omega_rad_s":[-36.9391818,11.3271929],"current_a":[-0.114771127,0.727845562],"torque_nm":[-0.00103391009,0.0280836195],"applied_pwm":[-0.5,0.5],"over_1_2a_samples":8,"over_3_2a_samples":0}
[planta] gelatina ciclo=3 rueda=0 V=7.43466365 R=3.66749654 Rpuente=0.584302187 I0=0.189019892 Ke=0.0942266868 Kt=0.0483794733
[planta] gelatina ciclo=3 rueda=1 V=7.43466365 R=3.81338716 Rpuente=0.628341758 I0=0.170378369 Ke=0.0931979847 Kt=0.0483794733
[sensores] gelatina ToF alcance=1199.77666 minimo=27.276513 sigma_rel=0.0838188124
[gelatina] pulsador recibido: permiso previsto 11432 ms
[planta] rival ciclo=3 rueda=0 V=7.74568462 R=3.91137171 Rpuente=0.649971557 I0=0.121402636 Ke=0.0779893475 Kt=0.0483794733
[planta] rival ciclo=3 rueda=1 V=7.74568462 R=4.37315912 Rpuente=0.634254229 I0=0.20344854 Ke=0.0803429839 Kt=0.0483794733
[sensores] rival ToF alcance=1696.55499 minimo=23.2455051 sigma_rel=0.0747795963
[arranque] pulsador=6432 permiso=11432 ms
[gelatina] permiso de arranque a los 11432 ms
[gelatina] t=    0 ms  OPENING      rival=no d=9999 mm rumbo=+3000 cdeg  linea=0x0
WARNING: Contact joints between materials 'rueda' and 'dohyo' will only be created for the 10 deepest contact points instead of all the 14 contact points.
[gelatina] t=   96 ms  TRACK        rival=si d=  53 mm rumbo=-6000 cdeg  linea=0x0
[gelatina] t=  104 ms  ATTACK       rival=si d=  53 mm rumbo=-6000 cdeg  linea=0x0
[gelatina] t=  432 ms  SEARCH       rival=no d=9999 mm rumbo=-3000 cdeg  linea=0x0
[gelatina] t=  624 ms  TRACK        rival=si d=  32 mm rumbo=+3000 cdeg  linea=0x0
[gelatina] t=  632 ms  ATTACK       rival=si d=  32 mm rumbo=+3000 cdeg  linea=0x0
[gelatina] t=  760 ms  SEARCH       rival=no d=9999 mm rumbo=+3000 cdeg  linea=0x0
[gelatina] t=  856 ms  TRACK        rival=si d=  42 mm rumbo=+6000 cdeg  linea=0x0
[gelatina] t=  864 ms  ATTACK       rival=si d=  42 mm rumbo=+6000 cdeg  linea=0x0
WARNING: Contact joints between materials 'patin' and 'dohyo' will only be created for the 10 deepest contact points instead of all the 23 contact points.
[gelatina] t= 1384 ms  SEARCH       rival=no d=9999 mm rumbo=   +0 cdeg  linea=0x0
[gelatina] t= 1448 ms  EDGE_ESCAPE  rival=no d=9999 mm rumbo=   +0 cdeg  linea=0x2
Error: wb_supervisor_field_set_mf_vec3f() called on a read-only PROTO internal field.
Error: wb_supervisor_field_set_mf_vec3f() called on a read-only PROTO internal field.
Error: wb_supervisor_field_set_mf_vec3f() called on a read-only PROTO internal field.
Error: wb_supervisor_field_set_mf_vec3f() called on a read-only PROTO internal field.
[arbitro] asalto  2/30  lado     expulsado       -1   1.57 s
[inercia] asalto=2 robot=GELATINA rueda=0 rotor=1.53470491e-05
[inercia] asalto=2 robot=GELATINA rueda=1 rotor=3.54828401e-05
[inercia] asalto=2 robot=RIVAL rueda=0 rotor=3.22439504e-05
[inercia] asalto=2 robot=RIVAL rueda=1 rotor=1.78256371e-05
[planta] asalto=2 mu=1.1906902 slip=0.00167386723 aleatorio=1
[gelatina] fin de asalto motor={"battery_v":7.43466365,"resistance_ohm":[3.66749654,3.81338716],"bridge_ohm":[0.584302187,0.628341758],"omega_rad_s":[-9.6537199,14.8633101],"current_a":[-0.730298091,0.591996504],"torque_nm":[-0.0261867543,0.0203976633],"applied_pwm":[-0.540000021,0.540000021],"over_1_2a_samples":74,"over_3_2a_samples":0}
[gelatina] t=    0 ms  WAIT         rival=si d= 172 mm rumbo=+1041 cdeg  linea=0x0
[rival] fin de asalto motor={"battery_v":7.74568462,"resistance_ohm":[3.91137171,4.37315912],"bridge_ohm":[0.649971557,0.634254229],"omega_rad_s":[-29.837461,-17.0464231],"current_a":[-0.508711256,-0.6545995],"torque_nm":[-0.0187377871,-0.0218264458],"applied_pwm":[-0.6,-0.6],"over_1_2a_samples":15,"over_3_2a_samples":0}
[planta] gelatina ciclo=4 rueda=0 V=7.47065254 R=4.31835794 Rpuente=0.543964529 I0=0.156588909 Ke=0.0685665134 Kt=0.0483794733
[planta] gelatina ciclo=4 rueda=1 V=7.47065254 R=3.78109455 Rpuente=0.649357903 I0=0.0908229142 Ke=0.0832451824 Kt=0.0483794733
[sensores] gelatina ToF alcance=1030.18878 minimo=27.4780917 sigma_rel=0.114199414
[gelatina] pulsador recibido: permiso previsto 18312 ms
[planta] rival ciclo=4 rueda=0 V=7.00999113 R=3.72998562 Rpuente=0.643607509 I0=0.184070438 Ke=0.0712029904 Kt=0.0483794733
[planta] rival ciclo=4 rueda=1 V=7.00999113 R=4.0971653 Rpuente=0.564474189 I0=0.192379564 Ke=0.069703396 Kt=0.0483794733
[sensores] rival ToF alcance=986.144626 minimo=20.3498012 sigma_rel=0.100310316
[arranque] pulsador=13312 permiso=18312 ms
[gelatina] permiso de arranque a los 18312 ms
[gelatina] t=    0 ms  OPENING      rival=no d=9999 mm rumbo=+1041 cdeg  linea=0x0
WARNING: Contact joints between materials 'patin' and 'dohyo' will only be created for the 10 deepest contact points instead of all the 20 contact points.
[gelatina] t=  112 ms  SEARCH       rival=no d=9999 mm rumbo=+1041 cdeg  linea=0x0
[gelatina] t=  360 ms  TRACK        rival=si d=  72 mm rumbo=+4522 cdeg  linea=0x0
[gelatina] t=  368 ms  ATTACK       rival=si d=  72 mm rumbo=+4522 cdeg  linea=0x0
[gelatina] t=  560 ms  SEARCH       rival=no d=9999 mm rumbo=-6000 cdeg  linea=0x0
[gelatina] t=  656 ms  TRACK        rival=si d=  86 mm rumbo=-6000 cdeg  linea=0x0
[gelatina] t=  664 ms  ATTACK       rival=si d=  86 mm rumbo=-6000 cdeg  linea=0x0
[gelatina] t=  888 ms  SEARCH       rival=no d=9999 mm rumbo=+6000 cdeg  linea=0x0
[gelatina] t=  984 ms  TRACK        rival=si d= 132 mm rumbo=+6000 cdeg  linea=0x0
[gelatina] t=  992 ms  ATTACK       rival=si d= 132 mm rumbo=+6000 cdeg  linea=0x0
[gelatina] t= 1224 ms  SEARCH       rival=no d=9999 mm rumbo=-6000 cdeg  linea=0x0
[gelatina] t= 1280 ms  TRACK        rival=si d= 107 mm rumbo=-6000 cdeg  linea=0x0
WARNING: Contact joints between materials 'rueda' and 'dohyo' will only be created for the 10 deepest contact points instead of all the 12 contact points.
[gelatina] t= 1288 ms  ATTACK       rival=si d= 107 mm rumbo=-6000 cdeg  linea=0x0
[gelatina] t= 1520 ms  SEARCH       rival=no d=9999 mm rumbo=+6000 cdeg  linea=0x0
[gelatina] t= 1576 ms  TRACK        rival=si d=  80 mm rumbo=+6000 cdeg  linea=0x0
[gelatina] t= 1584 ms  ATTACK       rival=si d=  80 mm rumbo=+6000 cdeg  linea=0x0
[gelatina] t= 2016 ms  SEARCH       rival=no d=9999 mm rumbo=-6000 cdeg  linea=0x0
[gelatina] t= 2040 ms  TRACK        rival=si d=  41 mm rumbo=   +0 cdeg  linea=0x0
[gelatina] t= 2048 ms  ATTACK       rival=si d=  41 mm rumbo=   +0 cdeg  linea=0x0
[gelatina] t= 2280 ms  SEARCH       rival=no d=9999 mm rumbo=+3000 cdeg  linea=0x0
WARNING: Contact joints between materials 'patin' and 'dohyo' will only be created for the 10 deepest contact points instead of all the 35 contact points.
[gelatina] t= 2368 ms  TRACK        rival=si d=  51 mm rumbo=+3000 cdeg  linea=0x0
[gelatina] t= 2376 ms  ATTACK       rival=si d=  51 mm rumbo=+3000 cdeg  linea=0x0
[gelatina] t= 2840 ms  SEARCH       rival=no d=9999 mm rumbo=+3000 cdeg  linea=0x0
WARNING: Contact joints between materials 'patin' and 'dohyo' will only be created for the 10 deepest contact points instead of all the 12 contact points.
WARNING: Contact joints between materials 'patin' and 'dohyo' will only be created for the 10 deepest contact points instead of all the 16 contact points.
WARNING: Contact joints between materials 'patin' and 'dohyo' will only be created for the 10 deepest contact points instead of all the 16 contact points.
WARNING: Contact joints between materials 'patin' and 'dohyo' will only be created for the 10 deepest contact points instead of all the 11 contact points.
WARNING: Contact joints between materials 'patin' and 'dohyo' will only be created for the 10 deepest contact points instead of all the 11 contact points.
WARNING: Contact joints between materials 'patin' and 'dohyo' will only be created for the 10 deepest contact points instead of all the 11 contact points.
WARNING: Contact joints between materials 'patin' and 'dohyo' will only be created for the 10 deepest contact points instead of all the 16 contact points.
WARNING: Contact joints between materials 'patin' and 'dohyo' will only be created for the 10 deepest contact points instead of all the 16 contact points.
WARNING: Contact joints between materials 'patin' and 'dohyo' will only be created for the 10 deepest contact points instead of all the 16 contact points.
WARNING: Contact joints between materials 'patin' and 'dohyo' will only be created for the 10 deepest contact points instead of all the 16 contact points.
WARNING: Contact joints between materials 'patin' and 'dohyo' will only be created for the 10 deepest contact points instead of all the 11 contact points.
WARNING: Contact joints between materials 'patin' and 'dohyo' will only be created for the 10 deepest contact points instead of all the 16 contact points.
WARNING: Contact joints between materials 'patin' and 'dohyo' will only be created for the 10 deepest contact points instead of all the 11 contact points.
WARNING: Contact joints between materials 'patin' and 'dohyo' will only be created for the 10 deepest contact points instead of all the 16 contact points.
WARNING: Contact joints between materials 'patin' and 'dohyo' will only be created for the 10 deepest contact points instead of all the 16 contact points.
WARNING: Contact joints between materials 'patin' and 'dohyo' will only be created for the 10 deepest contact points instead of all the 16 contact points.
WARNING: Contact joints between materials 'patin' and 'dohyo' will only be created for the 10 deepest contact points instead of all the 16 contact points.
WARNING: Contact joints between materials 'patin' and 'dohyo' will only be created for the 10 deepest contact points instead of all the 16 contact points.
WARNING: Contact joints between materials 'patin' and 'dohyo' will only be created for the 10 deepest contact points instead of all the 16 contact points.
WARNING: Contact joints between materials 'patin' and 'dohyo' will only be created for the 10 deepest contact points instead of all the 11 contact points.
WARNING: Contact joints between materials 'patin' and 'dohyo' will only be created for the 10 deepest contact points instead of all the 16 contact points.
WARNING: Contact joints between materials 'patin' and 'dohyo' will only be created for the 10 deepest contact points instead of all the 16 contact points.
WARNING: Contact joints between materials 'patin' and 'dohyo' will only be created for the 10 deepest contact points instead of all the 11 contact points.
WARNING: Contact joints between materials 'patin' and 'dohyo' will only be created for the 10 deepest contact points instead of all the 16 contact points.
WARNING: Contact joints between materials 'patin' and 'dohyo' will only be created for the 10 deepest contact points instead of all the 16 contact points.
WARNING: Contact joints between materials 'patin' and 'dohyo' will only be created for the 10 deepest contact points instead of all the 16 contact points.
WARNING: Contact joints between materials 'patin' and 'dohyo' will only be created for the 10 deepest contact points instead of all the 16 contact points.
WARNING: Contact joints between materials 'patin' and 'dohyo' will only be created for the 10 deepest contact points instead of all the 11 contact points.
WARNING: Contact joints between materials 'patin' and 'dohyo' will only be created for the 10 deepest contact points instead of all the 11 contact points.
WARNING: Contact joints between materials 'patin' and 'dohyo' will only be created for the 10 deepest contact points instead of all the 16 contact points.
WARNING: Contact joints between materials 'patin' and 'dohyo' will only be created for the 10 deepest contact points instead of all the 16 contact points.
WARNING: Contact joints between materials 'patin' and 'dohyo' will only be created for the 10 deepest contact points instead of all the 11 contact points.
WARNING: Contact joints between materials 'patin' and 'dohyo' will only be created for the 10 deepest contact points instead of all the 11 contact points.
WARNING: Contact joints between materials 'patin' and 'dohyo' will only be created for the 10 deepest contact points instead of all the 16 contact points.
WARNING: Contact joints between materials 'patin' and 'dohyo' will only be created for the 10 deepest contact points instead of all the 16 contact points.
WARNING: Contact joints between materials 'patin' and 'dohyo' will only be created for the 10 deepest contact points instead of all the 16 contact points.
WARNING: Contact joints between materials 'patin' and 'dohyo' will only be created for the 10 deepest contact points instead of all the 16 contact points.
WARNING: Contact joints between materials 'patin' and 'dohyo' will only be created for the 10 deepest contact points instead of all the 11 contact points.
WARNING: Contact joints between materials 'patin' and 'dohyo' will only be created for the 10 deepest contact points instead of all the 16 contact points.
WARNING: Contact joints between materials 'patin' and 'dohyo' will only be created for the 10 deepest contact points instead of all the 16 contact points.
WARNING: Contact joints between materials 'patin' and 'dohyo' will only be created for the 10 deepest contact points instead of all the 11 contact points.
WARNING: Contact joints between materials 'patin' and 'dohyo' will only be created for the 10 deepest contact points instead of all the 11 contact points.
WARNING: Contact joints between materials 'patin' and 'dohyo' will only be created for the 10 deepest contact points instead of all the 11 contact points.
WARNING: Contact joints between materials 'patin' and 'dohyo' will only be created for the 10 deepest contact points instead of all the 16 contact points.
WARNING: Contact joints between materials 'patin' and 'dohyo' will only be created for the 10 deepest contact points instead of all the 16 contact points.
WARNING: Contact joints between materials 'patin' and 'dohyo' will only be created for the 10 deepest contact points instead of all the 11 contact points.
WARNING: Contact joints between materials 'patin' and 'dohyo' will only be created for the 10 deepest contact points instead of all the 11 contact points.
WARNING: Contact joints between materials 'patin' and 'dohyo' will only be created for the 10 deepest contact points instead of all the 16 contact points.
WARNING: Contact joints between materials 'patin' and 'dohyo' will only be created for the 10 deepest contact points instead of all the 16 contact points.
WARNING: Contact joints between materials 'patin' and 'dohyo' will only be created for the 10 deepest contact points instead of all the 11 contact points.
WARNING: Contact joints between materials 'patin' and 'dohyo' will only be created for the 10 deepest contact points instead of all the 11 contact points.
WARNING: Contact joints between materials 'patin' and 'dohyo' will only be created for the 10 deepest contact points instead of all the 16 contact points.
WARNING: Contact joints between materials 'patin' and 'dohyo' will only be created for the 10 deepest contact points instead of all the 16 contact points.
WARNING: Contact joints between materials 'patin' and 'dohyo' will only be created for the 10 deepest contact points instead of all the 16 contact points.
WARNING: Contact joints between materials 'patin' and 'dohyo' will only be created for the 10 deepest contact points instead of all the 11 contact points.
WARNING: Contact joints between materials 'patin' and 'dohyo' will only be created for the 10 deepest contact points instead of all the 16 contact points.
WARNING: Contact joints between materials 'patin' and 'dohyo' will only be created for the 10 deepest contact points instead of all the 16 contact points.
Error: wb_supervisor_field_set_mf_vec3f() called on a read-only PROTO internal field.
Error: wb_supervisor_field_set_mf_vec3f() called on a read-only PROTO internal field.
Error: wb_supervisor_field_set_mf_vec3f() called on a read-only PROTO internal field.
Error: wb_supervisor_field_set_mf_vec3f() called on a read-only PROTO internal field.
[arbitro] asalto  3/30  espalda  tiempo agotado  +0  60.00 s
[inercia] asalto=3 robot=GELATINA rueda=0 rotor=1.48304331e-05
[inercia] asalto=3 robot=GELATINA rueda=1 rotor=1.18224236e-05
[inercia] asalto=3 robot=RIVAL rueda=0 rotor=1.09047171e-05
[inercia] asalto=3 robot=RIVAL rueda=1 rotor=1.76097783e-05
[planta] asalto=3 mu=1.2826027 slip=0.00106291819 aleatorio=1
[gelatina] fin de asalto motor={"battery_v":7.47065254,"resistance_ohm":[4.31835794,3.78109455],"bridge_ohm":[0.543964529,0.649357903],"omega_rad_s":[0.0189224317,80.8379394],"current_a":[0.265229475,0.0661432124],"torque_nm":[0.012688329,-0.00119399097],"applied_pwm":[0.17279999,0.939999998],"over_1_2a_samples":275,"over_3_2a_samples":0}
[gelatina] t=    0 ms  WAIT         rival=no d=9999 mm rumbo=+3000 cdeg  linea=0x0
[rival] fin de asalto motor={"battery_v":7.00999113,"resistance_ohm":[3.72998562,4.0971653],"bridge_ohm":[0.643607509,0.564474189],"omega_rad_s":[0.00667495653,36.6247227],"current_a":[-0.80150822,0.204247459],"torque_nm":[-0.0388359867,0.000574162496],"applied_pwm":[-0.5,0.5],"over_1_2a_samples":16,"over_3_2a_samples":0}
[planta] gelatina ciclo=5 rueda=0 V=7.50447108 R=3.87896729 Rpuente=0.555860245 I0=0.101948109 Ke=0.0693291847 Kt=0.0483794733
[planta] gelatina ciclo=5 rueda=1 V=7.50447108 R=3.75612712 Rpuente=0.525544417 I0=0.211575678 Ke=0.0671260551 Kt=0.0483794733
[sensores] gelatina ToF alcance=980.922455 minimo=33.4615546 sigma_rel=0.0715154839
[gelatina] pulsador recibido: permiso previsto 83624 ms
[planta] rival ciclo=5 rueda=0 V=7.33795099 R=4.30922918 Rpuente=0.586078012 I0=0.119217575 Ke=0.0873178988 Kt=0.0483794733
[planta] rival ciclo=5 rueda=1 V=7.33795099 R=4.35173435 Rpuente=0.508019018 I0=0.164089081 Ke=0.0656203404 Kt=0.0483794733
[sensores] rival ToF alcance=1634.49379 minimo=42.0335317 sigma_rel=0.0726668024
[arranque] pulsador=78624 permiso=83624 ms
[gelatina] permiso de arranque a los 83624 ms
[gelatina] t=    0 ms  TRACK        rival=si d=  80 mm rumbo=   +0 cdeg  linea=0x0
[gelatina] t=    8 ms  ATTACK       rival=si d=  80 mm rumbo=   +0 cdeg  linea=0x0
WARNING: Contact joints between materials 'patin' and 'dohyo' will only be created for the 10 deepest contact points instead of all the 42 contact points.
[gelatina] t=  264 ms  SEARCH       rival=no d=9999 mm rumbo=+1500 cdeg  linea=0x0
[gelatina] t=  360 ms  TRACK        rival=si d=  31 mm rumbo=   +0 cdeg  linea=0x0
[gelatina] t=  368 ms  ATTACK       rival=si d=  31 mm rumbo=   +0 cdeg  linea=0x0
[gelatina] t=  592 ms  SEARCH       rival=no d=9999 mm rumbo=-6000 cdeg  linea=0x0
[gelatina] t=  624 ms  TRACK        rival=si d=  76 mm rumbo=-6000 cdeg  linea=0x0
[gelatina] t=  632 ms  ATTACK       rival=si d=  76 mm rumbo=-6000 cdeg  linea=0x0
[gelatina] t=  888 ms  SEARCH       rival=no d=9999 mm rumbo=+2974 cdeg  linea=0x0
[gelatina] t=  920 ms  TRACK        rival=si d=  50 mm rumbo=   +0 cdeg  linea=0x0
[gelatina] t=  928 ms  ATTACK       rival=si d=  50 mm rumbo=   +0 cdeg  linea=0x0
[gelatina] t= 1152 ms  SEARCH       rival=no d=9999 mm rumbo=+3000 cdeg  linea=0x0
[gelatina] t= 1216 ms  TRACK        rival=si d=  43 mm rumbo=   +0 cdeg  linea=0x0
[gelatina] t= 1224 ms  ATTACK       rival=si d=  43 mm rumbo=   +0 cdeg  linea=0x0
Error: wb_supervisor_field_set_mf_vec3f() called on a read-only PROTO internal field.
Error: wb_supervisor_field_set_mf_vec3f() called on a read-only PROTO internal field.
Error: wb_supervisor_field_set_mf_vec3f() called on a read-only PROTO internal field.
Error: wb_supervisor_field_set_mf_vec3f() called on a read-only PROTO internal field.
[arbitro] asalto  4/30  frente   rival fuera     +1   1.24 s
[inercia] asalto=4 robot=GELATINA rueda=0 rotor=2.47379504e-05
[inercia] asalto=4 robot=GELATINA rueda=1 rotor=1.92414347e-05
[inercia] asalto=4 robot=RIVAL rueda=0 rotor=1.60995954e-05
[inercia] asalto=4 robot=RIVAL rueda=1 rotor=2.92744263e-05
[planta] asalto=4 mu=0.729815042 slip=0.00141449273 aleatorio=1
[gelatina] fin de asalto motor={"battery_v":7.50447108,"resistance_ohm":[3.87896729,3.75612712],"bridge_ohm":[0.555860245,0.525544417],"omega_rad_s":[-4.71907228,58.6411519],"current_a":[-0.649121242,0.833347876],"torque_nm":[-0.0264727334,0.0300810115],"applied_pwm":[-0.427200019,1],"over_1_2a_samples":329,"over_3_2a_samples":0}
[gelatina] t=    0 ms  WAIT         rival=si d=  65 mm rumbo=-3000 cdeg  linea=0x2
[rival] fin de asalto motor={"battery_v":7.33795099,"resistance_ohm":[4.30922918,4.35173435],"bridge_ohm":[0.586078012,0.508019018],"omega_rad_s":[-43.8529563,23.0003714],"current_a":[0.0327196016,0.444401831],"torque_nm":[0.00735064056,0.0135613832],"applied_pwm":[-0.5,0.5],"over_1_2a_samples":20,"over_3_2a_samples":0}
WARNING: Contact joints between materials 'rueda' and 'dohyo' will only be created for the 10 deepest contact points instead of all the 14 contact points.
[planta] gelatina ciclo=6 rueda=0 V=7.54045988 R=3.72982864 Rpuente=0.515522587 I0=0.219517127 Ke=0.0691407664 Kt=0.0483794733
[planta] gelatina ciclo=6 rueda=1 V=7.54045988 R=3.72383447 Rpuente=0.546560562 I0=0.132020223 Ke=0.0905072248 Kt=0.0483794733
[sensores] gelatina ToF alcance=811.334574 minimo=33.6631316 sigma_rel=0.101896091
[gelatina] pulsador recibido: permiso previsto 90176 ms
[planta] rival ciclo=6 rueda=0 V=8.00225742 R=4.12784314 Rpuente=0.579713964 I0=0.181885377 Ke=0.0788056002 Kt=0.0483794733
[planta] rival ciclo=6 rueda=1 V=8.00225742 R=4.07574048 Rpuente=0.63823899 I0=0.153020105 Ke=0.0833654349 Kt=0.0483794733
[sensores] rival ToF alcance=924.083501 minimo=39.1378278 sigma_rel=0.0981975222
[arranque] pulsador=85176 permiso=90176 ms
[gelatina] permiso de arranque a los 90176 ms
[gelatina] t=    0 ms  OPENING      rival=no d=9999 mm rumbo=-3000 cdeg  linea=0x0
WARNING: Contact joints between materials 'patin' and 'dohyo' will only be created for the 10 deepest contact points instead of all the 13 contact points.
[gelatina] t=   64 ms  TRACK        rival=si d= 121 mm rumbo=-6000 cdeg  linea=0x0
[gelatina] t=   72 ms  ATTACK       rival=si d= 121 mm rumbo=-6000 cdeg  linea=0x0
[gelatina] t=  368 ms  SEARCH       rival=no d=9999 mm rumbo=-3000 cdeg  linea=0x0
[gelatina] t=  392 ms  TRACK        rival=si d=  39 mm rumbo=+3000 cdeg  linea=0x0
[gelatina] t=  400 ms  ATTACK       rival=si d=  39 mm rumbo=+3000 cdeg  linea=0x0
[gelatina] t=  528 ms  SEARCH       rival=no d=9999 mm rumbo=+3000 cdeg  linea=0x0
[gelatina] t=  624 ms  TRACK        rival=si d=  99 mm rumbo=+6000 cdeg  linea=0x0
[gelatina] t=  632 ms  ATTACK       rival=si d=  99 mm rumbo=+6000 cdeg  linea=0x0
[gelatina] t=  896 ms  SEARCH       rival=no d=9999 mm rumbo=-6000 cdeg  linea=0x0
[gelatina] t=  920 ms  TRACK        rival=si d= 100 mm rumbo=-6000 cdeg  linea=0x0
[gelatina] t=  928 ms  ATTACK       rival=si d= 100 mm rumbo=-6000 cdeg  linea=0x0
WARNING: Contact joints between materials 'patin' and 'dohyo' will only be created for the 10 deepest contact points instead of all the 54 contact points.
[gelatina] t= 1616 ms  EDGE_ESCAPE  rival=no d=9999 mm rumbo=+3000 cdeg  linea=0x2
[gelatina] t= 1824 ms  SEARCH       rival=no d=9999 mm rumbo=+3000 cdeg  linea=0x2
WARNING: Contact joints between materials 'patin' and 'dohyo' will only be created for the 10 deepest contact points instead of all the 11 contact points.
WARNING: Contact joints between materials 'patin' and 'dohyo' will only be created for the 10 deepest contact points instead of all the 12 contact points.
WARNING: Contact joints between materials 'patin' and 'dohyo' will only be created for the 10 deepest contact points instead of all the 12 contact points.
WARNING: Contact joints between materials 'patin' and 'dohyo' will only be created for the 10 deepest contact points instead of all the 12 contact points.
WARNING: Contact joints between materials 'patin' and 'dohyo' will only be created for the 10 deepest contact points instead of all the 11 contact points.
WARNING: Contact joints between materials 'patin' and 'dohyo' will only be created for the 10 deepest contact points instead of all the 12 contact points.
WARNING: Contact joints between materials 'patin' and 'dohyo' will only be created for the 10 deepest contact points instead of all the 12 contact points.
WARNING: Contact joints between materials 'patin' and 'dohyo' will only be created for the 10 deepest contact points instead of all the 11 contact points.
WARNING: Contact joints between materials 'patin' and 'dohyo' will only be created for the 10 deepest contact points instead of all the 12 contact points.
WARNING: Contact joints between materials 'patin' and 'dohyo' will only be created for the 10 deepest contact points instead of all the 11 contact points.
WARNING: Contact joints between materials 'patin' and 'dohyo' will only be created for the 10 deepest contact points instead of all the 12 contact points.
WARNING: Contact joints between materials 'patin' and 'dohyo' will only be created for the 10 deepest contact points instead of all the 11 contact points.
WARNING: Contact joints between materials 'patin' and 'dohyo' will only be created for the 10 deepest contact points instead of all the 12 contact points.
WARNING: Contact joints between materials 'patin' and 'dohyo' will only be created for the 10 deepest contact points instead of all the 12 contact points.
WARNING: Contact joints between materials 'patin' and 'dohyo' will only be created for the 10 deepest contact points instead of all the 13 contact points.
WARNING: Contact joints between materials 'patin' and 'dohyo' will only be created for the 10 deepest contact points instead of all the 12 contact points.
WARNING: Contact joints between materials 'patin' and 'dohyo' will only be created for the 10 deepest contact points instead of all the 12 contact points.
WARNING: Contact joints between materials 'patin' and 'dohyo' will only be created for the 10 deepest contact points instead of all the 11 contact points.
WARNING: Contact joints between materials 'patin' and 'dohyo' will only be created for the 10 deepest contact points instead of all the 12 contact points.
WARNING: Contact joints between materials 'patin' and 'dohyo' will only be created for the 10 deepest contact points instead of all the 12 contact points.
WARNING: Contact joints between materials 'patin' and 'dohyo' will only be created for the 10 deepest contact points instead of all the 12 contact points.
WARNING: Contact joints between materials 'patin' and 'dohyo' will only be created for the 10 deepest contact points instead of all the 11 contact points.
WARNING: Contact joints between materials 'patin' and 'dohyo' will only be created for the 10 deepest contact points instead of all the 12 contact points.
WARNING: Contact joints between materials 'patin' and 'dohyo' will only be created for the 10 deepest contact points instead of all the 12 contact points.
WARNING: Contact joints between materials 'patin' and 'dohyo' will only be created for the 10 deepest contact points instead of all the 12 contact points.
WARNING: Contact joints between materials 'patin' and 'dohyo' will only be created for the 10 deepest contact points instead of all the 12 contact points.
WARNING: Contact joints between materials 'patin' and 'dohyo' will only be created for the 10 deepest contact points instead of all the 11 contact points.
WARNING: Contact joints between materials 'patin' and 'dohyo' will only be created for the 10 deepest contact points instead of all the 12 contact points.
WARNING: Contact joints between materials 'patin' and 'dohyo' will only be created for the 10 deepest contact points instead of all the 12 contact points.
WARNING: Contact joints between materials 'patin' and 'dohyo' will only be created for the 10 deepest contact points instead of all the 12 contact points.
WARNING: Contact joints between materials 'patin' and 'dohyo' will only be created for the 10 deepest contact points instead of all the 12 contact points.
WARNING: Contact joints between materials 'patin' and 'dohyo' will only be created for the 10 deepest contact points instead of all the 11 contact points.
WARNING: Contact joints between materials 'patin' and 'dohyo' will only be created for the 10 deepest contact points instead of all the 11 contact points.
WARNING: Contact joints between materials 'patin' and 'dohyo' will only be created for the 10 deepest contact points instead of all the 12 contact points.
WARNING: Contact joints between materials 'patin' and 'dohyo' will only be created for the 10 deepest contact points instead of all the 12 contact points.
WARNING: Contact joints between materials 'patin' and 'dohyo' will only be created for the 10 deepest contact points instead of all the 12 contact points.
WARNING: Contact joints between materials 'patin' and 'dohyo' will only be created for the 10 deepest contact points instead of all the 12 contact points.
WARNING: Contact joints between materials 'patin' and 'dohyo' will only be created for the 10 deepest contact points instead of all the 11 contact points.
WARNING: Contact joints between materials 'patin' and 'dohyo' will only be created for the 10 deepest contact points instead of all the 11 contact points.
WARNING: Contact joints between materials 'patin' and 'dohyo' will only be created for the 10 deepest contact points instead of all the 12 contact points.
WARNING: Contact joints between materials 'patin' and 'dohyo' will only be created for the 10 deepest contact points instead of all the 12 contact points.
WARNING: Contact joints between materials 'patin' and 'dohyo' will only be created for the 10 deepest contact points instead of all the 12 contact points.
WARNING: Contact joints between materials 'patin' and 'dohyo' will only be created for the 10 deepest contact points instead of all the 11 contact points.
WARNING: Contact joints between materials 'patin' and 'dohyo' will only be created for the 10 deepest contact points instead of all the 12 contact points.
WARNING: Contact joints between materials 'patin' and 'dohyo' will only be created for the 10 deepest contact points instead of all the 12 contact points.
WARNING: Contact joints between materials 'patin' and 'dohyo' will only be created for the 10 deepest contact points instead of all the 12 contact points.
WARNING: Contact joints between materials 'patin' and 'dohyo' will only be created for the 10 deepest contact points instead of all the 12 contact points.
WARNING: Contact joints between materials 'patin' and 'dohyo' will only be created for the 10 deepest contact points instead of all the 11 contact points.
WARNING: Contact joints between materials 'patin' and 'dohyo' will only be created for the 10 deepest contact points instead of all the 11 contact points.
WARNING: Contact joints between materials 'patin' and 'dohyo' will only be created for the 10 deepest contact points instead of all the 12 contact points.
WARNING: Contact joints between materials 'patin' and 'dohyo' will only be created for the 10 deepest contact points instead of all the 12 contact points.
WARNING: Contact joints between materials 'patin' and 'dohyo' will only be created for the 10 deepest contact points instead of all the 11 contact points.
WARNING: Contact joints between materials 'patin' and 'dohyo' will only be created for the 10 deepest contact points instead of all the 12 contact points.
WARNING: Contact joints between materials 'patin' and 'dohyo' will only be created for the 10 deepest contact points instead of all the 12 contact points.
WARNING: Contact joints between materials 'patin' and 'dohyo' will only be created for the 10 deepest contact points instead of all the 12 contact points.
WARNING: Contact joints between materials 'patin' and 'dohyo' will only be created for the 10 deepest contact points instead of all the 11 contact points.
WARNING: Contact joints between materials 'patin' and 'dohyo' will only be created for the 10 deepest contact points instead of all the 12 contact points.
WARNING: Contact joints between materials 'patin' and 'dohyo' will only be created for the 10 deepest contact points instead of all the 12 contact points.
Error: wb_supervisor_field_set_mf_vec3f() called on a read-only PROTO internal field.
Error: wb_supervisor_field_set_mf_vec3f() called on a read-only PROTO internal field.
Error: wb_supervisor_field_set_mf_vec3f() called on a read-only PROTO internal field.
Error: wb_supervisor_field_set_mf_vec3f() called on a read-only PROTO internal field.
[arbitro] asalto  5/30  lado     tiempo agotado  +0  60.00 s
[inercia] asalto=5 robot=GELATINA rueda=0 rotor=1.80220778e-05
[inercia] asalto=5 robot=GELATINA rueda=1 rotor=3.55475205e-05
[inercia] asalto=5 robot=RIVAL rueda=0 rotor=1.94917926e-05
[inercia] asalto=5 robot=RIVAL rueda=1 rotor=2.37972724e-05
[planta] asalto=5 mu=1.5307009 slip=0.000354548097 aleatorio=1
[gelatina] fin de asalto motor={"battery_v":7.54045988,"resistance_ohm":[3.72982864,3.72383447],"bridge_ohm":[0.515522587,0.546560562],"omega_rad_s":[0.000309257487,77.0846937],"current_a":[-1.46925176,0.132010782],"torque_nm":[-0.0710849106,-4.56772144e-07],"applied_pwm":[-0.827199996,1],"over_1_2a_samples":7011,"over_3_2a_samples":0}
[gelatina] t=    0 ms  WAIT         rival=no d=9999 mm rumbo=+3000 cdeg  linea=0x0
[rival] fin de asalto motor={"battery_v":8.00225742,"resistance_ohm":[4.12784314,4.07574048],"bridge_ohm":[0.579713964,0.63823899],"omega_rad_s":[0.00578381439,39.3354723],"current_a":[-0.850034193,0.153142362],"torque_nm":[-0.0411751008,5.91475791e-06],"applied_pwm":[-0.5,0.5],"over_1_2a_samples":22,"over_3_2a_samples":0}
[planta] gelatina ciclo=7 rueda=0 V=7.5742785 R=4.09043798 Rpuente=0.527418315 I0=0.164876327 Ke=0.0681605179 Kt=0.0483794733
[planta] gelatina ciclo=7 rueda=1 V=7.5742785 R=3.69886703 Rpuente=0.622747076 I0=0.102772996 Ke=0.0797648297 Kt=0.0483794733
[sensores] gelatina ToF alcance=762.068176 minimo=39.6465945 sigma_rel=0.0592121553
[gelatina] pulsador recibido: permiso previsto 155488 ms
[planta] rival ciclo=7 rueda=0 V=7.75259792 R=4.32518439 Rpuente=0.635201168 I0=0.209887719 Ke=0.0654142189 Kt=0.0483794733
[planta] rival ciclo=7 rueda=1 V=7.75259792 R=4.0292788 Rpuente=0.687320662 I0=0.209109342 Ke=0.0831461469 Kt=0.0483794733
[sensores] rival ToF alcance=1863.15152 minimo=20.1710284 sigma_rel=0.0886403275
[arranque] pulsador=150488 permiso=155488 ms
[gelatina] permiso de arranque a los 155488 ms
[gelatina] t=    0 ms  OPENING      rival=no d=9999 mm rumbo=+3000 cdeg  linea=0x0
[gelatina] t=  112 ms  SEARCH       rival=no d=9999 mm rumbo=+3000 cdeg  linea=0x0
WARNING: Contact joints between materials 'rueda' and 'dohyo' will only be created for the 10 deepest contact points instead of all the 12 contact points.
[gelatina] t=  328 ms  TRACK        rival=si d=  89 mm rumbo=+4507 cdeg  linea=0x0
[gelatina] t=  336 ms  ATTACK       rival=si d=  89 mm rumbo=+4507 cdeg  linea=0x0
[gelatina] t=  528 ms  SEARCH       rival=no d=9999 mm rumbo=-6000 cdeg  linea=0x0
[gelatina] t=  624 ms  TRACK        rival=si d=  86 mm rumbo=-4461 cdeg  linea=0x0
[gelatina] t=  632 ms  ATTACK       rival=si d=  86 mm rumbo=-4461 cdeg  linea=0x0
[gelatina] t= 1120 ms  SEARCH       rival=no d=9999 mm rumbo=-3000 cdeg  linea=0x0
WARNING: Contact joints between materials 'rueda' and 'dohyo' will only be created for the 10 deepest contact points instead of all the 20 contact points.
[gelatina] t= 1216 ms  TRACK        rival=si d=  56 mm rumbo=-4532 cdeg  linea=0x0
[gelatina] t= 1224 ms  ATTACK       rival=si d=  56 mm rumbo=-4532 cdeg  linea=0x0
[gelatina] t= 1416 ms  SEARCH       rival=no d=9999 mm rumbo=+3000 cdeg  linea=0x0
[gelatina] t= 1576 ms  TRACK        rival=si d=  69 mm rumbo=+4527 cdeg  linea=0x0
[gelatina] t= 1584 ms  ATTACK       rival=si d=  69 mm rumbo=+4527 cdeg  linea=0x0
[gelatina] t= 2016 ms  SEARCH       rival=no d=9999 mm rumbo=+3000 cdeg  linea=0x0
WARNING: Contact joints between materials 'rueda' and 'dohyo' will only be created for the 10 deepest contact points instead of all the 12 contact points.
[gelatina] t= 2336 ms  TRACK        rival=si d=  62 mm rumbo=+3000 cdeg  linea=0x0
[gelatina] t= 2344 ms  ATTACK       rival=si d=  62 mm rumbo=+3000 cdeg  linea=0x0
[gelatina] t= 2736 ms  SEARCH       rival=no d=9999 mm rumbo=   +0 cdeg  linea=0x0
[gelatina] t= 2904 ms  TRACK        rival=si d=  60 mm rumbo=-6000 cdeg  linea=0x0
[gelatina] t= 2912 ms  ATTACK       rival=si d=  60 mm rumbo=-6000 cdeg  linea=0x0
[gelatina] t= 3040 ms  SEARCH       rival=no d=9999 mm rumbo=-6000 cdeg  linea=0x0
[gelatina] t= 3200 ms  TRACK        rival=si d=  97 mm rumbo=-6000 cdeg  linea=0x0
[gelatina] t= 3208 ms  ATTACK       rival=si d=  97 mm rumbo=-6000 cdeg  linea=0x0
WARNING: Contact joints between materials 'patin' and 'dohyo' will only be created for the 10 deepest contact points instead of all the 14 contact points.
[gelatina] t= 3832 ms  SEARCH       rival=no d=9999 mm rumbo=  -40 cdeg  linea=0x0
[gelatina] t= 3880 ms  EDGE_ESCAPE  rival=no d=9999 mm rumbo=  -40 cdeg  linea=0x1
[gelatina] t= 3952 ms  ATTACK       rival=si d=  90 mm rumbo=+2269 cdeg  linea=0x2
Error: wb_supervisor_field_set_mf_vec3f() called on a read-only PROTO internal field.
Error: wb_supervisor_field_set_mf_vec3f() called on a read-only PROTO internal field.
Error: wb_supervisor_field_set_mf_vec3f() called on a read-only PROTO internal field.
Error: wb_supervisor_field_set_mf_vec3f() called on a read-only PROTO internal field.
[arbitro] asalto  6/30  espalda  expulsado       -1   3.97 s
[inercia] asalto=6 robot=GELATINA rueda=0 rotor=3.26262665e-05
[inercia] asalto=6 robot=GELATINA rueda=1 rotor=2.82080197e-05
[inercia] asalto=6 robot=RIVAL rueda=0 rotor=3.48587131e-05
[inercia] asalto=6 robot=RIVAL rueda=1 rotor=3.53247898e-05
[planta] asalto=6 mu=1.06612322 slip=0.00198867857 aleatorio=1
[gelatina] fin de asalto motor={"battery_v":7.5742785,"resistance_ohm":[4.09043798,3.69886703],"bridge_ohm":[0.527418315,0.622747076],"omega_rad_s":[-0.726807039,13.405627],"current_a":[0.355173022,-0.405168802],"torque_nm":[0.0221374327,-0.0245739567],"applied_pwm":[0.209999993,-0.0900000781],"over_1_2a_samples":7139,"over_3_2a_samples":0}
[gelatina] t=    0 ms  WAIT         rival=si d=  90 mm rumbo= +273 cdeg  linea=0x8
[rival] fin de asalto motor={"battery_v":7.75259792,"resistance_ohm":[4.32518439,4.0292788],"bridge_ohm":[0.635201168,0.687320662],"omega_rad_s":[-54.5674163,-0.680061992],"current_a":[-0.21814309,-0.974221841],"torque_nm":[-0.000399390476,-0.0411477669],"applied_pwm":[-0.6,-0.6],"over_1_2a_samples":32,"over_3_2a_samples":0}
[planta] gelatina ciclo=8 rueda=0 V=7.61026731 R=3.94129934 Rpuente=0.687080646 I0=0.132445344 Ke=0.0758400655 Kt=0.0483794733
[planta] gelatina ciclo=8 rueda=1 V=7.61026731 R=3.66657438 Rpuente=0.64376322 I0=0.173217541 Ke=0.0662343072 Kt=0.0483794733
[sensores] gelatina ToF alcance=1892.4803 minimo=39.8481733 sigma_rel=0.089592762
[gelatina] pulsador recibido: permiso previsto 164768 ms
[planta] rival ciclo=8 rueda=0 V=7.8170812 R=3.61420321 Rpuente=0.551313353 I0=0.080521971 Ke=0.0779089017 Kt=0.0483794733
[planta] rival ciclo=8 rueda=1 V=7.8170812 R=3.76878104 Rpuente=0.622384787 I0=0.21851036 Ke=0.0682264983 Kt=0.0483794733
[sensores] rival ToF alcance=1243.96493 minimo=22.8506535 sigma_rel=0.0766100645
[arranque] pulsador=159768 permiso=164768 ms
[gelatina] permiso de arranque a los 164768 ms
[gelatina] t=    0 ms  OPENING      rival=no d=9999 mm rumbo=   +0 cdeg  linea=0x0
[gelatina] t=   32 ms  TRACK        rival=si d=  71 mm rumbo=+1447 cdeg  linea=0x0
[gelatina] t=   40 ms  ATTACK       rival=si d=  71 mm rumbo=+1447 cdeg  linea=0x0
WARNING: Contact joints between materials 'rueda' and 'dohyo' will only be created for the 10 deepest contact points instead of all the 14 contact points.
[gelatina] t=  432 ms  SEARCH       rival=no d=9999 mm rumbo=+3000 cdeg  linea=0x0
[gelatina] t=  520 ms  TRACK        rival=si d=  70 mm rumbo=+3000 cdeg  linea=0x0
[gelatina] t=  528 ms  ATTACK       rival=si d=  70 mm rumbo=+3000 cdeg  linea=0x0
[gelatina] t=  664 ms  SEARCH       rival=no d=9999 mm rumbo=+3000 cdeg  linea=0x0
[gelatina] t=  688 ms  TRACK        rival=si d=  38 mm rumbo=   +0 cdeg  linea=0x0
[gelatina] t=  696 ms  ATTACK       rival=si d=  38 mm rumbo=   +0 cdeg  linea=0x0
[gelatina] t=  896 ms  SEARCH       rival=no d=9999 mm rumbo=-3000 cdeg  linea=0x0
[gelatina] t= 1088 ms  TRACK        rival=si d=  70 mm rumbo=+3000 cdeg  linea=0x0
[gelatina] t= 1096 ms  ATTACK       rival=si d=  70 mm rumbo=+3000 cdeg  linea=0x0
WARNING: Contact joints between materials 'patin' and 'dohyo' will only be created for the 10 deepest contact points instead of all the 11 contact points.
[gelatina] t= 1288 ms  SEARCH       rival=no d=9999 mm rumbo=+6000 cdeg  linea=0x0
[gelatina] t= 1312 ms  TRACK        rival=si d=  74 mm rumbo=+6000 cdeg  linea=0x0
[gelatina] t= 1320 ms  ATTACK       rival=si d=  74 mm rumbo=+6000 cdeg  linea=0x0
[gelatina] t= 1616 ms  SEARCH       rival=no d=9999 mm rumbo=+6000 cdeg  linea=0x0
[gelatina] t= 1872 ms  TRACK        rival=si d=  61 mm rumbo=+6000 cdeg  linea=0x0
[gelatina] t= 1880 ms  ATTACK       rival=si d=  61 mm rumbo=+6000 cdeg  linea=0x0
WARNING: Contact joints between materials 'patin' and 'dohyo' will only be created for the 10 deepest contact points instead of all the 38 contact points.
[gelatina] t= 2672 ms  SEARCH       rival=no d=9999 mm rumbo=+3000 cdeg  linea=0x0
[gelatina] t= 2968 ms  TRACK        rival=si d=  43 mm rumbo=+4500 cdeg  linea=0x0
[gelatina] t= 2976 ms  ATTACK       rival=si d=  43 mm rumbo=+4500 cdeg  linea=0x0
[gelatina] t= 3136 ms  SEARCH       rival=no d=9999 mm rumbo=-1534 cdeg  linea=0x0
[gelatina] t= 3328 ms  TRACK        rival=si d= 106 mm rumbo=-6000 cdeg  linea=0x0
[gelatina] t= 3336 ms  ATTACK       rival=si d= 106 mm rumbo=-6000 cdeg  linea=0x0
[gelatina] t= 3560 ms  SEARCH       rival=no d=9999 mm rumbo=+6000 cdeg  linea=0x0
[gelatina] t= 3624 ms  TRACK        rival=si d= 115 mm rumbo=+6000 cdeg  linea=0x0
[gelatina] t= 3632 ms  ATTACK       rival=si d= 115 mm rumbo=+6000 cdeg  linea=0x0
WARNING: Contact joints between materials 'patin' and 'dohyo' will only be created for the 10 deepest contact points instead of all the 26 contact points.
[gelatina] t= 3864 ms  SEARCH       rival=no d=9999 mm rumbo=-6000 cdeg  linea=0x0
[gelatina] t= 3960 ms  TRACK        rival=si d= 127 mm rumbo=-4474 cdeg  linea=0x0
[gelatina] t= 3968 ms  ATTACK       rival=si d= 127 mm rumbo=-4474 cdeg  linea=0x0
[gelatina] t= 4160 ms  SEARCH       rival=no d=9999 mm rumbo=+4552 cdeg  linea=0x0
[gelatina] t= 4288 ms  TRACK        rival=si d= 132 mm rumbo=+4482 cdeg  linea=0x0
[gelatina] t= 4296 ms  ATTACK       rival=si d= 132 mm rumbo=+4482 cdeg  linea=0x0
[gelatina] t= 4488 ms  SEARCH       rival=no d=9999 mm rumbo=-6000 cdeg  linea=0x0
[gelatina] t= 4584 ms  TRACK        rival=si d= 150 mm rumbo=-6000 cdeg  linea=0x0
[gelatina] t= 4648 ms  ATTACK       rival=si d= 132 mm rumbo=+1589 cdeg  linea=0x0
WARNING: Contact joints between materials 'patin' and 'dohyo' will only be created for the 10 deepest contact points instead of all the 11 contact points.
[gelatina] t= 4816 ms  SEARCH       rival=no d=9999 mm rumbo=+6000 cdeg  linea=0x0
[gelatina] t= 4848 ms  TRACK        rival=si d= 180 mm rumbo=+6000 cdeg  linea=0x0
[gelatina] t= 4944 ms  ATTACK       rival=si d= 102 mm rumbo=-1578 cdeg  linea=0x0
[gelatina] t= 5120 ms  SEARCH       rival=no d=9999 mm rumbo=-6000 cdeg  linea=0x0
[gelatina] t= 5176 ms  TRACK        rival=si d= 110 mm rumbo=-6000 cdeg  linea=0x0
[gelatina] t= 5184 ms  ATTACK       rival=si d= 110 mm rumbo=-6000 cdeg  linea=0x0
[gelatina] t= 5408 ms  SEARCH       rival=no d=9999 mm rumbo=+6000 cdeg  linea=0x0
[gelatina] t= 5504 ms  TRACK        rival=si d=  98 mm rumbo=+4511 cdeg  linea=0x0
[gelatina] t= 5512 ms  ATTACK       rival=si d=  98 mm rumbo=+4511 cdeg  linea=0x0
[gelatina] t= 5712 ms  SEARCH       rival=no d=9999 mm rumbo=-4522 cdeg  linea=0x0
[gelatina] t= 5808 ms  TRACK        rival=si d= 135 mm rumbo=-6000 cdeg  linea=0x0
[gelatina] t= 5840 ms  ATTACK       rival=si d= 111 mm rumbo=-1542 cdeg  linea=0x0
[gelatina] t= 6040 ms  SEARCH       rival=no d=9999 mm rumbo=+6000 cdeg  linea=0x0
[gelatina] t= 6096 ms  TRACK        rival=si d= 111 mm rumbo=+6000 cdeg  linea=0x0
[gelatina] t= 6104 ms  ATTACK       rival=si d= 111 mm rumbo=+4545 cdeg  linea=0x0
WARNING: Contact joints between materials 'patin' and 'dohyo' will only be created for the 10 deepest contact points instead of all the 16 contact points.
[gelatina] t= 6600 ms  SEARCH       rival=no d=9999 mm rumbo=   +0 cdeg  linea=0x0
[gelatina] t= 6728 ms  TRACK        rival=si d=  88 mm rumbo=+6000 cdeg  linea=0x0
[gelatina] t= 6736 ms  ATTACK       rival=si d=  88 mm rumbo=+6000 cdeg  linea=0x0
[gelatina] t= 6968 ms  SEARCH       rival=no d=9999 mm rumbo=-6000 cdeg  linea=0x0
[gelatina] t= 7056 ms  TRACK        rival=si d=  68 mm rumbo=-4526 cdeg  linea=0x0
[gelatina] t= 7064 ms  ATTACK       rival=si d=  68 mm rumbo=-4526 cdeg  linea=0x0
[gelatina] t= 7264 ms  SEARCH       rival=no d=9999 mm rumbo=+3000 cdeg  linea=0x0
[gelatina] t= 7328 ms  EDGE_ESCAPE  rival=no d=9999 mm rumbo=+3000 cdeg  linea=0x2
[gelatina] t= 7424 ms  ATTACK       rival=si d= 104 mm rumbo=+4555 cdeg  linea=0x2
WARNING: Contact joints between materials 'patin' and 'dohyo' will only be created for the 10 deepest contact points instead of all the 11 contact points.
[gelatina] t= 7920 ms  SEARCH       rival=no d=9999 mm rumbo=   +0 cdeg  linea=0x0
[gelatina] t= 8344 ms  TRACK        rival=si d=  46 mm rumbo=-2985 cdeg  linea=0x0
[gelatina] t= 8352 ms  ATTACK       rival=si d=  46 mm rumbo=-2985 cdeg  linea=0x0
[gelatina] t= 8512 ms  SEARCH       rival=no d=9999 mm rumbo=-6000 cdeg  linea=0x0
[gelatina] t= 8640 ms  TRACK        rival=si d=  86 mm rumbo=-6000 cdeg  linea=0x0
[gelatina] t= 8648 ms  ATTACK       rival=si d=  86 mm rumbo=-6000 cdeg  linea=0x0
WARNING: Contact joints between materials 'patin' and 'dohyo' will only be created for the 10 deepest contact points instead of all the 19 contact points.
[gelatina] t= 9272 ms  SEARCH       rival=no d=9999 mm rumbo=+4511 cdeg  linea=0x0
[gelatina] t= 9336 ms  TRACK        rival=si d=  59 mm rumbo=-3000 cdeg  linea=0x0
[gelatina] t= 9344 ms  ATTACK       rival=si d=  59 mm rumbo=-3000 cdeg  linea=0x0
[gelatina] t= 9504 ms  SEARCH       rival=no d=9999 mm rumbo=-6000 cdeg  linea=0x0
[gelatina] t= 9600 ms  TRACK        rival=si d=  65 mm rumbo=-3000 cdeg  linea=0x0
[gelatina] t= 9608 ms  ATTACK       rival=si d=  65 mm rumbo=-3000 cdeg  linea=0x2
WARNING: Contact joints between materials 'patin' and 'dohyo' will only be created for the 10 deepest contact points instead of all the 16 contact points.
[gelatina] t=10096 ms  SEARCH       rival=no d=9999 mm rumbo=+3000 cdeg  linea=0x0
[gelatina] t=10160 ms  TRACK        rival=si d=  45 mm rumbo=+6000 cdeg  linea=0x0
[gelatina] t=10168 ms  ATTACK       rival=si d=  45 mm rumbo=+6000 cdeg  linea=0x0
[gelatina] t=10560 ms  SEARCH       rival=no d=9999 mm rumbo=   +0 cdeg  linea=0x0
[gelatina] t=10656 ms  TRACK        rival=si d=  64 mm rumbo=-6000 cdeg  linea=0x0
[gelatina] t=10664 ms  ATTACK       rival=si d=  64 mm rumbo=-6000 cdeg  linea=0x0
[gelatina] t=10792 ms  SEARCH       rival=no d=9999 mm rumbo=-6000 cdeg  linea=0x0
[gelatina] t=10920 ms  TRACK        rival=si d=  84 mm rumbo=-6000 cdeg  linea=0x0
[gelatina] t=10928 ms  ATTACK       rival=si d=  84 mm rumbo=-6000 cdeg  linea=0x0
WARNING: Contact joints between materials 'rueda' and 'dohyo' will only be created for the 10 deepest contact points instead of all the 32 contact points.
[gelatina] t=11120 ms  SEARCH       rival=no d=9999 mm rumbo=+6000 cdeg  linea=0x0
[gelatina] t=11216 ms  TRACK        rival=si d=  66 mm rumbo=+4533 cdeg  linea=0x0
[gelatina] t=11224 ms  ATTACK       rival=si d=  66 mm rumbo=+4533 cdeg  linea=0x0
[gelatina] t=11416 ms  SEARCH       rival=no d=9999 mm rumbo=-4497 cdeg  linea=0x0
[gelatina] t=11512 ms  TRACK        rival=si d=  91 mm rumbo=-6000 cdeg  linea=0x0
[gelatina] t=11520 ms  ATTACK       rival=si d=  91 mm rumbo=-6000 cdeg  linea=0x0
[gelatina] t=11744 ms  SEARCH       rival=no d=9999 mm rumbo=+6000 cdeg  linea=0x0
[gelatina] t=11808 ms  TRACK        rival=si d= 104 mm rumbo=+6000 cdeg  linea=0x0
[gelatina] t=11816 ms  ATTACK       rival=si d= 104 mm rumbo=+6000 cdeg  linea=0x0
WARNING: Contact joints between materials 'rueda' and 'dohyo' will only be created for the 10 deepest contact points instead of all the 86 contact points.
[gelatina] t=12048 ms  SEARCH       rival=no d=9999 mm rumbo=-4535 cdeg  linea=0x0
[gelatina] t=12144 ms  TRACK        rival=si d=  86 mm rumbo=-4504 cdeg  linea=0x0
[gelatina] t=12152 ms  ATTACK       rival=si d=  86 mm rumbo=-4504 cdeg  linea=0x0
[gelatina] t=12344 ms  SEARCH       rival=no d=9999 mm rumbo=+4518 cdeg  linea=0x0
[gelatina] t=12432 ms  TRACK        rival=si d= 123 mm rumbo=+6000 cdeg  linea=0x0
[gelatina] t=12440 ms  ATTACK       rival=si d= 123 mm rumbo=+6000 cdeg  linea=0x0
[gelatina] t=12640 ms  SEARCH       rival=no d=9999 mm rumbo=-1555 cdeg  linea=0x0
[gelatina] t=12832 ms  TRACK        rival=si d= 140 mm rumbo=-6000 cdeg  linea=0x0
[gelatina] t=12864 ms  ATTACK       rival=si d= 120 mm rumbo=-1489 cdeg  linea=0x0
[gelatina] t=13032 ms  SEARCH       rival=no d=9999 mm rumbo=+4511 cdeg  linea=0x0
WARNING: Contact joints between materials 'rueda' and 'dohyo' will only be created for the 10 deepest contact points instead of all the 11 contact points.
[gelatina] t=13128 ms  TRACK        rival=si d= 132 mm rumbo=+6000 cdeg  linea=0x0
[gelatina] t=13136 ms  ATTACK       rival=si d= 132 mm rumbo=+6000 cdeg  linea=0x0
[gelatina] t=13336 ms  SEARCH       rival=no d=9999 mm rumbo=-4568 cdeg  linea=0x0
[gelatina] t=13384 ms  EDGE_ESCAPE  rival=no d=9999 mm rumbo=-4568 cdeg  linea=0x1
[gelatina] t=13592 ms  SEARCH       rival=si d= 194 mm rumbo=+4497 cdeg  linea=0x0
[gelatina] t=13600 ms  TRACK        rival=si d= 194 mm rumbo=+4497 cdeg  linea=0x0
[gelatina] t=13760 ms  SEARCH       rival=no d=9999 mm rumbo=+6000 cdeg  linea=0x8
[gelatina] t=13856 ms  TRACK        rival=si d= 269 mm rumbo=+6000 cdeg  linea=0x0
WARNING: Contact joints between materials 'rueda' and 'dohyo' will only be created for the 10 deepest contact points instead of all the 12 contact points.
[gelatina] t=14184 ms  ATTACK       rival=si d= 125 mm rumbo=+6000 cdeg  linea=0x0
[gelatina] t=14624 ms  SEARCH       rival=no d=9999 mm rumbo=-6000 cdeg  linea=0x0
[gelatina] t=14648 ms  TRACK        rival=si d=  46 mm rumbo=-6000 cdeg  linea=0x0
[gelatina] t=14656 ms  ATTACK       rival=si d=  46 mm rumbo=-6000 cdeg  linea=0x0
[gelatina] t=15080 ms  SEARCH       rival=no d=9999 mm rumbo=   +0 cdeg  linea=0x0
WARNING: Contact joints between materials 'rueda' and 'dohyo' will only be created for the 10 deepest contact points instead of all the 17 contact points.
[gelatina] t=15304 ms  TRACK        rival=si d=  54 mm rumbo=+4549 cdeg  linea=0x0
[gelatina] t=15312 ms  ATTACK       rival=si d=  54 mm rumbo=+4549 cdeg  linea=0x0
[gelatina] t=15544 ms  SEARCH       rival=no d=9999 mm rumbo=-6000 cdeg  linea=0x0
[gelatina] t=15576 ms  TRACK        rival=si d=  72 mm rumbo=-6000 cdeg  linea=0x0
[gelatina] t=15584 ms  ATTACK       rival=si d=  72 mm rumbo=-6000 cdeg  linea=0x0
[gelatina] t=15904 ms  SEARCH       rival=no d=9999 mm rumbo=+3000 cdeg  linea=0x0
[gelatina] t=16000 ms  TRACK        rival=si d=  45 mm rumbo=+6000 cdeg  linea=0x0
[gelatina] t=16008 ms  ATTACK       rival=si d=  45 mm rumbo=+6000 cdeg  linea=0x0
WARNING: Contact joints between materials 'patin' and 'dohyo' will only be created for the 10 deepest contact points instead of all the 46 contact points.
[gelatina] t=16600 ms  SEARCH       rival=no d=9999 mm rumbo=+3000 cdeg  linea=0x0
[gelatina] t=17024 ms  TRACK        rival=si d=  72 mm rumbo=   +0 cdeg  linea=0x0
[gelatina] t=17032 ms  ATTACK       rival=si d=  72 mm rumbo=   +0 cdeg  linea=0x0
[gelatina] t=17224 ms  SEARCH       rival=no d=9999 mm rumbo=-3000 cdeg  linea=0x0
WARNING: Contact joints between materials 'patin' and 'dohyo' will only be created for the 10 deepest contact points instead of all the 17 contact points.
[gelatina] t=17352 ms  TRACK        rival=si d=  77 mm rumbo=-6000 cdeg  linea=0x0
[gelatina] t=17360 ms  ATTACK       rival=si d=  77 mm rumbo=-6000 cdeg  linea=0x0
[gelatina] t=17592 ms  SEARCH       rival=no d=9999 mm rumbo=+6000 cdeg  linea=0x0
[gelatina] t=17680 ms  TRACK        rival=si d= 121 mm rumbo=+6000 cdeg  linea=0x0
[gelatina] t=17688 ms  ATTACK       rival=si d= 121 mm rumbo=+6000 cdeg  linea=0x0
[gelatina] t=17888 ms  SEARCH       rival=no d=9999 mm rumbo=-4504 cdeg  linea=0x0
[gelatina] t=18016 ms  TRACK        rival=si d= 117 mm rumbo=-4465 cdeg  linea=0x0
[gelatina] t=18024 ms  ATTACK       rival=si d= 117 mm rumbo=-4465 cdeg  linea=0x0
[gelatina] t=18216 ms  SEARCH       rival=no d=9999 mm rumbo=+6000 cdeg  linea=0x0
[gelatina] t=18312 ms  TRACK        rival=si d= 171 mm rumbo=+6000 cdeg  linea=0x0
WARNING: Contact joints between materials 'patin' and 'dohyo' will only be created for the 10 deepest contact points instead of all the 16 contact points.
[gelatina] t=18440 ms  ATTACK       rival=si d= 113 mm rumbo=-4554 cdeg  linea=0x0
[gelatina] t=18712 ms  EDGE_ESCAPE  rival=si d= 514 mm rumbo=-2286 cdeg  linea=0x2
[gelatina] t=18920 ms  SEARCH       rival=si d=  45 mm rumbo=+3000 cdeg  linea=0x0
[gelatina] t=18928 ms  TRACK        rival=si d=  45 mm rumbo=+3000 cdeg  linea=0x0
[gelatina] t=18936 ms  ATTACK       rival=si d=  52 mm rumbo=   +0 cdeg  linea=0x0
[gelatina] t=19144 ms  SEARCH       rival=no d=9999 mm rumbo=+3000 cdeg  linea=0x0
[gelatina] t=19336 ms  TRACK        rival=si d=  58 mm rumbo=+6000 cdeg  linea=0x0
[gelatina] t=19344 ms  ATTACK       rival=si d=  58 mm rumbo=+6000 cdeg  linea=0x0
[gelatina] t=19536 ms  SEARCH       rival=no d=9999 mm rumbo=-4501 cdeg  linea=0x0
WARNING: Contact joints between materials 'patin' and 'dohyo' will only be created for the 10 deepest contact points instead of all the 11 contact points.
[gelatina] t=19664 ms  TRACK        rival=si d=  70 mm rumbo=-4523 cdeg  linea=0x0
[gelatina] t=19672 ms  ATTACK       rival=si d=  70 mm rumbo=-4523 cdeg  linea=0x0
[gelatina] t=19896 ms  SEARCH       rival=no d=9999 mm rumbo=+6000 cdeg  linea=0x0
[gelatina] t=19928 ms  TRACK        rival=si d= 105 mm rumbo=+6000 cdeg  linea=0x0
[gelatina] t=19936 ms  ATTACK       rival=si d= 105 mm rumbo=+6000 cdeg  linea=0x0
[gelatina] t=20232 ms  SEARCH       rival=no d=9999 mm rumbo=-6000 cdeg  linea=0x0
[gelatina] t=20392 ms  TRACK        rival=si d=  49 mm rumbo=+6000 cdeg  linea=0x0
[gelatina] t=20400 ms  ATTACK       rival=si d=  49 mm rumbo=+6000 cdeg  linea=0x0
[gelatina] t=20528 ms  SEARCH       rival=no d=9999 mm rumbo=+6000 cdeg  linea=0x0
WARNING: Contact joints between materials 'rueda' and 'dohyo' will only be created for the 10 deepest contact points instead of all the 14 contact points.
[gelatina] t=20656 ms  TRACK        rival=si d= 119 mm rumbo=+6000 cdeg  linea=0x0
[gelatina] t=20664 ms  ATTACK       rival=si d= 119 mm rumbo=+6000 cdeg  linea=0x0
[gelatina] t=20888 ms  SEARCH       rival=no d=9999 mm rumbo=-6000 cdeg  linea=0x0
[gelatina] t=20984 ms  TRACK        rival=si d= 125 mm rumbo=-6000 cdeg  linea=0x0
[gelatina] t=20992 ms  ATTACK       rival=si d= 125 mm rumbo=-6000 cdeg  linea=0x0
[gelatina] t=21248 ms  SEARCH       rival=no d=9999 mm rumbo=+6000 cdeg  linea=0x0
[gelatina] t=21280 ms  TRACK        rival=si d= 109 mm rumbo=+6000 cdeg  linea=0x0
[gelatina] t=21288 ms  ATTACK       rival=si d= 109 mm rumbo=+6000 cdeg  linea=0x0
[gelatina] t=21552 ms  SEARCH       rival=no d=9999 mm rumbo=-6000 cdeg  linea=0x0
[gelatina] t=21648 ms  TRACK        rival=si d=  40 mm rumbo=-4547 cdeg  linea=0x0
[gelatina] t=21656 ms  ATTACK       rival=si d=  40 mm rumbo=-4547 cdeg  linea=0x0
WARNING: Contact joints between materials 'patin' and 'dohyo' will only be created for the 10 deepest contact points instead of all the 35 contact points.
[gelatina] t=21848 ms  SEARCH       rival=no d=9999 mm rumbo=+3000 cdeg  linea=0x0
[gelatina] t=21976 ms  TRACK        rival=si d=  62 mm rumbo=+6000 cdeg  linea=0x0
[gelatina] t=21984 ms  ATTACK       rival=si d=  62 mm rumbo=+6000 cdeg  linea=0x0
[gelatina] t=22208 ms  SEARCH       rival=no d=9999 mm rumbo=-6000 cdeg  linea=0x0
[gelatina] t=22304 ms  TRACK        rival=si d=  81 mm rumbo=-6000 cdeg  linea=0x0
[gelatina] t=22312 ms  ATTACK       rival=si d=  81 mm rumbo=-6000 cdeg  linea=0x0
[gelatina] t=22536 ms  SEARCH       rival=no d=9999 mm rumbo=+6000 cdeg  linea=0x0
[gelatina] t=22600 ms  TRACK        rival=si d= 129 mm rumbo=+6000 cdeg  linea=0x0
[gelatina] t=22608 ms  ATTACK       rival=si d= 129 mm rumbo=+6000 cdeg  linea=0x0
[gelatina] t=22872 ms  SEARCH       rival=no d=9999 mm rumbo=-6000 cdeg  linea=0x0
[gelatina] t=22928 ms  TRACK        rival=si d=  32 mm rumbo=-6000 cdeg  linea=0x0
[gelatina] t=22936 ms  ATTACK       rival=si d=  32 mm rumbo=-6000 cdeg  linea=0x0
WARNING: Contact joints between materials 'patin' and 'dohyo' will only be created for the 10 deepest contact points instead of all the 19 contact points.
[gelatina] t=23168 ms  SEARCH       rival=no d=9999 mm rumbo=+6000 cdeg  linea=0x0
[gelatina] t=23264 ms  TRACK        rival=si d=  43 mm rumbo=+3000 cdeg  linea=0x0
[gelatina] t=23272 ms  ATTACK       rival=si d=  43 mm rumbo=+3000 cdeg  linea=0x0
[gelatina] t=23336 ms  EDGE_ESCAPE  rival=si d=  41 mm rumbo=   +0 cdeg  linea=0x2
[gelatina] t=23544 ms  SEARCH       rival=no d=9999 mm rumbo=   +0 cdeg  linea=0x0
[gelatina] t=23752 ms  TRACK        rival=si d=  59 mm rumbo=+3000 cdeg  linea=0x0
[gelatina] t=23760 ms  ATTACK       rival=si d=  59 mm rumbo=+3000 cdeg  linea=0x0
[gelatina] t=23960 ms  SEARCH       rival=no d=9999 mm rumbo=-6000 cdeg  linea=0x0
[gelatina] t=24056 ms  TRACK        rival=si d=  43 mm rumbo=-6000 cdeg  linea=0x0
[gelatina] t=24064 ms  ATTACK       rival=si d=  43 mm rumbo=-6000 cdeg  linea=0x0
WARNING: Contact joints between materials 'patin' and 'dohyo' will only be created for the 10 deepest contact points instead of all the 18 contact points.
[gelatina] t=24488 ms  SEARCH       rival=no d=9999 mm rumbo=   +0 cdeg  linea=0x0
[gelatina] t=24816 ms  TRACK        rival=si d= 703 mm rumbo=-3000 cdeg  linea=0x0
[gelatina] t=24944 ms  ATTACK       rival=si d=  51 mm rumbo=   +0 cdeg  linea=0x0
[gelatina] t=25184 ms  SEARCH       rival=no d=9999 mm rumbo=-3000 cdeg  linea=0x0
WARNING: Contact joints between materials 'patin' and 'dohyo' will only be created for the 10 deepest contact points instead of all the 17 contact points.
Error: wb_supervisor_field_set_mf_vec3f() called on a read-only PROTO internal field.
Error: wb_supervisor_field_set_mf_vec3f() called on a read-only PROTO internal field.
Error: wb_supervisor_field_set_mf_vec3f() called on a read-only PROTO internal field.
Error: wb_supervisor_field_set_mf_vec3f() called on a read-only PROTO internal field.
[arbitro] asalto  7/30  frente   rival fuera     +1  25.27 s
[inercia] asalto=7 robot=GELATINA rueda=0 rotor=2.75264398e-05
[inercia] asalto=7 robot=GELATINA rueda=1 rotor=1.34157057e-05
[inercia] asalto=7 robot=RIVAL rueda=0 rotor=2.22894117e-05
[inercia] asalto=7 robot=RIVAL rueda=1 rotor=1.36951441e-05
[planta] asalto=7 mu=0.754957771 slip=0.000744550467 aleatorio=1
[gelatina] fin de asalto motor={"battery_v":7.61026731,"resistance_ohm":[3.94129934,3.66657438],"bridge_ohm":[0.687080646,0.64376322],"omega_rad_s":[41.4699438,-18.0523118],"current_a":[0.96474016,-1.18309311],"torque_nm":[0.0402659849,-0.0488572481],"applied_pwm":[1,-0.827199996],"over_1_2a_samples":7689,"over_3_2a_samples":0}
[gelatina] t=    0 ms  WAIT         rival=no d=9999 mm rumbo=-3000 cdeg  linea=0x0
[rival] fin de asalto motor={"battery_v":7.8170812,"resistance_ohm":[3.61420321,3.76878104],"bridge_ohm":[0.551313353,0.622384787],"omega_rad_s":[-23.0150176,14.8195784],"current_a":[-0.507851985,0.659836766],"torque_nm":[-0.020674001,0.0213511391],"applied_pwm":[-0.5,0.5],"over_1_2a_samples":86,"over_3_2a_samples":0}
[planta] gelatina ciclo=9 rueda=0 V=7.64408584 R=4.30190868 Rpuente=0.698976374 I0=0.0778045356 Ke=0.0751103081 Kt=0.0483794733
[planta] gelatina ciclo=9 rueda=1 V=7.64408584 R=3.641607 Rpuente=0.519949734 I0=0.143970314 Ke=0.0864147125 Kt=0.0483794733
[sensores] gelatina ToF alcance=1843.21398 minimo=45.8316362 sigma_rel=0.0469088268
[gelatina] pulsador recibido: permiso previsto 195352 ms
[planta] rival ciclo=9 rueda=0 V=7.5674217 R=3.81154442 Rpuente=0.606800556 I0=0.108524323 Ke=0.097516376 Kt=0.0483794733
[planta] rival ciclo=9 rueda=1 V=7.5674217 R=3.72231936 Rpuente=0.671466458 I0=0.124599597 Ke=0.075415294 Kt=0.0483794733
[sensores] rival ToF alcance=883.033025 minimo=33.8838542 sigma_rel=0.0670528698
[arranque] pulsador=190352 permiso=195352 ms
[gelatina] permiso de arranque a los 195352 ms
[gelatina] t=    0 ms  OPENING      rival=no d=9999 mm rumbo=-3000 cdeg  linea=0x0
[gelatina] t=   32 ms  TRACK        rival=si d=  82 mm rumbo=-6000 cdeg  linea=0x0
[gelatina] t=   40 ms  ATTACK       rival=si d=  82 mm rumbo=-6000 cdeg  linea=0x0
WARNING: Contact joints between materials 'rueda' and 'dohyo' will only be created for the 10 deepest contact points instead of all the 13 contact points.
[gelatina] t=  328 ms  SEARCH       rival=no d=9999 mm rumbo=   +0 cdeg  linea=0x0
[gelatina] t=  488 ms  TRACK        rival=si d=  64 mm rumbo=-6000 cdeg  linea=0x0
[gelatina] t=  496 ms  ATTACK       rival=si d=  64 mm rumbo=-6000 cdeg  linea=0x0
[gelatina] t=  632 ms  SEARCH       rival=no d=9999 mm rumbo=-6000 cdeg  linea=0x0
[gelatina] t=  792 ms  TRACK        rival=si d=  87 mm rumbo=-4538 cdeg  linea=0x0
[gelatina] t=  800 ms  ATTACK       rival=si d=  87 mm rumbo=-4538 cdeg  linea=0x0
[gelatina] t=  992 ms  SEARCH       rival=no d=9999 mm rumbo=+4500 cdeg  linea=0x0
WARNING: Contact joints between materials 'rueda' and 'dohyo' will only be created for the 10 deepest contact points instead of all the 20 contact points.
[gelatina] t= 1120 ms  TRACK        rival=si d=  89 mm rumbo=+4547 cdeg  linea=0x0
[gelatina] t= 1128 ms  ATTACK       rival=si d=  89 mm rumbo=+4547 cdeg  linea=0x0
[gelatina] t= 1352 ms  SEARCH       rival=no d=9999 mm rumbo=-6000 cdeg  linea=0x0
[gelatina] t= 1416 ms  TRACK        rival=si d= 128 mm rumbo=-6000 cdeg  linea=0x0
[gelatina] t= 1424 ms  ATTACK       rival=si d= 128 mm rumbo=-6000 cdeg  linea=0x0
[gelatina] t= 1680 ms  SEARCH       rival=no d=9999 mm rumbo=+6000 cdeg  linea=0x0
[gelatina] t= 1744 ms  TRACK        rival=si d= 135 mm rumbo=+6000 cdeg  linea=0x0
[gelatina] t= 1776 ms  ATTACK       rival=si d=  86 mm rumbo=+4574 cdeg  linea=0x0
WARNING: Contact joints between materials 'rueda' and 'dohyo' will only be created for the 10 deepest contact points instead of all the 11 contact points.
[gelatina] t= 2216 ms  SEARCH       rival=no d=9999 mm rumbo=-4560 cdeg  linea=0x0
[gelatina] t= 2568 ms  TRACK        rival=si d=  68 mm rumbo=+6000 cdeg  linea=0x0
[gelatina] t= 2576 ms  ATTACK       rival=si d=  68 mm rumbo=+6000 cdeg  linea=0x0
[gelatina] t= 2704 ms  SEARCH       rival=no d=9999 mm rumbo=+6000 cdeg  linea=0x0
[gelatina] t= 2864 ms  TRACK        rival=si d=  54 mm rumbo=+6000 cdeg  linea=0x0
[gelatina] t= 2872 ms  ATTACK       rival=si d=  54 mm rumbo=+6000 cdeg  linea=0x0
[gelatina] t= 3304 ms  SEARCH       rival=no d=9999 mm rumbo=-3000 cdeg  linea=0x0
WARNING: Contact joints between materials 'patin' and 'dohyo' will only be created for the 10 deepest contact points instead of all the 12 contact points.
[gelatina] t= 3392 ms  TRACK        rival=si d=  45 mm rumbo=+6000 cdeg  linea=0x0
[gelatina] t= 3400 ms  ATTACK       rival=si d=  45 mm rumbo=+6000 cdeg  linea=0x0
[gelatina] t= 3528 ms  SEARCH       rival=no d=9999 mm rumbo=+6000 cdeg  linea=0x0
[gelatina] t= 3688 ms  TRACK        rival=si d=  89 mm rumbo=+6000 cdeg  linea=0x0
[gelatina] t= 3696 ms  ATTACK       rival=si d=  89 mm rumbo=+6000 cdeg  linea=0x0
[gelatina] t= 3928 ms  SEARCH       rival=no d=9999 mm rumbo=-6000 cdeg  linea=0x0
[gelatina] t= 4024 ms  TRACK        rival=si d=  93 mm rumbo=-4521 cdeg  linea=0x0
[gelatina] t= 4032 ms  ATTACK       rival=si d=  93 mm rumbo=-4521 cdeg  linea=0x0
[gelatina] t= 4224 ms  SEARCH       rival=no d=9999 mm rumbo=+4518 cdeg  linea=0x0
[gelatina] t= 4384 ms  TRACK        rival=si d= 116 mm rumbo=+4539 cdeg  linea=0x0
[gelatina] t= 4392 ms  ATTACK       rival=si d= 116 mm rumbo=+4539 cdeg  linea=0x0
[gelatina] t= 4592 ms  SEARCH       rival=no d=9999 mm rumbo=-4506 cdeg  linea=0x0
[gelatina] t= 4648 ms  TRACK        rival=si d= 129 mm rumbo=-6000 cdeg  linea=0x0
[gelatina] t= 4656 ms  ATTACK       rival=si d= 129 mm rumbo=-6000 cdeg  linea=0x0
[gelatina] t= 4880 ms  SEARCH       rival=no d=9999 mm rumbo=+6000 cdeg  linea=0x0
[gelatina] t= 4976 ms  TRACK        rival=si d= 155 mm rumbo=+6000 cdeg  linea=0x0
[gelatina] t= 5008 ms  ATTACK       rival=si d= 104 mm rumbo=+4448 cdeg  linea=0x0
[gelatina] t= 5184 ms  SEARCH       rival=no d=9999 mm rumbo=-1558 cdeg  linea=0x0
[gelatina] t= 5376 ms  TRACK        rival=si d= 130 mm rumbo=-4528 cdeg  linea=0x0
[gelatina] t= 5384 ms  ATTACK       rival=si d= 130 mm rumbo=-4528 cdeg  linea=0x0
[gelatina] t= 5576 ms  SEARCH       rival=no d=9999 mm rumbo=+6000 cdeg  linea=0x0
[gelatina] t= 5736 ms  TRACK        rival=si d= 150 mm rumbo=+6000 cdeg  linea=0x0
[gelatina] t= 6136 ms  ATTACK       rival=si d= 116 mm rumbo=+6000 cdeg  linea=0x0
[gelatina] t= 6664 ms  SEARCH       rival=no d=9999 mm rumbo=-2628 cdeg  linea=0x0
[gelatina] t= 6928 ms  TRACK        rival=si d=  47 mm rumbo=-3000 cdeg  linea=0x0
[gelatina] t= 6936 ms  ATTACK       rival=si d=  47 mm rumbo=-3000 cdeg  linea=0x0
[gelatina] t= 7096 ms  SEARCH       rival=no d=9999 mm rumbo=+3000 cdeg  linea=0x0
WARNING: Contact joints between materials 'patin' and 'dohyo' will only be created for the 10 deepest contact points instead of all the 13 contact points.
[gelatina] t= 7288 ms  TRACK        rival=si d=  89 mm rumbo=+6000 cdeg  linea=0x0
[gelatina] t= 7296 ms  ATTACK       rival=si d=  89 mm rumbo=+6000 cdeg  linea=0x0
[gelatina] t= 7528 ms  SEARCH       rival=no d=9999 mm rumbo=-6000 cdeg  linea=0x0
[gelatina] t= 7584 ms  TRACK        rival=si d= 110 mm rumbo=-6000 cdeg  linea=0x0
[gelatina] t= 7592 ms  ATTACK       rival=si d= 110 mm rumbo=-6000 cdeg  linea=0x0
[gelatina] t= 7824 ms  SEARCH       rival=no d=9999 mm rumbo=+4516 cdeg  linea=0x0
[gelatina] t= 7944 ms  TRACK        rival=si d=  69 mm rumbo=+6000 cdeg  linea=0x0
[gelatina] t= 7952 ms  ATTACK       rival=si d=  69 mm rumbo=+4526 cdeg  linea=0x0
[gelatina] t= 8184 ms  SEARCH       rival=no d=9999 mm rumbo=-6000 cdeg  linea=0x0
[gelatina] t= 8312 ms  TRACK        rival=si d=  95 mm rumbo=-4489 cdeg  linea=0x0
[gelatina] t= 8320 ms  ATTACK       rival=si d=  95 mm rumbo=-4489 cdeg  linea=0x0
WARNING: Contact joints between materials 'patin' and 'dohyo' will only be created for the 10 deepest contact points instead of all the 11 contact points.
[gelatina] t= 8512 ms  SEARCH       rival=no d=9999 mm rumbo=+6000 cdeg  linea=0x0
[gelatina] t= 8640 ms  TRACK        rival=si d= 114 mm rumbo=+4536 cdeg  linea=0x0
[gelatina] t= 8648 ms  ATTACK       rival=si d= 114 mm rumbo=+4536 cdeg  linea=0x0
[gelatina] t= 8848 ms  SEARCH       rival=no d=9999 mm rumbo=-6000 cdeg  linea=0x0
[gelatina] t= 8936 ms  TRACK        rival=si d= 174 mm rumbo=-6000 cdeg  linea=0x0
[gelatina] t= 9008 ms  ATTACK       rival=si d= 131 mm rumbo=+3000 cdeg  linea=0x0
[gelatina] t= 9176 ms  SEARCH       rival=no d=9999 mm rumbo=+6000 cdeg  linea=0x0
[gelatina] t= 9304 ms  TRACK        rival=si d= 144 mm rumbo=+3000 cdeg  linea=0x0
[gelatina] t= 9536 ms  ATTACK       rival=si d= 125 mm rumbo=-1545 cdeg  linea=0x0
[gelatina] t= 9736 ms  SEARCH       rival=no d=9999 mm rumbo=+4508 cdeg  linea=0x0
[gelatina] t= 9792 ms  TRACK        rival=si d= 101 mm rumbo=+6000 cdeg  linea=0x0
[gelatina] t= 9800 ms  ATTACK       rival=si d= 101 mm rumbo=+6000 cdeg  linea=0x0
[gelatina] t=10032 ms  SEARCH       rival=no d=9999 mm rumbo=-4575 cdeg  linea=0x0
[gelatina] t=10096 ms  TRACK        rival=si d= 117 mm rumbo=-6000 cdeg  linea=0x0
[gelatina] t=10104 ms  ATTACK       rival=si d= 117 mm rumbo=-6000 cdeg  linea=0x0
WARNING: Contact joints between materials 'patin' and 'dohyo' will only be created for the 10 deepest contact points instead of all the 16 contact points.
[gelatina] t=10360 ms  SEARCH       rival=no d=9999 mm rumbo=+6000 cdeg  linea=0x0
[gelatina] t=10456 ms  TRACK        rival=si d=  92 mm rumbo=+6000 cdeg  linea=0x0
[gelatina] t=10464 ms  ATTACK       rival=si d=  92 mm rumbo=+6000 cdeg  linea=0x0
[gelatina] t=10696 ms  SEARCH       rival=no d=9999 mm rumbo=-6000 cdeg  linea=0x0
[gelatina] t=10784 ms  TRACK        rival=si d= 103 mm rumbo=-6000 cdeg  linea=0x0
[gelatina] t=10792 ms  ATTACK       rival=si d= 103 mm rumbo=-6000 cdeg  linea=0x0
[gelatina] t=11024 ms  SEARCH       rival=no d=9999 mm rumbo=+6000 cdeg  linea=0x0
[gelatina] t=11152 ms  TRACK        rival=si d= 156 mm rumbo=+6000 cdeg  linea=0x0
WARNING: Contact joints between materials 'rueda' and 'dohyo' will only be created for the 10 deepest contact points instead of all the 11 contact points.
Error: wb_supervisor_field_set_mf_vec3f() called on a read-only PROTO internal field.
Error: wb_supervisor_field_set_mf_vec3f() called on a read-only PROTO internal field.
Error: wb_supervisor_field_set_mf_vec3f() called on a read-only PROTO internal field.
Error: wb_supervisor_field_set_mf_vec3f() called on a read-only PROTO internal field.
[arbitro] asalto  8/30  lado     rival fuera     +1  11.30 s
[inercia] asalto=8 robot=GELATINA rueda=0 rotor=1.79272499e-05
[inercia] asalto=8 robot=GELATINA rueda=1 rotor=9.51810461e-06
[inercia] asalto=8 robot=RIVAL rueda=0 rotor=3.46787792e-05
[inercia] asalto=8 robot=RIVAL rueda=1 rotor=1.52327709e-05
[planta] asalto=8 mu=1.19211463 slip=0.00174366271 aleatorio=1
[gelatina] fin de asalto motor={"battery_v":7.64408584,"resistance_ohm":[4.30190868,3.641607],"bridge_ohm":[0.698976374,0.519949734],"omega_rad_s":[40.5836563,-15.3863456],"current_a":[0.919004307,-0.415235899],"torque_nm":[0.0406968019,-0.0131236862],"applied_pwm":[1,-0.400000006],"over_1_2a_samples":7805,"over_3_2a_samples":0}
[gelatina] t=    0 ms  WAIT         rival=si d= 263 mm rumbo=-6000 cdeg  linea=0x0
[rival] fin de asalto motor={"battery_v":7.5674217,"resistance_ohm":[3.81154442,3.72231936],"bridge_ohm":[0.606800556,0.671466458],"omega_rad_s":[-30.2799996,42.8871179],"current_a":[-0.35933301,-1.76949855],"torque_nm":[-0.0121339922,-0.0916354706],"applied_pwm":[-0.6,-0.6],"over_1_2a_samples":101,"over_3_2a_samples":0}
[planta] gelatina ciclo=10 rueda=0 V=7.68007473 R=4.15277009 Rpuente=0.658638716 I0=0.195373553 Ke=0.074630988 Kt=0.0483794733
[planta] gelatina ciclo=10 rueda=1 V=7.68007473 R=3.60931435 Rpuente=0.540965879 I0=0.214414859 Ke=0.0707102202 Kt=0.0483794733
[sensores] gelatina ToF alcance=1673.6261 minimo=46.0332131 sigma_rel=0.0772894335
[gelatina] pulsador recibido: permiso previsto 211968 ms
[planta] rival ciclo=10 rueda=0 V=7.05552305 R=3.81149516 Rpuente=0.69326303 I0=0.0777789295 Ke=0.0794629481 Kt=0.0483794733
[planta] rival ciclo=10 rueda=1 V=7.05552305 R=4.06926346 Rpuente=0.545976555 I0=0.21167028 Ke=0.0728582793 Kt=0.0483794733
[sensores] rival ToF alcance=1193.1313 minimo=34.9402601 sigma_rel=0.0501820707
[arranque] pulsador=206968 permiso=211968 ms
[gelatina] permiso de arranque a los 211968 ms
[gelatina] t=    0 ms  OPENING      rival=no d=9999 mm rumbo=-6000 cdeg  linea=0x0
WARNING: Contact joints between materials 'rueda' and 'dohyo' will only be created for the 10 deepest contact points instead of all the 11 contact points.
[gelatina] t=  111 ms  SEARCH       rival=no d=9999 mm rumbo=-6000 cdeg  linea=0x0
[gelatina] t=  223 ms  TRACK        rival=si d=  50 mm rumbo=-4502 cdeg  linea=0x0
[gelatina] t=  232 ms  ATTACK       rival=si d=  50 mm rumbo=-4502 cdeg  linea=0x0
[gelatina] t=  431 ms  SEARCH       rival=no d=9999 mm rumbo=+6000 cdeg  linea=0x0
[gelatina] t=  488 ms  TRACK        rival=si d=  84 mm rumbo=+6000 cdeg  linea=0x0
[gelatina] t=  495 ms  ATTACK       rival=si d=  84 mm rumbo=+6000 cdeg  linea=0x0
[gelatina] t=  727 ms  SEARCH       rival=no d=9999 mm rumbo=-6000 cdeg  linea=0x0
[gelatina] t=  791 ms  TRACK        rival=si d=  74 mm rumbo=-6000 cdeg  linea=0x0
[gelatina] t=  799 ms  ATTACK       rival=si d=  74 mm rumbo=-6000 cdeg  linea=0x0
WARNING: Contact joints between materials 'rueda' and 'dohyo' will only be created for the 10 deepest contact points instead of all the 30 contact points.
[gelatina] t= 1256 ms  SEARCH       rival=no d=9999 mm rumbo=-3000 cdeg  linea=0x0
[gelatina] t= 1543 ms  TRACK        rival=si d= 250 mm rumbo=+2939 cdeg  linea=0x0
[gelatina] t= 1575 ms  ATTACK       rival=si d=  52 mm rumbo=   +0 cdeg  linea=0x0
[gelatina] t= 1783 ms  SEARCH       rival=no d=9999 mm rumbo=+6000 cdeg  linea=0x0
[gelatina] t= 2831 ms  TRACK        rival=si d=  69 mm rumbo=+6000 cdeg  linea=0x8
[gelatina] t= 2839 ms  ATTACK       rival=si d=  69 mm rumbo=+6000 cdeg  linea=0x8
WARNING: Contact joints between materials 'patin' and 'dohyo' will only be created for the 10 deepest contact points instead of all the 14 contact points.
[gelatina] t= 2967 ms  SEARCH       rival=no d=9999 mm rumbo=+6000 cdeg  linea=0x0
[gelatina] t= 3159 ms  ATTACK       rival=si d=  58 mm rumbo=+3000 cdeg  linea=0x8
[gelatina] t= 3335 ms  SEARCH       rival=no d=9999 mm rumbo=-4547 cdeg  linea=0x0
[gelatina] t= 3431 ms  TRACK        rival=si d=  61 mm rumbo=-6000 cdeg  linea=0x0
[gelatina] t= 3440 ms  ATTACK       rival=si d=  61 mm rumbo=-6000 cdeg  linea=0x0
[gelatina] t= 3831 ms  SEARCH       rival=no d=9999 mm rumbo=+3000 cdeg  linea=0x0
WARNING: Contact joints between materials 'patin' and 'dohyo' will only be created for the 10 deepest contact points instead of all the 16 contact points.
[gelatina] t= 3919 ms  TRACK        rival=si d=  50 mm rumbo=   +0 cdeg  linea=0x0
[gelatina] t= 3928 ms  ATTACK       rival=si d=  50 mm rumbo=   +0 cdeg  linea=0x0
[gelatina] t= 4055 ms  SEARCH       rival=no d=9999 mm rumbo=   +0 cdeg  linea=0x0
[gelatina] t= 4215 ms  TRACK        rival=si d=  59 mm rumbo=+6000 cdeg  linea=0x2
[gelatina] t= 4223 ms  ATTACK       rival=si d=  59 mm rumbo=+6000 cdeg  linea=0x2
[gelatina] t= 4455 ms  SEARCH       rival=no d=9999 mm rumbo=-6000 cdeg  linea=0x4
[gelatina] t= 4479 ms  TRACK        rival=si d= 739 mm rumbo=+6000 cdeg  linea=0x0
[gelatina] t= 4679 ms  ATTACK       rival=si d= 109 mm rumbo=+3652 cdeg  linea=0x0
Error: wb_supervisor_field_set_mf_vec3f() called on a read-only PROTO internal field.
Error: wb_supervisor_field_set_mf_vec3f() called on a read-only PROTO internal field.
Error: wb_supervisor_field_set_mf_vec3f() called on a read-only PROTO internal field.
Error: wb_supervisor_field_set_mf_vec3f() called on a read-only PROTO internal field.
[arbitro] asalto  9/30  espalda  auto-salida     -1   4.74 s
[inercia] asalto=9 robot=GELATINA rueda=0 rotor=1.93642069e-05
[inercia] asalto=9 robot=GELATINA rueda=1 rotor=1.02621617e-05
[inercia] asalto=9 robot=RIVAL rueda=0 rotor=1.83291403e-05
[inercia] asalto=9 robot=RIVAL rueda=1 rotor=1.2540775e-05
[planta] asalto=9 mu=1.43153319 slip=5.18010855e-05 aleatorio=1
[gelatina] fin de asalto motor={"battery_v":7.68007473,"resistance_ohm":[4.15277009,3.60931435],"bridge_ohm":[0.658638716,0.540965879],"omega_rad_s":[17.7468038,66.7296795],"current_a":[0.34609666,0.713591429],"torque_nm":[0.00729190454,0.0241498995],"applied_pwm":[0.389276683,1],"over_1_2a_samples":8086,"over_3_2a_samples":0}
[gelatina] t=    0 ms  WAIT         rival=si d=  93 mm rumbo=+3399 cdeg  linea=0x0
[rival] fin de asalto motor={"battery_v":7.05552305,"resistance_ohm":[3.81149516,4.06926346],"bridge_ohm":[0.69326303,0.545976555],"omega_rad_s":[-30.3442965,25.4223424],"current_a":[-0.247852209,0.363043611],"torque_nm":[-0.00822805567,0.00732336208],"applied_pwm":[-0.5,0.5],"over_1_2a_samples":105,"over_3_2a_samples":0}
[planta] gelatina ciclo=11 rueda=0 V=7.71389326 R=3.71337938 Rpuente=0.670534432 I0=0.140732753 Ke=0.0753222627 Kt=0.0483794733
[planta] gelatina ciclo=11 rueda=1 V=7.71389326 R=4.38434691 Rpuente=0.617152393 I0=0.185167623 Ke=0.0921916795 Kt=0.0483794733
[sensores] gelatina ToF alcance=1624.35977 minimo=22.0166779 sigma_rel=0.114605503
[gelatina] pulsador recibido: permiso previsto 222016 ms
[planta] rival ciclo=11 rueda=0 V=8.34476242 R=4.18496747 Rpuente=0.605813777 I0=0.177209732 Ke=0.0724899875 Kt=0.0483794733
[planta] rival ciclo=11 rueda=1 V=8.34476242 R=4.35398736 Rpuente=0.664154279 I0=0.198033249 Ke=0.0690945462 Kt=0.0483794733
[sensores] rival ToF alcance=931.619328 minimo=35.9328008 sigma_rel=0.076755271
[arranque] pulsador=217016 permiso=222016 ms
[gelatina] permiso de arranque a los 222016 ms
[gelatina] t=    0 ms  TRACK        rival=si d=  82 mm rumbo=   +0 cdeg  linea=0x0
[gelatina] t=    8 ms  ATTACK       rival=si d=  82 mm rumbo=   +0 cdeg  linea=0x0
WARNING: Contact joints between materials 'patin' and 'dohyo' will only be created for the 10 deepest contact points instead of all the 15 contact points.
Error: wb_supervisor_field_set_mf_vec3f() called on a read-only PROTO internal field.
Error: wb_supervisor_field_set_mf_vec3f() called on a read-only PROTO internal field.
Error: wb_supervisor_field_set_mf_vec3f() called on a read-only PROTO internal field.
Error: wb_supervisor_field_set_mf_vec3f() called on a read-only PROTO internal field.
[arbitro] asalto 10/30  frente   rival fuera     +1   0.71 s
[inercia] asalto=10 robot=GELATINA rueda=0 rotor=1.29774204e-05
[inercia] asalto=10 robot=GELATINA rueda=1 rotor=2.5496477e-05
[inercia] asalto=10 robot=RIVAL rueda=0 rotor=3.04455067e-05
[inercia] asalto=10 robot=RIVAL rueda=1 rotor=3.42000178e-05
[planta] asalto=10 mu=1.40963463 slip=0.000815753222 aleatorio=1
[gelatina] fin de asalto motor={"battery_v":7.71389326,"resistance_ohm":[3.71337938,4.38434691],"bridge_ohm":[0.670534432,0.617152393],"omega_rad_s":[47.8231484,58.2927606],"current_a":[0.937916594,0.467816871],"torque_nm":[0.0385673344,0.0136744218],"applied_pwm":[1,1],"over_1_2a_samples":8105,"over_3_2a_samples":0}
[gelatina] t=    0 ms  WAIT         rival=si d=  22 mm rumbo=   +0 cdeg  linea=0x1
[rival] fin de asalto motor={"battery_v":8.34476242,"resistance_ohm":[4.18496747,4.35398736],"bridge_ohm":[0.605813777,0.664154279],"omega_rad_s":[-18.4981672,19.665952],"current_a":[-0.59102037,0.560679906],"torque_nm":[-0.0200199407,0.0175446542],"applied_pwm":[-0.5,0.5],"over_1_2a_samples":111,"over_3_2a_samples":0}
[planta] gelatina ciclo=12 rueda=0 V=7.74988215 R=4.36424079 Rpuente=0.630196774 I0=0.108301771 Ke=0.0827230054 Kt=0.0483794733
[planta] gelatina ciclo=12 rueda=1 V=7.74988215 R=4.35205426 Rpuente=0.638168538 I0=0.105612168 Ke=0.0829160018 Kt=0.0483794733
[sensores] gelatina ToF alcance=1454.77189 minimo=22.2182548 sigma_rel=0.064986105
[gelatina] pulsador recibido: permiso previsto 228040 ms
[planta] rival ciclo=12 rueda=0 V=7.47017006 R=3.82745032 Rpuente=0.542386186 I0=0.168449083 Ke=0.0899085413 Kt=0.0483794733
[planta] rival ciclo=12 rueda=1 V=7.47017006 R=3.74680791 Rpuente=0.525278199 I0=0.106690541 Ke=0.0706816333 Kt=0.0483794733
[arranque] pulsador=223040 permiso=228040 ms
[sensores] rival ToF alcance=1421.78903 minimo=43.077755 sigma_rel=0.0661555958
[gelatina] permiso de arranque a los 228040 ms
[gelatina] t=    0 ms  TRACK        rival=si d=  82 mm rumbo=-6000 cdeg  linea=0x0
[gelatina] t=    8 ms  ATTACK       rival=si d=  82 mm rumbo=-6000 cdeg  linea=0x0
WARNING: Contact joints between materials 'rueda' and 'dohyo' will only be created for the 10 deepest contact points instead of all the 14 contact points.
[gelatina] t=  432 ms  SEARCH       rival=no d=9999 mm rumbo=   +0 cdeg  linea=0x0
[gelatina] t=  560 ms  TRACK        rival=si d=  28 mm rumbo=+3000 cdeg  linea=0x0
[gelatina] t=  568 ms  ATTACK       rival=si d=  28 mm rumbo=+3000 cdeg  linea=0x0
[gelatina] t=  792 ms  SEARCH       rival=no d=9999 mm rumbo=-3000 cdeg  linea=0x0
[gelatina] t=  856 ms  TRACK        rival=si d=  82 mm rumbo=-3000 cdeg  linea=0x0
[gelatina] t=  864 ms  ATTACK       rival=si d=  82 mm rumbo=-3000 cdeg  linea=0x0
WARNING: Contact joints between materials 'patin' and 'dohyo' will only be created for the 10 deepest contact points instead of all the 17 contact points.
Error: wb_supervisor_field_set_mf_vec3f() called on a read-only PROTO internal field.
Error: wb_supervisor_field_set_mf_vec3f() called on a read-only PROTO internal field.
Error: wb_supervisor_field_set_mf_vec3f() called on a read-only PROTO internal field.
Error: wb_supervisor_field_set_mf_vec3f() called on a read-only PROTO internal field.
[arbitro] asalto 11/30  lado     rival fuera     +1   1.41 s
[inercia] asalto=11 robot=GELATINA rueda=0 rotor=3.59326755e-05
[inercia] asalto=11 robot=GELATINA rueda=1 rotor=3.07028105e-05
[inercia] asalto=11 robot=RIVAL rueda=0 rotor=2.12941518e-05
[inercia] asalto=11 robot=RIVAL rueda=1 rotor=1.95678381e-05
[planta] asalto=11 mu=0.611160374 slip=6.14310503e-05 aleatorio=1
[gelatina] fin de asalto motor={"battery_v":7.74988215,"resistance_ohm":[4.36424079,4.35205426],"bridge_ohm":[0.630196774,0.638168538],"omega_rad_s":[48.5988241,15.6881397],"current_a":[0.746759032,-0.0121871255],"torque_nm":[0.0308882261,-0.00569906776],"applied_pwm":[1,0.160000026],"over_1_2a_samples":8151,"over_3_2a_samples":0}
[gelatina] t=    0 ms  WAIT         rival=si d=  26 mm rumbo=-3000 cdeg  linea=0x2
[rival] fin de asalto motor={"battery_v":7.47017006,"resistance_ohm":[3.82745032,3.74680791],"bridge_ohm":[0.542386186,0.525278199],"omega_rad_s":[-44.9919038,-23.4922367],"current_a":[-0.0999912907,-0.660481157],"torque_nm":[0.00331195193,-0.0267920984],"applied_pwm":[-0.6,-0.6],"over_1_2a_samples":123,"over_3_2a_samples":0}
[planta] gelatina ciclo=13 rueda=0 V=7.78370068 R=3.92485013 Rpuente=0.642092502 I0=0.203660962 Ke=0.0742814305 Kt=0.0483794733
[planta] gelatina ciclo=13 rueda=1 V=7.78370068 R=4.32708683 Rpuente=0.514355052 I0=0.0763649404 Ke=0.0741961264 Kt=0.0483794733
[sensores] gelatina ToF alcance=1405.5055 minimo=28.2017177 sigma_rel=0.102302175
[gelatina] pulsador recibido: permiso previsto 234760 ms
[planta] rival ciclo=13 rueda=0 V=7.35940934 R=4.20092268 Rpuente=0.654936934 I0=0.117879885 Ke=0.0912495989 Kt=0.0483794733
[planta] rival ciclo=13 rueda=1 V=7.35940934 R=4.03153186 Rpuente=0.643455923 I0=0.0930535108 Ke=0.100742583 Kt=0.0483794733
[arranque] pulsador=229760 permiso=234760 ms
[sensores] rival ToF alcance=1160.27706 minimo=44.0702975 sigma_rel=0.092728796
[gelatina] permiso de arranque a los 234760 ms
[gelatina] t=    0 ms  OPENING      rival=no d=9999 mm rumbo=-3000 cdeg  linea=0x0
[gelatina] t=  112 ms  SEARCH       rival=no d=9999 mm rumbo=-3000 cdeg  linea=0x0
WARNING: Contact joints between materials 'rueda' and 'dohyo' will only be created for the 10 deepest contact points instead of all the 12 contact points.
[gelatina] t=  224 ms  TRACK        rival=si d=  60 mm rumbo=-4497 cdeg  linea=0x0
[gelatina] t=  232 ms  ATTACK       rival=si d=  60 mm rumbo=-4497 cdeg  linea=0x0
[gelatina] t=  432 ms  SEARCH       rival=no d=9999 mm rumbo=+3000 cdeg  linea=0x0
[gelatina] t=  624 ms  TRACK        rival=si d= 109 mm rumbo=+6000 cdeg  linea=0x0
[gelatina] t=  632 ms  ATTACK       rival=si d= 109 mm rumbo=+6000 cdeg  linea=0x0
[gelatina] t=  824 ms  SEARCH       rival=no d=9999 mm rumbo=-4501 cdeg  linea=0x0
[gelatina] t=  952 ms  TRACK        rival=si d= 165 mm rumbo=-6000 cdeg  linea=0x0
WARNING: Contact joints between materials 'rueda' and 'dohyo' will only be created for the 10 deepest contact points instead of all the 16 contact points.
[gelatina] t= 1216 ms  ATTACK       rival=si d= 120 mm rumbo=+4532 cdeg  linea=0x0
[gelatina] t= 1488 ms  SEARCH       rival=no d=9999 mm rumbo=-6000 cdeg  linea=0x0
[gelatina] t= 1544 ms  TRACK        rival=si d= 160 mm rumbo=-6000 cdeg  linea=0x0
[gelatina] t= 1584 ms  ATTACK       rival=si d= 113 mm rumbo=-4415 cdeg  linea=0x0
[gelatina] t= 1816 ms  SEARCH       rival=no d=9999 mm rumbo=+6000 cdeg  linea=0x0
[gelatina] t= 1912 ms  TRACK        rival=si d= 122 mm rumbo=+6000 cdeg  linea=0x0
[gelatina] t= 1920 ms  ATTACK       rival=si d= 122 mm rumbo=+6000 cdeg  linea=0x0
[gelatina] t= 2144 ms  SEARCH       rival=no d=9999 mm rumbo=-4511 cdeg  linea=0x0
WARNING: Contact joints between materials 'rueda' and 'dohyo' will only be created for the 10 deepest contact points instead of all the 14 contact points.
[gelatina] t= 2272 ms  TRACK        rival=si d=  98 mm rumbo=-6000 cdeg  linea=0x0
[gelatina] t= 2280 ms  ATTACK       rival=si d=  98 mm rumbo=-6000 cdeg  linea=0x0
[gelatina] t= 2504 ms  SEARCH       rival=no d=9999 mm rumbo=+6000 cdeg  linea=0x0
[gelatina] t= 2632 ms  TRACK        rival=si d=  83 mm rumbo=+6000 cdeg  linea=0x0
[gelatina] t= 2640 ms  ATTACK       rival=si d=  83 mm rumbo=+6000 cdeg  linea=0x0
[gelatina] t= 2840 ms  SEARCH       rival=no d=9999 mm rumbo=-6000 cdeg  linea=0x0
[gelatina] t= 3000 ms  TRACK        rival=si d= 125 mm rumbo=-1525 cdeg  linea=0x0
[gelatina] t= 3008 ms  ATTACK       rival=si d= 125 mm rumbo=-1525 cdeg  linea=0x0
[gelatina] t= 3168 ms  SEARCH       rival=no d=9999 mm rumbo=+3000 cdeg  linea=0x0
WARNING: Contact joints between materials 'patin' and 'dohyo' will only be created for the 10 deepest contact points instead of all the 14 contact points.
[gelatina] t= 3360 ms  TRACK        rival=si d= 148 mm rumbo=+3000 cdeg  linea=0x0
[gelatina] t= 3656 ms  ATTACK       rival=si d= 101 mm rumbo=+1446 cdeg  linea=0x0
[gelatina] t= 3832 ms  SEARCH       rival=no d=9999 mm rumbo=+3000 cdeg  linea=0x0
[gelatina] t= 3952 ms  TRACK        rival=si d= 151 mm rumbo=+6000 cdeg  linea=0x0
[gelatina] t= 4184 ms  ATTACK       rival=si d= 127 mm rumbo=-6000 cdeg  linea=0x0
WARNING: Contact joints between materials 'patin' and 'dohyo' will only be created for the 10 deepest contact points instead of all the 11 contact points.
[gelatina] t= 4456 ms  SEARCH       rival=no d=9999 mm rumbo=+6000 cdeg  linea=0x0
[gelatina] t= 4512 ms  TRACK        rival=si d= 100 mm rumbo=+6000 cdeg  linea=0x0
[gelatina] t= 4520 ms  ATTACK       rival=si d= 100 mm rumbo=+6000 cdeg  linea=0x0
[gelatina] t= 4752 ms  SEARCH       rival=no d=9999 mm rumbo=-4504 cdeg  linea=0x0
[gelatina] t= 4880 ms  TRACK        rival=si d=  76 mm rumbo=-4493 cdeg  linea=0x0
[gelatina] t= 4888 ms  ATTACK       rival=si d=  76 mm rumbo=-4493 cdeg  linea=0x0
[gelatina] t= 5080 ms  SEARCH       rival=no d=9999 mm rumbo=+6000 cdeg  linea=0x0
[gelatina] t= 5208 ms  TRACK        rival=si d=  95 mm rumbo=+4490 cdeg  linea=0x0
[gelatina] t= 5216 ms  ATTACK       rival=si d=  95 mm rumbo=+4490 cdeg  linea=0x0
[gelatina] t= 5416 ms  SEARCH       rival=no d=9999 mm rumbo=-6000 cdeg  linea=0x0
WARNING: Contact joints between materials 'rueda' and 'dohyo' will only be created for the 10 deepest contact points instead of all the 11 contact points.
[gelatina] t= 5544 ms  TRACK        rival=si d=  95 mm rumbo=-4508 cdeg  linea=0x0
[gelatina] t= 5552 ms  ATTACK       rival=si d=  95 mm rumbo=-4508 cdeg  linea=0x0
[gelatina] t= 5744 ms  SEARCH       rival=no d=9999 mm rumbo=+4511 cdeg  linea=0x0
[gelatina] t= 5872 ms  TRACK        rival=si d= 107 mm rumbo=+4478 cdeg  linea=0x0
[gelatina] t= 5880 ms  ATTACK       rival=si d= 107 mm rumbo=+4478 cdeg  linea=0x0
[gelatina] t= 6072 ms  SEARCH       rival=no d=9999 mm rumbo=-6000 cdeg  linea=0x0
[gelatina] t= 6200 ms  TRACK        rival=si d= 103 mm rumbo=-6000 cdeg  linea=0x0
[gelatina] t= 6208 ms  ATTACK       rival=si d= 103 mm rumbo=-6000 cdeg  linea=0x0
[gelatina] t= 6432 ms  SEARCH       rival=no d=9999 mm rumbo=+6000 cdeg  linea=0x0
[gelatina] t= 6528 ms  TRACK        rival=si d= 118 mm rumbo=+6000 cdeg  linea=0x0
[gelatina] t= 6536 ms  ATTACK       rival=si d= 118 mm rumbo=+6000 cdeg  linea=0x0
WARNING: Contact joints between materials 'patin' and 'dohyo' will only be created for the 10 deepest contact points instead of all the 14 contact points.
[gelatina] t= 6768 ms  SEARCH       rival=no d=9999 mm rumbo=-6000 cdeg  linea=0x0
[gelatina] t= 6896 ms  TRACK        rival=si d= 161 mm rumbo=-6000 cdeg  linea=0x0
[gelatina] t= 7096 ms  SEARCH       rival=no d=9999 mm rumbo=+4527 cdeg  linea=0x0
[gelatina] t= 7120 ms  TRACK        rival=si d= 148 mm rumbo=+6000 cdeg  linea=0x0
[gelatina] t= 7160 ms  ATTACK       rival=si d= 114 mm rumbo=+4461 cdeg  linea=0x0
[gelatina] t= 7392 ms  SEARCH       rival=no d=9999 mm rumbo=-6000 cdeg  linea=0x0
[gelatina] t= 7520 ms  TRACK        rival=si d= 113 mm rumbo=-4523 cdeg  linea=0x0
[gelatina] t= 7528 ms  ATTACK       rival=si d= 113 mm rumbo=-4523 cdeg  linea=0x0
[gelatina] t= 7720 ms  SEARCH       rival=no d=9999 mm rumbo=+6000 cdeg  linea=0x0
[gelatina] t= 7848 ms  TRACK        rival=si d= 147 mm rumbo=+6000 cdeg  linea=0x0
[gelatina] t= 7920 ms  ATTACK       rival=si d= 123 mm rumbo=-1572 cdeg  linea=0x0
[gelatina] t= 8088 ms  SEARCH       rival=no d=9999 mm rumbo=-6000 cdeg  linea=0x0
WARNING: Contact joints between materials 'patin' and 'dohyo' will only be created for the 10 deepest contact points instead of all the 12 contact points.
[gelatina] t= 8248 ms  TRACK        rival=si d= 141 mm rumbo=-4458 cdeg  linea=0x0
[gelatina] t= 8448 ms  SEARCH       rival=no d=9999 mm rumbo=+6000 cdeg  linea=0x0
[gelatina] t= 8472 ms  TRACK        rival=si d= 167 mm rumbo=+6000 cdeg  linea=0x0
[gelatina] t= 8808 ms  ATTACK       rival=si d= 121 mm rumbo=+3000 cdeg  linea=0x0
[gelatina] t= 8976 ms  SEARCH       rival=no d=9999 mm rumbo=+6000 cdeg  linea=0x0
[gelatina] t= 9040 ms  TRACK        rival=si d=  97 mm rumbo=+6000 cdeg  linea=0x0
[gelatina] t= 9048 ms  ATTACK       rival=si d=  97 mm rumbo=+6000 cdeg  linea=0x0
WARNING: Contact joints between materials 'patin' and 'dohyo' will only be created for the 10 deepest contact points instead of all the 16 contact points.
[gelatina] t= 9272 ms  SEARCH       rival=no d=9999 mm rumbo=-6000 cdeg  linea=0x0
[gelatina] t= 9400 ms  TRACK        rival=si d=  79 mm rumbo=-6000 cdeg  linea=0x0
[gelatina] t= 9408 ms  ATTACK       rival=si d=  79 mm rumbo=-6000 cdeg  linea=0x0
[gelatina] t= 9632 ms  SEARCH       rival=no d=9999 mm rumbo=+6000 cdeg  linea=0x0
[gelatina] t= 9760 ms  TRACK        rival=si d= 106 mm rumbo=+4500 cdeg  linea=0x0
[gelatina] t= 9768 ms  ATTACK       rival=si d= 106 mm rumbo=+4500 cdeg  linea=0x0
[gelatina] t= 9968 ms  SEARCH       rival=no d=9999 mm rumbo=-6000 cdeg  linea=0x0
[gelatina] t=10096 ms  TRACK        rival=si d= 126 mm rumbo=-6000 cdeg  linea=0x0
[gelatina] t=10104 ms  ATTACK       rival=si d= 126 mm rumbo=-6000 cdeg  linea=0x0
[gelatina] t=10296 ms  SEARCH       rival=no d=9999 mm rumbo=+4445 cdeg  linea=0x0
[gelatina] t=10424 ms  TRACK        rival=si d=  99 mm rumbo=+6000 cdeg  linea=0x0
[gelatina] t=10432 ms  ATTACK       rival=si d=  99 mm rumbo=+6000 cdeg  linea=0x0
WARNING: Contact joints between materials 'patin' and 'dohyo' will only be created for the 10 deepest contact points instead of all the 15 contact points.
[gelatina] t=10664 ms  SEARCH       rival=no d=9999 mm rumbo=-6000 cdeg  linea=0x0
[gelatina] t=10784 ms  TRACK        rival=si d= 120 mm rumbo=-4540 cdeg  linea=0x0
[gelatina] t=10792 ms  ATTACK       rival=si d= 120 mm rumbo=-4540 cdeg  linea=0x0
[gelatina] t=10992 ms  SEARCH       rival=no d=9999 mm rumbo=+4401 cdeg  linea=0x0
[gelatina] t=11112 ms  TRACK        rival=si d= 156 mm rumbo=+6000 cdeg  linea=0x0
[gelatina] t=11184 ms  ATTACK       rival=si d= 124 mm rumbo=-4551 cdeg  linea=0x0
[gelatina] t=11320 ms  SEARCH       rival=no d=9999 mm rumbo=-4551 cdeg  linea=0x0
[gelatina] t=11448 ms  TRACK        rival=si d= 196 mm rumbo=-4977 cdeg  linea=0x0
WARNING: Contact joints between materials 'patin' and 'dohyo' will only be created for the 10 deepest contact points instead of all the 11 contact points.
[gelatina] t=11808 ms  ATTACK       rival=si d= 131 mm rumbo=-6000 cdeg  linea=0x0
[gelatina] t=11944 ms  SEARCH       rival=no d=9999 mm rumbo=-6000 cdeg  linea=0x0
[gelatina] t=11976 ms  TRACK        rival=si d= 153 mm rumbo=-6000 cdeg  linea=0x0
[gelatina] t=12008 ms  ATTACK       rival=si d= 117 mm rumbo=-6000 cdeg  linea=0x0
[gelatina] t=12272 ms  SEARCH       rival=no d=9999 mm rumbo=+6000 cdeg  linea=0x0
[gelatina] t=12304 ms  TRACK        rival=si d=  68 mm rumbo=+6000 cdeg  linea=0x0
[gelatina] t=12312 ms  ATTACK       rival=si d=  68 mm rumbo=+6000 cdeg  linea=0x0
WARNING: Contact joints between materials 'patin' and 'dohyo' will only be created for the 10 deepest contact points instead of all the 35 contact points.
[gelatina] t=12872 ms  SEARCH       rival=no d=9999 mm rumbo=-3000 cdeg  linea=0x0
[gelatina] t=13000 ms  TRACK        rival=si d=  40 mm rumbo=   +0 cdeg  linea=0x0
[gelatina] t=13008 ms  ATTACK       rival=si d=  40 mm rumbo=   +0 cdeg  linea=0x0
[gelatina] t=13200 ms  SEARCH       rival=no d=9999 mm rumbo=+6000 cdeg  linea=0x0
[gelatina] t=13264 ms  TRACK        rival=si d=  51 mm rumbo=+6000 cdeg  linea=0x0
[gelatina] t=13272 ms  ATTACK       rival=si d=  51 mm rumbo=+6000 cdeg  linea=0x0
[gelatina] t=13528 ms  SEARCH       rival=no d=9999 mm rumbo=-6000 cdeg  linea=0x0
[gelatina] t=13656 ms  TRACK        rival=si d=  38 mm rumbo=-4547 cdeg  linea=0x0
[gelatina] t=13664 ms  ATTACK       rival=si d=  38 mm rumbo=-4547 cdeg  linea=0x0
[gelatina] t=13896 ms  SEARCH       rival=no d=9999 mm rumbo=+6000 cdeg  linea=0x0
[gelatina] t=14016 ms  TRACK        rival=si d=  42 mm rumbo=+6000 cdeg  linea=0x0
[gelatina] t=14024 ms  ATTACK       rival=si d=  42 mm rumbo=+4515 cdeg  linea=0x0
WARNING: Contact joints between materials 'patin' and 'dohyo' will only be created for the 10 deepest contact points instead of all the 17 contact points.
[gelatina] t=14224 ms  SEARCH       rival=no d=9999 mm rumbo=-4529 cdeg  linea=0x0
[gelatina] t=14352 ms  TRACK        rival=si d=  61 mm rumbo=-6000 cdeg  linea=0x0
[gelatina] t=14360 ms  ATTACK       rival=si d=  61 mm rumbo=-6000 cdeg  linea=0x0
[gelatina] t=14584 ms  SEARCH       rival=no d=9999 mm rumbo=+6000 cdeg  linea=0x0
[gelatina] t=14712 ms  TRACK        rival=si d=  69 mm rumbo=+4524 cdeg  linea=0x0
[gelatina] t=14720 ms  ATTACK       rival=si d=  69 mm rumbo=+4524 cdeg  linea=0x0
[gelatina] t=14920 ms  SEARCH       rival=no d=9999 mm rumbo=-6000 cdeg  linea=0x0
[gelatina] t=15080 ms  TRACK        rival=si d=  90 mm rumbo=-4511 cdeg  linea=0x0
[gelatina] t=15088 ms  ATTACK       rival=si d=  90 mm rumbo=-4511 cdeg  linea=0x0
[gelatina] t=15280 ms  SEARCH       rival=no d=9999 mm rumbo=+3000 cdeg  linea=0x0
WARNING: Contact joints between materials 'patin' and 'dohyo' will only be created for the 10 deepest contact points instead of all the 18 contact points.
[gelatina] t=15440 ms  TRACK        rival=si d= 128 mm rumbo=+6000 cdeg  linea=0x0
[gelatina] t=15448 ms  ATTACK       rival=si d= 128 mm rumbo=+6000 cdeg  linea=0x0
[gelatina] t=15680 ms  SEARCH       rival=no d=9999 mm rumbo=-4516 cdeg  linea=0x0
[gelatina] t=15800 ms  TRACK        rival=si d= 106 mm rumbo=-4533 cdeg  linea=0x0
[gelatina] t=15808 ms  ATTACK       rival=si d= 106 mm rumbo=-4533 cdeg  linea=0x0
[gelatina] t=16008 ms  SEARCH       rival=no d=9999 mm rumbo=+6000 cdeg  linea=0x0
[gelatina] t=16168 ms  TRACK        rival=si d= 110 mm rumbo=   +0 cdeg  linea=0x0
[gelatina] t=16176 ms  ATTACK       rival=si d= 110 mm rumbo=   +0 cdeg  linea=0x0
[gelatina] t=16368 ms  SEARCH       rival=no d=9999 mm rumbo=-6000 cdeg  linea=0x0
WARNING: Contact joints between materials 'rueda' and 'dohyo' will only be created for the 10 deepest contact points instead of all the 15 contact points.
[gelatina] t=16496 ms  TRACK        rival=si d= 166 mm rumbo=-6000 cdeg  linea=0x0
[gelatina] t=16528 ms  ATTACK       rival=si d= 122 mm rumbo=-4478 cdeg  linea=0x0
[gelatina] t=16760 ms  SEARCH       rival=no d=9999 mm rumbo=+6000 cdeg  linea=0x0
[gelatina] t=16856 ms  TRACK        rival=si d= 122 mm rumbo=+4495 cdeg  linea=0x0
[gelatina] t=16864 ms  ATTACK       rival=si d= 122 mm rumbo=+4495 cdeg  linea=0x0
[gelatina] t=17064 ms  SEARCH       rival=no d=9999 mm rumbo=-6000 cdeg  linea=0x0
[gelatina] t=17192 ms  TRACK        rival=si d= 128 mm rumbo=-6000 cdeg  linea=0x0
[gelatina] t=17200 ms  ATTACK       rival=si d= 128 mm rumbo=-6000 cdeg  linea=0x0
[gelatina] t=17424 ms  SEARCH       rival=no d=9999 mm rumbo=+6000 cdeg  linea=0x0
WARNING: Contact joints between materials 'rueda' and 'dohyo' will only be created for the 10 deepest contact points instead of all the 12 contact points.
[gelatina] t=17552 ms  TRACK        rival=si d= 116 mm rumbo=+6000 cdeg  linea=0x0
[gelatina] t=17560 ms  ATTACK       rival=si d= 116 mm rumbo=+6000 cdeg  linea=0x0
[gelatina] t=17792 ms  SEARCH       rival=no d=9999 mm rumbo=-6000 cdeg  linea=0x0
[gelatina] t=17912 ms  TRACK        rival=si d= 106 mm rumbo=-6000 cdeg  linea=0x0
[gelatina] t=17920 ms  ATTACK       rival=si d= 106 mm rumbo=-6000 cdeg  linea=0x0
[gelatina] t=18120 ms  SEARCH       rival=no d=9999 mm rumbo=+3000 cdeg  linea=0x0
[gelatina] t=18312 ms  TRACK        rival=si d= 111 mm rumbo=+4418 cdeg  linea=0x0
[gelatina] t=18320 ms  ATTACK       rival=si d= 111 mm rumbo=+4418 cdeg  linea=0x0
WARNING: Contact joints between materials 'rueda' and 'dohyo' will only be created for the 10 deepest contact points instead of all the 13 contact points.
[gelatina] t=18512 ms  SEARCH       rival=no d=9999 mm rumbo=-4588 cdeg  linea=0x0
[gelatina] t=18640 ms  TRACK        rival=si d= 160 mm rumbo=-6000 cdeg  linea=0x0
[gelatina] t=18704 ms  ATTACK       rival=si d= 114 mm rumbo=+1577 cdeg  linea=0x0
[gelatina] t=18872 ms  SEARCH       rival=no d=9999 mm rumbo=+6000 cdeg  linea=0x0
[gelatina] t=19000 ms  TRACK        rival=si d= 153 mm rumbo=+6000 cdeg  linea=0x0
[gelatina] t=19208 ms  SEARCH       rival=no d=9999 mm rumbo=-6000 cdeg  linea=0x0
[gelatina] t=19232 ms  TRACK        rival=si d= 125 mm rumbo=-6000 cdeg  linea=0x0
[gelatina] t=19240 ms  ATTACK       rival=si d= 125 mm rumbo=-6000 cdeg  linea=0x0
[gelatina] t=19504 ms  SEARCH       rival=no d=9999 mm rumbo=+6000 cdeg  linea=0x0
[gelatina] t=19560 ms  TRACK        rival=si d= 130 mm rumbo=+6000 cdeg  linea=0x0
[gelatina] t=19568 ms  ATTACK       rival=si d= 130 mm rumbo=+6000 cdeg  linea=0x0
WARNING: Contact joints between materials 'patin' and 'dohyo' will only be created for the 10 deepest contact points instead of all the 17 contact points.
[gelatina] t=19800 ms  SEARCH       rival=no d=9999 mm rumbo=-6000 cdeg  linea=0x0
[gelatina] t=19896 ms  TRACK        rival=si d= 114 mm rumbo=-6000 cdeg  linea=0x0
[gelatina] t=19904 ms  ATTACK       rival=si d= 114 mm rumbo=-6000 cdeg  linea=0x0
[gelatina] t=20128 ms  SEARCH       rival=no d=9999 mm rumbo=+6000 cdeg  linea=0x0
[gelatina] t=20224 ms  TRACK        rival=si d= 143 mm rumbo=+6000 cdeg  linea=0x0
[gelatina] t=20256 ms  ATTACK       rival=si d= 100 mm rumbo=+4506 cdeg  linea=0x0
[gelatina] t=20464 ms  SEARCH       rival=no d=9999 mm rumbo=-6000 cdeg  linea=0x0
[gelatina] t=20592 ms  TRACK        rival=si d= 135 mm rumbo=-4507 cdeg  linea=0x0
[gelatina] t=20624 ms  ATTACK       rival=si d= 114 mm rumbo=   +0 cdeg  linea=0x0
[gelatina] t=20792 ms  SEARCH       rival=no d=9999 mm rumbo=+4540 cdeg  linea=0x0
[gelatina] t=20952 ms  TRACK        rival=si d= 122 mm rumbo=+4430 cdeg  linea=0x0
[gelatina] t=20960 ms  ATTACK       rival=si d= 122 mm rumbo=+4430 cdeg  linea=0x0
[gelatina] t=21152 ms  SEARCH       rival=no d=9999 mm rumbo=-6000 cdeg  linea=0x0
[gelatina] t=21312 ms  TRACK        rival=si d= 115 mm rumbo=-4607 cdeg  linea=0x0
[gelatina] t=21319 ms  ATTACK       rival=si d= 115 mm rumbo=-4607 cdeg  linea=0x0
[gelatina] t=21512 ms  SEARCH       rival=no d=9999 mm rumbo=+6000 cdeg  linea=0x0
[gelatina] t=21672 ms  TRACK        rival=si d= 148 mm rumbo=+6000 cdeg  linea=0x0
[gelatina] t=21880 ms  SEARCH       rival=no d=9999 mm rumbo=-4496 cdeg  linea=0x0
[gelatina] t=21912 ms  TRACK        rival=si d= 146 mm rumbo=-6000 cdeg  linea=0x0
[gelatina] t=21944 ms  ATTACK       rival=si d= 114 mm rumbo=-4441 cdeg  linea=0x0
WARNING: Contact joints between materials 'patin' and 'dohyo' will only be created for the 10 deepest contact points instead of all the 15 contact points.
[gelatina] t=22175 ms  SEARCH       rival=no d=9999 mm rumbo=+6000 cdeg  linea=0x0
[gelatina] t=22240 ms  TRACK        rival=si d= 141 mm rumbo=+6000 cdeg  linea=0x0
[gelatina] t=22304 ms  ATTACK       rival=si d= 130 mm rumbo=   +0 cdeg  linea=0x0
[gelatina] t=22472 ms  SEARCH       rival=no d=9999 mm rumbo=-3000 cdeg  linea=0x0
[gelatina] t=22600 ms  TRACK        rival=si d= 183 mm rumbo=-6000 cdeg  linea=0x0
[gelatina] t=22896 ms  ATTACK       rival=si d= 114 mm rumbo=+1463 cdeg  linea=0x0
[gelatina] t=23104 ms  SEARCH       rival=no d=9999 mm rumbo=-6000 cdeg  linea=0x0
WARNING: Contact joints between materials 'patin' and 'dohyo' will only be created for the 10 deepest contact points instead of all the 36 contact points.
[gelatina] t=23232 ms  TRACK        rival=si d= 114 mm rumbo=-4505 cdeg  linea=0x0
[gelatina] t=23240 ms  ATTACK       rival=si d= 114 mm rumbo=-4505 cdeg  linea=0x0
[gelatina] t=23464 ms  SEARCH       rival=no d=9999 mm rumbo=+6000 cdeg  linea=0x0
[gelatina] t=23560 ms  TRACK        rival=si d= 153 mm rumbo=+4515 cdeg  linea=0x0
[gelatina] t=23624 ms  ATTACK       rival=si d= 113 mm rumbo=-3000 cdeg  linea=0x0
[gelatina] t=23792 ms  SEARCH       rival=no d=9999 mm rumbo=-6000 cdeg  linea=0x0
[gelatina] t=23920 ms  TRACK        rival=si d= 178 mm rumbo=-4589 cdeg  linea=0x0
[gelatina] t=24247 ms  ATTACK       rival=si d= 131 mm rumbo=-4528 cdeg  linea=0x0
WARNING: Contact joints between materials 'patin' and 'dohyo' will only be created for the 10 deepest contact points instead of all the 27 contact points.
[gelatina] t=24424 ms  SEARCH       rival=no d=9999 mm rumbo=-6000 cdeg  linea=0x0
[gelatina] t=24512 ms  TRACK        rival=si d= 113 mm rumbo=-6000 cdeg  linea=0x0
[gelatina] t=24520 ms  ATTACK       rival=si d= 113 mm rumbo=-6000 cdeg  linea=0x0
[gelatina] t=24752 ms  SEARCH       rival=no d=9999 mm rumbo=+6000 cdeg  linea=0x0
[gelatina] t=24807 ms  TRACK        rival=si d= 158 mm rumbo=+6000 cdeg  linea=0x0
[gelatina] t=24880 ms  ATTACK       rival=si d= 126 mm rumbo=-1497 cdeg  linea=0x0
[gelatina] t=25048 ms  SEARCH       rival=no d=9999 mm rumbo=-6000 cdeg  linea=0x0
[gelatina] t=25208 ms  TRACK        rival=si d= 133 mm rumbo=-3000 cdeg  linea=0x0
[gelatina] t=25271 ms  ATTACK       rival=si d= 132 mm rumbo=+6000 cdeg  linea=0x0
[gelatina] t=25408 ms  SEARCH       rival=no d=9999 mm rumbo=+6000 cdeg  linea=0x0
[gelatina] t=25504 ms  TRACK        rival=si d= 146 mm rumbo=+6000 cdeg  linea=0x0
[gelatina] t=25608 ms  ATTACK       rival=si d= 130 mm rumbo=-6000 cdeg  linea=0x0
WARNING: Contact joints between materials 'patin' and 'dohyo' will only be created for the 10 deepest contact points instead of all the 29 contact points.
[gelatina] t=25744 ms  SEARCH       rival=no d=9999 mm rumbo=-6000 cdeg  linea=0x0
[gelatina] t=25831 ms  TRACK        rival=si d= 106 mm rumbo=-6000 cdeg  linea=0x0
[gelatina] t=25840 ms  ATTACK       rival=si d= 106 mm rumbo=-6000 cdeg  linea=0x0
[gelatina] t=26072 ms  SEARCH       rival=no d=9999 mm rumbo=+6000 cdeg  linea=0x0
[gelatina] t=26160 ms  TRACK        rival=si d= 116 mm rumbo=+6000 cdeg  linea=0x0
[gelatina] t=26168 ms  ATTACK       rival=si d= 116 mm rumbo=+6000 cdeg  linea=0x0
[gelatina] t=26400 ms  SEARCH       rival=no d=9999 mm rumbo=-6000 cdeg  linea=0x0
[gelatina] t=26496 ms  TRACK        rival=si d= 169 mm rumbo=-6000 cdeg  linea=0x0
[gelatina] t=26560 ms  ATTACK       rival=si d= 129 mm rumbo=   +0 cdeg  linea=0x0
WARNING: Contact joints between materials 'patin' and 'dohyo' will only be created for the 10 deepest contact points instead of all the 22 contact points.
[gelatina] t=26728 ms  SEARCH       rival=no d=9999 mm rumbo=+4561 cdeg  linea=0x0
[gelatina] t=26856 ms  TRACK        rival=si d= 148 mm rumbo=+4450 cdeg  linea=0x0
[gelatina] t=27064 ms  SEARCH       rival=no d=9999 mm rumbo=-6000 cdeg  linea=0x0
[gelatina] t=27120 ms  TRACK        rival=si d= 159 mm rumbo=-4516 cdeg  linea=0x0
[gelatina] t=27319 ms  ATTACK       rival=si d= 131 mm rumbo=+4462 cdeg  linea=0x0
WARNING: Contact joints between materials 'patin' and 'dohyo' will only be created for the 10 deepest contact points instead of all the 16 contact points.
[gelatina] t=27920 ms  SEARCH       rival=no d=9999 mm rumbo=+3000 cdeg  linea=0x0
[gelatina] t=28048 ms  TRACK        rival=si d=  51 mm rumbo=+6000 cdeg  linea=0x0
[gelatina] t=28056 ms  ATTACK       rival=si d=  51 mm rumbo=+6000 cdeg  linea=0x0
[gelatina] t=28544 ms  SEARCH       rival=no d=9999 mm rumbo=-3000 cdeg  linea=0x0
[gelatina] t=28576 ms  TRACK        rival=si d=  93 mm rumbo=   +0 cdeg  linea=0x0
[gelatina] t=28584 ms  ATTACK       rival=si d=  93 mm rumbo=   +0 cdeg  linea=0x0
WARNING: Contact joints between materials 'patin' and 'dohyo' will only be created for the 10 deepest contact points instead of all the 11 contact points.
[gelatina] t=29192 ms  EDGE_ESCAPE  rival=si d=  38 mm rumbo=-3000 cdeg  linea=0x1
Error: wb_supervisor_field_set_mf_vec3f() called on a read-only PROTO internal field.
Error: wb_supervisor_field_set_mf_vec3f() called on a read-only PROTO internal field.
Error: wb_supervisor_field_set_mf_vec3f() called on a read-only PROTO internal field.
Error: wb_supervisor_field_set_mf_vec3f() called on a read-only PROTO internal field.
[arbitro] asalto 12/30  espalda  rival fuera     +1  29.26 s
[inercia] asalto=12 robot=GELATINA rueda=0 rotor=2.88082981e-05
[inercia] asalto=12 robot=GELATINA rueda=1 rotor=2.21846125e-05
[inercia] asalto=12 robot=RIVAL rueda=0 rotor=2.02228593e-05
[inercia] asalto=12 robot=RIVAL rueda=1 rotor=1.29426815e-05
[planta] asalto=12 mu=1.27170733 slip=0.00193049967 aleatorio=1
[gelatina] fin de asalto motor={"battery_v":7.78370068,"resistance_ohm":[3.92485013,4.32708683],"bridge_ohm":[0.642092502,0.514355052],"omega_rad_s":[-16.5191277,-49.1769914],"current_a":[-0.396015255,-0.355681568],"torque_nm":[-0.00930599937,-0.0135131914],"applied_pwm":[-0.390000015,-0.690000057],"over_1_2a_samples":8395,"over_3_2a_samples":0}
[gelatina] t=    0 ms  WAIT         rival=si d=  41 mm rumbo=+6000 cdeg  linea=0x4
[rival] fin de asalto motor={"battery_v":7.35940934,"resistance_ohm":[4.20092268,4.03153186],"bridge_ohm":[0.654936934,0.643455923],"omega_rad_s":[-37.7645927,24.6357509],"current_a":[-0.0481275725,0.256222164],"torque_nm":[0.00337458016,0.00789401349],"applied_pwm":[-0.5,0.5],"over_1_2a_samples":135,"over_3_2a_samples":0}
[planta] gelatina ciclo=14 rueda=0 V=7.81968949 R=3.77571149 Rpuente=0.601754832 I0=0.171229979 Ke=0.0835035964 Kt=0.0483794733
[planta] gelatina ciclo=14 rueda=1 V=7.81968949 R=4.29479418 Rpuente=0.535371196 I0=0.146809486 Ke=0.0898969561 Kt=0.0483794733
[sensores] gelatina ToF alcance=1235.91762 minimo=28.4032965 sigma_rel=0.0526827812
[gelatina] pulsador recibido: permiso previsto 269336 ms
[planta] rival ciclo=14 rueda=0 V=7.06243634 R=4.2253078 Rpuente=0.678492641 I0=0.166264021 Ke=0.0672468628 Kt=0.0483794733
[planta] rival ciclo=14 rueda=1 V=7.06243634 R=3.72538314 Rpuente=0.599042988 I0=0.217331082 Ke=0.0752747108 Kt=0.0483794733
[sensores] rival ToF alcance=1359.72791 minimo=31.8657815 sigma_rel=0.0640428019
[arranque] pulsador=264336 permiso=269336 ms
[gelatina] permiso de arranque a los 269336 ms
[gelatina] t=    0 ms  TRACK        rival=si d=  70 mm rumbo=   +0 cdeg  linea=0x0
[gelatina] t=    8 ms  ATTACK       rival=si d=  70 mm rumbo=   +0 cdeg  linea=0x0
WARNING: Contact joints between materials 'patin' and 'dohyo' will only be created for the 10 deepest contact points instead of all the 53 contact points.
[gelatina] t=  296 ms  SEARCH       rival=no d=9999 mm rumbo=   -4 cdeg  linea=0x0
[gelatina] t=  456 ms  TRACK        rival=si d=  37 mm rumbo=+6000 cdeg  linea=0x0
[gelatina] t=  464 ms  ATTACK       rival=si d=  37 mm rumbo=+6000 cdeg  linea=0x0
[gelatina] t=  592 ms  SEARCH       rival=no d=9999 mm rumbo=+6000 cdeg  linea=0x0
[gelatina] t=  720 ms  TRACK        rival=si d=  81 mm rumbo=+6000 cdeg  linea=0x0
[gelatina] t=  728 ms  ATTACK       rival=si d=  81 mm rumbo=+6000 cdeg  linea=0x0
WARNING: Contact joints between materials 'patin' and 'dohyo' will only be created for the 10 deepest contact points instead of all the 20 contact points.
Error: wb_supervisor_field_set_mf_vec3f() called on a read-only PROTO internal field.
Error: wb_supervisor_field_set_mf_vec3f() called on a read-only PROTO internal field.
Error: wb_supervisor_field_set_mf_vec3f() called on a read-only PROTO internal field.
Error: wb_supervisor_field_set_mf_vec3f() called on a read-only PROTO internal field.
[arbitro] asalto 13/30  frente   rival fuera     +1   1.42 s
[inercia] asalto=13 robot=GELATINA rueda=0 rotor=2.61794023e-05
[inercia] asalto=13 robot=GELATINA rueda=1 rotor=2.46104581e-05
[inercia] asalto=13 robot=RIVAL rueda=0 rotor=2.3552737e-05
[inercia] asalto=13 robot=RIVAL rueda=1 rotor=1.04106477e-05
[planta] asalto=13 mu=1.50209305 slip=0.0014939425 aleatorio=1
[gelatina] fin de asalto motor={"battery_v":7.81968949,"resistance_ohm":[3.77571149,4.29479418],"bridge_ohm":[0.601754832,0.535371196],"omega_rad_s":[48.1096104,36.6302284],"current_a":[0.154081915,0.289610755],"torque_nm":[-0.000829614342,0.00690865022],"applied_pwm":[0.600000024,0.600000024],"over_1_2a_samples":8440,"over_3_2a_samples":0}
[gelatina] t=    0 ms  WAIT         rival=si d=  47 mm rumbo=+3000 cdeg  linea=0x2
[rival] fin de asalto motor={"battery_v":7.06243634,"resistance_ohm":[4.2253078,3.72538314],"bridge_ohm":[0.678492641,0.599042988],"omega_rad_s":[-50.7757583,23.1214723],"current_a":[-0.023799444,0.414102584],"torque_nm":[0.00689236122,0.00951970166],"applied_pwm":[-0.5,0.5],"over_1_2a_samples":141,"over_3_2a_samples":0}
[planta] gelatina ciclo=15 rueda=0 V=7.8535081 R=4.13632083 Rpuente=0.61365056 I0=0.11658918 Ke=0.0819797387 Kt=0.0483794733
[planta] gelatina ciclo=15 rueda=1 V=7.8535081 R=4.26982679 Rpuente=0.61155771 I0=0.117562258 Ke=0.0793098335 Kt=0.0483794733
[sensores] gelatina ToF alcance=1186.6513 minimo=34.3867594 sigma_rel=0.0899988461
[gelatina] pulsador recibido: permiso previsto 276072 ms
[planta] rival ciclo=15 rueda=0 V=7.79608055 R=3.89425573 Rpuente=0.562789214 I0=0.12998102 Ke=0.0820266753 Kt=0.0483794733
[planta] rival ciclo=15 rueda=1 V=7.79608055 R=4.28536472 Rpuente=0.640836501 I0=0.182599112 Ke=0.0697131144 Kt=0.0483794733
[sensores] rival ToF alcance=700.536126 minimo=43.0209565 sigma_rel=0.106094422
[arranque] pulsador=271072 permiso=276072 ms
[gelatina] permiso de arranque a los 276072 ms
[gelatina] t=    0 ms  OPENING      rival=no d=9999 mm rumbo=+3000 cdeg  linea=0x0
WARNING: Contact joints between materials 'rueda' and 'dohyo' will only be created for the 10 deepest contact points instead of all the 12 contact points.
[gelatina] t=   64 ms  TRACK        rival=si d=  63 mm rumbo=-6000 cdeg  linea=0x0
[gelatina] t=   72 ms  ATTACK       rival=si d=  63 mm rumbo=-6000 cdeg  linea=0x0
[gelatina] t=  368 ms  SEARCH       rival=no d=9999 mm rumbo=-3000 cdeg  linea=0x0
[gelatina] t=  424 ms  TRACK        rival=si d=  33 mm rumbo=+6000 cdeg  linea=0x0
[gelatina] t=  432 ms  ATTACK       rival=si d=  33 mm rumbo=+6000 cdeg  linea=0x0
[gelatina] t=  624 ms  SEARCH       rival=no d=9999 mm rumbo=   +0 cdeg  linea=0x0
[gelatina] t=  720 ms  TRACK        rival=si d=  38 mm rumbo=   +0 cdeg  linea=0x0
[gelatina] t=  728 ms  ATTACK       rival=si d=  38 mm rumbo=   +0 cdeg  linea=0x0
[gelatina] t=  856 ms  SEARCH       rival=no d=9999 mm rumbo=   +0 cdeg  linea=0x0
[gelatina] t=  920 ms  TRACK        rival=si d=  41 mm rumbo=-3000 cdeg  linea=0x0
[gelatina] t=  928 ms  ATTACK       rival=si d=  41 mm rumbo=-3000 cdeg  linea=0x0
WARNING: Contact joints between materials 'patin' and 'dohyo' will only be created for the 10 deepest contact points instead of all the 12 contact points.
Error: wb_supervisor_field_set_mf_vec3f() called on a read-only PROTO internal field.
Error: wb_supervisor_field_set_mf_vec3f() called on a read-only PROTO internal field.
Error: wb_supervisor_field_set_mf_vec3f() called on a read-only PROTO internal field.
Error: wb_supervisor_field_set_mf_vec3f() called on a read-only PROTO internal field.
[arbitro] asalto 14/30  lado     rival fuera     +1   1.42 s
[inercia] asalto=14 robot=GELATINA rueda=0 rotor=3.45519821e-05
[inercia] asalto=14 robot=GELATINA rueda=1 rotor=1.80819447e-05
[inercia] asalto=14 robot=RIVAL rueda=0 rotor=2.99833326e-05
[inercia] asalto=14 robot=RIVAL rueda=1 rotor=1.6403885e-05
[planta] asalto=14 mu=1.02143929 slip=0.00112669098 aleatorio=1
[gelatina] fin de asalto motor={"battery_v":7.8535081,"resistance_ohm":[4.13632083,4.26982679],"bridge_ohm":[0.61365056,0.61155771],"omega_rad_s":[73.0289519,44.5718437],"current_a":[0.392973673,-0.0137294875],"torque_nm":[0.0133713362,-0.00635182551],"applied_pwm":[1,0.441581845],"over_1_2a_samples":8491,"over_3_2a_samples":0}
[gelatina] t=    0 ms  WAIT         rival=si d=  44 mm rumbo=-3000 cdeg  linea=0x0
[rival] fin de asalto motor={"battery_v":7.79608055,"resistance_ohm":[3.89425573,4.28536472],"bridge_ohm":[0.562789214,0.640836501],"omega_rad_s":[-55.8762705,-44.1550337],"current_a":[0.153757575,1.41614702],"torque_nm":[0.0137271238,0.077346496],"applied_pwm":[-0.5,0.5],"over_1_2a_samples":153,"over_3_2a_samples":0}
[planta] gelatina ciclo=16 rueda=0 V=7.88949691 R=3.98718219 Rpuente=0.573312902 I0=0.084158197 Ke=0.0922485782 Kt=0.0483794733
[planta] gelatina ciclo=16 rueda=1 V=7.88949691 R=4.23753414 Rpuente=0.632573855 I0=0.188006803 Ke=0.0651499959 Kt=0.0483794733
[sensores] gelatina ToF alcance=1017.06342 minimo=34.5883363 sigma_rel=0.0403794527
[gelatina] pulsador recibido: permiso previsto 282800 ms
[planta] rival ciclo=16 rueda=0 V=7.74781677 R=3.87866006 Rpuente=0.517816639 I0=0.143965557 Ke=0.0764131643 Kt=0.0483794733
[planta] rival ciclo=16 rueda=1 V=7.74781677 R=3.68229089 Rpuente=0.565757143 I0=0.131612831 Ke=0.0819868945 Kt=0.0483794733
[sensores] rival ToF alcance=1355.56148 minimo=42.1142519 sigma_rel=0.0523576927
[arranque] pulsador=277800 permiso=282800 ms
[gelatina] permiso de arranque a los 282800 ms
[gelatina] t=    0 ms  OPENING      rival=no d=9999 mm rumbo=-3000 cdeg  linea=0x0
WARNING: Contact joints between materials 'rueda' and 'dohyo' will only be created for the 10 deepest contact points instead of all the 11 contact points.
[gelatina] t=  112 ms  SEARCH       rival=no d=9999 mm rumbo=-3000 cdeg  linea=0x0
[gelatina] t=  192 ms  TRACK        rival=si d=  88 mm rumbo=-6000 cdeg  linea=0x0
[gelatina] t=  200 ms  ATTACK       rival=si d=  88 mm rumbo=-6000 cdeg  linea=0x0
[gelatina] t=  432 ms  SEARCH       rival=no d=9999 mm rumbo=+6000 cdeg  linea=0x0
[gelatina] t=  488 ms  TRACK        rival=si d=  93 mm rumbo=+6000 cdeg  linea=0x0
[gelatina] t=  496 ms  ATTACK       rival=si d=  93 mm rumbo=+6000 cdeg  linea=0x0
[gelatina] t=  896 ms  SEARCH       rival=no d=9999 mm rumbo=-6000 cdeg  linea=0x0
[gelatina] t= 1016 ms  TRACK        rival=si d=  58 mm rumbo=+6000 cdeg  linea=0x0
[gelatina] t= 1024 ms  ATTACK       rival=si d=  58 mm rumbo=+6000 cdeg  linea=0x0
WARNING: Contact joints between materials 'rueda' and 'dohyo' will only be created for the 10 deepest contact points instead of all the 30 contact points.
[gelatina] t= 1152 ms  SEARCH       rival=no d=9999 mm rumbo=+6000 cdeg  linea=0x0
[gelatina] t= 1312 ms  TRACK        rival=si d=  47 mm rumbo=+4510 cdeg  linea=0x0
[gelatina] t= 1320 ms  ATTACK       rival=si d=  47 mm rumbo=+4510 cdeg  linea=0x0
[gelatina] t= 1520 ms  SEARCH       rival=no d=9999 mm rumbo=-6000 cdeg  linea=0x0
[gelatina] t= 1616 ms  TRACK        rival=si d=  74 mm rumbo=-6000 cdeg  linea=0x0
[gelatina] t= 1624 ms  ATTACK       rival=si d=  74 mm rumbo=-6000 cdeg  linea=0x0
[gelatina] t= 1848 ms  SEARCH       rival=no d=9999 mm rumbo=+6000 cdeg  linea=0x0
[gelatina] t= 1912 ms  TRACK        rival=si d=  69 mm rumbo=+6000 cdeg  linea=0x0
[gelatina] t= 1920 ms  ATTACK       rival=si d=  69 mm rumbo=+6000 cdeg  linea=0x0
WARNING: Contact joints between materials 'patin' and 'dohyo' will only be created for the 10 deepest contact points instead of all the 11 contact points.
[gelatina] t= 2176 ms  SEARCH       rival=no d=9999 mm rumbo=-6000 cdeg  linea=0x0
[gelatina] t= 2208 ms  TRACK        rival=si d=  63 mm rumbo=-6000 cdeg  linea=0x0
[gelatina] t= 2216 ms  ATTACK       rival=si d=  63 mm rumbo=-6000 cdeg  linea=0x0
[gelatina] t= 2544 ms  SEARCH       rival=no d=9999 mm rumbo=+6000 cdeg  linea=0x0
[gelatina] t= 2600 ms  TRACK        rival=si d=  72 mm rumbo=+6000 cdeg  linea=0x0
[gelatina] t= 2608 ms  ATTACK       rival=si d=  72 mm rumbo=+6000 cdeg  linea=0x0
WARNING: Contact joints between materials 'patin' and 'dohyo' will only be created for the 10 deepest contact points instead of all the 11 contact points.
Error: wb_supervisor_field_set_mf_vec3f() called on a read-only PROTO internal field.
Error: wb_supervisor_field_set_mf_vec3f() called on a read-only PROTO internal field.
Error: wb_supervisor_field_set_mf_vec3f() called on a read-only PROTO internal field.
Error: wb_supervisor_field_set_mf_vec3f() called on a read-only PROTO internal field.
[arbitro] asalto 15/30  espalda  rival fuera     +1   3.42 s
[inercia] asalto=15 robot=GELATINA rueda=0 rotor=2.06654978e-05
[inercia] asalto=15 robot=GELATINA rueda=1 rotor=2.06563488e-05
[inercia] asalto=15 robot=RIVAL rueda=0 rotor=1.85423936e-05
[inercia] asalto=15 robot=RIVAL rueda=1 rotor=9.56614619e-06
[planta] asalto=15 mu=1.51105968 slip=0.00188252878 aleatorio=1
[gelatina] fin de asalto motor={"battery_v":7.88949691,"resistance_ohm":[3.98718219,4.23753414],"bridge_ohm":[0.573312902,0.632573855],"omega_rad_s":[77.0167161,92.8886021],"current_a":[-0.173903254,0.377364294],"torque_nm":[-0.0124848771,0.00916101567],"applied_pwm":[0.800000012,1],"over_1_2a_samples":8529,"over_3_2a_samples":0}
[gelatina] t=    0 ms  WAIT         rival=si d= 324 mm rumbo=+4807 cdeg  linea=0x0
[rival] fin de asalto motor={"battery_v":7.74781677,"resistance_ohm":[3.87866006,3.68229089],"bridge_ohm":[0.517816639,0.565757143],"omega_rad_s":[-47.5950457,-43.6454755],"current_a":[-0.230139286,-0.251958796],"torque_nm":[-0.00416903961,-0.00582227439],"applied_pwm":[-0.6,-0.6],"over_1_2a_samples":163,"over_3_2a_samples":0}
[planta] gelatina ciclo=17 rueda=0 V=7.92331553 R=4.34779153 Rpuente=0.585208619 I0=0.179517388 Ke=0.0807976665 Kt=0.0483794733
[planta] gelatina ciclo=17 rueda=1 V=7.92331553 R=4.21256671 Rpuente=0.508760369 I0=0.158759567 Ke=0.085664474 Kt=0.0483794733
[sensores] gelatina ToF alcance=967.797095 minimo=40.5717993 sigma_rel=0.0776955175
[gelatina] pulsador recibido: permiso previsto 291536 ms
[planta] rival ciclo=17 rueda=0 V=7.29594277 R=3.91814804 Rpuente=0.694918168 I0=0.0852664769 Ke=0.0773898613 Kt=0.0483794733
[planta] rival ciclo=17 rueda=1 V=7.29594277 R=4.23928041 Rpuente=0.518798161 I0=0.120392793 Ke=0.0784267202 Kt=0.0483794733
[arranque] pulsador=286536 permiso=291536 ms
[sensores] rival ToF alcance=1742.14522 minimo=20.0355053 sigma_rel=0.0591262054
[gelatina] permiso de arranque a los 291536 ms
[gelatina] t=    0 ms  TRACK        rival=si d=  73 mm rumbo=-1474 cdeg  linea=0x0
[gelatina] t=    8 ms  ATTACK       rival=si d=  73 mm rumbo=-1474 cdeg  linea=0x0
WARNING: Contact joints between materials 'patin' and 'dohyo' will only be created for the 10 deepest contact points instead of all the 23 contact points.
[gelatina] t=  264 ms  SEARCH       rival=no d=9999 mm rumbo=+1508 cdeg  linea=0x0
[gelatina] t=  624 ms  TRACK        rival=si d= 501 mm rumbo=-2197 cdeg  linea=0x0
[gelatina] t=  688 ms  ATTACK       rival=si d=  40 mm rumbo=+3000 cdeg  linea=0x0
[gelatina] t=  824 ms  SEARCH       rival=no d=9999 mm rumbo=+3000 cdeg  linea=0x0
[gelatina] t= 1016 ms  TRACK        rival=si d=  44 mm rumbo=+6000 cdeg  linea=0x0
[gelatina] t= 1024 ms  ATTACK       rival=si d=  44 mm rumbo=+6000 cdeg  linea=0x0
[gelatina] t= 1488 ms  SEARCH       rival=no d=9999 mm rumbo=+6000 cdeg  linea=0x0
WARNING: Contact joints between materials 'rueda' and 'dohyo' will only be created for the 10 deepest contact points instead of all the 11 contact points.
[gelatina] t= 1544 ms  TRACK        rival=si d=  58 mm rumbo=+3000 cdeg  linea=0x0
[gelatina] t= 1552 ms  ATTACK       rival=si d=  58 mm rumbo=+3000 cdeg  linea=0x0
[gelatina] t= 1784 ms  SEARCH       rival=no d=9999 mm rumbo=+3000 cdeg  linea=0x0
[gelatina] t= 1912 ms  TRACK        rival=si d=  43 mm rumbo=+3000 cdeg  linea=0x0
[gelatina] t= 1920 ms  ATTACK       rival=si d=  43 mm rumbo=+3000 cdeg  linea=0x0
[gelatina] t= 2144 ms  SEARCH       rival=no d=9999 mm rumbo=   +0 cdeg  linea=0x0
[gelatina] t= 2440 ms  TRACK        rival=si d=  75 mm rumbo=+6000 cdeg  linea=0x0
[gelatina] t= 2448 ms  ATTACK       rival=si d=  75 mm rumbo=+6000 cdeg  linea=0x0
WARNING: Contact joints between materials 'patin' and 'dohyo' will only be created for the 10 deepest contact points instead of all the 40 contact points.
[gelatina] t= 2904 ms  SEARCH       rival=no d=9999 mm rumbo=-6000 cdeg  linea=0x0
[gelatina] t= 3296 ms  TRACK        rival=si d=  48 mm rumbo=-4494 cdeg  linea=0x0
[gelatina] t= 3304 ms  ATTACK       rival=si d=  48 mm rumbo=-4494 cdeg  linea=0x0
[gelatina] t= 3496 ms  SEARCH       rival=no d=9999 mm rumbo=+6000 cdeg  linea=0x0
[gelatina] t= 3560 ms  TRACK        rival=si d=  64 mm rumbo=+6000 cdeg  linea=0x0
[gelatina] t= 3568 ms  ATTACK       rival=si d=  64 mm rumbo=+6000 cdeg  linea=0x0
WARNING: Contact joints between materials 'patin' and 'dohyo' will only be created for the 10 deepest contact points instead of all the 66 contact points.
[gelatina] t= 3992 ms  SEARCH       rival=no d=9999 mm rumbo=-3000 cdeg  linea=0x0
[gelatina] t= 4056 ms  TRACK        rival=si d=  66 mm rumbo=   +0 cdeg  linea=0x0
[gelatina] t= 4064 ms  ATTACK       rival=si d=  66 mm rumbo=   +0 cdeg  linea=0x0
[gelatina] t= 4256 ms  SEARCH       rival=no d=9999 mm rumbo=+6000 cdeg  linea=0x0
[gelatina] t= 4288 ms  TRACK        rival=si d=  73 mm rumbo=+6000 cdeg  linea=0x0
[gelatina] t= 4296 ms  ATTACK       rival=si d=  73 mm rumbo=+6000 cdeg  linea=0x0
[gelatina] t= 4552 ms  SEARCH       rival=no d=9999 mm rumbo=+1492 cdeg  linea=0x0
[gelatina] t= 4776 ms  TRACK        rival=si d=  46 mm rumbo=+6000 cdeg  linea=0x0
[gelatina] t= 4784 ms  ATTACK       rival=si d=  46 mm rumbo=+6000 cdeg  linea=0x0
WARNING: Contact joints between materials 'rueda' and 'dohyo' will only be created for the 10 deepest contact points instead of all the 12 contact points.
[gelatina] t= 4984 ms  SEARCH       rival=no d=9999 mm rumbo=-6000 cdeg  linea=0x0
[gelatina] t= 5048 ms  TRACK        rival=si d=  62 mm rumbo=-3000 cdeg  linea=0x0
[gelatina] t= 5056 ms  ATTACK       rival=si d=  62 mm rumbo=-3000 cdeg  linea=0x0
[gelatina] t= 5216 ms  SEARCH       rival=no d=9999 mm rumbo=-1502 cdeg  linea=0x0
[gelatina] t= 5376 ms  TRACK        rival=si d=  60 mm rumbo=-4488 cdeg  linea=0x0
[gelatina] t= 5384 ms  ATTACK       rival=si d=  60 mm rumbo=-4488 cdeg  linea=0x0
[gelatina] t= 5576 ms  SEARCH       rival=no d=9999 mm rumbo=+6000 cdeg  linea=0x0
[gelatina] t= 5672 ms  TRACK        rival=si d=  84 mm rumbo=+6000 cdeg  linea=0x0
[gelatina] t= 5680 ms  ATTACK       rival=si d=  84 mm rumbo=+6000 cdeg  linea=0x0
WARNING: Contact joints between materials 'patin' and 'dohyo' will only be created for the 10 deepest contact points instead of all the 14 contact points.
[gelatina] t= 6168 ms  SEARCH       rival=no d=9999 mm rumbo=+6000 cdeg  linea=0x0
[gelatina] t= 6264 ms  TRACK        rival=si d=  45 mm rumbo=-6000 cdeg  linea=0x0
[gelatina] t= 6272 ms  ATTACK       rival=si d=  45 mm rumbo=-6000 cdeg  linea=0x0
[gelatina] t= 6400 ms  SEARCH       rival=no d=9999 mm rumbo=-6000 cdeg  linea=0x0
[gelatina] t= 6528 ms  TRACK        rival=si d= 121 mm rumbo=-6000 cdeg  linea=0x0
[gelatina] t= 6536 ms  ATTACK       rival=si d= 121 mm rumbo=-6000 cdeg  linea=0x0
Error: wb_supervisor_field_set_mf_vec3f() called on a read-only PROTO internal field.
Error: wb_supervisor_field_set_mf_vec3f() called on a read-only PROTO internal field.
Error: wb_supervisor_field_set_mf_vec3f() called on a read-only PROTO internal field.
Error: wb_supervisor_field_set_mf_vec3f() called on a read-only PROTO internal field.
[arbitro] asalto 16/30  frente   rival fuera     +1   6.78 s
[inercia] asalto=16 robot=GELATINA rueda=0 rotor=2.09316995e-05
[inercia] asalto=16 robot=GELATINA rueda=1 rotor=2.24916315e-05
[inercia] asalto=16 robot=RIVAL rueda=0 rotor=3.16966429e-05
[inercia] asalto=16 robot=RIVAL rueda=1 rotor=1.66253652e-05
[planta] asalto=16 mu=1.26236883 slip=0.00149793386 aleatorio=1
[gelatina] fin de asalto motor={"battery_v":7.92331553,"resistance_ohm":[4.34779153,4.21256671],"bridge_ohm":[0.585208619,0.508760369],"omega_rad_s":[5.37227364,55.6913709],"current_a":[0.168997262,0.667724027],"torque_nm":[-0.000508583643,0.0246234325],"applied_pwm":[0.160000026,1],"over_1_2a_samples":8689,"over_3_2a_samples":0}
[gelatina] t=    0 ms  WAIT         rival=no d=9999 mm rumbo=+6000 cdeg  linea=0x0
[rival] fin de asalto motor={"battery_v":7.29594277,"resistance_ohm":[3.91814804,4.23928041],"bridge_ohm":[0.694918168,0.518798161],"omega_rad_s":[-50.1490055,-16.4660693],"current_a":[-0.107637971,-0.648620195],"torque_nm":[-0.00108232109,-0.0255553635],"applied_pwm":[-0.6,-0.6],"over_1_2a_samples":179,"over_3_2a_samples":0}
[planta] gelatina ciclo=18 rueda=0 V=7.95930433 R=4.19865294 Rpuente=0.544870961 I0=0.147086406 Ke=0.0916978946 Kt=0.0483794733
[planta] gelatina ciclo=18 rueda=1 V=7.95930433 R=4.18027406 Rpuente=0.529776514 I0=0.0792041212 Ke=0.0778942518 Kt=0.0483794733
[sensores] gelatina ToF alcance=798.209214 minimo=40.773378 sigma_rel=0.108076124
[gelatina] pulsador recibido: permiso previsto 303624 ms
[planta] rival ciclo=18 rueda=0 V=7.81246369 R=3.69461522 Rpuente=0.516939795 I0=0.197135711 Ke=0.0663764302 Kt=0.0483794733
[planta] rival ciclo=18 rueda=1 V=7.81246369 R=3.95983534 Rpuente=0.695058787 I0=0.139133093 Ke=0.0787810917 Kt=0.0483794733
[arranque] pulsador=298624 permiso=303624 ms
[sensores] rival ToF alcance=1259.21922 minimo=42.7517486 sigma_rel=0.0483312178
[gelatina] permiso de arranque a los 303624 ms
[gelatina] t=    0 ms  OPENING      rival=no d=9999 mm rumbo=+6000 cdeg  linea=0x0
WARNING: Contact joints between materials 'rueda' and 'dohyo' will only be created for the 10 deepest contact points instead of all the 13 contact points.
[gelatina] t=   64 ms  TRACK        rival=si d=  81 mm rumbo=-6000 cdeg  linea=0x0
[gelatina] t=   72 ms  ATTACK       rival=si d=  81 mm rumbo=-6000 cdeg  linea=0x0
[gelatina] t=  368 ms  SEARCH       rival=no d=9999 mm rumbo=-3000 cdeg  linea=0x0
[gelatina] t=  488 ms  TRACK        rival=si d=  48 mm rumbo=+3000 cdeg  linea=0x0
[gelatina] t=  496 ms  ATTACK       rival=si d=  48 mm rumbo=+3000 cdeg  linea=0x0
[gelatina] t=  624 ms  SEARCH       rival=no d=9999 mm rumbo=+3000 cdeg  linea=0x0
[gelatina] t=  784 ms  TRACK        rival=si d= 100 mm rumbo=+6000 cdeg  linea=0x0
[gelatina] t=  792 ms  ATTACK       rival=si d= 100 mm rumbo=+6000 cdeg  linea=0x0
[gelatina] t= 1024 ms  SEARCH       rival=no d=9999 mm rumbo=-6000 cdeg  linea=0x0
WARNING: Contact joints between materials 'rueda' and 'dohyo' will only be created for the 10 deepest contact points instead of all the 14 contact points.
[gelatina] t= 1088 ms  TRACK        rival=si d= 110 mm rumbo=-6000 cdeg  linea=0x0
[gelatina] t= 1096 ms  ATTACK       rival=si d= 110 mm rumbo=-6000 cdeg  linea=0x0
[gelatina] t= 1688 ms  SEARCH       rival=no d=9999 mm rumbo=-6000 cdeg  linea=0x0
[gelatina] t= 1744 ms  TRACK        rival=si d=  48 mm rumbo=+6000 cdeg  linea=0x0
[gelatina] t= 1752 ms  ATTACK       rival=si d=  48 mm rumbo=+6000 cdeg  linea=0x0
[gelatina] t= 1880 ms  SEARCH       rival=no d=9999 mm rumbo=+6000 cdeg  linea=0x0
[gelatina] t= 2008 ms  TRACK        rival=si d=  66 mm rumbo=+6000 cdeg  linea=0x0
[gelatina] t= 2016 ms  ATTACK       rival=si d=  66 mm rumbo=+6000 cdeg  linea=0x0
WARNING: Contact joints between materials 'patin' and 'dohyo' will only be created for the 10 deepest contact points instead of all the 12 contact points.
[gelatina] t= 2248 ms  SEARCH       rival=no d=9999 mm rumbo=-6000 cdeg  linea=0x0
[gelatina] t= 2336 ms  TRACK        rival=si d=  97 mm rumbo=-6000 cdeg  linea=0x0
[gelatina] t= 2344 ms  ATTACK       rival=si d=  97 mm rumbo=-6000 cdeg  linea=0x0
[gelatina] t= 2808 ms  SEARCH       rival=no d=9999 mm rumbo=-1484 cdeg  linea=0x0
[gelatina] t= 2968 ms  TRACK        rival=si d=  47 mm rumbo=-6000 cdeg  linea=0x0
[gelatina] t= 2976 ms  ATTACK       rival=si d=  47 mm rumbo=-6000 cdeg  linea=0x0
[gelatina] t= 3168 ms  SEARCH       rival=no d=9999 mm rumbo=+3000 cdeg  linea=0x0
WARNING: Contact joints between materials 'patin' and 'dohyo' will only be created for the 10 deepest contact points instead of all the 14 contact points.
[gelatina] t= 3296 ms  TRACK        rival=si d=  44 mm rumbo=+4508 cdeg  linea=0x0
[gelatina] t= 3304 ms  ATTACK       rival=si d=  44 mm rumbo=+4508 cdeg  linea=0x0
[gelatina] t= 3496 ms  SEARCH       rival=no d=9999 mm rumbo=-4509 cdeg  linea=0x0
[gelatina] t= 3592 ms  TRACK        rival=si d=  54 mm rumbo=-6000 cdeg  linea=0x0
[gelatina] t= 3600 ms  ATTACK       rival=si d=  54 mm rumbo=-6000 cdeg  linea=0x0
[gelatina] t= 3824 ms  SEARCH       rival=no d=9999 mm rumbo=+6000 cdeg  linea=0x0
[gelatina] t= 3888 ms  TRACK        rival=si d=  49 mm rumbo=+6000 cdeg  linea=0x0
[gelatina] t= 3896 ms  ATTACK       rival=si d=  49 mm rumbo=+6000 cdeg  linea=0x0
[gelatina] t= 4056 ms  SEARCH       rival=no d=9999 mm rumbo=+1550 cdeg  linea=0x0
[gelatina] t= 4216 ms  TRACK        rival=si d=  85 mm rumbo=+6000 cdeg  linea=0x0
[gelatina] t= 4224 ms  ATTACK       rival=si d=  85 mm rumbo=+6000 cdeg  linea=0x0
WARNING: Contact joints between materials 'rueda' and 'dohyo' will only be created for the 10 deepest contact points instead of all the 12 contact points.
[gelatina] t= 4456 ms  SEARCH       rival=no d=9999 mm rumbo=-6000 cdeg  linea=0x0
[gelatina] t= 4488 ms  TRACK        rival=si d=  76 mm rumbo=-6000 cdeg  linea=0x0
[gelatina] t= 4496 ms  ATTACK       rival=si d=  76 mm rumbo=-6000 cdeg  linea=0x0
[gelatina] t= 4720 ms  SEARCH       rival=no d=9999 mm rumbo=   +0 cdeg  linea=0x0
[gelatina] t= 4848 ms  TRACK        rival=si d=  77 mm rumbo=+6000 cdeg  linea=0x0
[gelatina] t= 4856 ms  ATTACK       rival=si d=  77 mm rumbo=+6000 cdeg  linea=0x0
[gelatina] t= 5080 ms  SEARCH       rival=no d=9999 mm rumbo=-6000 cdeg  linea=0x0
[gelatina] t= 5144 ms  TRACK        rival=si d=  86 mm rumbo=-6000 cdeg  linea=0x0
[gelatina] t= 5152 ms  ATTACK       rival=si d=  86 mm rumbo=-6000 cdeg  linea=0x0
[gelatina] t= 5776 ms  SEARCH       rival=no d=9999 mm rumbo=-3000 cdeg  linea=0x0
[gelatina] t= 5872 ms  TRACK        rival=si d=  75 mm rumbo=   +0 cdeg  linea=0x0
[gelatina] t= 5880 ms  ATTACK       rival=si d=  75 mm rumbo=   +0 cdeg  linea=0x0
[gelatina] t= 6040 ms  SEARCH       rival=no d=9999 mm rumbo=+6000 cdeg  linea=0x0
[gelatina] t= 6136 ms  TRACK        rival=si d= 125 mm rumbo=+6000 cdeg  linea=0x0
[gelatina] t= 6144 ms  ATTACK       rival=si d= 125 mm rumbo=+6000 cdeg  linea=0x0
[gelatina] t= 6368 ms  SEARCH       rival=no d=9999 mm rumbo=-6000 cdeg  linea=0x0
[gelatina] t= 6464 ms  TRACK        rival=si d= 110 mm rumbo=-6000 cdeg  linea=0x0
[gelatina] t= 6472 ms  ATTACK       rival=si d= 110 mm rumbo=-6000 cdeg  linea=0x0
WARNING: Contact joints between materials 'patin' and 'dohyo' will only be created for the 10 deepest contact points instead of all the 14 contact points.
[gelatina] t= 7128 ms  SEARCH       rival=no d=9999 mm rumbo=+1566 cdeg  linea=0x0
[gelatina] t= 7352 ms  TRACK        rival=si d=  67 mm rumbo=+6000 cdeg  linea=0x0
[gelatina] t= 7360 ms  ATTACK       rival=si d=  67 mm rumbo=+6000 cdeg  linea=0x0
[gelatina] t= 7624 ms  SEARCH       rival=no d=9999 mm rumbo=+3000 cdeg  linea=0x0
[gelatina] t= 7920 ms  TRACK        rival=si d=  32 mm rumbo=-6000 cdeg  linea=0x8
[gelatina] t= 7928 ms  ATTACK       rival=si d=  32 mm rumbo=-6000 cdeg  linea=0x8
[gelatina] t= 8056 ms  SEARCH       rival=no d=9999 mm rumbo=-6000 cdeg  linea=0x4
WARNING: Contact joints between materials 'patin' and 'dohyo' will only be created for the 10 deepest contact points instead of all the 16 contact points.
Error: wb_supervisor_field_set_mf_vec3f() called on a read-only PROTO internal field.
Error: wb_supervisor_field_set_mf_vec3f() called on a read-only PROTO internal field.
Error: wb_supervisor_field_set_mf_vec3f() called on a read-only PROTO internal field.
Error: wb_supervisor_field_set_mf_vec3f() called on a read-only PROTO internal field.
[arbitro] asalto 17/30  lado     rival fuera     +1   8.52 s
[inercia] asalto=17 robot=GELATINA rueda=0 rotor=2.68466882e-05
[inercia] asalto=17 robot=GELATINA rueda=1 rotor=1.11827908e-05
[inercia] asalto=17 robot=RIVAL rueda=0 rotor=1.69576362e-05
[inercia] asalto=17 robot=RIVAL rueda=1 rotor=1.48041093e-05
[planta] asalto=17 mu=0.6016011 slip=0.000702346206 aleatorio=1
[gelatina] fin de asalto motor={"battery_v":7.95930433,"resistance_ohm":[4.19865294,4.18027406],"bridge_ohm":[0.544870961,0.529776514],"omega_rad_s":[56.7381734,-72.0226745],"current_a":[0.581115084,-0.206746011],"torque_nm":[0.0209980789,-0.00617040947],"applied_pwm":[1,-0.827199996],"over_1_2a_samples":8918,"over_3_2a_samples":0}
[gelatina] t=    0 ms  WAIT         rival=no d=9999 mm rumbo=-6000 cdeg  linea=0x0
[rival] fin de asalto motor={"battery_v":7.81246369,"resistance_ohm":[3.69461522,3.95983534],"bridge_ohm":[0.516939795,0.695058787],"omega_rad_s":[-51.2412272,-11.5194519],"current_a":[-0.305414146,-0.812040642],"torque_nm":[-0.00523845366,-0.0325549129],"applied_pwm":[-0.6,-0.6],"over_1_2a_samples":203,"over_3_2a_samples":0}
[planta] gelatina ciclo=19 rueda=0 V=7.99312286 R=3.75926223 Rpuente=0.556766689 I0=0.092445606 Ke=0.0913266611 Kt=0.0483794733
[planta] gelatina ciclo=19 rueda=1 V=7.99312286 R=4.15530663 Rpuente=0.605963027 I0=0.199956885 Ke=0.0937386803 Kt=0.0483794733
[sensores] gelatina ToF alcance=748.942816 minimo=46.7568409 sigma_rel=0.0653921938
[gelatina] pulsador recibido: permiso previsto 317456 ms
[planta] rival ciclo=19 rueda=0 V=7.5843847 R=3.91543999 Rpuente=0.586867845 I0=0.195023435 Ke=0.0806786317 Kt=0.0483794733
[planta] rival ciclo=19 rueda=1 V=7.5843847 R=4.33976283 Rpuente=0.592389929 I0=0.0760527223 Ke=0.0980154323 Kt=0.0483794733
[sensores] rival ToF alcance=1366.31159 minimo=24.62511 sigma_rel=0.0926982117
[arranque] pulsador=312456 permiso=317456 ms
[gelatina] permiso de arranque a los 317456 ms
[gelatina] t=    0 ms  OPENING      rival=no d=9999 mm rumbo=-6000 cdeg  linea=0x0
WARNING: Contact joints between materials 'rueda' and 'dohyo' will only be created for the 10 deepest contact points instead of all the 12 contact points.
[gelatina] t=  112 ms  SEARCH       rival=no d=9999 mm rumbo=-6000 cdeg  linea=0x0
[gelatina] t=  192 ms  TRACK        rival=si d= 114 mm rumbo=-6000 cdeg  linea=0x0
[gelatina] t=  200 ms  ATTACK       rival=si d= 114 mm rumbo=-6000 cdeg  linea=0x0
[gelatina] t=  464 ms  SEARCH       rival=no d=9999 mm rumbo=+6000 cdeg  linea=0x0
[gelatina] t=  520 ms  TRACK        rival=si d=  67 mm rumbo=+6000 cdeg  linea=0x0
[gelatina] t=  528 ms  ATTACK       rival=si d=  67 mm rumbo=+6000 cdeg  linea=0x0
[gelatina] t=  760 ms  SEARCH       rival=no d=9999 mm rumbo=-2985 cdeg  linea=0x0
[gelatina] t=  792 ms  TRACK        rival=si d=  74 mm rumbo=-3000 cdeg  linea=0x0
[gelatina] t=  800 ms  ATTACK       rival=si d=  74 mm rumbo=-3000 cdeg  linea=0x0
[gelatina] t= 1024 ms  SEARCH       rival=no d=9999 mm rumbo=   +0 cdeg  linea=0x0
WARNING: Contact joints between materials 'patin' and 'dohyo' will only be created for the 10 deepest contact points instead of all the 16 contact points.
[gelatina] t= 1384 ms  TRACK        rival=si d= 127 mm rumbo=+6000 cdeg  linea=0x0
[gelatina] t= 1392 ms  ATTACK       rival=si d= 127 mm rumbo=+6000 cdeg  linea=0x0
Error: wb_supervisor_field_set_mf_vec3f() called on a read-only PROTO internal field.
Error: wb_supervisor_field_set_mf_vec3f() called on a read-only PROTO internal field.
Error: wb_supervisor_field_set_mf_vec3f() called on a read-only PROTO internal field.
Error: wb_supervisor_field_set_mf_vec3f() called on a read-only PROTO internal field.
[arbitro] asalto 18/30  espalda  rival fuera     +1   1.45 s
[inercia] asalto=18 robot=GELATINA rueda=0 rotor=2.25404198e-05
[inercia] asalto=18 robot=GELATINA rueda=1 rotor=2.56114295e-05
[inercia] asalto=18 robot=RIVAL rueda=0 rotor=2.46049333e-05
[inercia] asalto=18 robot=RIVAL rueda=1 rotor=3.5543922e-05
[planta] asalto=18 mu=0.844635224 slip=0.00154555714 aleatorio=1
[gelatina] fin de asalto motor={"battery_v":7.99312286,"resistance_ohm":[3.75926223,4.15530663],"bridge_ohm":[0.556766689,0.605963027],"omega_rad_s":[-5.06275225,57.3224312],"current_a":[1.16793121,0.214474164],"torque_nm":[0.0609760084,0.000702338332],"applied_pwm":[0.572799981,0.800000012],"over_1_2a_samples":8926,"over_3_2a_samples":0}
[gelatina] t=    0 ms  WAIT         rival=si d= 156 mm rumbo=-3000 cdeg  linea=0x0
[rival] fin de asalto motor={"battery_v":7.5843847,"resistance_ohm":[3.91543999,4.33976283],"bridge_ohm":[0.586867845,0.592389929],"omega_rad_s":[-39.3157745,-33.385873],"current_a":[-0.306218052,-0.259176896],"torque_nm":[-0.005379537,-0.00885945108],"applied_pwm":[-0.6,-0.6],"over_1_2a_samples":210,"over_3_2a_samples":0}
[planta] gelatina ciclo=20 rueda=0 V=8.02911175 R=3.61012363 Rpuente=0.516429031 I0=0.210014623 Ke=0.0936193282 Kt=0.0483794733
[planta] gelatina ciclo=20 rueda=1 V=8.02911175 R=4.12301402 Rpuente=0.626979172 I0=0.12040143 Ke=0.0837847377 Kt=0.0483794733
[sensores] gelatina ToF alcance=1879.35494 minimo=46.9584197 sigma_rel=0.0957727957
[gelatina] pulsador recibido: permiso previsto 324216 ms
[planta] rival ciclo=20 rueda=0 V=7.18980441 R=4.06803827 Rpuente=0.515953016 I0=0.11582112 Ke=0.0819734825 Kt=0.0483794733
[planta] rival ciclo=20 rueda=1 V=7.18980441 R=3.79150333 Rpuente=0.687746608 I0=0.212566745 Ke=0.0740779743 Kt=0.0483794733
[sensores] rival ToF alcance=1307.80552 minimo=44.8006952 sigma_rel=0.0580336189
[arranque] pulsador=319216 permiso=324216 ms
[gelatina] permiso de arranque a los 324216 ms
[gelatina] t=    0 ms  TRACK        rival=si d=  67 mm rumbo=-1464 cdeg  linea=0x0
[gelatina] t=    8 ms  ATTACK       rival=si d=  67 mm rumbo=-1464 cdeg  linea=0x0
WARNING: Contact joints between materials 'patin' and 'dohyo' will only be created for the 10 deepest contact points instead of all the 11 contact points.
[gelatina] t=  264 ms  SEARCH       rival=no d=9999 mm rumbo=+3000 cdeg  linea=0x0
[gelatina] t=  360 ms  TRACK        rival=si d=  54 mm rumbo=   +0 cdeg  linea=0x0
[gelatina] t=  368 ms  ATTACK       rival=si d=  54 mm rumbo=   +0 cdeg  linea=0x0
[gelatina] t=  592 ms  SEARCH       rival=no d=9999 mm rumbo=-6000 cdeg  linea=0x0
[gelatina] t=  688 ms  TRACK        rival=si d=  49 mm rumbo=   +0 cdeg  linea=0x0
[gelatina] t=  696 ms  ATTACK       rival=si d=  49 mm rumbo=   +0 cdeg  linea=0x0
[gelatina] t=  824 ms  SEARCH       rival=no d=9999 mm rumbo=   +0 cdeg  linea=0x0
[gelatina] t= 1016 ms  TRACK        rival=si d=  70 mm rumbo=+6000 cdeg  linea=0x0
[gelatina] t= 1024 ms  ATTACK       rival=si d=  70 mm rumbo=+6000 cdeg  linea=0x0
[gelatina] t= 1256 ms  SEARCH       rival=no d=9999 mm rumbo=-6000 cdeg  linea=0x0
WARNING: Contact joints between materials 'patin' and 'dohyo' will only be created for the 10 deepest contact points instead of all the 13 contact points.
[gelatina] t= 1320 ms  TRACK        rival=si d=  72 mm rumbo=-6000 cdeg  linea=0x0
[gelatina] t= 1328 ms  ATTACK       rival=si d=  72 mm rumbo=-6000 cdeg  linea=0x0
[gelatina] t= 1520 ms  SEARCH       rival=no d=9999 mm rumbo=+1489 cdeg  linea=0x0
[gelatina] t= 1680 ms  TRACK        rival=si d=  65 mm rumbo=+4530 cdeg  linea=0x0
[gelatina] t= 1688 ms  ATTACK       rival=si d=  65 mm rumbo=+4530 cdeg  linea=0x0
[gelatina] t= 1880 ms  SEARCH       rival=no d=9999 mm rumbo=-4505 cdeg  linea=0x0
[gelatina] t= 2008 ms  TRACK        rival=si d=  77 mm rumbo=-4514 cdeg  linea=0x0
[gelatina] t= 2016 ms  ATTACK       rival=si d=  77 mm rumbo=-4514 cdeg  linea=0x0
WARNING: Contact joints between materials 'rueda' and 'dohyo' will only be created for the 10 deepest contact points instead of all the 12 contact points.
[gelatina] t= 2440 ms  SEARCH       rival=no d=9999 mm rumbo=+6000 cdeg  linea=0x0
[gelatina] t= 2504 ms  TRACK        rival=si d=  44 mm rumbo=   +0 cdeg  linea=0x0
[gelatina] t= 2512 ms  ATTACK       rival=si d=  44 mm rumbo=   +0 cdeg  linea=0x0
[gelatina] t= 2704 ms  SEARCH       rival=no d=9999 mm rumbo=-6000 cdeg  linea=0x0
[gelatina] t= 2800 ms  TRACK        rival=si d=  82 mm rumbo=-6000 cdeg  linea=0x0
[gelatina] t= 2808 ms  ATTACK       rival=si d=  82 mm rumbo=-6000 cdeg  linea=0x0
WARNING: Contact joints between materials 'patin' and 'dohyo' will only be created for the 10 deepest contact points instead of all the 11 contact points.
[gelatina] t= 3464 ms  SEARCH       rival=no d=9999 mm rumbo=-3000 cdeg  linea=0x0
[gelatina] t= 3560 ms  TRACK        rival=si d=  52 mm rumbo=+3000 cdeg  linea=0x0
[gelatina] t= 3568 ms  ATTACK       rival=si d=  52 mm rumbo=+3000 cdeg  linea=0x0
[gelatina] t= 3696 ms  SEARCH       rival=no d=9999 mm rumbo=+3000 cdeg  linea=0x0
[gelatina] t= 3856 ms  TRACK        rival=si d= 124 mm rumbo=+4474 cdeg  linea=0x0
[gelatina] t= 3864 ms  ATTACK       rival=si d= 124 mm rumbo=+4474 cdeg  linea=0x0
Error: wb_supervisor_field_set_mf_vec3f() called on a read-only PROTO internal field.
Error: wb_supervisor_field_set_mf_vec3f() called on a read-only PROTO internal field.
Error: wb_supervisor_field_set_mf_vec3f() called on a read-only PROTO internal field.
Error: wb_supervisor_field_set_mf_vec3f() called on a read-only PROTO internal field.
[arbitro] asalto 19/30  frente   rival fuera     +1   3.97 s
[inercia] asalto=19 robot=GELATINA rueda=0 rotor=3.56502855e-05
[inercia] asalto=19 robot=GELATINA rueda=1 rotor=2.84224543e-05
[inercia] asalto=19 robot=RIVAL rueda=0 rotor=2.59446371e-05
[inercia] asalto=19 robot=RIVAL rueda=1 rotor=2.11662378e-05
[planta] asalto=19 mu=1.07916555 slip=0.000595489621 aleatorio=1
[gelatina] fin de asalto motor={"battery_v":8.02911175,"resistance_ohm":[3.61012363,4.12301402],"bridge_ohm":[0.516429031,0.626979172],"omega_rad_s":[43.983985,25.9638683],"current_a":[0.947851862,-0.187519806],"torque_nm":[0.035696177,-0.0148970672],"applied_pwm":[1,0.160000026],"over_1_2a_samples":8991,"over_3_2a_samples":0}
[gelatina] t=    0 ms  WAIT         rival=no d=9999 mm rumbo=-6000 cdeg  linea=0x0
[rival] fin de asalto motor={"battery_v":7.18980441,"resistance_ohm":[4.06803827,3.79150333],"bridge_ohm":[0.515953016,0.687746608],"omega_rad_s":[-29.9078964,-29.9144451],"current_a":[-0.406246022,-0.468355456],"torque_nm":[-0.0140506038,-0.0123749231],"applied_pwm":[-0.6,-0.6],"over_1_2a_samples":217,"over_3_2a_samples":0}
[planta] gelatina ciclo=21 rueda=0 V=8.06293029 R=3.97073298 Rpuente=0.528324747 I0=0.155373824 Ke=0.0909510855 Kt=0.0483794733
[planta] gelatina ciclo=21 rueda=1 V=8.06293029 R=4.09804659 Rpuente=0.503165686 I0=0.0911542028 Ke=0.0747389617 Kt=0.0483794733
[sensores] gelatina ToF alcance=1830.08862 minimo=22.9418826 sigma_rel=0.0530888653
[gelatina] pulsador recibido: permiso previsto 333496 ms
[planta] rival ciclo=21 rueda=0 V=7.15712184 R=4.22095814 Rpuente=0.644258213 I0=0.12137703 Ke=0.0816681165 Kt=0.0483794733
[planta] rival ciclo=21 rueda=1 V=7.15712184 R=4.00081563 Rpuente=0.660281038 I0=0.121148506 Ke=0.0779330288 Kt=0.0483794733
[sensores] rival ToF alcance=1046.47231 minimo=42.354129 sigma_rel=0.0780528402
[arranque] pulsador=328496 permiso=333496 ms
[gelatina] permiso de arranque a los 333496 ms
[gelatina] t=    0 ms  OPENING      rival=no d=9999 mm rumbo=-6000 cdeg  linea=0x0
WARNING: Contact joints between materials 'rueda' and 'dohyo' will only be created for the 10 deepest contact points instead of all the 11 contact points.
[gelatina] t=   64 ms  TRACK        rival=si d=  68 mm rumbo=-6000 cdeg  linea=0x0
[gelatina] t=   72 ms  ATTACK       rival=si d=  68 mm rumbo=-6000 cdeg  linea=0x0
[gelatina] t=  664 ms  SEARCH       rival=no d=9999 mm rumbo=-3000 cdeg  linea=0x0
[gelatina] t=  720 ms  TRACK        rival=si d=  25 mm rumbo=+6000 cdeg  linea=0x0
[gelatina] t=  728 ms  ATTACK       rival=si d=  25 mm rumbo=+6000 cdeg  linea=0x0
Error: wb_supervisor_field_set_mf_vec3f() called on a read-only PROTO internal field.
Error: wb_supervisor_field_set_mf_vec3f() called on a read-only PROTO internal field.
Error: wb_supervisor_field_set_mf_vec3f() called on a read-only PROTO internal field.
Error: wb_supervisor_field_set_mf_vec3f() called on a read-only PROTO internal field.
[arbitro] asalto 20/30  lado     rival fuera     +1   0.94 s
[inercia] asalto=20 robot=GELATINA rueda=0 rotor=3.43606977e-05
[inercia] asalto=20 robot=GELATINA rueda=1 rotor=3.12603291e-05
[inercia] asalto=20 robot=RIVAL rueda=0 rotor=9.26263064e-06
[inercia] asalto=20 robot=RIVAL rueda=1 rotor=1.42282911e-05
[planta] asalto=20 mu=1.20134381 slip=0.000236595631 aleatorio=1
[gelatina] fin de asalto motor={"battery_v":8.06293029,"resistance_ohm":[3.97073298,4.09804659],"bridge_ohm":[0.528324747,0.503165686],"omega_rad_s":[7.61633069,66.3977545],"current_a":[0.132773472,0.673829171],"torque_nm":[-0.00109338947,0.0281895081],"applied_pwm":[0.160000026,1],"over_1_2a_samples":9028,"over_3_2a_samples":0}
[gelatina] t=    0 ms  WAIT         rival=no d=9999 mm rumbo=+4523 cdeg  linea=0x0
[rival] fin de asalto motor={"battery_v":7.15712184,"resistance_ohm":[4.22095814,4.00081563],"bridge_ohm":[0.644258213,0.660281038],"omega_rad_s":[-43.8901401,-31.5672122],"current_a":[-0.145902664,-0.393500666],"torque_nm":[-0.00118653724,-0.0131762541],"applied_pwm":[-0.6,-0.6],"over_1_2a_samples":222,"over_3_2a_samples":0}
[planta] gelatina ciclo=22 rueda=0 V=8.09891918 R=3.82159433 Rpuente=0.687987089 I0=0.122942841 Ke=0.0686880602 Kt=0.0483794733
[planta] gelatina ciclo=22 rueda=1 V=8.09891918 R=4.06575394 Rpuente=0.524181831 I0=0.161598748 Ke=0.0911811254 Kt=0.0483794733
[sensores] gelatina ToF alcance=1660.50074 minimo=23.1434596 sigma_rel=0.0834694672
[gelatina] pulsador recibido: permiso previsto 339744 ms
[planta] rival ciclo=22 rueda=0 V=7.89076605 R=3.88990607 Rpuente=0.528554785 I0=0.0850940287 Ke=0.102339163 Kt=0.0483794733
[planta] rival ciclo=22 rueda=1 V=7.89076605 R=3.76079721 Rpuente=0.502074564 I0=0.0864165455 Ke=0.074028238 Kt=0.0483794733
[sensores] rival ToF alcance=1687.28053 minimo=23.5093021 sigma_rel=0.0401044607
[arranque] pulsador=334744 permiso=339744 ms
[gelatina] permiso de arranque a los 339744 ms
[gelatina] t=    0 ms  OPENING      rival=no d=9999 mm rumbo=+4523 cdeg  linea=0x0
WARNING: Contact joints between materials 'patin' and 'dohyo' will only be created for the 10 deepest contact points instead of all the 21 contact points.
[gelatina] t=  112 ms  SEARCH       rival=no d=9999 mm rumbo=+4523 cdeg  linea=0x0
[gelatina] t=  328 ms  TRACK        rival=si d=  71 mm rumbo=+4514 cdeg  linea=0x0
[gelatina] t=  336 ms  ATTACK       rival=si d=  71 mm rumbo=+4514 cdeg  linea=0x0
[gelatina] t=  528 ms  SEARCH       rival=no d=9999 mm rumbo=-4521 cdeg  linea=0x0
[gelatina] t=  560 ms  TRACK        rival=si d= 107 mm rumbo=-6000 cdeg  linea=0x0
[gelatina] t=  568 ms  ATTACK       rival=si d= 107 mm rumbo=-6000 cdeg  linea=0x0
[gelatina] t=  824 ms  SEARCH       rival=no d=9999 mm rumbo=+4540 cdeg  linea=0x0
[gelatina] t=  888 ms  TRACK        rival=si d=  84 mm rumbo=+6000 cdeg  linea=0x0
[gelatina] t=  896 ms  ATTACK       rival=si d=  84 mm rumbo=+6000 cdeg  linea=0x0
WARNING: Contact joints between materials 'patin' and 'dohyo' will only be created for the 10 deepest contact points instead of all the 18 contact points.
[gelatina] t= 1584 ms  SEARCH       rival=no d=9999 mm rumbo=+6000 cdeg  linea=0x0
[gelatina] t= 1680 ms  TRACK        rival=si d=  72 mm rumbo=+3000 cdeg  linea=0x0
[gelatina] t= 1688 ms  ATTACK       rival=si d=  72 mm rumbo=+3000 cdeg  linea=0x0
WARNING: Contact joints between materials 'patin' and 'dohyo' will only be created for the 10 deepest contact points instead of all the 15 contact points.
Error: wb_supervisor_field_set_mf_vec3f() called on a read-only PROTO internal field.
Error: wb_supervisor_field_set_mf_vec3f() called on a read-only PROTO internal field.
Error: wb_supervisor_field_set_mf_vec3f() called on a read-only PROTO internal field.
Error: wb_supervisor_field_set_mf_vec3f() called on a read-only PROTO internal field.
[arbitro] asalto 21/30  espalda  rival fuera     +1   2.89 s
[inercia] asalto=21 robot=GELATINA rueda=0 rotor=2.41761752e-05
[inercia] asalto=21 robot=GELATINA rueda=1 rotor=2.18299767e-05
[inercia] asalto=21 robot=RIVAL rueda=0 rotor=2.12558225e-05
[inercia] asalto=21 robot=RIVAL rueda=1 rotor=2.09447334e-05
[planta] asalto=21 mu=1.16233686 slip=3.54218483e-05 aleatorio=1
[gelatina] fin de asalto motor={"battery_v":8.09891918,"resistance_ohm":[3.82159433,4.06575394],"bridge_ohm":[0.687987089,0.524181831],"omega_rad_s":[56.8083067,19.7479468],"current_a":[0.930655508,-0.109982527],"torque_nm":[0.0390767134,-0.0131389591],"applied_pwm":[1,0.160000026],"over_1_2a_samples":9086,"over_3_2a_samples":0}
[gelatina] t=    0 ms  WAIT         rival=no d=9999 mm rumbo=-6000 cdeg  linea=0x2
[rival] fin de asalto motor={"battery_v":7.89076605,"resistance_ohm":[3.88990607,3.76079721],"bridge_ohm":[0.528554785,0.502074564],"omega_rad_s":[-16.9299275,-53.7181746],"current_a":[-0.679391559,-0.177766973],"torque_nm":[-0.0287518015,-0.00441948555],"applied_pwm":[-0.6,-0.6],"over_1_2a_samples":233,"over_3_2a_samples":0}
[planta] gelatina ciclo=23 rueda=0 V=8.13273771 R=4.18220367 Rpuente=0.699882805 I0=0.218302032 Ke=0.090068279 Kt=0.0483794733
[planta] gelatina ciclo=23 rueda=1 V=8.13273771 R=4.0407865 Rpuente=0.600368345 I0=0.132351521 Ke=0.0801447784 Kt=0.0483794733
[sensores] gelatina ToF alcance=1611.23441 minimo=29.1269225 sigma_rel=0.0407855368
[gelatina] pulsador recibido: permiso previsto 347944 ms
[planta] rival ciclo=23 rueda=0 V=8.38062681 R=4.06832638 Rpuente=0.606924069 I0=0.108852911 Ke=0.0858912756 Kt=0.0483794733
[planta] rival ciclo=23 rueda=1 V=8.38062681 R=3.66455526 Rpuente=0.623745346 I0=0.135405868 Ke=0.0937291894 Kt=0.0483794733
[sensores] rival ToF alcance=885.067499 minimo=32.9394126 sigma_rel=0.108723536
[arranque] pulsador=342944 permiso=347944 ms
[gelatina] permiso de arranque a los 347944 ms
[gelatina] t=    0 ms  TRACK        rival=si d=  72 mm rumbo=+1505 cdeg  linea=0x0
[gelatina] t=    8 ms  ATTACK       rival=si d=  72 mm rumbo=+1505 cdeg  linea=0x0
WARNING: Contact joints between materials 'patin' and 'dohyo' will only be created for the 10 deepest contact points instead of all the 15 contact points.
[gelatina] t=  728 ms  SEARCH       rival=no d=9999 mm rumbo=+6000 cdeg  linea=0x0
[gelatina] t=  752 ms  TRACK        rival=si d=  59 mm rumbo=+6000 cdeg  linea=0x0
[gelatina] t=  760 ms  ATTACK       rival=si d=  59 mm rumbo=+6000 cdeg  linea=0x0
WARNING: Contact joints between materials 'patin' and 'dohyo' will only be created for the 10 deepest contact points instead of all the 22 contact points.
[gelatina] t= 1488 ms  SEARCH       rival=no d=9999 mm rumbo=-6000 cdeg  linea=0x0
[gelatina] t= 1616 ms  TRACK        rival=si d=  30 mm rumbo=+3000 cdeg  linea=0x0
[gelatina] t= 1624 ms  ATTACK       rival=si d=  30 mm rumbo=+3000 cdeg  linea=0x0
[gelatina] t= 1752 ms  SEARCH       rival=no d=9999 mm rumbo=+3000 cdeg  linea=0x0
[gelatina] t= 1840 ms  TRACK        rival=si d=  62 mm rumbo=+6000 cdeg  linea=0x0
[gelatina] t= 1848 ms  ATTACK       rival=si d=  62 mm rumbo=+6000 cdeg  linea=0x0
[gelatina] t= 2112 ms  SEARCH       rival=no d=9999 mm rumbo=-6000 cdeg  linea=0x0
[gelatina] t= 2144 ms  TRACK        rival=si d=  73 mm rumbo=-6000 cdeg  linea=0x0
[gelatina] t= 2152 ms  ATTACK       rival=si d=  73 mm rumbo=-6000 cdeg  linea=0x0
WARNING: Contact joints between materials 'rueda' and 'dohyo' will only be created for the 10 deepest contact points instead of all the 15 contact points.
[gelatina] t= 3072 ms  SEARCH       rival=no d=9999 mm rumbo=+3000 cdeg  linea=0x0
[gelatina] t= 3096 ms  TRACK        rival=si d=  28 mm rumbo=+6000 cdeg  linea=0x0
[gelatina] t= 3104 ms  ATTACK       rival=si d=  28 mm rumbo=+6000 cdeg  linea=0x0
WARNING: Contact joints between materials 'patin' and 'dohyo' will only be created for the 10 deepest contact points instead of all the 28 contact points.
[gelatina] t= 4096 ms  SEARCH       rival=no d=9999 mm rumbo=-3000 cdeg  linea=0x0
[gelatina] t= 4184 ms  TRACK        rival=si d=  61 mm rumbo=+3000 cdeg  linea=0x0
[gelatina] t= 4192 ms  ATTACK       rival=si d=  61 mm rumbo=+3000 cdeg  linea=0x0
WARNING: Contact joints between materials 'patin' and 'dohyo' will only be created for the 10 deepest contact points instead of all the 12 contact points.
[gelatina] t= 4624 ms  SEARCH       rival=no d=9999 mm rumbo=   +0 cdeg  linea=0x0
[gelatina] t= 4648 ms  TRACK        rival=si d=  32 mm rumbo=+6000 cdeg  linea=0x0
[gelatina] t= 4656 ms  ATTACK       rival=si d=  32 mm rumbo=+6000 cdeg  linea=0x0
[gelatina] t= 4784 ms  SEARCH       rival=no d=9999 mm rumbo=+6000 cdeg  linea=0x0
[gelatina] t= 4816 ms  TRACK        rival=si d=  37 mm rumbo=-6000 cdeg  linea=0x0
[gelatina] t= 4824 ms  ATTACK       rival=si d=  37 mm rumbo=-6000 cdeg  linea=0x0
Error: wb_supervisor_field_set_mf_vec3f() called on a read-only PROTO internal field.
Error: wb_supervisor_field_set_mf_vec3f() called on a read-only PROTO internal field.
Error: wb_supervisor_field_set_mf_vec3f() called on a read-only PROTO internal field.
Error: wb_supervisor_field_set_mf_vec3f() called on a read-only PROTO internal field.
[arbitro] asalto 22/30  frente   rival fuera     +1   4.89 s
[inercia] asalto=22 robot=GELATINA rueda=0 rotor=3.47288454e-05
[inercia] asalto=22 robot=GELATINA rueda=1 rotor=2.88815353e-05
[inercia] asalto=22 robot=RIVAL rueda=0 rotor=2.26690709e-05
[inercia] asalto=22 robot=RIVAL rueda=1 rotor=3.08220808e-05
[planta] asalto=22 mu=0.619500673 slip=0.00136060154 aleatorio=1
[gelatina] fin de asalto motor={"battery_v":8.13273771,"resistance_ohm":[4.18220367,4.0407865],"bridge_ohm":[0.699882805,0.600368345],"omega_rad_s":[11.2899583,40.8367213],"current_a":[1.45754702,-0.424810591],"torque_nm":[0.0599540197,-0.0269552095],"applied_pwm":[1,0.160000026],"over_1_2a_samples":9200,"over_3_2a_samples":0}
[gelatina] t=    0 ms  WAIT         rival=no d=9999 mm rumbo=-6000 cdeg  linea=0x0
[rival] fin de asalto motor={"battery_v":8.38062681,"resistance_ohm":[4.06832638,3.66455526],"bridge_ohm":[0.606924069,0.623745346],"omega_rad_s":[-55.8168533,16.7826538],"current_a":[0.129162562,0.610332416],"torque_nm":[0.0115150632,0.0229766962],"applied_pwm":[-0.5,0.5],"over_1_2a_samples":271,"over_3_2a_samples":0}
[planta] gelatina ciclo=24 rueda=0 V=8.16872652 R=4.03306503 Rpuente=0.659545147 I0=0.18587105 Ke=0.0674814979 Kt=0.0483794733
[planta] gelatina ciclo=24 rueda=1 V=8.16872652 R=4.00849385 Rpuente=0.62138449 I0=0.202796066 Ke=0.0658805613 Kt=0.0483794733
[sensores] gelatina ToF alcance=1441.64653 minimo=29.3285012 sigma_rel=0.0711661434
[gelatina] pulsador recibido: permiso previsto 358144 ms
[planta] rival ciclo=24 rueda=0 V=7.43880427 R=3.66269288 Rpuente=0.615391648 I0=0.176589221 Ke=0.067912769 Kt=0.0483794733
[planta] rival ciclo=24 rueda=1 V=7.43880427 R=4.27961082 Rpuente=0.657067728 I0=0.0886220098 Ke=0.0838948678 Kt=0.0483794733
[sensores] rival ToF alcance=814.122832 minimo=37.7100253 sigma_rel=0.0649522638
[arranque] pulsador=353144 permiso=358144 ms
[gelatina] permiso de arranque a los 358144 ms
[gelatina] t=    0 ms  OPENING      rival=no d=9999 mm rumbo=-6000 cdeg  linea=0x0
WARNING: Contact joints between materials 'rueda' and 'dohyo' will only be created for the 10 deepest contact points instead of all the 13 contact points.
[gelatina] t=   64 ms  TRACK        rival=si d=  80 mm rumbo=-6000 cdeg  linea=0x0
[gelatina] t=   72 ms  ATTACK       rival=si d=  80 mm rumbo=-6000 cdeg  linea=0x0
[gelatina] t=  360 ms  SEARCH       rival=no d=9999 mm rumbo=+3000 cdeg  linea=0x0
[gelatina] t=  456 ms  TRACK        rival=si d=  52 mm rumbo=   +0 cdeg  linea=0x0
[gelatina] t=  464 ms  ATTACK       rival=si d=  52 mm rumbo=   +0 cdeg  linea=0x0
[gelatina] t=  992 ms  SEARCH       rival=no d=9999 mm rumbo=+3000 cdeg  linea=0x0
WARNING: Contact joints between materials 'patin' and 'dohyo' will only be created for the 10 deepest contact points instead of all the 11 contact points.
[gelatina] t= 1120 ms  TRACK        rival=si d=  47 mm rumbo=+6000 cdeg  linea=0x0
[gelatina] t= 1128 ms  ATTACK       rival=si d=  47 mm rumbo=+6000 cdeg  linea=0x0
[gelatina] t= 1352 ms  SEARCH       rival=no d=9999 mm rumbo=-6000 cdeg  linea=0x0
[gelatina] t= 1480 ms  TRACK        rival=si d=  64 mm rumbo=-6000 cdeg  linea=0x0
[gelatina] t= 1488 ms  ATTACK       rival=si d=  64 mm rumbo=-6000 cdeg  linea=0x0
[gelatina] t= 1712 ms  SEARCH       rival=no d=9999 mm rumbo=+6000 cdeg  linea=0x0
[gelatina] t= 1840 ms  TRACK        rival=si d=  63 mm rumbo=+6000 cdeg  linea=0x0
[gelatina] t= 1848 ms  ATTACK       rival=si d=  63 mm rumbo=+6000 cdeg  linea=0x0
[gelatina] t= 2048 ms  SEARCH       rival=no d=9999 mm rumbo=-4549 cdeg  linea=0x0
[gelatina] t= 2208 ms  TRACK        rival=si d=  54 mm rumbo=-4530 cdeg  linea=0x0
[gelatina] t= 2216 ms  ATTACK       rival=si d=  54 mm rumbo=-4530 cdeg  linea=0x0
WARNING: Contact joints between materials 'patin' and 'dohyo' will only be created for the 10 deepest contact points instead of all the 13 contact points.
[gelatina] t= 2408 ms  SEARCH       rival=no d=9999 mm rumbo=+6000 cdeg  linea=0x0
[gelatina] t= 2568 ms  TRACK        rival=si d=  72 mm rumbo=+4428 cdeg  linea=0x0
[gelatina] t= 2576 ms  ATTACK       rival=si d=  72 mm rumbo=+4428 cdeg  linea=0x0
[gelatina] t= 2744 ms  SEARCH       rival=no d=9999 mm rumbo=-4432 cdeg  linea=0x0
[gelatina] t= 2904 ms  TRACK        rival=si d=  96 mm rumbo=-4488 cdeg  linea=0x0
[gelatina] t= 2912 ms  ATTACK       rival=si d=  96 mm rumbo=-4488 cdeg  linea=0x0
[gelatina] t= 3104 ms  SEARCH       rival=no d=9999 mm rumbo=+6000 cdeg  linea=0x0
[gelatina] t= 3264 ms  TRACK        rival=si d= 107 mm rumbo=+3000 cdeg  linea=0x0
[gelatina] t= 3272 ms  ATTACK       rival=si d= 107 mm rumbo=+3000 cdeg  linea=0x0
[gelatina] t= 3432 ms  SEARCH       rival=no d=9999 mm rumbo=-3000 cdeg  linea=0x0
WARNING: Contact joints between materials 'patin' and 'dohyo' will only be created for the 10 deepest contact points instead of all the 11 contact points.
[gelatina] t= 3656 ms  TRACK        rival=si d= 104 mm rumbo=-3000 cdeg  linea=0x0
[gelatina] t= 3664 ms  ATTACK       rival=si d= 104 mm rumbo=-3000 cdeg  linea=0x0
[gelatina] t= 3864 ms  SEARCH       rival=no d=9999 mm rumbo=+6000 cdeg  linea=0x0
[gelatina] t= 4024 ms  TRACK        rival=si d= 129 mm rumbo=+1582 cdeg  linea=0x0
[gelatina] t= 4032 ms  ATTACK       rival=si d= 129 mm rumbo=+1582 cdeg  linea=0x0
[gelatina] t= 4192 ms  SEARCH       rival=no d=9999 mm rumbo=-4508 cdeg  linea=0x0
[gelatina] t= 4352 ms  TRACK        rival=si d= 148 mm rumbo=-6000 cdeg  linea=0x0
[gelatina] t= 4416 ms  ATTACK       rival=si d= 120 mm rumbo=+4569 cdeg  linea=0x0
[gelatina] t= 4552 ms  SEARCH       rival=no d=9999 mm rumbo=+4569 cdeg  linea=0x0
[gelatina] t= 4648 ms  TRACK        rival=si d= 162 mm rumbo=+6000 cdeg  linea=0x0
WARNING: Contact joints between materials 'patin' and 'dohyo' will only be created for the 10 deepest contact points instead of all the 17 contact points.
[gelatina] t= 4888 ms  SEARCH       rival=no d=9999 mm rumbo=-6000 cdeg  linea=0x0
[gelatina] t= 4944 ms  TRACK        rival=si d= 131 mm rumbo=-6000 cdeg  linea=0x0
[gelatina] t= 4952 ms  ATTACK       rival=si d= 131 mm rumbo=-6000 cdeg  linea=0x0
[gelatina] t= 5152 ms  SEARCH       rival=no d=9999 mm rumbo=+3000 cdeg  linea=0x0
[gelatina] t= 5344 ms  TRACK        rival=si d= 155 mm rumbo=+6000 cdeg  linea=0x0
[gelatina] t= 5544 ms  SEARCH       rival=no d=9999 mm rumbo=-6000 cdeg  linea=0x0
[gelatina] t= 5576 ms  TRACK        rival=si d= 191 mm rumbo=-6000 cdeg  linea=0x0
[gelatina] t= 5904 ms  ATTACK       rival=si d= 131 mm rumbo=-1515 cdeg  linea=0x0
[gelatina] t= 6072 ms  SEARCH       rival=no d=9999 mm rumbo=-6000 cdeg  linea=0x0
[gelatina] t= 6168 ms  TRACK        rival=si d= 141 mm rumbo=-6000 cdeg  linea=0x0
WARNING: Contact joints between materials 'patin' and 'dohyo' will only be created for the 10 deepest contact points instead of all the 11 contact points.
[gelatina] t= 6200 ms  ATTACK       rival=si d= 113 mm rumbo=-1532 cdeg  linea=0x0
[gelatina] t= 6400 ms  SEARCH       rival=no d=9999 mm rumbo=+6000 cdeg  linea=0x0
[gelatina] t= 6528 ms  TRACK        rival=si d= 140 mm rumbo=+6000 cdeg  linea=0x0
[gelatina] t= 6736 ms  SEARCH       rival=no d=9999 mm rumbo=-4529 cdeg  linea=0x0
[gelatina] t= 6792 ms  TRACK        rival=si d= 152 mm rumbo=-6000 cdeg  linea=0x0
[gelatina] t= 7032 ms  SEARCH       rival=no d=9999 mm rumbo=+6000 cdeg  linea=0x0
[gelatina] t= 7056 ms  TRACK        rival=si d= 111 mm rumbo=+6000 cdeg  linea=0x0
[gelatina] t= 7064 ms  ATTACK       rival=si d= 111 mm rumbo=+6000 cdeg  linea=0x0
[gelatina] t= 7296 ms  SEARCH       rival=no d=9999 mm rumbo=-6000 cdeg  linea=0x0
[gelatina] t= 7392 ms  TRACK        rival=si d= 101 mm rumbo=-6000 cdeg  linea=0x0
[gelatina] t= 7400 ms  ATTACK       rival=si d= 101 mm rumbo=-6000 cdeg  linea=0x0
WARNING: Contact joints between materials 'patin' and 'dohyo' will only be created for the 10 deepest contact points instead of all the 11 contact points.
[gelatina] t= 7624 ms  SEARCH       rival=no d=9999 mm rumbo=+6000 cdeg  linea=0x0
[gelatina] t= 7752 ms  TRACK        rival=si d= 134 mm rumbo=+3000 cdeg  linea=0x0
[gelatina] t= 7784 ms  ATTACK       rival=si d= 127 mm rumbo=   +0 cdeg  linea=0x0
[gelatina] t= 7952 ms  SEARCH       rival=no d=9999 mm rumbo=-4575 cdeg  linea=0x0
[gelatina] t= 8112 ms  TRACK        rival=si d= 144 mm rumbo=-3000 cdeg  linea=0x0
[gelatina] t= 8312 ms  SEARCH       rival=no d=9999 mm rumbo=+6000 cdeg  linea=0x0
[gelatina] t= 8344 ms  TRACK        rival=si d= 143 mm rumbo=+6000 cdeg  linea=0x0
[gelatina] t= 8544 ms  ATTACK       rival=si d= 123 mm rumbo=-6000 cdeg  linea=0x0
WARNING: Contact joints between materials 'patin' and 'dohyo' will only be created for the 10 deepest contact points instead of all the 12 contact points.
[gelatina] t= 8880 ms  SEARCH       rival=no d=9999 mm rumbo=+6000 cdeg  linea=0x0
[gelatina] t= 8936 ms  TRACK        rival=si d=  77 mm rumbo=+6000 cdeg  linea=0x0
[gelatina] t= 8944 ms  ATTACK       rival=si d=  77 mm rumbo=+6000 cdeg  linea=0x0
[gelatina] t= 9176 ms  SEARCH       rival=no d=9999 mm rumbo=-6000 cdeg  linea=0x0
[gelatina] t= 9304 ms  TRACK        rival=si d=  48 mm rumbo=-4494 cdeg  linea=0x0
[gelatina] t= 9312 ms  ATTACK       rival=si d=  48 mm rumbo=-4494 cdeg  linea=0x0
[gelatina] t= 9504 ms  SEARCH       rival=no d=9999 mm rumbo=+6000 cdeg  linea=0x0
[gelatina] t= 9664 ms  TRACK        rival=si d=  39 mm rumbo=+2961 cdeg  linea=0x0
[gelatina] t= 9672 ms  ATTACK       rival=si d=  39 mm rumbo=+2961 cdeg  linea=0x0
[gelatina] t= 9872 ms  SEARCH       rival=no d=9999 mm rumbo=-6000 cdeg  linea=0x0
[gelatina] t=10032 ms  TRACK        rival=si d=  53 mm rumbo=-4527 cdeg  linea=0x0
[gelatina] t=10040 ms  ATTACK       rival=si d=  53 mm rumbo=-4527 cdeg  linea=0x0
[gelatina] t=10232 ms  SEARCH       rival=no d=9999 mm rumbo=+6000 cdeg  linea=0x0
[gelatina] t=10392 ms  TRACK        rival=si d=  52 mm rumbo=+4523 cdeg  linea=0x0
[gelatina] t=10400 ms  ATTACK       rival=si d=  52 mm rumbo=+4523 cdeg  linea=0x0
WARNING: Contact joints between materials 'patin' and 'dohyo' will only be created for the 10 deepest contact points instead of all the 11 contact points.
[gelatina] t=10592 ms  SEARCH       rival=no d=9999 mm rumbo=-4520 cdeg  linea=0x0
[gelatina] t=10720 ms  TRACK        rival=si d=  79 mm rumbo=-6000 cdeg  linea=0x0
[gelatina] t=10728 ms  ATTACK       rival=si d=  79 mm rumbo=-6000 cdeg  linea=0x0
[gelatina] t=10920 ms  SEARCH       rival=no d=9999 mm rumbo=+4508 cdeg  linea=0x0
[gelatina] t=11080 ms  TRACK        rival=si d=  73 mm rumbo=+4537 cdeg  linea=0x0
[gelatina] t=11088 ms  ATTACK       rival=si d=  73 mm rumbo=+4537 cdeg  linea=0x0
[gelatina] t=11288 ms  SEARCH       rival=no d=9999 mm rumbo=-6000 cdeg  linea=0x0
[gelatina] t=11480 ms  TRACK        rival=si d= 101 mm rumbo=-6000 cdeg  linea=0x0
[gelatina] t=11488 ms  ATTACK       rival=si d= 101 mm rumbo=-6000 cdeg  linea=0x0
[gelatina] t=11712 ms  SEARCH       rival=no d=9999 mm rumbo=+6000 cdeg  linea=0x0
[gelatina] t=11840 ms  TRACK        rival=si d= 108 mm rumbo=+4460 cdeg  linea=0x0
[gelatina] t=11848 ms  ATTACK       rival=si d= 108 mm rumbo=+4460 cdeg  linea=0x0
WARNING: Contact joints between materials 'patin' and 'dohyo' will only be created for the 10 deepest contact points instead of all the 14 contact points.
[gelatina] t=12048 ms  SEARCH       rival=no d=9999 mm rumbo=-6000 cdeg  linea=0x0
[gelatina] t=12176 ms  TRACK        rival=si d= 147 mm rumbo=-6000 cdeg  linea=0x0
[gelatina] t=12472 ms  ATTACK       rival=si d= 131 mm rumbo=   +0 cdeg  linea=0x0
[gelatina] t=12672 ms  SEARCH       rival=no d=9999 mm rumbo=-6000 cdeg  linea=0x0
[gelatina] t=12768 ms  TRACK        rival=si d= 115 mm rumbo=-6000 cdeg  linea=0x0
[gelatina] t=12776 ms  ATTACK       rival=si d= 115 mm rumbo=-6000 cdeg  linea=0x0
[gelatina] t=13000 ms  SEARCH       rival=no d=9999 mm rumbo=+6000 cdeg  linea=0x0
[gelatina] t=13160 ms  TRACK        rival=si d= 119 mm rumbo=+4494 cdeg  linea=0x0
[gelatina] t=13168 ms  ATTACK       rival=si d= 119 mm rumbo=+4494 cdeg  linea=0x0
[gelatina] t=13336 ms  SEARCH       rival=no d=9999 mm rumbo=-4496 cdeg  linea=0x0
[gelatina] t=13464 ms  TRACK        rival=si d= 193 mm rumbo=-6000 cdeg  linea=0x0
[gelatina] t=13528 ms  ATTACK       rival=si d= 127 mm rumbo=+3000 cdeg  linea=0x0
[gelatina] t=13696 ms  SEARCH       rival=no d=9999 mm rumbo=+6000 cdeg  linea=0x0
[gelatina] t=13824 ms  TRACK        rival=si d= 168 mm rumbo=+6000 cdeg  linea=0x0
[gelatina] t=13888 ms  ATTACK       rival=si d= 124 mm rumbo=-3000 cdeg  linea=0x0
[gelatina] t=14056 ms  SEARCH       rival=no d=9999 mm rumbo=-6000 cdeg  linea=0x0
[gelatina] t=14184 ms  TRACK        rival=si d= 157 mm rumbo=-6000 cdeg  linea=0x0
[gelatina] t=14384 ms  SEARCH       rival=no d=9999 mm rumbo=+6000 cdeg  linea=0x0
[gelatina] t=14448 ms  TRACK        rival=si d= 135 mm rumbo=+6000 cdeg  linea=0x0
WARNING: Contact joints between materials 'patin' and 'dohyo' will only be created for the 10 deepest contact points instead of all the 11 contact points.
[gelatina] t=14648 ms  ATTACK       rival=si d= 130 mm rumbo=-6000 cdeg  linea=0x0
[gelatina] t=14952 ms  SEARCH       rival=no d=9999 mm rumbo=+6000 cdeg  linea=0x0
[gelatina] t=15008 ms  TRACK        rival=si d= 102 mm rumbo=+6000 cdeg  linea=0x0
[gelatina] t=15016 ms  ATTACK       rival=si d= 102 mm rumbo=+6000 cdeg  linea=0x0
[gelatina] t=15248 ms  SEARCH       rival=no d=9999 mm rumbo=-4509 cdeg  linea=0x0
[gelatina] t=15376 ms  TRACK        rival=si d=  79 mm rumbo=-4572 cdeg  linea=0x0
[gelatina] t=15384 ms  ATTACK       rival=si d=  79 mm rumbo=-4572 cdeg  linea=0x0
[gelatina] t=15576 ms  SEARCH       rival=no d=9999 mm rumbo=+4568 cdeg  linea=0x0
[gelatina] t=15736 ms  TRACK        rival=si d=  93 mm rumbo=+4500 cdeg  linea=0x0
[gelatina] t=15744 ms  ATTACK       rival=si d=  93 mm rumbo=+4500 cdeg  linea=0x0
[gelatina] t=15944 ms  SEARCH       rival=no d=9999 mm rumbo=-6000 cdeg  linea=0x0
[gelatina] t=16064 ms  TRACK        rival=si d= 183 mm rumbo=-6000 cdeg  linea=0x0
[gelatina] t=16104 ms  ATTACK       rival=si d= 114 mm rumbo=-1556 cdeg  linea=0x0
WARNING: Contact joints between materials 'patin' and 'dohyo' will only be created for the 10 deepest contact points instead of all the 11 contact points.
[gelatina] t=16272 ms  SEARCH       rival=no d=9999 mm rumbo=+3000 cdeg  linea=0x0
[gelatina] t=16464 ms  TRACK        rival=si d= 107 mm rumbo=+6000 cdeg  linea=0x0
[gelatina] t=16472 ms  ATTACK       rival=si d= 107 mm rumbo=+6000 cdeg  linea=0x0
[gelatina] t=16664 ms  SEARCH       rival=no d=9999 mm rumbo=-4507 cdeg  linea=0x0
[gelatina] t=16824 ms  TRACK        rival=si d= 123 mm rumbo=-6000 cdeg  linea=0x0
[gelatina] t=16832 ms  ATTACK       rival=si d= 123 mm rumbo=-6000 cdeg  linea=0x0
[gelatina] t=17032 ms  SEARCH       rival=no d=9999 mm rumbo=+3000 cdeg  linea=0x0
[gelatina] t=17224 ms  TRACK        rival=si d= 124 mm rumbo=+4427 cdeg  linea=0x0
[gelatina] t=17232 ms  ATTACK       rival=si d= 124 mm rumbo=+4427 cdeg  linea=0x0
WARNING: Contact joints between materials 'patin' and 'dohyo' will only be created for the 10 deepest contact points instead of all the 16 contact points.
[gelatina] t=17424 ms  SEARCH       rival=no d=9999 mm rumbo=-6000 cdeg  linea=0x0
[gelatina] t=17584 ms  TRACK        rival=si d= 157 mm rumbo=-6000 cdeg  linea=0x0
[gelatina] t=17784 ms  SEARCH       rival=no d=9999 mm rumbo=+4471 cdeg  linea=0x0
[gelatina] t=17816 ms  TRACK        rival=si d= 156 mm rumbo=+6000 cdeg  linea=0x0
[gelatina] t=17880 ms  ATTACK       rival=si d= 128 mm rumbo=   +0 cdeg  linea=0x0
[gelatina] t=18056 ms  SEARCH       rival=no d=9999 mm rumbo=-4509 cdeg  linea=0x0
[gelatina] t=18216 ms  TRACK        rival=si d= 166 mm rumbo=-4467 cdeg  linea=0x0
[gelatina] t=18416 ms  SEARCH       rival=no d=9999 mm rumbo=+6000 cdeg  linea=0x0
[gelatina] t=18472 ms  TRACK        rival=si d= 135 mm rumbo=+4623 cdeg  linea=0x0
[gelatina] t=18512 ms  ATTACK       rival=si d= 130 mm rumbo=-1473 cdeg  linea=0x0
[gelatina] t=18680 ms  SEARCH       rival=no d=9999 mm rumbo=-6000 cdeg  linea=0x0
[gelatina] t=18808 ms  TRACK        rival=si d= 142 mm rumbo=-6000 cdeg  linea=0x0
[gelatina] t=18840 ms  ATTACK       rival=si d= 113 mm rumbo=-1563 cdeg  linea=0x0
[gelatina] t=19040 ms  SEARCH       rival=no d=9999 mm rumbo=+6000 cdeg  linea=0x0
[gelatina] t=19200 ms  TRACK        rival=si d= 146 mm rumbo=+3000 cdeg  linea=0x0
WARNING: Contact joints between materials 'patin' and 'dohyo' will only be created for the 10 deepest contact points instead of all the 11 contact points.
[gelatina] t=19376 ms  SEARCH       rival=no d=9999 mm rumbo=-3000 cdeg  linea=0x0
[gelatina] t=19464 ms  TRACK        rival=si d= 153 mm rumbo=-6000 cdeg  linea=0x0
[gelatina] t=19696 ms  ATTACK       rival=si d= 127 mm rumbo=+6000 cdeg  linea=0x0
[gelatina] t=19968 ms  SEARCH       rival=no d=9999 mm rumbo=-6000 cdeg  linea=0x0
[gelatina] t=20064 ms  TRACK        rival=si d= 101 mm rumbo=-6000 cdeg  linea=0x0
[gelatina] t=20072 ms  ATTACK       rival=si d= 101 mm rumbo=-6000 cdeg  linea=0x0
[gelatina] t=20264 ms  SEARCH       rival=no d=9999 mm rumbo=+4504 cdeg  linea=0x0
[gelatina] t=20424 ms  TRACK        rival=si d=  93 mm rumbo=+4509 cdeg  linea=0x0
[gelatina] t=20432 ms  ATTACK       rival=si d=  93 mm rumbo=+4509 cdeg  linea=0x0
[gelatina] t=20592 ms  SEARCH       rival=no d=9999 mm rumbo=   +0 cdeg  linea=0x0
WARNING: Contact joints between materials 'patin' and 'dohyo' will only be created for the 10 deepest contact points instead of all the 14 contact points.
[gelatina] t=20656 ms  TRACK        rival=si d=  93 mm rumbo=+4557 cdeg  linea=0x0
[gelatina] t=20664 ms  ATTACK       rival=si d=  93 mm rumbo=+4557 cdeg  linea=0x0
[gelatina] t=20888 ms  SEARCH       rival=no d=9999 mm rumbo=-6000 cdeg  linea=0x0
[gelatina] t=21016 ms  TRACK        rival=si d= 130 mm rumbo=-6000 cdeg  linea=0x0
[gelatina] t=21024 ms  ATTACK       rival=si d= 130 mm rumbo=-6000 cdeg  linea=0x0
[gelatina] t=21216 ms  SEARCH       rival=no d=9999 mm rumbo=+6000 cdeg  linea=0x0
[gelatina] t=21376 ms  TRACK        rival=si d= 121 mm rumbo=+4519 cdeg  linea=0x0
[gelatina] t=21384 ms  ATTACK       rival=si d= 121 mm rumbo=+4519 cdeg  linea=0x0
[gelatina] t=21584 ms  SEARCH       rival=no d=9999 mm rumbo=-6000 cdeg  linea=0x0
[gelatina] t=21712 ms  TRACK        rival=si d= 177 mm rumbo=-6000 cdeg  linea=0x0
WARNING: Contact joints between materials 'patin' and 'dohyo' will only be created for the 10 deepest contact points instead of all the 16 contact points.
[gelatina] t=21944 ms  SEARCH       rival=no d=9999 mm rumbo=+6000 cdeg  linea=0x0
[gelatina] t=21976 ms  TRACK        rival=si d= 146 mm rumbo=+4516 cdeg  linea=0x0
[gelatina] t=22040 ms  ATTACK       rival=si d= 131 mm rumbo=-4452 cdeg  linea=0x0
[gelatina] t=22208 ms  SEARCH       rival=no d=9999 mm rumbo=-6000 cdeg  linea=0x0
[gelatina] t=22336 ms  TRACK        rival=si d= 151 mm rumbo=-6000 cdeg  linea=0x0
[gelatina] t=22400 ms  ATTACK       rival=si d= 119 mm rumbo=+4515 cdeg  linea=0x0
[gelatina] t=22536 ms  SEARCH       rival=no d=9999 mm rumbo=+4515 cdeg  linea=0x0
[gelatina] t=22664 ms  TRACK        rival=si d= 135 mm rumbo=+6000 cdeg  linea=0x0
[gelatina] t=22872 ms  SEARCH       rival=no d=9999 mm rumbo=-6000 cdeg  linea=0x0
[gelatina] t=22928 ms  TRACK        rival=si d= 158 mm rumbo=-6000 cdeg  linea=0x0
WARNING: Contact joints between materials 'patin' and 'dohyo' will only be created for the 10 deepest contact points instead of all the 11 contact points.
[gelatina] t=23000 ms  ATTACK       rival=si d= 119 mm rumbo=+3000 cdeg  linea=0x0
[gelatina] t=23168 ms  SEARCH       rival=no d=9999 mm rumbo=+6000 cdeg  linea=0x0
[gelatina] t=23296 ms  TRACK        rival=si d= 160 mm rumbo=+4501 cdeg  linea=0x0
[gelatina] t=23360 ms  ATTACK       rival=si d= 132 mm rumbo=-6000 cdeg  linea=0x0
[gelatina] t=23496 ms  SEARCH       rival=no d=9999 mm rumbo=-6000 cdeg  linea=0x0
[gelatina] t=23624 ms  TRACK        rival=si d= 164 mm rumbo=-6000 cdeg  linea=0x0
[gelatina] t=23856 ms  SEARCH       rival=no d=9999 mm rumbo=+6000 cdeg  linea=0x0
[gelatina] t=23920 ms  TRACK        rival=si d= 144 mm rumbo=+4502 cdeg  linea=0x0
WARNING: Contact joints between materials 'patin' and 'dohyo' will only be created for the 10 deepest contact points instead of all the 16 contact points.
[gelatina] t=23984 ms  ATTACK       rival=si d= 120 mm rumbo=-4474 cdeg  linea=0x0
[gelatina] t=24128 ms  SEARCH       rival=no d=9999 mm rumbo=-4474 cdeg  linea=0x0
[gelatina] t=24288 ms  TRACK        rival=si d= 135 mm rumbo=-4424 cdeg  linea=0x0
[gelatina] t=24488 ms  SEARCH       rival=no d=9999 mm rumbo=+6000 cdeg  linea=0x0
[gelatina] t=24512 ms  TRACK        rival=si d= 195 mm rumbo=+6000 cdeg  linea=0x0
[gelatina] t=24544 ms  ATTACK       rival=si d= 122 mm rumbo=+4485 cdeg  linea=0x0
[gelatina] t=24784 ms  SEARCH       rival=no d=9999 mm rumbo=-6000 cdeg  linea=0x0
[gelatina] t=24848 ms  TRACK        rival=si d= 153 mm rumbo=-6000 cdeg  linea=0x0
[gelatina] t=24880 ms  ATTACK       rival=si d= 132 mm rumbo=-3000 cdeg  linea=0x0
[gelatina] t=25080 ms  SEARCH       rival=no d=9999 mm rumbo=+6000 cdeg  linea=0x0
[gelatina] t=25208 ms  TRACK        rival=si d= 144 mm rumbo=+6000 cdeg  linea=0x0
WARNING: Contact joints between materials 'patin' and 'dohyo' will only be created for the 10 deepest contact points instead of all the 19 contact points.
[gelatina] t=25504 ms  ATTACK       rival=si d= 119 mm rumbo=-1517 cdeg  linea=0x0
[gelatina] t=25704 ms  SEARCH       rival=no d=9999 mm rumbo=+6000 cdeg  linea=0x0
[gelatina] t=25832 ms  TRACK        rival=si d= 128 mm rumbo=+4465 cdeg  linea=0x0
[gelatina] t=25840 ms  ATTACK       rival=si d= 128 mm rumbo=+4465 cdeg  linea=0x0
[gelatina] t=26040 ms  SEARCH       rival=no d=9999 mm rumbo=-6000 cdeg  linea=0x0
[gelatina] t=26200 ms  TRACK        rival=si d= 147 mm rumbo=-3000 cdeg  linea=0x0
[gelatina] t=26400 ms  SEARCH       rival=no d=9999 mm rumbo=+6000 cdeg  linea=0x0
[gelatina] t=26464 ms  TRACK        rival=si d= 134 mm rumbo=+3000 cdeg  linea=0x0
WARNING: Contact joints between materials 'patin' and 'dohyo' will only be created for the 10 deepest contact points instead of all the 11 contact points.
[gelatina] t=26664 ms  SEARCH       rival=no d=9999 mm rumbo=-6000 cdeg  linea=0x0
[gelatina] t=26696 ms  TRACK        rival=si d= 159 mm rumbo=-6000 cdeg  linea=0x0
[gelatina] t=26792 ms  ATTACK       rival=si d= 126 mm rumbo=+6000 cdeg  linea=0x0
[gelatina] t=26960 ms  SEARCH       rival=no d=9999 mm rumbo=+6000 cdeg  linea=0x0
[gelatina] t=27024 ms  TRACK        rival=si d= 124 mm rumbo=+6000 cdeg  linea=0x0
[gelatina] t=27032 ms  ATTACK       rival=si d= 124 mm rumbo=+6000 cdeg  linea=0x0
[gelatina] t=27256 ms  SEARCH       rival=no d=9999 mm rumbo=-6000 cdeg  linea=0x0
[gelatina] t=27384 ms  TRACK        rival=si d= 134 mm rumbo=-6000 cdeg  linea=0x0
[gelatina] t=27448 ms  ATTACK       rival=si d= 124 mm rumbo=  +73 cdeg  linea=0x0
[gelatina] t=27592 ms  SEARCH       rival=no d=9999 mm rumbo=+3000 cdeg  linea=0x0
WARNING: Contact joints between materials 'patin' and 'dohyo' will only be created for the 10 deepest contact points instead of all the 12 contact points.
[gelatina] t=27784 ms  TRACK        rival=si d= 151 mm rumbo=+1542 cdeg  linea=0x0
[gelatina] t=27816 ms  EDGE_ESCAPE  rival=si d= 151 mm rumbo=+1542 cdeg  linea=0x4
[gelatina] t=28024 ms  SEARCH       rival=si d= 142 mm rumbo=-4516 cdeg  linea=0x0
[gelatina] t=28032 ms  TRACK        rival=si d= 142 mm rumbo=-4516 cdeg  linea=0x0
[gelatina] t=28280 ms  ATTACK       rival=si d= 118 mm rumbo=-1542 cdeg  linea=0x0
[gelatina] t=28448 ms  SEARCH       rival=no d=9999 mm rumbo=-4522 cdeg  linea=0x0
[gelatina] t=28544 ms  TRACK        rival=si d=  97 mm rumbo=-6000 cdeg  linea=0x0
[gelatina] t=28552 ms  ATTACK       rival=si d=  97 mm rumbo=-6000 cdeg  linea=0x0
[gelatina] t=28776 ms  SEARCH       rival=no d=9999 mm rumbo=+6000 cdeg  linea=0x0
[gelatina] t=28904 ms  TRACK        rival=si d= 100 mm rumbo=+6000 cdeg  linea=0x0
[gelatina] t=28912 ms  ATTACK       rival=si d= 100 mm rumbo=+6000 cdeg  linea=0x0
[gelatina] t=29104 ms  SEARCH       rival=no d=9999 mm rumbo=-4504 cdeg  linea=0x0
[gelatina] t=29232 ms  TRACK        rival=si d= 118 mm rumbo=-6000 cdeg  linea=0x0
[gelatina] t=29240 ms  ATTACK       rival=si d= 118 mm rumbo=-6000 cdeg  linea=0x0
[gelatina] t=29440 ms  SEARCH       rival=no d=9999 mm rumbo=+3000 cdeg  linea=0x0
[gelatina] t=29632 ms  TRACK        rival=si d= 142 mm rumbo=+4504 cdeg  linea=0x0
[gelatina] t=29832 ms  SEARCH       rival=no d=9999 mm rumbo=-6000 cdeg  linea=0x0
[gelatina] t=29864 ms  TRACK        rival=si d= 138 mm rumbo=-6000 cdeg  linea=0x0
[gelatina] t=29896 ms  ATTACK       rival=si d= 117 mm rumbo=-3000 cdeg  linea=0x0
WARNING: Contact joints between materials 'patin' and 'dohyo' will only be created for the 10 deepest contact points instead of all the 18 contact points.
[gelatina] t=30096 ms  SEARCH       rival=no d=9999 mm rumbo=+6000 cdeg  linea=0x0
[gelatina] t=30224 ms  TRACK        rival=si d= 144 mm rumbo=+6000 cdeg  linea=0x0
[gelatina] t=30288 ms  ATTACK       rival=si d= 128 mm rumbo=-4512 cdeg  linea=0x0
[gelatina] t=30424 ms  SEARCH       rival=no d=9999 mm rumbo=-4512 cdeg  linea=0x0
[gelatina] t=30552 ms  TRACK        rival=si d= 154 mm rumbo=-6000 cdeg  linea=0x0
[gelatina] t=30760 ms  SEARCH       rival=no d=9999 mm rumbo=+3000 cdeg  linea=0x0
[gelatina] t=30848 ms  TRACK        rival=si d= 126 mm rumbo=+4535 cdeg  linea=0x0
[gelatina] t=30856 ms  ATTACK       rival=si d= 126 mm rumbo=+4535 cdeg  linea=0x0
[gelatina] t=31056 ms  SEARCH       rival=no d=9999 mm rumbo=-6000 cdeg  linea=0x0
[gelatina] t=31184 ms  TRACK        rival=si d= 139 mm rumbo=-6000 cdeg  linea=0x0
[gelatina] t=31416 ms  SEARCH       rival=no d=9999 mm rumbo=+6000 cdeg  linea=0x0
[gelatina] t=31440 ms  TRACK        rival=si d= 116 mm rumbo=+6000 cdeg  linea=0x0
[gelatina] t=31448 ms  ATTACK       rival=si d= 116 mm rumbo=+4519 cdeg  linea=0x0
[gelatina] t=31648 ms  SEARCH       rival=no d=9999 mm rumbo=-4477 cdeg  linea=0x0
[gelatina] t=31776 ms  TRACK        rival=si d= 142 mm rumbo=-6000 cdeg  linea=0x0
[gelatina] t=31840 ms  ATTACK       rival=si d= 127 mm rumbo=+3000 cdeg  linea=0x0
[gelatina] t=32008 ms  SEARCH       rival=no d=9999 mm rumbo=+6000 cdeg  linea=0x0
[gelatina] t=32104 ms  TRACK        rival=si d= 175 mm rumbo=+6000 cdeg  linea=0x0
WARNING: Contact joints between materials 'patin' and 'dohyo' will only be created for the 10 deepest contact points instead of all the 12 contact points.
[gelatina] t=32344 ms  SEARCH       rival=no d=9999 mm rumbo=-6000 cdeg  linea=0x0
[gelatina] t=32400 ms  TRACK        rival=si d= 142 mm rumbo=-6000 cdeg  linea=0x0
[gelatina] t=32608 ms  SEARCH       rival=no d=9999 mm rumbo=+3000 cdeg  linea=0x0
[gelatina] t=32664 ms  TRACK        rival=si d= 165 mm rumbo=+6000 cdeg  linea=0x0
[gelatina] t=32960 ms  ATTACK       rival=si d= 122 mm rumbo=   +0 cdeg  linea=0x0
[gelatina] t=33168 ms  SEARCH       rival=no d=9999 mm rumbo=+6000 cdeg  linea=0x0
[gelatina] t=33288 ms  TRACK        rival=si d= 122 mm rumbo=+6000 cdeg  linea=0x0
[gelatina] t=33296 ms  ATTACK       rival=si d= 122 mm rumbo=+6000 cdeg  linea=0x0
[gelatina] t=33496 ms  SEARCH       rival=no d=9999 mm rumbo=-4489 cdeg  linea=0x0
[gelatina] t=33624 ms  TRACK        rival=si d= 132 mm rumbo=-6000 cdeg  linea=0x0
[gelatina] t=33632 ms  ATTACK       rival=si d= 132 mm rumbo=-6000 cdeg  linea=0x0
[gelatina] t=33824 ms  SEARCH       rival=no d=9999 mm rumbo=+4524 cdeg  linea=0x0
[gelatina] t=33984 ms  TRACK        rival=si d= 117 mm rumbo=+4517 cdeg  linea=0x0
[gelatina] t=33992 ms  ATTACK       rival=si d= 117 mm rumbo=+4517 cdeg  linea=0x0
[gelatina] t=34192 ms  SEARCH       rival=no d=9999 mm rumbo=-6000 cdeg  linea=0x0
[gelatina] t=34320 ms  TRACK        rival=si d= 153 mm rumbo=-6000 cdeg  linea=0x0
WARNING: Contact joints between materials 'patin' and 'dohyo' will only be created for the 10 deepest contact points instead of all the 11 contact points.
[gelatina] t=34520 ms  SEARCH       rival=no d=9999 mm rumbo=+6000 cdeg  linea=0x0
[gelatina] t=34544 ms  TRACK        rival=si d= 133 mm rumbo=+6000 cdeg  linea=0x0
[gelatina] t=34616 ms  ATTACK       rival=si d= 131 mm rumbo=-1523 cdeg  linea=0x0
[gelatina] t=34784 ms  SEARCH       rival=no d=9999 mm rumbo=-6000 cdeg  linea=0x0
[gelatina] t=34912 ms  TRACK        rival=si d= 127 mm rumbo=-4544 cdeg  linea=0x0
[gelatina] t=34920 ms  ATTACK       rival=si d= 127 mm rumbo=-4544 cdeg  linea=0x0
[gelatina] t=35112 ms  SEARCH       rival=no d=9999 mm rumbo=+6000 cdeg  linea=0x0
[gelatina] t=35304 ms  TRACK        rival=si d= 131 mm rumbo=+3000 cdeg  linea=0x0
[gelatina] t=35312 ms  ATTACK       rival=si d= 131 mm rumbo=+3000 cdeg  linea=0x0
[gelatina] t=35480 ms  SEARCH       rival=no d=9999 mm rumbo=-3000 cdeg  linea=0x0
WARNING: Contact joints between materials 'patin' and 'dohyo' will only be created for the 10 deepest contact points instead of all the 20 contact points.
[gelatina] t=35672 ms  TRACK        rival=si d= 161 mm rumbo=-6000 cdeg  linea=0x0
[gelatina] t=35872 ms  SEARCH       rival=no d=9999 mm rumbo=+4524 cdeg  linea=0x0
[gelatina] t=35896 ms  TRACK        rival=si d= 178 mm rumbo=+6000 cdeg  linea=0x0
[gelatina] t=36232 ms  ATTACK       rival=si d= 127 mm rumbo=+3000 cdeg  linea=0x0
[gelatina] t=36400 ms  SEARCH       rival=no d=9999 mm rumbo=+6000 cdeg  linea=0x0
[gelatina] t=36528 ms  TRACK        rival=si d= 134 mm rumbo=+4527 cdeg  linea=0x0
WARNING: Contact joints between materials 'patin' and 'dohyo' will only be created for the 10 deepest contact points instead of all the 12 contact points.
[gelatina] t=36592 ms  ATTACK       rival=si d= 127 mm rumbo=-6000 cdeg  linea=0x0
[gelatina] t=36728 ms  SEARCH       rival=no d=9999 mm rumbo=-6000 cdeg  linea=0x0
[gelatina] t=36856 ms  TRACK        rival=si d= 135 mm rumbo=-6000 cdeg  linea=0x0
[gelatina] t=37184 ms  ATTACK       rival=si d= 123 mm rumbo=-1518 cdeg  linea=0x0
[gelatina] t=37360 ms  SEARCH       rival=no d=9999 mm rumbo=-6000 cdeg  linea=0x0
[gelatina] t=37488 ms  TRACK        rival=si d= 157 mm rumbo=-3000 cdeg  linea=0x0
[gelatina] t=37688 ms  SEARCH       rival=no d=9999 mm rumbo=+6000 cdeg  linea=0x0
[gelatina] t=37744 ms  TRACK        rival=si d= 148 mm rumbo=+6000 cdeg  linea=0x0
WARNING: Contact joints between materials 'patin' and 'dohyo' will only be created for the 10 deepest contact points instead of all the 11 contact points.
[gelatina] t=37880 ms  ATTACK       rival=si d= 118 mm rumbo=-3000 cdeg  linea=0x0
[gelatina] t=38608 ms  SEARCH       rival=no d=9999 mm rumbo=   +0 cdeg  linea=0x0
[gelatina] t=38872 ms  TRACK        rival=si d=  72 mm rumbo=+6000 cdeg  linea=0x0
[gelatina] t=38880 ms  ATTACK       rival=si d=  72 mm rumbo=+6000 cdeg  linea=0x0
WARNING: Contact joints between materials 'patin' and 'dohyo' will only be created for the 10 deepest contact points instead of all the 11 contact points.
[gelatina] t=39304 ms  SEARCH       rival=no d=9999 mm rumbo=   +0 cdeg  linea=0x0
[gelatina] t=39376 ms  EDGE_ESCAPE  rival=no d=9999 mm rumbo=   +0 cdeg  linea=0x2
Error: wb_supervisor_field_set_mf_vec3f() called on a read-only PROTO internal field.
Error: wb_supervisor_field_set_mf_vec3f() called on a read-only PROTO internal field.
Error: wb_supervisor_field_set_mf_vec3f() called on a read-only PROTO internal field.
Error: wb_supervisor_field_set_mf_vec3f() called on a read-only PROTO internal field.
[arbitro] asalto 23/30  lado     rival fuera     +1  39.39 s
[inercia] asalto=23 robot=GELATINA rueda=0 rotor=3.50999542e-05
[inercia] asalto=23 robot=GELATINA rueda=1 rotor=1.70414917e-05
[inercia] asalto=23 robot=RIVAL rueda=0 rotor=3.00675711e-05
[inercia] asalto=23 robot=RIVAL rueda=1 rotor=2.47809886e-05
[planta] asalto=23 mu=0.949570215 slip=0.00127460468 aleatorio=1
[gelatina] fin de asalto motor={"battery_v":8.16872652,"resistance_ohm":[4.03306503,4.00849385],"bridge_ohm":[0.659545147,0.62138449],"omega_rad_s":[-18.4639757,56.089634],"current_a":[-0.935608298,-0.0923837822],"torque_nm":[-0.0362718932,-0.0142806456],"applied_pwm":[-0.690000057,0.400000036],"over_1_2a_samples":9732,"over_3_2a_samples":0}
[gelatina] t=    0 ms  WAIT         rival=no d=9999 mm rumbo=   +0 cdeg  linea=0x0
[rival] fin de asalto motor={"battery_v":7.43880427,"resistance_ohm":[3.66269288,4.27961082],"bridge_ohm":[0.615391648,0.657067728],"omega_rad_s":[-29.5157745,-40.8934765],"current_a":[-0.400857941,1.44837361],"torque_nm":[-0.0108500026,0.0743590387],"applied_pwm":[-0.5,0.5],"over_1_2a_samples":280,"over_3_2a_samples":0}
[planta] gelatina ciclo=25 rueda=0 V=8.20254513 R=4.39367437 Rpuente=0.671440876 I0=0.13123025 Ke=0.0669557527 Kt=0.0483794733
[planta] gelatina ciclo=25 rueda=1 V=8.20254513 R=3.98352647 Rpuente=0.697571003 I0=0.17354883 Ke=0.0868823042 Kt=0.0483794733
[sensores] gelatina ToF alcance=1392.38014 minimo=35.3119642 sigma_rel=0.108482208
[gelatina] pulsador recibido: permiso previsto 402848 ms
[planta] rival ciclo=25 rueda=0 V=7.96421191 R=4.10517569 Rpuente=0.551964056 I0=0.167828563 Ke=0.0806549315 Kt=0.0483794733
[planta] rival ciclo=25 rueda=1 V=7.96421191 R=3.67243137 Rpuente=0.518191636 I0=0.147279301 Ke=0.0759574003 Kt=0.0483794733
[sensores] rival ToF alcance=1304.29261 minimo=44.8549813 sigma_rel=0.0543525887
[arranque] pulsador=397848 permiso=402848 ms
[gelatina] permiso de arranque a los 402848 ms
[gelatina] t=    0 ms  OPENING      rival=no d=9999 mm rumbo=   +0 cdeg  linea=0x0
[gelatina] t=  112 ms  SEARCH       rival=no d=9999 mm rumbo=   +0 cdeg  linea=0x0
WARNING: Contact joints between materials 'rueda' and 'dohyo' will only be created for the 10 deepest contact points instead of all the 19 contact points.
[gelatina] t=  328 ms  TRACK        rival=si d=  80 mm rumbo=+6000 cdeg  linea=0x0
[gelatina] t=  336 ms  ATTACK       rival=si d=  80 mm rumbo=+6000 cdeg  linea=0x0
[gelatina] t=  528 ms  SEARCH       rival=no d=9999 mm rumbo=-4488 cdeg  linea=0x0
[gelatina] t=  624 ms  TRACK        rival=si d= 110 mm rumbo=-4514 cdeg  linea=0x0
[gelatina] t=  632 ms  ATTACK       rival=si d= 110 mm rumbo=-4514 cdeg  linea=0x0
[gelatina] t=  824 ms  SEARCH       rival=no d=9999 mm rumbo=+3000 cdeg  linea=0x0
[gelatina] t=  984 ms  TRACK        rival=si d=  91 mm rumbo=+6000 cdeg  linea=0x0
[gelatina] t=  992 ms  ATTACK       rival=si d=  91 mm rumbo=+6000 cdeg  linea=0x0
[gelatina] t= 1192 ms  SEARCH       rival=no d=9999 mm rumbo=-6000 cdeg  linea=0x0
WARNING: Contact joints between materials 'rueda' and 'dohyo' will only be created for the 10 deepest contact points instead of all the 11 contact points.
[gelatina] t= 1280 ms  TRACK        rival=si d= 181 mm rumbo=-6000 cdeg  linea=0x0
[gelatina] t= 1544 ms  ATTACK       rival=si d= 100 mm rumbo=+4426 cdeg  linea=0x0
WARNING: Contact joints between materials 'rueda' and 'dohyo' will only be created for the 10 deepest contact points instead of all the 11 contact points.
[gelatina] t= 2440 ms  SEARCH       rival=no d=9999 mm rumbo=+3000 cdeg  linea=0x0
[gelatina] t= 2504 ms  TRACK        rival=si d=  36 mm rumbo=+3000 cdeg  linea=0x0
[gelatina] t= 2512 ms  ATTACK       rival=si d=  36 mm rumbo=+3000 cdeg  linea=0x0
[gelatina] t= 2840 ms  SEARCH       rival=no d=9999 mm rumbo=+6000 cdeg  linea=0x0
[gelatina] t= 2896 ms  TRACK        rival=si d=  39 mm rumbo=+6000 cdeg  linea=0x0
[gelatina] t= 2904 ms  ATTACK       rival=si d=  39 mm rumbo=+6000 cdeg  linea=0x0
[gelatina] t= 3200 ms  SEARCH       rival=no d=9999 mm rumbo=   +0 cdeg  linea=0x0
WARNING: Contact joints between materials 'patin' and 'dohyo' will only be created for the 10 deepest contact points instead of all the 14 contact points.
[gelatina] t= 3328 ms  TRACK        rival=si d=  50 mm rumbo=   +0 cdeg  linea=0x0
[gelatina] t= 3336 ms  ATTACK       rival=si d=  50 mm rumbo=   +0 cdeg  linea=0x0
[gelatina] t= 3496 ms  SEARCH       rival=no d=9999 mm rumbo=-4526 cdeg  linea=0x0
[gelatina] t= 3592 ms  TRACK        rival=si d= 103 mm rumbo=-4508 cdeg  linea=0x0
[gelatina] t= 3600 ms  ATTACK       rival=si d= 103 mm rumbo=-4508 cdeg  linea=0x0
[gelatina] t= 3792 ms  SEARCH       rival=no d=9999 mm rumbo=+4528 cdeg  linea=0x0
[gelatina] t= 3920 ms  TRACK        rival=si d=  95 mm rumbo=+6000 cdeg  linea=0x0
[gelatina] t= 3928 ms  ATTACK       rival=si d=  95 mm rumbo=+6000 cdeg  linea=0x0
[gelatina] t= 4128 ms  SEARCH       rival=no d=9999 mm rumbo=-4544 cdeg  linea=0x0
[gelatina] t= 4224 ms  TRACK        rival=si d=  90 mm rumbo=-4538 cdeg  linea=0x0
[gelatina] t= 4232 ms  ATTACK       rival=si d=  90 mm rumbo=-4538 cdeg  linea=0x0
[gelatina] t= 4424 ms  SEARCH       rival=no d=9999 mm rumbo=+4545 cdeg  linea=0x0
[gelatina] t= 4552 ms  TRACK        rival=si d= 110 mm rumbo=+3000 cdeg  linea=0x0
[gelatina] t= 4560 ms  ATTACK       rival=si d= 110 mm rumbo=+3000 cdeg  linea=0x0
WARNING: Contact joints between materials 'patin' and 'dohyo' will only be created for the 10 deepest contact points instead of all the 12 contact points.
[gelatina] t= 4752 ms  SEARCH       rival=no d=9999 mm rumbo=-6000 cdeg  linea=0x0
[gelatina] t= 4816 ms  TRACK        rival=si d= 121 mm rumbo=-6000 cdeg  linea=0x0
[gelatina] t= 4824 ms  ATTACK       rival=si d= 121 mm rumbo=-6000 cdeg  linea=0x0
[gelatina] t= 5048 ms  SEARCH       rival=no d=9999 mm rumbo=+6000 cdeg  linea=0x0
[gelatina] t= 5144 ms  TRACK        rival=si d= 157 mm rumbo=+6000 cdeg  linea=0x0
[gelatina] t= 5176 ms  ATTACK       rival=si d= 126 mm rumbo=+1520 cdeg  linea=0x0
[gelatina] t= 5384 ms  SEARCH       rival=no d=9999 mm rumbo=-6000 cdeg  linea=0x0
[gelatina] t= 5440 ms  TRACK        rival=si d= 141 mm rumbo=-6000 cdeg  linea=0x0
[gelatina] t= 5504 ms  ATTACK       rival=si d= 130 mm rumbo=+1523 cdeg  linea=0x0
[gelatina] t= 5672 ms  SEARCH       rival=no d=9999 mm rumbo=+6000 cdeg  linea=0x0
[gelatina] t= 5768 ms  TRACK        rival=si d= 148 mm rumbo=+6000 cdeg  linea=0x0
[gelatina] t= 5800 ms  ATTACK       rival=si d= 112 mm rumbo=+3000 cdeg  linea=0x0
[gelatina] t= 6008 ms  SEARCH       rival=no d=9999 mm rumbo=-6000 cdeg  linea=0x0
[gelatina] t= 6072 ms  TRACK        rival=si d= 127 mm rumbo=-6000 cdeg  linea=0x0
[gelatina] t= 6080 ms  ATTACK       rival=si d= 127 mm rumbo=-6000 cdeg  linea=0x0
[gelatina] t= 6304 ms  SEARCH       rival=no d=9999 mm rumbo=+6000 cdeg  linea=0x0
[gelatina] t= 6400 ms  TRACK        rival=si d= 145 mm rumbo=+6000 cdeg  linea=0x0
[gelatina] t= 6600 ms  ATTACK       rival=si d= 128 mm rumbo=-6000 cdeg  linea=0x0
[gelatina] t= 6896 ms  SEARCH       rival=no d=9999 mm rumbo=+6000 cdeg  linea=0x0
[gelatina] t= 6928 ms  TRACK        rival=si d=  91 mm rumbo=+6000 cdeg  linea=0x0
[gelatina] t= 6936 ms  ATTACK       rival=si d=  91 mm rumbo=+6000 cdeg  linea=0x0
WARNING: Contact joints between materials 'patin' and 'dohyo' will only be created for the 10 deepest contact points instead of all the 20 contact points.
[gelatina] t= 7224 ms  SEARCH       rival=no d=9999 mm rumbo=+3000 cdeg  linea=0x0
[gelatina] t= 7288 ms  TRACK        rival=si d=  42 mm rumbo=-6000 cdeg  linea=0x0
[gelatina] t= 7296 ms  ATTACK       rival=si d=  42 mm rumbo=-6000 cdeg  linea=0x0
[gelatina] t= 7424 ms  SEARCH       rival=no d=9999 mm rumbo=-6000 cdeg  linea=0x0
[gelatina] t= 7584 ms  TRACK        rival=si d=  37 mm rumbo=-6000 cdeg  linea=0x0
[gelatina] t= 7592 ms  ATTACK       rival=si d=  37 mm rumbo=-6000 cdeg  linea=0x0
[gelatina] t= 7792 ms  SEARCH       rival=no d=9999 mm rumbo=+3000 cdeg  linea=0x0
[gelatina] t= 7984 ms  TRACK        rival=si d=  92 mm rumbo=+1525 cdeg  linea=0x0
[gelatina] t= 7992 ms  ATTACK       rival=si d=  92 mm rumbo=+1525 cdeg  linea=0x0
[gelatina] t= 8152 ms  SEARCH       rival=no d=9999 mm rumbo=-4496 cdeg  linea=0x0
[gelatina] t= 8280 ms  ATTACK       rival=si d= 122 mm rumbo=-4417 cdeg  linea=0x5
[gelatina] t= 8480 ms  SEARCH       rival=no d=9999 mm rumbo=+6000 cdeg  linea=0xA
[gelatina] t= 8608 ms  TRACK        rival=si d= 144 mm rumbo=+6000 cdeg  linea=0x8
[gelatina] t= 8672 ms  ATTACK       rival=si d= 136 mm rumbo=-4538 cdeg  linea=0x5
[gelatina] t= 8816 ms  SEARCH       rival=no d=9999 mm rumbo=-4538 cdeg  linea=0x1
[gelatina] t= 8872 ms  TRACK        rival=si d= 153 mm rumbo=-6000 cdeg  linea=0x4
[gelatina] t= 8928 ms  ATTACK       rival=si d= 136 mm rumbo=-3000 cdeg  linea=0x1
WARNING: Contact joints between materials 'rueda' and 'dohyo' will only be created for the 10 deepest contact points instead of all the 11 contact points.
[gelatina] t= 9072 ms  SEARCH       rival=no d=9999 mm rumbo=   +0 cdeg  linea=0x6
[gelatina] t= 9200 ms  TRACK        rival=si d= 122 mm rumbo=+6000 cdeg  linea=0x0
[gelatina] t= 9208 ms  ATTACK       rival=si d= 122 mm rumbo=+6000 cdeg  linea=0x0
[gelatina] t= 9408 ms  SEARCH       rival=no d=9999 mm rumbo=-4571 cdeg  linea=0x0
[gelatina] t= 9504 ms  ATTACK       rival=si d= 112 mm rumbo=-4488 cdeg  linea=0x4
[gelatina] t= 9704 ms  SEARCH       rival=no d=9999 mm rumbo=+4518 cdeg  linea=0xA
[gelatina] t= 9832 ms  TRACK        rival=si d= 113 mm rumbo=+6000 cdeg  linea=0x8
[gelatina] t= 9840 ms  ATTACK       rival=si d= 113 mm rumbo=+6000 cdeg  linea=0xC
[gelatina] t=10032 ms  SEARCH       rival=no d=9999 mm rumbo=-4548 cdeg  linea=0x2
[gelatina] t=10160 ms  TRACK        rival=si d= 409 mm rumbo=+5646 cdeg  linea=0x0
WARNING: Contact joints between materials 'patin' and 'dohyo' will only be created for the 10 deepest contact points instead of all the 15 contact points.
[gelatina] t=10424 ms  ATTACK       rival=si d= 130 mm rumbo=+6000 cdeg  linea=0x8
Error: wb_supervisor_field_set_mf_vec3f() called on a read-only PROTO internal field.
Error: wb_supervisor_field_set_mf_vec3f() called on a read-only PROTO internal field.
Error: wb_supervisor_field_set_mf_vec3f() called on a read-only PROTO internal field.
Error: wb_supervisor_field_set_mf_vec3f() called on a read-only PROTO internal field.
[arbitro] asalto 24/30  espalda  auto-salida     -1  10.58 s
[inercia] asalto=24 robot=GELATINA rueda=0 rotor=9.69655949e-06
[inercia] asalto=24 robot=GELATINA rueda=1 rotor=2.4212451e-05
[inercia] asalto=24 robot=RIVAL rueda=0 rotor=3.15720313e-05
[inercia] asalto=24 robot=RIVAL rueda=1 rotor=1.12083823e-05
[planta] asalto=24 mu=1.17989329 slip=0.000279034257 aleatorio=1
[gelatina] fin de asalto motor={"battery_v":8.20254513,"resistance_ohm":[4.39367437,3.98352647],"bridge_ohm":[0.671440876,0.697571003],"omega_rad_s":[11.1525938,51.077376],"current_a":[0.30693641,0.804261187],"torque_nm":[0.00850057148,0.0305135317],"applied_pwm":[0.280571282,1],"over_1_2a_samples":9919,"over_3_2a_samples":0}
[gelatina] t=    0 ms  WAIT         rival=si d=  78 mm rumbo=+2984 cdeg  linea=0x8
[rival] fin de asalto motor={"battery_v":7.96421191,"resistance_ohm":[4.10517569,3.67243137],"bridge_ohm":[0.551964056,0.518191636],"omega_rad_s":[-36.7769142,36.3732685],"current_a":[-0.218130981,0.290956032],"torque_nm":[-0.00243360448,0.00695100454],"applied_pwm":[-0.5,0.5],"over_1_2a_samples":294,"over_3_2a_samples":0}
[planta] gelatina ciclo=26 rueda=0 V=8.23853394 R=4.24453578 Rpuente=0.631103218 I0=0.0987992674 Ke=0.0743115635 Kt=0.0483794733
[planta] gelatina ciclo=26 rueda=1 V=8.23853394 R=3.95123382 Rpuente=0.518587148 I0=0.0939933747 Ke=0.0785624439 Kt=0.0483794733
[sensores] gelatina ToF alcance=1222.79226 minimo=35.5135429 sigma_rel=0.0588628149
[gelatina] pulsador recibido: permiso previsto 418736 ms
[planta] rival ciclo=26 rueda=0 V=7.85345128 R=3.67864804 Rpuente=0.664514804 I0=0.117259365 Ke=0.0835980642 Kt=0.0483794733
[planta] rival ciclo=26 rueda=1 V=7.85345128 R=3.95715528 Rpuente=0.636369371 I0=0.133642271 Ke=0.0722743059 Kt=0.0483794733
[sensores] rival ToF alcance=1042.78057 minimo=45.847522 sigma_rel=0.0809257889
[arranque] pulsador=413736 permiso=418736 ms
[gelatina] permiso de arranque a los 418736 ms
[gelatina] t=    0 ms  TRACK        rival=si d=  71 mm rumbo=   +0 cdeg  linea=0x0
[gelatina] t=    8 ms  ATTACK       rival=si d=  71 mm rumbo=   +0 cdeg  linea=0x0
WARNING: Contact joints between materials 'patin' and 'dohyo' will only be created for the 10 deepest contact points instead of all the 40 contact points.
[gelatina] t=  264 ms  SEARCH       rival=no d=9999 mm rumbo=+1514 cdeg  linea=0x0
[gelatina] t=  328 ms  TRACK        rival=si d=  49 mm rumbo=+3000 cdeg  linea=0x0
[gelatina] t=  336 ms  ATTACK       rival=si d=  49 mm rumbo=+3000 cdeg  linea=0x0
Error: wb_supervisor_field_set_mf_vec3f() called on a read-only PROTO internal field.
Error: wb_supervisor_field_set_mf_vec3f() called on a read-only PROTO internal field.
Error: wb_supervisor_field_set_mf_vec3f() called on a read-only PROTO internal field.
Error: wb_supervisor_field_set_mf_vec3f() called on a read-only PROTO internal field.
[arbitro] asalto 25/30  frente   rival fuera     +1   0.92 s
[inercia] asalto=25 robot=GELATINA rueda=0 rotor=1.51063374e-05
[inercia] asalto=25 robot=GELATINA rueda=1 rotor=1.77277225e-05
[inercia] asalto=25 robot=RIVAL rueda=0 rotor=1.69141039e-05
[inercia] asalto=25 robot=RIVAL rueda=1 rotor=2.07750269e-05
[planta] asalto=25 mu=0.640810823 slip=0.00191908431 aleatorio=1
[gelatina] fin de asalto motor={"battery_v":8.23853394,"resistance_ohm":[4.24453578,3.95123382],"bridge_ohm":[0.631103218,0.518587148],"omega_rad_s":[35.9054667,93.0317522],"current_a":[0.198906369,0.208002094],"torque_nm":[0.00484312884,0.00551568181],"applied_pwm":[0.441581845,1],"over_1_2a_samples":9950,"over_3_2a_samples":0}
[gelatina] t=    0 ms  WAIT         rival=no d=9999 mm rumbo=+3000 cdeg  linea=0x0
[rival] fin de asalto motor={"battery_v":7.85345128,"resistance_ohm":[3.67864804,3.95715528],"bridge_ohm":[0.664514804,0.636369371],"omega_rad_s":[-44.4945949,1.12662822],"current_a":[-0.228499092,-1.04353354],"torque_nm":[-0.00538171939,-0.0557218012],"applied_pwm":[-0.6,-0.6],"over_1_2a_samples":306,"over_3_2a_samples":0}
[planta] gelatina ciclo=27 rueda=0 V=8.27235247 R=3.80514512 Rpuente=0.642998934 I0=0.194158459 Ke=0.0671985495 Kt=0.0483794733
[planta] gelatina ciclo=27 rueda=1 V=8.27235247 R=3.92626638 Rpuente=0.594773662 I0=0.214746147 Ke=0.0634773829 Kt=0.0483794733
[sensores] gelatina ToF alcance=1173.52594 minimo=41.4970058 sigma_rel=0.0961788797
[gelatina] pulsador recibido: permiso previsto 424968 ms
[planta] rival ciclo=27 rueda=0 V=8.37885891 R=4.1211309 Rpuente=0.601087213 I0=0.108498716 Ke=0.0686697177 Kt=0.0483794733
[planta] rival ciclo=27 rueda=1 V=8.37885891 R=4.14997587 Rpuente=0.697493279 I0=0.192299563 Ke=0.0645617259 Kt=0.0483794733
[sensores] rival ToF alcance=1532.95035 minimo=22.9924762 sigma_rel=0.0703261137
[arranque] pulsador=419968 permiso=424968 ms
[gelatina] permiso de arranque a los 424968 ms
[gelatina] t=    0 ms  OPENING      rival=no d=9999 mm rumbo=+3000 cdeg  linea=0x0
[gelatina] t=   64 ms  TRACK        rival=si d=  99 mm rumbo=-6000 cdeg  linea=0x0
[gelatina] t=   72 ms  ATTACK       rival=si d=  99 mm rumbo=-6000 cdeg  linea=0x0
WARNING: Contact joints between materials 'patin' and 'dohyo' will only be created for the 10 deepest contact points instead of all the 27 contact points.
[gelatina] t=  296 ms  SEARCH       rival=no d=9999 mm rumbo=-3000 cdeg  linea=0x0
[gelatina] t=  560 ms  TRACK        rival=si d=  45 mm rumbo=-4509 cdeg  linea=0x0
[gelatina] t=  568 ms  ATTACK       rival=si d=  45 mm rumbo=-4509 cdeg  linea=0x0
[gelatina] t=  760 ms  SEARCH       rival=no d=9999 mm rumbo=+6000 cdeg  linea=0x0
[gelatina] t=  856 ms  TRACK        rival=si d=  75 mm rumbo=+4532 cdeg  linea=0x0
[gelatina] t=  864 ms  ATTACK       rival=si d=  75 mm rumbo=+4532 cdeg  linea=0x0
[gelatina] t= 1088 ms  SEARCH       rival=no d=9999 mm rumbo=-6000 cdeg  linea=0x0
WARNING: Contact joints between materials 'patin' and 'dohyo' will only be created for the 10 deepest contact points instead of all the 27 contact points.
[gelatina] t= 1216 ms  TRACK        rival=si d=  74 mm rumbo=-4479 cdeg  linea=0x0
[gelatina] t= 1224 ms  ATTACK       rival=si d=  74 mm rumbo=-4479 cdeg  linea=0x0
[gelatina] t= 1416 ms  SEARCH       rival=no d=9999 mm rumbo=+6000 cdeg  linea=0x0
[gelatina] t= 1576 ms  TRACK        rival=si d=  95 mm rumbo=+4474 cdeg  linea=0x0
[gelatina] t= 1584 ms  ATTACK       rival=si d=  95 mm rumbo=+4474 cdeg  linea=0x0
[gelatina] t= 1752 ms  SEARCH       rival=no d=9999 mm rumbo=-4507 cdeg  linea=0x0
[gelatina] t= 1912 ms  TRACK        rival=si d= 119 mm rumbo=-4559 cdeg  linea=0x0
[gelatina] t= 1920 ms  ATTACK       rival=si d= 119 mm rumbo=-4559 cdeg  linea=0x0
[gelatina] t= 2112 ms  SEARCH       rival=no d=9999 mm rumbo=+6000 cdeg  linea=0x0
WARNING: Contact joints between materials 'patin' and 'dohyo' will only be created for the 10 deepest contact points instead of all the 25 contact points.
[gelatina] t= 2272 ms  TRACK        rival=si d= 150 mm rumbo=+3000 cdeg  linea=0x0
[gelatina] t= 2480 ms  SEARCH       rival=no d=9999 mm rumbo=-6000 cdeg  linea=0x0
[gelatina] t= 2536 ms  TRACK        rival=si d= 120 mm rumbo=-4490 cdeg  linea=0x0
[gelatina] t= 2544 ms  ATTACK       rival=si d= 120 mm rumbo=-4490 cdeg  linea=0x0
[gelatina] t= 2736 ms  SEARCH       rival=no d=9999 mm rumbo=+6000 cdeg  linea=0x0
[gelatina] t= 2896 ms  TRACK        rival=si d= 136 mm rumbo=+6000 cdeg  linea=0x0
[gelatina] t= 3104 ms  SEARCH       rival=no d=9999 mm rumbo=-6000 cdeg  linea=0x0
[gelatina] t= 3168 ms  TRACK        rival=si d= 118 mm rumbo=-4552 cdeg  linea=0x0
[gelatina] t= 3176 ms  ATTACK       rival=si d= 118 mm rumbo=-4552 cdeg  linea=0x0
WARNING: Contact joints between materials 'rueda' and 'dohyo' will only be created for the 10 deepest contact points instead of all the 12 contact points.
[gelatina] t= 3400 ms  SEARCH       rival=no d=9999 mm rumbo=+6000 cdeg  linea=0x0
[gelatina] t= 3496 ms  TRACK        rival=si d= 113 mm rumbo=+4459 cdeg  linea=0x0
[gelatina] t= 3504 ms  ATTACK       rival=si d= 113 mm rumbo=+4459 cdeg  linea=0x0
[gelatina] t= 3728 ms  SEARCH       rival=no d=9999 mm rumbo=-6000 cdeg  linea=0x0
[gelatina] t= 3824 ms  TRACK        rival=si d= 132 mm rumbo=-6000 cdeg  linea=0x0
[gelatina] t= 3832 ms  ATTACK       rival=si d= 132 mm rumbo=-6000 cdeg  linea=0x0
[gelatina] t= 4024 ms  SEARCH       rival=no d=9999 mm rumbo=+3000 cdeg  linea=0x0
[gelatina] t= 4216 ms  TRACK        rival=si d= 145 mm rumbo=+3000 cdeg  linea=0x0
[gelatina] t= 4392 ms  SEARCH       rival=no d=9999 mm rumbo=-3000 cdeg  linea=0x0
[gelatina] t= 4488 ms  TRACK        rival=si d= 145 mm rumbo=-6000 cdeg  linea=0x0
WARNING: Contact joints between materials 'patin' and 'dohyo' will only be created for the 10 deepest contact points instead of all the 12 contact points.
[gelatina] t= 4688 ms  SEARCH       rival=no d=9999 mm rumbo=+4537 cdeg  linea=0x0
[gelatina] t= 4776 ms  TRACK        rival=si d= 126 mm rumbo=+6000 cdeg  linea=0x0
[gelatina] t= 4784 ms  ATTACK       rival=si d= 111 mm rumbo=+4482 cdeg  linea=0x0
[gelatina] t= 4984 ms  SEARCH       rival=no d=9999 mm rumbo=-4577 cdeg  linea=0x0
[gelatina] t= 5112 ms  TRACK        rival=si d= 161 mm rumbo=-4516 cdeg  linea=0x0
[gelatina] t= 5312 ms  SEARCH       rival=no d=9999 mm rumbo=+6000 cdeg  linea=0x0
[gelatina] t= 5376 ms  TRACK        rival=si d= 123 mm rumbo=+4539 cdeg  linea=0x0
[gelatina] t= 5384 ms  ATTACK       rival=si d= 123 mm rumbo=+4539 cdeg  linea=0x0
[gelatina] t= 5576 ms  SEARCH       rival=no d=9999 mm rumbo=-4501 cdeg  linea=0x0
WARNING: Contact joints between materials 'patin' and 'dohyo' will only be created for the 10 deepest contact points instead of all the 22 contact points.
[gelatina] t= 5704 ms  TRACK        rival=si d= 161 mm rumbo=-6000 cdeg  linea=0x0
[gelatina] t= 5904 ms  SEARCH       rival=no d=9999 mm rumbo=+3000 cdeg  linea=0x0
[gelatina] t= 5968 ms  TRACK        rival=si d= 154 mm rumbo=+6000 cdeg  linea=0x0
[gelatina] t= 6032 ms  ATTACK       rival=si d=  96 mm rumbo=-4420 cdeg  linea=0x0
[gelatina] t= 6176 ms  SEARCH       rival=no d=9999 mm rumbo=-4420 cdeg  linea=0x0
[gelatina] t= 6336 ms  TRACK        rival=si d= 143 mm rumbo=-3000 cdeg  linea=0x0
[gelatina] t= 6368 ms  ATTACK       rival=si d= 118 mm rumbo=+3000 cdeg  linea=0x0
[gelatina] t= 6536 ms  SEARCH       rival=no d=9999 mm rumbo=+6000 cdeg  linea=0x0
[gelatina] t= 6696 ms  TRACK        rival=si d= 126 mm rumbo=+4540 cdeg  linea=0x0
[gelatina] t= 6704 ms  ATTACK       rival=si d= 126 mm rumbo=+4540 cdeg  linea=0x0
WARNING: Contact joints between materials 'patin' and 'dohyo' will only be created for the 10 deepest contact points instead of all the 12 contact points.
[gelatina] t= 6896 ms  SEARCH       rival=no d=9999 mm rumbo=-6000 cdeg  linea=0x0
[gelatina] t= 7024 ms  TRACK        rival=si d= 148 mm rumbo=-4487 cdeg  linea=0x0
[gelatina] t= 7224 ms  SEARCH       rival=no d=9999 mm rumbo=+6000 cdeg  linea=0x0
[gelatina] t= 7256 ms  TRACK        rival=si d= 161 mm rumbo=+6000 cdeg  linea=0x0
[gelatina] t= 7352 ms  ATTACK       rival=si d= 116 mm rumbo=-6000 cdeg  linea=0x0
[gelatina] t= 7496 ms  SEARCH       rival=no d=9999 mm rumbo=-6000 cdeg  linea=0x0
[gelatina] t= 7584 ms  TRACK        rival=si d= 193 mm rumbo=-6000 cdeg  linea=0x0
[gelatina] t= 7680 ms  ATTACK       rival=si d= 129 mm rumbo=+3056 cdeg  linea=0x0
[gelatina] t= 7824 ms  SEARCH       rival=no d=9999 mm rumbo=+6000 cdeg  linea=0x0
[gelatina] t= 7912 ms  TRACK        rival=si d= 160 mm rumbo=+6000 cdeg  linea=0x0
[gelatina] t= 8216 ms  ATTACK       rival=si d= 131 mm rumbo=+3000 cdeg  linea=0x0
WARNING: Contact joints between materials 'rueda' and 'dohyo' will only be created for the 10 deepest contact points instead of all the 22 contact points.
[gelatina] t= 8384 ms  SEARCH       rival=no d=9999 mm rumbo=+6000 cdeg  linea=0x0
[gelatina] t= 8440 ms  TRACK        rival=si d= 111 mm rumbo=+6000 cdeg  linea=0x0
[gelatina] t= 8448 ms  ATTACK       rival=si d= 111 mm rumbo=+6000 cdeg  linea=0x0
[gelatina] t= 8744 ms  SEARCH       rival=no d=9999 mm rumbo=-6000 cdeg  linea=0x0
[gelatina] t= 8840 ms  TRACK        rival=si d= 133 mm rumbo=-4457 cdeg  linea=0x0
[gelatina] t= 9040 ms  SEARCH       rival=no d=9999 mm rumbo=+6000 cdeg  linea=0x0
[gelatina] t= 9072 ms  TRACK        rival=si d= 138 mm rumbo=+6000 cdeg  linea=0x0
[gelatina] t= 9104 ms  ATTACK       rival=si d= 111 mm rumbo=+1555 cdeg  linea=0x0
WARNING: Contact joints between materials 'rueda' and 'dohyo' will only be created for the 10 deepest contact points instead of all the 18 contact points.
[gelatina] t= 9304 ms  SEARCH       rival=no d=9999 mm rumbo=-6000 cdeg  linea=0x0
[gelatina] t= 9400 ms  TRACK        rival=si d= 120 mm rumbo=-6000 cdeg  linea=0x0
[gelatina] t= 9408 ms  ATTACK       rival=si d= 120 mm rumbo=-6000 cdeg  linea=0x0
[gelatina] t= 9632 ms  SEARCH       rival=no d=9999 mm rumbo=+6000 cdeg  linea=0x0
[gelatina] t= 9728 ms  TRACK        rival=si d= 133 mm rumbo=+6000 cdeg  linea=0x0
[gelatina] t= 9760 ms  ATTACK       rival=si d= 120 mm rumbo=+1536 cdeg  linea=0x0
[gelatina] t= 9936 ms  SEARCH       rival=no d=9999 mm rumbo=-4506 cdeg  linea=0x0
[gelatina] t=10064 ms  TRACK        rival=si d= 171 mm rumbo=-6000 cdeg  linea=0x0
[gelatina] t=10128 ms  ATTACK       rival=si d= 130 mm rumbo=+3000 cdeg  linea=0x0
[gelatina] t=10296 ms  SEARCH       rival=no d=9999 mm rumbo=+6000 cdeg  linea=0x0
WARNING: Contact joints between materials 'patin' and 'dohyo' will only be created for the 10 deepest contact points instead of all the 18 contact points.
[gelatina] t=10392 ms  TRACK        rival=si d= 147 mm rumbo=+6000 cdeg  linea=0x0
[gelatina] t=10624 ms  SEARCH       rival=no d=9999 mm rumbo=-6000 cdeg  linea=0x0
[gelatina] t=10656 ms  TRACK        rival=si d= 124 mm rumbo=-6000 cdeg  linea=0x0
[gelatina] t=10664 ms  ATTACK       rival=si d= 124 mm rumbo=-6000 cdeg  linea=0x0
[gelatina] t=10888 ms  SEARCH       rival=no d=9999 mm rumbo=+6000 cdeg  linea=0x0
[gelatina] t=10984 ms  TRACK        rival=si d= 140 mm rumbo=+6000 cdeg  linea=0x0
[gelatina] t=11016 ms  ATTACK       rival=si d= 109 mm rumbo=+1587 cdeg  linea=0x0
[gelatina] t=11224 ms  SEARCH       rival=no d=9999 mm rumbo=-6000 cdeg  linea=0x0
[gelatina] t=11352 ms  TRACK        rival=si d= 120 mm rumbo=-4587 cdeg  linea=0x0
[gelatina] t=11360 ms  ATTACK       rival=si d= 120 mm rumbo=-4587 cdeg  linea=0x0
WARNING: Contact joints between materials 'patin' and 'dohyo' will only be created for the 10 deepest contact points instead of all the 46 contact points.
[gelatina] t=11584 ms  SEARCH       rival=no d=9999 mm rumbo=+6000 cdeg  linea=0x0
[gelatina] t=11680 ms  TRACK        rival=si d= 173 mm rumbo=+6000 cdeg  linea=0x0
[gelatina] t=11880 ms  SEARCH       rival=no d=9999 mm rumbo=-4468 cdeg  linea=0x0
[gelatina] t=11944 ms  TRACK        rival=si d= 160 mm rumbo=-6000 cdeg  linea=0x0
[gelatina] t=12176 ms  SEARCH       rival=no d=9999 mm rumbo=+6000 cdeg  linea=0x0
[gelatina] t=12208 ms  TRACK        rival=si d= 147 mm rumbo=+4539 cdeg  linea=0x0
[gelatina] t=12304 ms  ATTACK       rival=si d= 126 mm rumbo=-6000 cdeg  linea=0x0
[gelatina] t=12440 ms  SEARCH       rival=no d=9999 mm rumbo=-6000 cdeg  linea=0x0
WARNING: Contact joints between materials 'patin' and 'dohyo' will only be created for the 10 deepest contact points instead of all the 12 contact points.
[gelatina] t=12504 ms  TRACK        rival=si d= 165 mm rumbo=-6000 cdeg  linea=0x0
[gelatina] t=12568 ms  ATTACK       rival=si d= 124 mm rumbo=   +0 cdeg  linea=0x0
[gelatina] t=12768 ms  SEARCH       rival=no d=9999 mm rumbo=+6000 cdeg  linea=0x0
[gelatina] t=12864 ms  TRACK        rival=si d= 153 mm rumbo=+6000 cdeg  linea=0x0
[gelatina] t=12896 ms  ATTACK       rival=si d= 132 mm rumbo=+1470 cdeg  linea=0x0
[gelatina] t=13072 ms  SEARCH       rival=no d=9999 mm rumbo=-4548 cdeg  linea=0x0
[gelatina] t=13200 ms  TRACK        rival=si d= 154 mm rumbo=-6000 cdeg  linea=0x0
[gelatina] t=13264 ms  ATTACK       rival=si d= 121 mm rumbo=+3000 cdeg  linea=0x0
[gelatina] t=13432 ms  SEARCH       rival=no d=9999 mm rumbo=+6000 cdeg  linea=0x0
[gelatina] t=13528 ms  TRACK        rival=si d= 166 mm rumbo=+6000 cdeg  linea=0x0
[gelatina] t=13560 ms  ATTACK       rival=si d= 131 mm rumbo=+3000 cdeg  linea=0x0
WARNING: Contact joints between materials 'patin' and 'dohyo' will only be created for the 10 deepest contact points instead of all the 14 contact points.
[gelatina] t=13760 ms  SEARCH       rival=no d=9999 mm rumbo=-6000 cdeg  linea=0x0
[gelatina] t=13888 ms  TRACK        rival=si d= 136 mm rumbo=-4485 cdeg  linea=0x0
[gelatina] t=14088 ms  SEARCH       rival=no d=9999 mm rumbo=+6000 cdeg  linea=0x0
[gelatina] t=14120 ms  TRACK        rival=si d= 170 mm rumbo=+6000 cdeg  linea=0x0
[gelatina] t=14184 ms  ATTACK       rival=si d= 113 mm rumbo=-1575 cdeg  linea=0x0
[gelatina] t=14360 ms  SEARCH       rival=no d=9999 mm rumbo=-6000 cdeg  linea=0x0
[gelatina] t=14480 ms  TRACK        rival=si d= 123 mm rumbo=-4463 cdeg  linea=0x0
[gelatina] t=14488 ms  ATTACK       rival=si d= 123 mm rumbo=-4463 cdeg  linea=0x0
[gelatina] t=14688 ms  SEARCH       rival=no d=9999 mm rumbo=+6000 cdeg  linea=0x0
[gelatina] t=14848 ms  TRACK        rival=si d= 154 mm rumbo=+6000 cdeg  linea=0x0
[gelatina] t=15048 ms  SEARCH       rival=no d=9999 mm rumbo=-4473 cdeg  linea=0x0
[gelatina] t=15112 ms  TRACK        rival=si d= 204 mm rumbo=-6000 cdeg  linea=0x0
WARNING: Contact joints between materials 'patin' and 'dohyo' will only be created for the 10 deepest contact points instead of all the 17 contact points.
[gelatina] t=15472 ms  ATTACK       rival=si d= 131 mm rumbo=-6000 cdeg  linea=0x0
[gelatina] t=15608 ms  SEARCH       rival=no d=9999 mm rumbo=-6000 cdeg  linea=0x0
[gelatina] t=15704 ms  TRACK        rival=si d= 183 mm rumbo=-6000 cdeg  linea=0x0
[gelatina] t=15936 ms  ATTACK       rival=si d= 127 mm rumbo=+6000 cdeg  linea=0x0
[gelatina] t=16504 ms  SEARCH       rival=no d=9999 mm rumbo=+1544 cdeg  linea=0x0
WARNING: Contact joints between materials 'patin' and 'dohyo' will only be created for the 10 deepest contact points instead of all the 14 contact points.
[gelatina] t=16696 ms  TRACK        rival=si d=  82 mm rumbo=+6000 cdeg  linea=0x0
[gelatina] t=16704 ms  ATTACK       rival=si d=  82 mm rumbo=+6000 cdeg  linea=0x0
[gelatina] t=16928 ms  SEARCH       rival=no d=9999 mm rumbo=-6000 cdeg  linea=0x0
[gelatina] t=17056 ms  TRACK        rival=si d=  97 mm rumbo=-6000 cdeg  linea=0x0
[gelatina] t=17064 ms  ATTACK       rival=si d=  97 mm rumbo=-6000 cdeg  linea=0x0
[gelatina] t=17256 ms  SEARCH       rival=no d=9999 mm rumbo=+4463 cdeg  linea=0x0
[gelatina] t=17384 ms  TRACK        rival=si d=  90 mm rumbo=+6000 cdeg  linea=0x0
[gelatina] t=17392 ms  ATTACK       rival=si d=  90 mm rumbo=+6000 cdeg  linea=0x0
[gelatina] t=17592 ms  SEARCH       rival=no d=9999 mm rumbo=-6000 cdeg  linea=0x0
WARNING: Contact joints between materials 'patin' and 'dohyo' will only be created for the 10 deepest contact points instead of all the 11 contact points.
[gelatina] t=17752 ms  TRACK        rival=si d= 100 mm rumbo=-6000 cdeg  linea=0x0
[gelatina] t=17760 ms  ATTACK       rival=si d= 100 mm rumbo=-6000 cdeg  linea=0x0
[gelatina] t=17952 ms  SEARCH       rival=no d=9999 mm rumbo=+6000 cdeg  linea=0x0
[gelatina] t=18112 ms  TRACK        rival=si d= 109 mm rumbo=+4570 cdeg  linea=0x0
[gelatina] t=18120 ms  ATTACK       rival=si d= 109 mm rumbo=+4570 cdeg  linea=0x0
[gelatina] t=18320 ms  SEARCH       rival=no d=9999 mm rumbo=-4567 cdeg  linea=0x0
[gelatina] t=18440 ms  TRACK        rival=si d= 159 mm rumbo=-6000 cdeg  linea=0x0
[gelatina] t=18512 ms  ATTACK       rival=si d= 129 mm rumbo=+3000 cdeg  linea=0x0
[gelatina] t=18680 ms  SEARCH       rival=no d=9999 mm rumbo=+6000 cdeg  linea=0x0
[gelatina] t=18808 ms  TRACK        rival=si d= 154 mm rumbo=+4471 cdeg  linea=0x0
WARNING: Contact joints between materials 'patin' and 'dohyo' will only be created for the 10 deepest contact points instead of all the 15 contact points.
[gelatina] t=19008 ms  SEARCH       rival=no d=9999 mm rumbo=-6000 cdeg  linea=0x0
[gelatina] t=19104 ms  TRACK        rival=si d= 148 mm rumbo=-4461 cdeg  linea=0x0
[gelatina] t=19304 ms  SEARCH       rival=no d=9999 mm rumbo=+6000 cdeg  linea=0x0
[gelatina] t=19368 ms  TRACK        rival=si d= 132 mm rumbo=+4524 cdeg  linea=0x0
[gelatina] t=19376 ms  ATTACK       rival=si d= 132 mm rumbo=+4524 cdeg  linea=0x0
[gelatina] t=19568 ms  SEARCH       rival=no d=9999 mm rumbo=-6000 cdeg  linea=0x0
[gelatina] t=19728 ms  TRACK        rival=si d= 145 mm rumbo=-4502 cdeg  linea=0x0
[gelatina] t=19760 ms  ATTACK       rival=si d= 127 mm rumbo=   +0 cdeg  linea=0x0
[gelatina] t=19928 ms  SEARCH       rival=no d=9999 mm rumbo=+6000 cdeg  linea=0x0
[gelatina] t=20056 ms  TRACK        rival=si d= 127 mm rumbo=+6000 cdeg  linea=0x0
WARNING: Contact joints between materials 'patin' and 'dohyo' will only be created for the 10 deepest contact points instead of all the 14 contact points.
[gelatina] t=20064 ms  ATTACK       rival=si d= 127 mm rumbo=+6000 cdeg  linea=0x0
[gelatina] t=20264 ms  SEARCH       rival=no d=9999 mm rumbo=-4518 cdeg  linea=0x0
[gelatina] t=20424 ms  TRACK        rival=si d= 173 mm rumbo=-3000 cdeg  linea=0x0
[gelatina] t=20592 ms  SEARCH       rival=no d=9999 mm rumbo=+3000 cdeg  linea=0x0
[gelatina] t=20688 ms  TRACK        rival=si d= 188 mm rumbo=+6000 cdeg  linea=0x0
[gelatina] t=21016 ms  ATTACK       rival=si d= 123 mm rumbo=+3000 cdeg  linea=0x0
[gelatina] t=21184 ms  SEARCH       rival=no d=9999 mm rumbo=+6000 cdeg  linea=0x0
[gelatina] t=21280 ms  TRACK        rival=si d= 140 mm rumbo=+6000 cdeg  linea=0x0
WARNING: Contact joints between materials 'patin' and 'dohyo' will only be created for the 10 deepest contact points instead of all the 44 contact points.
[gelatina] t=21512 ms  ATTACK       rival=si d= 108 mm rumbo=-6000 cdeg  linea=0x0
[gelatina] t=22112 ms  SEARCH       rival=no d=9999 mm rumbo=-3000 cdeg  linea=0x0
[gelatina] t=22240 ms  TRACK        rival=si d=  40 mm rumbo=-4539 cdeg  linea=0x0
[gelatina] t=22248 ms  ATTACK       rival=si d=  40 mm rumbo=-4539 cdeg  linea=0x0
WARNING: Contact joints between materials 'patin' and 'dohyo' will only be created for the 10 deepest contact points instead of all the 52 contact points.
[gelatina] t=22440 ms  SEARCH       rival=no d=9999 mm rumbo=+4535 cdeg  linea=0x0
[gelatina] t=22600 ms  TRACK        rival=si d=  49 mm rumbo=+4497 cdeg  linea=0x0
[gelatina] t=22608 ms  ATTACK       rival=si d=  49 mm rumbo=+4497 cdeg  linea=0x0
[gelatina] t=22808 ms  SEARCH       rival=no d=9999 mm rumbo=-4530 cdeg  linea=0x0
[gelatina] t=22928 ms  TRACK        rival=si d=  63 mm rumbo=-6000 cdeg  linea=0x0
[gelatina] t=22936 ms  ATTACK       rival=si d=  63 mm rumbo=-6000 cdeg  linea=0x0
[gelatina] t=23136 ms  SEARCH       rival=no d=9999 mm rumbo=+6000 cdeg  linea=0x0
[gelatina] t=23256 ms  TRACK        rival=si d=  75 mm rumbo=+6000 cdeg  linea=0x0
[gelatina] t=23264 ms  ATTACK       rival=si d=  75 mm rumbo=+6000 cdeg  linea=0x0
WARNING: Contact joints between materials 'rueda' and 'dohyo' will only be created for the 10 deepest contact points instead of all the 15 contact points.
[gelatina] t=23496 ms  SEARCH       rival=no d=9999 mm rumbo=-6000 cdeg  linea=0x0
[gelatina] t=23624 ms  TRACK        rival=si d=  64 mm rumbo=-6000 cdeg  linea=0x0
[gelatina] t=23632 ms  ATTACK       rival=si d=  64 mm rumbo=-6000 cdeg  linea=0x0
[gelatina] t=23856 ms  SEARCH       rival=no d=9999 mm rumbo=+6000 cdeg  linea=0x0
[gelatina] t=23952 ms  TRACK        rival=si d=  65 mm rumbo=+4534 cdeg  linea=0x0
[gelatina] t=23960 ms  ATTACK       rival=si d=  65 mm rumbo=+4534 cdeg  linea=0x0
[gelatina] t=24160 ms  SEARCH       rival=no d=9999 mm rumbo=-6000 cdeg  linea=0x0
[gelatina] t=24288 ms  TRACK        rival=si d=  91 mm rumbo=-6000 cdeg  linea=0x0
[gelatina] t=24296 ms  ATTACK       rival=si d=  91 mm rumbo=-6000 cdeg  linea=0x0
[gelatina] t=24488 ms  SEARCH       rival=no d=9999 mm rumbo=+4507 cdeg  linea=0x0
[gelatina] t=24616 ms  TRACK        rival=si d=  61 mm rumbo=+4507 cdeg  linea=0x0
[gelatina] t=24624 ms  ATTACK       rival=si d=  61 mm rumbo=+4507 cdeg  linea=0x0
WARNING: Contact joints between materials 'patin' and 'dohyo' will only be created for the 10 deepest contact points instead of all the 17 contact points.
[gelatina] t=24816 ms  SEARCH       rival=no d=9999 mm rumbo=-6000 cdeg  linea=0x0
[gelatina] t=24944 ms  TRACK        rival=si d=  82 mm rumbo=-6000 cdeg  linea=0x0
[gelatina] t=24952 ms  ATTACK       rival=si d=  82 mm rumbo=-6000 cdeg  linea=0x0
[gelatina] t=25144 ms  SEARCH       rival=no d=9999 mm rumbo=+4520 cdeg  linea=0x0
[gelatina] t=25304 ms  TRACK        rival=si d= 106 mm rumbo=+4489 cdeg  linea=0x0
[gelatina] t=25312 ms  ATTACK       rival=si d= 106 mm rumbo=+4489 cdeg  linea=0x0
[gelatina] t=25480 ms  SEARCH       rival=no d=9999 mm rumbo=-3069 cdeg  linea=0x0
[gelatina] t=25672 ms  TRACK        rival=si d= 124 mm rumbo=-6000 cdeg  linea=0x0
[gelatina] t=25680 ms  ATTACK       rival=si d= 124 mm rumbo=-6000 cdeg  linea=0x0
WARNING: Contact joints between materials 'patin' and 'dohyo' will only be created for the 10 deepest contact points instead of all the 32 contact points.
[gelatina] t=25872 ms  SEARCH       rival=no d=9999 mm rumbo=+3000 cdeg  linea=0x0
[gelatina] t=26064 ms  TRACK        rival=si d= 120 mm rumbo=+6000 cdeg  linea=0x0
[gelatina] t=26072 ms  ATTACK       rival=si d= 120 mm rumbo=+6000 cdeg  linea=0x0
[gelatina] t=26272 ms  SEARCH       rival=no d=9999 mm rumbo=-6000 cdeg  linea=0x0
[gelatina] t=26432 ms  TRACK        rival=si d= 124 mm rumbo=-4562 cdeg  linea=0x0
[gelatina] t=26440 ms  ATTACK       rival=si d= 124 mm rumbo=-4562 cdeg  linea=0x0
[gelatina] t=26632 ms  SEARCH       rival=no d=9999 mm rumbo=+6000 cdeg  linea=0x0
[gelatina] t=26792 ms  TRACK        rival=si d= 131 mm rumbo=+4562 cdeg  linea=0x0
[gelatina] t=26800 ms  ATTACK       rival=si d= 131 mm rumbo=+4562 cdeg  linea=0x0
WARNING: Contact joints between materials 'patin' and 'dohyo' will only be created for the 10 deepest contact points instead of all the 11 contact points.
[gelatina] t=26992 ms  SEARCH       rival=no d=9999 mm rumbo=-6000 cdeg  linea=0x0
[gelatina] t=27120 ms  TRACK        rival=si d= 201 mm rumbo=-6000 cdeg  linea=0x0
[gelatina] t=27184 ms  ATTACK       rival=si d= 130 mm rumbo= +157 cdeg  linea=0x0
[gelatina] t=27328 ms  SEARCH       rival=no d=9999 mm rumbo=+3000 cdeg  linea=0x0
[gelatina] t=27520 ms  TRACK        rival=si d= 183 mm rumbo=+4463 cdeg  linea=0x0
[gelatina] t=27720 ms  SEARCH       rival=no d=9999 mm rumbo=-6000 cdeg  linea=0x0
[gelatina] t=27784 ms  TRACK        rival=si d= 137 mm rumbo=-1571 cdeg  linea=0x0
[gelatina] t=27952 ms  SEARCH       rival=no d=9999 mm rumbo=+3000 cdeg  linea=0x0
[gelatina] t=28048 ms  TRACK        rival=si d= 200 mm rumbo=+3000 cdeg  linea=0x0
[gelatina] t=28216 ms  SEARCH       rival=no d=9999 mm rumbo=-3000 cdeg  linea=0x0
[gelatina] t=28344 ms  TRACK        rival=si d= 153 mm rumbo=-4578 cdeg  linea=0x0
[gelatina] t=28544 ms  SEARCH       rival=no d=9999 mm rumbo=+6000 cdeg  linea=0x0
[gelatina] t=28576 ms  TRACK        rival=si d= 174 mm rumbo=+6000 cdeg  linea=0x0
[gelatina] t=28672 ms  ATTACK       rival=si d= 118 mm rumbo=-4550 cdeg  linea=0x0
[gelatina] t=28808 ms  SEARCH       rival=no d=9999 mm rumbo=-4550 cdeg  linea=0x0
[gelatina] t=28904 ms  TRACK        rival=si d= 148 mm rumbo=-6000 cdeg  linea=0x0
[gelatina] t=29104 ms  SEARCH       rival=no d=9999 mm rumbo=+4472 cdeg  linea=0x0
[gelatina] t=29168 ms  TRACK        rival=si d= 117 mm rumbo=+6000 cdeg  linea=0x0
[gelatina] t=29176 ms  ATTACK       rival=si d= 117 mm rumbo=+6000 cdeg  linea=0x0
[gelatina] t=29368 ms  SEARCH       rival=no d=9999 mm rumbo=-4486 cdeg  linea=0x0
[gelatina] t=29496 ms  TRACK        rival=si d= 155 mm rumbo=-6000 cdeg  linea=0x0
[gelatina] t=29696 ms  SEARCH       rival=no d=9999 mm rumbo=+6000 cdeg  linea=0x0
[gelatina] t=29760 ms  TRACK        rival=si d= 126 mm rumbo=+4496 cdeg  linea=0x0
[gelatina] t=29768 ms  ATTACK       rival=si d= 126 mm rumbo=+4496 cdeg  linea=0x0
[gelatina] t=29968 ms  SEARCH       rival=no d=9999 mm rumbo=-6000 cdeg  linea=0x0
[gelatina] t=30096 ms  TRACK        rival=si d= 133 mm rumbo=-6000 cdeg  linea=0x0
[gelatina] t=30296 ms  SEARCH       rival=no d=9999 mm rumbo=+4494 cdeg  linea=0x0
[gelatina] t=30352 ms  TRACK        rival=si d= 137 mm rumbo=+6000 cdeg  linea=0x0
[gelatina] t=30392 ms  ATTACK       rival=si d= 128 mm rumbo=+1506 cdeg  linea=0x0
WARNING: Contact joints between materials 'patin' and 'dohyo' will only be created for the 10 deepest contact points instead of all the 13 contact points.
[gelatina] t=30592 ms  SEARCH       rival=no d=9999 mm rumbo=-6000 cdeg  linea=0x0
[gelatina] t=30720 ms  TRACK        rival=si d= 134 mm rumbo=-6000 cdeg  linea=0x0
[gelatina] t=30920 ms  SEARCH       rival=no d=9999 mm rumbo=+4531 cdeg  linea=0x0
[gelatina] t=30952 ms  TRACK        rival=si d= 141 mm rumbo=+6000 cdeg  linea=0x0
[gelatina] t=30984 ms  ATTACK       rival=si d= 116 mm rumbo=+3000 cdeg  linea=0x0
[gelatina] t=31184 ms  SEARCH       rival=no d=9999 mm rumbo=-6000 cdeg  linea=0x0
[gelatina] t=31312 ms  TRACK        rival=si d= 145 mm rumbo=-6000 cdeg  linea=0x0
[gelatina] t=31344 ms  ATTACK       rival=si d= 127 mm rumbo=   +0 cdeg  linea=0x0
[gelatina] t=31512 ms  SEARCH       rival=no d=9999 mm rumbo=+4556 cdeg  linea=0x0
[gelatina] t=31672 ms  TRACK        rival=si d= 154 mm rumbo=+6000 cdeg  linea=0x0
WARNING: Contact joints between materials 'patin' and 'dohyo' will only be created for the 10 deepest contact points instead of all the 12 contact points.
[gelatina] t=32008 ms  ATTACK       rival=si d= 109 mm rumbo=+4529 cdeg  linea=0x0
[gelatina] t=32176 ms  SEARCH       rival=no d=9999 mm rumbo=+6000 cdeg  linea=0x0
[gelatina] t=32232 ms  TRACK        rival=si d=  98 mm rumbo=+6000 cdeg  linea=0x0
[gelatina] t=32240 ms  ATTACK       rival=si d=  98 mm rumbo=+6000 cdeg  linea=0x0
[gelatina] t=32472 ms  SEARCH       rival=no d=9999 mm rumbo=-6000 cdeg  linea=0x0
[gelatina] t=32600 ms  TRACK        rival=si d=  91 mm rumbo=-6000 cdeg  linea=0x0
[gelatina] t=32608 ms  ATTACK       rival=si d=  91 mm rumbo=-6000 cdeg  linea=0x0
[gelatina] t=32800 ms  SEARCH       rival=no d=9999 mm rumbo=+4509 cdeg  linea=0x0
[gelatina] t=32928 ms  TRACK        rival=si d= 140 mm rumbo=+6000 cdeg  linea=0x0
WARNING: Contact joints between materials 'patin' and 'dohyo' will only be created for the 10 deepest contact points instead of all the 13 contact points.
[gelatina] t=32960 ms  ATTACK       rival=si d= 119 mm rumbo=+3000 cdeg  linea=0x0
[gelatina] t=33136 ms  SEARCH       rival=no d=9999 mm rumbo=-4538 cdeg  linea=0x0
[gelatina] t=33296 ms  TRACK        rival=si d= 112 mm rumbo=-6000 cdeg  linea=0x0
[gelatina] t=33304 ms  ATTACK       rival=si d= 112 mm rumbo=-6000 cdeg  linea=0x0
[gelatina] t=33496 ms  SEARCH       rival=no d=9999 mm rumbo=+4521 cdeg  linea=0x0
[gelatina] t=33656 ms  TRACK        rival=si d=  92 mm rumbo=+6000 cdeg  linea=0x0
[gelatina] t=33664 ms  ATTACK       rival=si d=  92 mm rumbo=+6000 cdeg  linea=0x0
[gelatina] t=33856 ms  SEARCH       rival=no d=9999 mm rumbo=-4508 cdeg  linea=0x0
[gelatina] t=34056 ms  TRACK        rival=si d= 106 mm rumbo=-3000 cdeg  linea=0x0
[gelatina] t=34064 ms  ATTACK       rival=si d= 106 mm rumbo=-3000 cdeg  linea=0x0
[gelatina] t=34224 ms  SEARCH       rival=no d=9999 mm rumbo=+3000 cdeg  linea=0x0
WARNING: Contact joints between materials 'patin' and 'dohyo' will only be created for the 10 deepest contact points instead of all the 18 contact points.
[gelatina] t=34416 ms  TRACK        rival=si d= 144 mm rumbo=+6000 cdeg  linea=0x0
[gelatina] t=34448 ms  ATTACK       rival=si d= 129 mm rumbo=+1556 cdeg  linea=0x0
[gelatina] t=34648 ms  SEARCH       rival=no d=9999 mm rumbo=-6000 cdeg  linea=0x0
[gelatina] t=34776 ms  TRACK        rival=si d= 147 mm rumbo=-4502 cdeg  linea=0x0
[gelatina] t=34976 ms  SEARCH       rival=no d=9999 mm rumbo=+6000 cdeg  linea=0x0
[gelatina] t=35040 ms  TRACK        rival=si d= 127 mm rumbo=+4545 cdeg  linea=0x0
[gelatina] t=35048 ms  ATTACK       rival=si d= 127 mm rumbo=+4545 cdeg  linea=0x0
[gelatina] t=35248 ms  SEARCH       rival=no d=9999 mm rumbo=-6000 cdeg  linea=0x0
[gelatina] t=35376 ms  TRACK        rival=si d= 257 mm rumbo=-6000 cdeg  linea=0x0
[gelatina] t=35576 ms  SEARCH       rival=no d=9999 mm rumbo=+3000 cdeg  linea=0x0
[gelatina] t=35664 ms  TRACK        rival=si d= 171 mm rumbo=+6000 cdeg  linea=0x0
WARNING: Contact joints between materials 'patin' and 'dohyo' will only be created for the 10 deepest contact points instead of all the 11 contact points.
[gelatina] t=35904 ms  SEARCH       rival=no d=9999 mm rumbo=-6000 cdeg  linea=0x0
[gelatina] t=35936 ms  TRACK        rival=si d= 135 mm rumbo=-6000 cdeg  linea=0x0
[gelatina] t=36192 ms  ATTACK       rival=si d= 115 mm rumbo=+6000 cdeg  linea=0x0
[gelatina] t=36432 ms  SEARCH       rival=no d=9999 mm rumbo=-6000 cdeg  linea=0x0
[gelatina] t=36528 ms  TRACK        rival=si d= 113 mm rumbo=-6000 cdeg  linea=0x0
[gelatina] t=36536 ms  ATTACK       rival=si d= 113 mm rumbo=-6000 cdeg  linea=0x0
[gelatina] t=36728 ms  SEARCH       rival=no d=9999 mm rumbo=+3000 cdeg  linea=0x0
[gelatina] t=36920 ms  TRACK        rival=si d= 140 mm rumbo=+6000 cdeg  linea=0x0
[gelatina] t=37128 ms  SEARCH       rival=no d=9999 mm rumbo=-6000 cdeg  linea=0x0
[gelatina] t=37184 ms  TRACK        rival=si d= 123 mm rumbo=-6000 cdeg  linea=0x0
[gelatina] t=37192 ms  ATTACK       rival=si d= 123 mm rumbo=-6000 cdeg  linea=0x0
[gelatina] t=37424 ms  SEARCH       rival=no d=9999 mm rumbo=+6000 cdeg  linea=0x0
[gelatina] t=37552 ms  TRACK        rival=si d= 134 mm rumbo=+4532 cdeg  linea=0x0
[gelatina] t=37752 ms  SEARCH       rival=no d=9999 mm rumbo=-6000 cdeg  linea=0x0
[gelatina] t=37784 ms  TRACK        rival=si d= 159 mm rumbo=-6000 cdeg  linea=0x0
[gelatina] t=37816 ms  ATTACK       rival=si d= 132 mm rumbo=-4524 cdeg  linea=0x0
[gelatina] t=38048 ms  SEARCH       rival=no d=9999 mm rumbo=+6000 cdeg  linea=0x0
[gelatina] t=38144 ms  TRACK        rival=si d= 138 mm rumbo=+6000 cdeg  linea=0x0
[gelatina] t=38176 ms  ATTACK       rival=si d= 132 mm rumbo=+1502 cdeg  linea=0x0
[gelatina] t=38344 ms  SEARCH       rival=no d=9999 mm rumbo=-3000 cdeg  linea=0x0
[gelatina] t=38544 ms  TRACK        rival=si d= 149 mm rumbo=-6000 cdeg  linea=0x0
[gelatina] t=38744 ms  SEARCH       rival=no d=9999 mm rumbo=+4502 cdeg  linea=0x0
[gelatina] t=38800 ms  TRACK        rival=si d= 158 mm rumbo=+6000 cdeg  linea=0x0
WARNING: Contact joints between materials 'patin' and 'dohyo' will only be created for the 10 deepest contact points instead of all the 14 contact points.
[gelatina] t=39104 ms  ATTACK       rival=si d= 113 mm rumbo=   +0 cdeg  linea=0x0
[gelatina] t=39304 ms  SEARCH       rival=no d=9999 mm rumbo=+6000 cdeg  linea=0x0
[gelatina] t=39400 ms  TRACK        rival=si d= 134 mm rumbo=+6000 cdeg  linea=0x0
[gelatina] t=39432 ms  ATTACK       rival=si d= 113 mm rumbo=+1491 cdeg  linea=0x0
[gelatina] t=39632 ms  SEARCH       rival=no d=9999 mm rumbo=-6000 cdeg  linea=0x0
[gelatina] t=39760 ms  TRACK        rival=si d= 112 mm rumbo=-6000 cdeg  linea=0x0
[gelatina] t=39768 ms  ATTACK       rival=si d= 112 mm rumbo=-6000 cdeg  linea=0x0
[gelatina] t=39856 ms  EDGE_ESCAPE  rival=si d= 154 mm rumbo=+6000 cdeg  linea=0x4
WARNING: Contact joints between materials 'patin' and 'dohyo' will only be created for the 10 deepest contact points instead of all the 23 contact points.
[gelatina] t=40064 ms  SEARCH       rival=no d=9999 mm rumbo=+6000 cdeg  linea=0x0
[gelatina] t=40088 ms  TRACK        rival=si d= 145 mm rumbo=-6000 cdeg  linea=0x0
[gelatina] t=40392 ms  ATTACK       rival=si d= 110 mm rumbo=-4485 cdeg  linea=0x0
[gelatina] t=40528 ms  SEARCH       rival=no d=9999 mm rumbo=-4485 cdeg  linea=0x0
[gelatina] t=40656 ms  TRACK        rival=si d= 142 mm rumbo=-6000 cdeg  linea=0x0
[gelatina] t=40752 ms  ATTACK       rival=si d= 129 mm rumbo=+6000 cdeg  linea=0x0
[gelatina] t=40888 ms  SEARCH       rival=no d=9999 mm rumbo=+6000 cdeg  linea=0x0
[gelatina] t=40984 ms  TRACK        rival=si d= 154 mm rumbo=+4533 cdeg  linea=0x0
[gelatina] t=41048 ms  ATTACK       rival=si d= 122 mm rumbo=-4439 cdeg  linea=0x0
WARNING: Contact joints between materials 'rueda' and 'dohyo' will only be created for the 10 deepest contact points instead of all the 13 contact points.
[gelatina] t=41184 ms  SEARCH       rival=no d=9999 mm rumbo=-4439 cdeg  linea=0x0
[gelatina] t=41312 ms  TRACK        rival=si d= 168 mm rumbo=-6000 cdeg  linea=0x0
[gelatina] t=41544 ms  ATTACK       rival=si d= 120 mm rumbo=+6000 cdeg  linea=0x0
[gelatina] t=41816 ms  SEARCH       rival=no d=9999 mm rumbo=-6000 cdeg  linea=0x0
[gelatina] t=41872 ms  TRACK        rival=si d=  87 mm rumbo=-6000 cdeg  linea=0x0
[gelatina] t=41880 ms  ATTACK       rival=si d=  87 mm rumbo=-6000 cdeg  linea=0x0
[gelatina] t=42104 ms  SEARCH       rival=no d=9999 mm rumbo=+6000 cdeg  linea=0x0
[gelatina] t=42232 ms  TRACK        rival=si d= 118 mm rumbo=+6000 cdeg  linea=0x0
[gelatina] t=42240 ms  ATTACK       rival=si d= 118 mm rumbo=+6000 cdeg  linea=0x0
WARNING: Contact joints between materials 'patin' and 'dohyo' will only be created for the 10 deepest contact points instead of all the 22 contact points.
[gelatina] t=42440 ms  SEARCH       rival=no d=9999 mm rumbo=-4497 cdeg  linea=0x0
[gelatina] t=42600 ms  TRACK        rival=si d= 113 mm rumbo=-3000 cdeg  linea=0x0
[gelatina] t=42608 ms  ATTACK       rival=si d= 113 mm rumbo=-3000 cdeg  linea=0x0
[gelatina] t=42768 ms  SEARCH       rival=no d=9999 mm rumbo=+3000 cdeg  linea=0x0
[gelatina] t=42928 ms  TRACK        rival=si d= 148 mm rumbo=+6000 cdeg  linea=0x0
[gelatina] t=42992 ms  ATTACK       rival=si d= 127 mm rumbo=-6000 cdeg  linea=0x0
[gelatina] t=43136 ms  SEARCH       rival=no d=9999 mm rumbo=-6000 cdeg  linea=0x0
[gelatina] t=43296 ms  TRACK        rival=si d= 183 mm rumbo=-3000 cdeg  linea=0x0
[gelatina] t=43464 ms  SEARCH       rival=no d=9999 mm rumbo=+3000 cdeg  linea=0x0
[gelatina] t=43552 ms  TRACK        rival=si d= 229 mm rumbo=+6000 cdeg  linea=0x0
[gelatina] t=43624 ms  ATTACK       rival=si d= 118 mm rumbo=-3000 cdeg  linea=0x0
[gelatina] t=43792 ms  SEARCH       rival=no d=9999 mm rumbo=-6000 cdeg  linea=0x0
[gelatina] t=43888 ms  TRACK        rival=si d= 191 mm rumbo=-4543 cdeg  linea=0x0
[gelatina] t=44088 ms  SEARCH       rival=no d=9999 mm rumbo=+6000 cdeg  linea=0x0
[gelatina] t=44152 ms  TRACK        rival=si d= 164 mm rumbo=+6000 cdeg  linea=0x0
[gelatina] t=44216 ms  ATTACK       rival=si d= 128 mm rumbo=-4495 cdeg  linea=0x0
[gelatina] t=44352 ms  SEARCH       rival=no d=9999 mm rumbo=-4495 cdeg  linea=0x0
[gelatina] t=44480 ms  TRACK        rival=si d= 165 mm rumbo=-6000 cdeg  linea=0x0
WARNING: Contact joints between materials 'patin' and 'dohyo' will only be created for the 10 deepest contact points instead of all the 11 contact points.
[gelatina] t=44680 ms  SEARCH       rival=no d=9999 mm rumbo=+4546 cdeg  linea=0x0
[gelatina] t=44712 ms  TRACK        rival=si d= 181 mm rumbo=+6000 cdeg  linea=0x0
[gelatina] t=44744 ms  ATTACK       rival=si d= 126 mm rumbo=+4546 cdeg  linea=0x0
[gelatina] t=44984 ms  SEARCH       rival=no d=9999 mm rumbo=-6000 cdeg  linea=0x0
[gelatina] t=45072 ms  TRACK        rival=si d= 150 mm rumbo=-6000 cdeg  linea=0x0
[gelatina] t=45312 ms  SEARCH       rival=no d=9999 mm rumbo=+6000 cdeg  linea=0x0
[gelatina] t=45336 ms  TRACK        rival=si d= 180 mm rumbo=+4501 cdeg  linea=0x0
[gelatina] t=45536 ms  ATTACK       rival=si d= 117 mm rumbo=-6000 cdeg  linea=0x0
[gelatina] t=45840 ms  SEARCH       rival=no d=9999 mm rumbo=+6000 cdeg  linea=0x0
[gelatina] t=45928 ms  TRACK        rival=si d=  73 mm rumbo=+4485 cdeg  linea=0x0
[gelatina] t=45936 ms  ATTACK       rival=si d=  73 mm rumbo=+4485 cdeg  linea=0x0
WARNING: Contact joints between materials 'patin' and 'dohyo' will only be created for the 10 deepest contact points instead of all the 15 contact points.
[gelatina] t=46136 ms  SEARCH       rival=no d=9999 mm rumbo=-6000 cdeg  linea=0x0
[gelatina] t=46296 ms  TRACK        rival=si d=  70 mm rumbo=-6000 cdeg  linea=0x0
[gelatina] t=46304 ms  ATTACK       rival=si d=  70 mm rumbo=-6000 cdeg  linea=0x0
[gelatina] t=46496 ms  SEARCH       rival=no d=9999 mm rumbo=+6000 cdeg  linea=0x0
[gelatina] t=46656 ms  TRACK        rival=si d=  65 mm rumbo=+4516 cdeg  linea=0x0
[gelatina] t=46664 ms  ATTACK       rival=si d=  65 mm rumbo=+4516 cdeg  linea=0x0
[gelatina] t=46864 ms  SEARCH       rival=no d=9999 mm rumbo=-6000 cdeg  linea=0x0
[gelatina] t=47024 ms  TRACK        rival=si d=  90 mm rumbo=-3000 cdeg  linea=0x0
[gelatina] t=47032 ms  ATTACK       rival=si d=  90 mm rumbo=-3000 cdeg  linea=0x0
[gelatina] t=47224 ms  SEARCH       rival=no d=9999 mm rumbo=+6000 cdeg  linea=0x0
[gelatina] t=47384 ms  TRACK        rival=si d= 140 mm rumbo=+6000 cdeg  linea=0x0
WARNING: Contact joints between materials 'patin' and 'dohyo' will only be created for the 10 deepest contact points instead of all the 11 contact points.
[gelatina] t=47416 ms  ATTACK       rival=si d= 112 mm rumbo=+1496 cdeg  linea=0x0
[gelatina] t=47624 ms  SEARCH       rival=no d=9999 mm rumbo=-6000 cdeg  linea=0x0
[gelatina] t=47712 ms  TRACK        rival=si d= 182 mm rumbo=-6000 cdeg  linea=0x0
[gelatina] t=47776 ms  ATTACK       rival=si d= 117 mm rumbo=  +74 cdeg  linea=0x0
[gelatina] t=47952 ms  SEARCH       rival=no d=9999 mm rumbo=+6000 cdeg  linea=0x0
[gelatina] t=48072 ms  TRACK        rival=si d= 167 mm rumbo=+6000 cdeg  linea=0x0
[gelatina] t=48280 ms  SEARCH       rival=no d=9999 mm rumbo=-6000 cdeg  linea=0x0
[gelatina] t=48312 ms  TRACK        rival=si d= 182 mm rumbo=-4561 cdeg  linea=0x0
[gelatina] t=48504 ms  ATTACK       rival=si d= 129 mm rumbo=+6000 cdeg  linea=0x0
WARNING: Contact joints between materials 'patin' and 'dohyo' will only be created for the 10 deepest contact points instead of all the 12 contact points.
[gelatina] t=48840 ms  SEARCH       rival=no d=9999 mm rumbo=-6000 cdeg  linea=0x0
[gelatina] t=48872 ms  TRACK        rival=si d=  75 mm rumbo=-6000 cdeg  linea=0x0
[gelatina] t=48880 ms  ATTACK       rival=si d=  75 mm rumbo=-6000 cdeg  linea=0x0
[gelatina] t=49136 ms  SEARCH       rival=no d=9999 mm rumbo=+6000 cdeg  linea=0x0
[gelatina] t=49264 ms  TRACK        rival=si d=  63 mm rumbo=+6000 cdeg  linea=0x0
[gelatina] t=49272 ms  ATTACK       rival=si d=  63 mm rumbo=+6000 cdeg  linea=0x0
[gelatina] t=49472 ms  SEARCH       rival=no d=9999 mm rumbo=-4492 cdeg  linea=0x0
[gelatina] t=49632 ms  TRACK        rival=si d=  47 mm rumbo=-4509 cdeg  linea=0x0
[gelatina] t=49640 ms  ATTACK       rival=si d=  47 mm rumbo=-4509 cdeg  linea=0x0
[gelatina] t=49832 ms  SEARCH       rival=no d=9999 mm rumbo=+6000 cdeg  linea=0x0
[gelatina] t=49960 ms  TRACK        rival=si d=  65 mm rumbo=+6000 cdeg  linea=0x0
[gelatina] t=49968 ms  ATTACK       rival=si d=  65 mm rumbo=+6000 cdeg  linea=0x0
[gelatina] t=50192 ms  SEARCH       rival=no d=9999 mm rumbo=-6000 cdeg  linea=0x0
WARNING: Contact joints between materials 'patin' and 'dohyo' will only be created for the 10 deepest contact points instead of all the 12 contact points.
[gelatina] t=50320 ms  TRACK        rival=si d=  69 mm rumbo=-6000 cdeg  linea=0x0
[gelatina] t=50328 ms  ATTACK       rival=si d=  69 mm rumbo=-6000 cdeg  linea=0x0
[gelatina] t=50552 ms  SEARCH       rival=no d=9999 mm rumbo=+6000 cdeg  linea=0x0
[gelatina] t=50680 ms  TRACK        rival=si d=  83 mm rumbo=+4493 cdeg  linea=0x0
[gelatina] t=50688 ms  ATTACK       rival=si d=  83 mm rumbo=+4493 cdeg  linea=0x0
[gelatina] t=50888 ms  SEARCH       rival=no d=9999 mm rumbo=-6000 cdeg  linea=0x0
[gelatina] t=51016 ms  TRACK        rival=si d=  91 mm rumbo=-6000 cdeg  linea=0x0
[gelatina] t=51024 ms  ATTACK       rival=si d=  91 mm rumbo=-6000 cdeg  linea=0x0
[gelatina] t=51248 ms  SEARCH       rival=no d=9999 mm rumbo=+6000 cdeg  linea=0x0
WARNING: Contact joints between materials 'patin' and 'dohyo' will only be created for the 10 deepest contact points instead of all the 12 contact points.
[gelatina] t=51376 ms  TRACK        rival=si d= 115 mm rumbo=+6000 cdeg  linea=0x0
[gelatina] t=51384 ms  ATTACK       rival=si d= 115 mm rumbo=+6000 cdeg  linea=0x0
[gelatina] t=51584 ms  SEARCH       rival=no d=9999 mm rumbo=-4550 cdeg  linea=0x0
[gelatina] t=51744 ms  TRACK        rival=si d= 121 mm rumbo=-4492 cdeg  linea=0x0
[gelatina] t=51752 ms  ATTACK       rival=si d= 121 mm rumbo=-4492 cdeg  linea=0x0
[gelatina] t=51944 ms  SEARCH       rival=no d=9999 mm rumbo=+6000 cdeg  linea=0x0
[gelatina] t=52104 ms  TRACK        rival=si d= 153 mm rumbo=+6000 cdeg  linea=0x0
[gelatina] t=52400 ms  ATTACK       rival=si d= 114 mm rumbo=+3000 cdeg  linea=0x0
[gelatina] t=52568 ms  SEARCH       rival=no d=9999 mm rumbo=+6000 cdeg  linea=0x0
[gelatina] t=52664 ms  TRACK        rival=si d= 127 mm rumbo=+6000 cdeg  linea=0x0
[gelatina] t=52672 ms  ATTACK       rival=si d= 127 mm rumbo=+6000 cdeg  linea=0x0
[gelatina] t=52864 ms  SEARCH       rival=no d=9999 mm rumbo=-4536 cdeg  linea=0x0
[gelatina] t=53024 ms  TRACK        rival=si d= 108 mm rumbo=-4461 cdeg  linea=0x0
[gelatina] t=53032 ms  ATTACK       rival=si d= 108 mm rumbo=-4461 cdeg  linea=0x0
WARNING: Contact joints between materials 'patin' and 'dohyo' will only be created for the 10 deepest contact points instead of all the 22 contact points.
[gelatina] t=53232 ms  SEARCH       rival=no d=9999 mm rumbo=+6000 cdeg  linea=0x0
[gelatina] t=53392 ms  TRACK        rival=si d= 129 mm rumbo=+1577 cdeg  linea=0x0
[gelatina] t=53400 ms  ATTACK       rival=si d= 129 mm rumbo=+1577 cdeg  linea=0x0
[gelatina] t=53560 ms  SEARCH       rival=no d=9999 mm rumbo=-4480 cdeg  linea=0x0
[gelatina] t=53720 ms  TRACK        rival=si d= 204 mm rumbo=-6000 cdeg  linea=0x0
[gelatina] t=53920 ms  SEARCH       rival=no d=9999 mm rumbo=+4471 cdeg  linea=0x0
[gelatina] t=53984 ms  TRACK        rival=si d= 142 mm rumbo=+6000 cdeg  linea=0x0
WARNING: Contact joints between materials 'patin' and 'dohyo' will only be created for the 10 deepest contact points instead of all the 20 contact points.
[gelatina] t=54248 ms  ATTACK       rival=si d= 124 mm rumbo=-6000 cdeg  linea=0x0
[gelatina] t=54480 ms  SEARCH       rival=no d=9999 mm rumbo=+6000 cdeg  linea=0x0
[gelatina] t=54608 ms  TRACK        rival=si d=  89 mm rumbo=+1441 cdeg  linea=0x0
[gelatina] t=54616 ms  ATTACK       rival=si d=  89 mm rumbo=+1441 cdeg  linea=0x0
[gelatina] t=54784 ms  SEARCH       rival=no d=9999 mm rumbo=-6000 cdeg  linea=0x0
[gelatina] t=54976 ms  TRACK        rival=si d= 122 mm rumbo=-6000 cdeg  linea=0x0
[gelatina] t=54984 ms  ATTACK       rival=si d= 122 mm rumbo=-6000 cdeg  linea=0x0
[gelatina] t=55176 ms  SEARCH       rival=no d=9999 mm rumbo=+4479 cdeg  linea=0x0
WARNING: Contact joints between materials 'rueda' and 'dohyo' will only be created for the 10 deepest contact points instead of all the 16 contact points.
[gelatina] t=55336 ms  TRACK        rival=si d= 143 mm rumbo=+4476 cdeg  linea=0x0
[gelatina] t=55400 ms  ATTACK       rival=si d= 126 mm rumbo=-6000 cdeg  linea=0x0
[gelatina] t=55544 ms  SEARCH       rival=no d=9999 mm rumbo=-6000 cdeg  linea=0x0
[gelatina] t=55632 ms  TRACK        rival=si d= 152 mm rumbo=-6000 cdeg  linea=0x0
[gelatina] t=55808 ms  SEARCH       rival=no d=9999 mm rumbo=-3000 cdeg  linea=0x0
[gelatina] t=55896 ms  TRACK        rival=si d= 141 mm rumbo=-4501 cdeg  linea=0x0
[gelatina] t=56096 ms  SEARCH       rival=no d=9999 mm rumbo=+6000 cdeg  linea=0x0
[gelatina] t=56128 ms  TRACK        rival=si d= 158 mm rumbo=+6000 cdeg  linea=0x0
[gelatina] t=56192 ms  ATTACK       rival=si d= 117 mm rumbo=-3000 cdeg  linea=0x0
[gelatina] t=56336 ms  SEARCH       rival=no d=9999 mm rumbo=-3000 cdeg  linea=0x0
[gelatina] t=56496 ms  TRACK        rival=si d= 145 mm rumbo=-6000 cdeg  linea=0x0
[gelatina] t=56528 ms  ATTACK       rival=si d= 130 mm rumbo=-1442 cdeg  linea=0x0
[gelatina] t=56696 ms  SEARCH       rival=no d=9999 mm rumbo=+3000 cdeg  linea=0x0
WARNING: Contact joints between materials 'patin' and 'dohyo' will only be created for the 10 deepest contact points instead of all the 11 contact points.
[gelatina] t=56888 ms  TRACK        rival=si d= 188 mm rumbo=+6000 cdeg  linea=0x0
[gelatina] t=57088 ms  SEARCH       rival=no d=9999 mm rumbo=-4585 cdeg  linea=0x0
[gelatina] t=57120 ms  TRACK        rival=si d= 233 mm rumbo=-6000 cdeg  linea=0x0
[gelatina] t=57216 ms  ATTACK       rival=si d= 128 mm rumbo=+4434 cdeg  linea=0x0
[gelatina] t=57384 ms  SEARCH       rival=no d=9999 mm rumbo=+6000 cdeg  linea=0x0
[gelatina] t=57480 ms  TRACK        rival=si d= 121 mm rumbo=+4609 cdeg  linea=0x0
[gelatina] t=57488 ms  ATTACK       rival=si d= 121 mm rumbo=+4609 cdeg  linea=0x0
[gelatina] t=57688 ms  SEARCH       rival=no d=9999 mm rumbo=-6000 cdeg  linea=0x0
[gelatina] t=57816 ms  TRACK        rival=si d= 157 mm rumbo=-6000 cdeg  linea=0x0
[gelatina] t=58016 ms  SEARCH       rival=no d=9999 mm rumbo=+4421 cdeg  linea=0x0
[gelatina] t=58072 ms  TRACK        rival=si d= 175 mm rumbo=+6000 cdeg  linea=0x0
WARNING: Contact joints between materials 'patin' and 'dohyo' will only be created for the 10 deepest contact points instead of all the 12 contact points.
[gelatina] t=58304 ms  ATTACK       rival=si d= 131 mm rumbo=-6000 cdeg  linea=0x0
[gelatina] t=59136 ms  SEARCH       rival=no d=9999 mm rumbo=   +0 cdeg  linea=0x0
[gelatina] t=59224 ms  EDGE_ESCAPE  rival=no d=9999 mm rumbo=   +0 cdeg  linea=0x1
WARNING: Contact joints between materials 'patin' and 'dohyo' will only be created for the 10 deepest contact points instead of all the 37 contact points.
[arbitro] asalto 26/30  lado     rival fuera     +1  59.23 s
Error: wb_supervisor_field_set_mf_vec3f() called on a read-only PROTO internal field.
Error: wb_supervisor_field_set_mf_vec3f() called on a read-only PROTO internal field.
Error: wb_supervisor_field_set_mf_vec3f() called on a read-only PROTO internal field.
Error: wb_supervisor_field_set_mf_vec3f() called on a read-only PROTO internal field.
[inercia] asalto=26 robot=GELATINA rueda=0 rotor=1.54931517e-05
[inercia] asalto=26 robot=GELATINA rueda=1 rotor=1.17622864e-05
[inercia] asalto=26 robot=RIVAL rueda=0 rotor=2.777028e-05
[inercia] asalto=26 robot=RIVAL rueda=1 rotor=2.71616879e-05
[planta] asalto=26 mu=1.35029093 slip=0.000660977721 aleatorio=1
[gelatina] fin de asalto motor={"battery_v":8.27235247,"resistance_ohm":[3.80514512,3.92626638],"bridge_ohm":[0.642998934,0.594773662],"omega_rad_s":[-20.1083828,51.8620054],"current_a":[-0.490697907,0.369682039],"torque_nm":[-0.0143464224,0.00749571682],"applied_pwm":[-0.427200019,0.600000024],"over_1_2a_samples":10913,"over_3_2a_samples":0}
[gelatina] t=    0 ms  WAIT         rival=si d= 565 mm rumbo=+3000 cdeg  linea=0x3
[rival] fin de asalto motor={"battery_v":8.37885891,"resistance_ohm":[4.1211309,4.14997587],"bridge_ohm":[0.601087213,0.697493279],"omega_rad_s":[-63.8842021,-1.23398746],"current_a":[-0.135615343,-1.02066601],"torque_nm":[-0.0013118881,-0.041529748],"applied_pwm":[-0.6,-0.6],"over_1_2a_samples":313,"over_3_2a_samples":0}
[planta] gelatina ciclo=28 rueda=0 V=8.30834136 R=3.65600648 Rpuente=0.602661276 I0=0.161727476 Ke=0.0747151705 Kt=0.0483794733
[planta] gelatina ciclo=28 rueda=1 V=8.30834136 R=3.89397373 Rpuente=0.615789807 I0=0.135190693 Ke=0.0847888796 Kt=0.0483794733
[sensores] gelatina ToF alcance=1003.93806 minimo=41.6985828 sigma_rel=0.0465594864
[gelatina] pulsador recibido: permiso previsto 489512 ms
[planta] rival ciclo=28 rueda=0 V=7.09189321 R=3.87593999 Rpuente=0.606464481 I0=0.114516324 Ke=0.0853337899 Kt=0.0483794733
[planta] rival ciclo=28 rueda=1 V=7.09189321 R=4.25763769 Rpuente=0.55996114 I0=0.126802191 Ke=0.0776055521 Kt=0.0483794733
[arranque] pulsador=484512 permiso=489512 ms
[sensores] rival ToF alcance=991.946936 minimo=27.9371268 sigma_rel=0.0544977999
[gelatina] permiso de arranque a los 489512 ms
[gelatina] t=    0 ms  OPENING      rival=no d=9999 mm rumbo=+3000 cdeg  linea=0x0
[gelatina] t=  112 ms  SEARCH       rival=no d=9999 mm rumbo=+3000 cdeg  linea=0x0
WARNING: Contact joints between materials 'rueda' and 'dohyo' will only be created for the 10 deepest contact points instead of all the 24 contact points.
[gelatina] t=  328 ms  TRACK        rival=si d=  76 mm rumbo=+4540 cdeg  linea=0x0
[gelatina] t=  336 ms  ATTACK       rival=si d=  76 mm rumbo=+4540 cdeg  linea=0x0
[gelatina] t=  528 ms  SEARCH       rival=no d=9999 mm rumbo=-4518 cdeg  linea=0x0
[gelatina] t=  592 ms  TRACK        rival=si d=  96 mm rumbo=-6000 cdeg  linea=0x0
[gelatina] t=  600 ms  ATTACK       rival=si d=  96 mm rumbo=-6000 cdeg  linea=0x0
[gelatina] t=  824 ms  SEARCH       rival=no d=9999 mm rumbo=+6000 cdeg  linea=0x0
[gelatina] t=  920 ms  TRACK        rival=si d= 109 mm rumbo=+4508 cdeg  linea=0x0
[gelatina] t=  928 ms  ATTACK       rival=si d= 109 mm rumbo=+4508 cdeg  linea=0x0
[gelatina] t= 1120 ms  SEARCH       rival=no d=9999 mm rumbo=-6000 cdeg  linea=0x0
[gelatina] t= 1184 ms  TRACK        rival=si d= 106 mm rumbo=-6000 cdeg  linea=0x0
[gelatina] t= 1192 ms  ATTACK       rival=si d= 106 mm rumbo=-6000 cdeg  linea=0x0
WARNING: Contact joints between materials 'patin' and 'dohyo' will only be created for the 10 deepest contact points instead of all the 11 contact points.
[gelatina] t= 1416 ms  SEARCH       rival=no d=9999 mm rumbo=+6000 cdeg  linea=0x0
[gelatina] t= 1480 ms  TRACK        rival=si d= 141 mm rumbo=+6000 cdeg  linea=0x0
[gelatina] t= 1512 ms  ATTACK       rival=si d=  93 mm rumbo=+4449 cdeg  linea=0x0
[gelatina] t= 1720 ms  SEARCH       rival=no d=9999 mm rumbo=-6000 cdeg  linea=0x0
[gelatina] t= 1776 ms  TRACK        rival=si d= 126 mm rumbo=-6000 cdeg  linea=0x0
[gelatina] t= 1784 ms  ATTACK       rival=si d= 126 mm rumbo=-6000 cdeg  linea=0x0
[gelatina] t= 2016 ms  SEARCH       rival=no d=9999 mm rumbo=+6000 cdeg  linea=0x0
[gelatina] t= 2040 ms  TRACK        rival=si d=  81 mm rumbo=+6000 cdeg  linea=0x0
[gelatina] t= 2048 ms  ATTACK       rival=si d=  81 mm rumbo=+6000 cdeg  linea=0x0
[gelatina] t= 2312 ms  SEARCH       rival=no d=9999 mm rumbo=-3000 cdeg  linea=0x0
WARNING: Contact joints between materials 'patin' and 'dohyo' will only be created for the 10 deepest contact points instead of all the 12 contact points.
[gelatina] t= 2376 ms  TRACK        rival=si d=  96 mm rumbo=-6000 cdeg  linea=0x0
[gelatina] t= 2384 ms  ATTACK       rival=si d=  96 mm rumbo=-6000 cdeg  linea=0x0
[gelatina] t= 2640 ms  SEARCH       rival=no d=9999 mm rumbo=+6000 cdeg  linea=0x0
[gelatina] t= 2704 ms  TRACK        rival=si d=  52 mm rumbo=+6000 cdeg  linea=0x0
[gelatina] t= 2712 ms  ATTACK       rival=si d=  52 mm rumbo=+6000 cdeg  linea=0x0
[gelatina] t= 2936 ms  SEARCH       rival=no d=9999 mm rumbo=-6000 cdeg  linea=0x0
[gelatina] t= 3000 ms  TRACK        rival=si d=  53 mm rumbo=-6000 cdeg  linea=0x0
[gelatina] t= 3008 ms  ATTACK       rival=si d=  53 mm rumbo=-6000 cdeg  linea=0x0
[gelatina] t= 3232 ms  SEARCH       rival=no d=9999 mm rumbo=+3000 cdeg  linea=0x0
[gelatina] t= 3392 ms  TRACK        rival=si d= 103 mm rumbo=+6000 cdeg  linea=0x0
[gelatina] t= 3400 ms  ATTACK       rival=si d= 103 mm rumbo=+6000 cdeg  linea=0x0
WARNING: Contact joints between materials 'rueda' and 'dohyo' will only be created for the 10 deepest contact points instead of all the 11 contact points.
[gelatina] t= 3632 ms  SEARCH       rival=no d=9999 mm rumbo=-6000 cdeg  linea=0x0
[gelatina] t= 3656 ms  TRACK        rival=si d= 110 mm rumbo=-6000 cdeg  linea=0x0
[gelatina] t= 3664 ms  ATTACK       rival=si d= 110 mm rumbo=-6000 cdeg  linea=0x0
[gelatina] t= 4024 ms  SEARCH       rival=no d=9999 mm rumbo=+6000 cdeg  linea=0x0
[gelatina] t= 4120 ms  TRACK        rival=si d=  62 mm rumbo=+3000 cdeg  linea=0x0
[gelatina] t= 4128 ms  ATTACK       rival=si d=  62 mm rumbo=+3000 cdeg  linea=0x0
[gelatina] t= 4360 ms  SEARCH       rival=no d=9999 mm rumbo=+3000 cdeg  linea=0x0
WARNING: Contact joints between materials 'patin' and 'dohyo' will only be created for the 10 deepest contact points instead of all the 12 contact points.
[gelatina] t= 4448 ms  TRACK        rival=si d=  51 mm rumbo=+6000 cdeg  linea=0x0
[gelatina] t= 4456 ms  ATTACK       rival=si d=  51 mm rumbo=+6000 cdeg  linea=0x0
[gelatina] t= 4584 ms  SEARCH       rival=no d=9999 mm rumbo=+6000 cdeg  linea=0x8
[gelatina] t= 4616 ms  TRACK        rival=si d=  50 mm rumbo=-3052 cdeg  linea=0x0
[gelatina] t= 4624 ms  ATTACK       rival=si d=  50 mm rumbo=-3052 cdeg  linea=0x0
[gelatina] t= 4752 ms  SEARCH       rival=no d=9999 mm rumbo=-3052 cdeg  linea=0x0
[gelatina] t= 4848 ms  TRACK        rival=si d=  63 mm rumbo=-6000 cdeg  linea=0x0
[gelatina] t= 4856 ms  ATTACK       rival=si d=  63 mm rumbo=-6000 cdeg  linea=0x0
[gelatina] t= 5080 ms  SEARCH       rival=no d=9999 mm rumbo=+6000 cdeg  linea=0x0
[gelatina] t= 5144 ms  TRACK        rival=si d=  93 mm rumbo=+6000 cdeg  linea=0x0
[gelatina] t= 5152 ms  ATTACK       rival=si d=  93 mm rumbo=+6000 cdeg  linea=0x0
[gelatina] t= 5416 ms  SEARCH       rival=no d=9999 mm rumbo=-6000 cdeg  linea=0x0
[gelatina] t= 5440 ms  TRACK        rival=si d=  50 mm rumbo=-6000 cdeg  linea=0x0
[gelatina] t= 5448 ms  ATTACK       rival=si d=  50 mm rumbo=-6000 cdeg  linea=0x0
WARNING: Contact joints between materials 'rueda' and 'dohyo' will only be created for the 10 deepest contact points instead of all the 12 contact points.
[gelatina] t= 5680 ms  SEARCH       rival=no d=9999 mm rumbo=   +0 cdeg  linea=0x0
[gelatina] t= 5768 ms  TRACK        rival=si d=  59 mm rumbo=-6000 cdeg  linea=0x0
[gelatina] t= 5776 ms  ATTACK       rival=si d=  59 mm rumbo=-6000 cdeg  linea=0x0
[gelatina] t= 5912 ms  SEARCH       rival=no d=9999 mm rumbo=-6000 cdeg  linea=0x0
[gelatina] t= 6000 ms  TRACK        rival=si d=  97 mm rumbo=-6000 cdeg  linea=0x0
[gelatina] t= 6008 ms  ATTACK       rival=si d=  97 mm rumbo=-6000 cdeg  linea=0x0
[gelatina] t= 6208 ms  SEARCH       rival=no d=9999 mm rumbo=+1507 cdeg  linea=0x0
[gelatina] t= 6400 ms  TRACK        rival=si d= 120 mm rumbo=+4531 cdeg  linea=0x0
[gelatina] t= 6408 ms  ATTACK       rival=si d= 120 mm rumbo=+4531 cdeg  linea=0x0
[gelatina] t= 6600 ms  SEARCH       rival=no d=9999 mm rumbo=-6000 cdeg  linea=0x0
[gelatina] t= 6664 ms  TRACK        rival=si d= 147 mm rumbo=-6000 cdeg  linea=0x0
[gelatina] t= 6696 ms  ATTACK       rival=si d= 130 mm rumbo=-3000 cdeg  linea=0x0
WARNING: Contact joints between materials 'rueda' and 'dohyo' will only be created for the 10 deepest contact points instead of all the 11 contact points.
[gelatina] t= 6896 ms  SEARCH       rival=no d=9999 mm rumbo=+6000 cdeg  linea=0x0
[gelatina] t= 6960 ms  TRACK        rival=si d= 166 mm rumbo=+6000 cdeg  linea=0x0
[gelatina] t= 7056 ms  ATTACK       rival=si d= 114 mm rumbo=-6000 cdeg  linea=0x0
[gelatina] t= 7192 ms  SEARCH       rival=no d=9999 mm rumbo=-6000 cdeg  linea=0x0
[gelatina] t= 7224 ms  TRACK        rival=si d= 136 mm rumbo=-6000 cdeg  linea=0x0
[gelatina] t= 7256 ms  ATTACK       rival=si d= 109 mm rumbo=-4487 cdeg  linea=0x0
[gelatina] t= 7456 ms  SEARCH       rival=no d=9999 mm rumbo=+4510 cdeg  linea=0x0
[gelatina] t= 7520 ms  TRACK        rival=si d=  78 mm rumbo=+4524 cdeg  linea=0x0
[gelatina] t= 7528 ms  ATTACK       rival=si d=  78 mm rumbo=+4524 cdeg  linea=0x0
[gelatina] t= 7720 ms  SEARCH       rival=no d=9999 mm rumbo=-3000 cdeg  linea=0x0
[gelatina] t= 7816 ms  TRACK        rival=si d=  93 mm rumbo=-6000 cdeg  linea=0x0
[gelatina] t= 7824 ms  ATTACK       rival=si d=  93 mm rumbo=-6000 cdeg  linea=0x0
[gelatina] t= 8048 ms  SEARCH       rival=no d=9999 mm rumbo=+6000 cdeg  linea=0x0
[gelatina] t= 8112 ms  TRACK        rival=si d=  74 mm rumbo=+6000 cdeg  linea=0x0
[gelatina] t= 8120 ms  ATTACK       rival=si d=  74 mm rumbo=+6000 cdeg  linea=0x0
WARNING: Contact joints between materials 'patin' and 'dohyo' will only be created for the 10 deepest contact points instead of all the 14 contact points.
[gelatina] t= 8352 ms  SEARCH       rival=no d=9999 mm rumbo=-6000 cdeg  linea=0x0
[gelatina] t= 8408 ms  TRACK        rival=si d= 115 mm rumbo=-6000 cdeg  linea=0x0
[gelatina] t= 8416 ms  ATTACK       rival=si d= 115 mm rumbo=-6000 cdeg  linea=0x0
[gelatina] t= 8648 ms  SEARCH       rival=no d=9999 mm rumbo=+4498 cdeg  linea=0x0
[gelatina] t= 8704 ms  TRACK        rival=si d=  80 mm rumbo=+6000 cdeg  linea=0x0
[gelatina] t= 8712 ms  ATTACK       rival=si d=  80 mm rumbo=+6000 cdeg  linea=0x0
[gelatina] t= 8944 ms  SEARCH       rival=no d=9999 mm rumbo=-6000 cdeg  linea=0x0
[gelatina] t= 9008 ms  TRACK        rival=si d=  74 mm rumbo=-6000 cdeg  linea=0x0
[gelatina] t= 9016 ms  ATTACK       rival=si d=  74 mm rumbo=-6000 cdeg  linea=0x0
[gelatina] t= 9240 ms  SEARCH       rival=no d=9999 mm rumbo=+6000 cdeg  linea=0x0
[gelatina] t= 9304 ms  TRACK        rival=si d= 137 mm rumbo=+6000 cdeg  linea=0x0
[gelatina] t= 9336 ms  ATTACK       rival=si d=  78 mm rumbo=+4501 cdeg  linea=0x0
WARNING: Contact joints between materials 'rueda' and 'dohyo' will only be created for the 10 deepest contact points instead of all the 12 contact points.
[gelatina] t= 9568 ms  SEARCH       rival=no d=9999 mm rumbo=-6000 cdeg  linea=0x0
[gelatina] t= 9600 ms  TRACK        rival=si d=  67 mm rumbo=-6000 cdeg  linea=0x0
[gelatina] t= 9608 ms  ATTACK       rival=si d=  67 mm rumbo=-6000 cdeg  linea=0x0
[gelatina] t= 9800 ms  SEARCH       rival=no d=9999 mm rumbo=-1494 cdeg  linea=0x0
[gelatina] t= 9928 ms  TRACK        rival=si d=  58 mm rumbo=-6000 cdeg  linea=0x0
[gelatina] t= 9936 ms  ATTACK       rival=si d=  58 mm rumbo=-6000 cdeg  linea=0x0
[gelatina] t=10160 ms  SEARCH       rival=no d=9999 mm rumbo=+6000 cdeg  linea=0x0
[gelatina] t=10224 ms  TRACK        rival=si d=  71 mm rumbo=+6000 cdeg  linea=0x0
[gelatina] t=10232 ms  ATTACK       rival=si d=  71 mm rumbo=+6000 cdeg  linea=0x0
WARNING: Contact joints between materials 'patin' and 'dohyo' will only be created for the 10 deepest contact points instead of all the 13 contact points.
[gelatina] t=10464 ms  SEARCH       rival=no d=9999 mm rumbo=-3000 cdeg  linea=0x0
[gelatina] t=10592 ms  TRACK        rival=si d= 144 mm rumbo=-6000 cdeg  linea=0x0
[gelatina] t=10624 ms  ATTACK       rival=si d= 108 mm rumbo=-4492 cdeg  linea=0x0
[gelatina] t=10824 ms  SEARCH       rival=no d=9999 mm rumbo=+6000 cdeg  linea=0x0
[gelatina] t=10888 ms  TRACK        rival=si d= 103 mm rumbo=+6000 cdeg  linea=0x0
[gelatina] t=10896 ms  ATTACK       rival=si d= 103 mm rumbo=+6000 cdeg  linea=0x0
[gelatina] t=11120 ms  SEARCH       rival=no d=9999 mm rumbo=-6000 cdeg  linea=0x0
[gelatina] t=11184 ms  TRACK        rival=si d= 127 mm rumbo=-6000 cdeg  linea=0x0
[gelatina] t=11192 ms  ATTACK       rival=si d= 127 mm rumbo=-6000 cdeg  linea=0x0
[gelatina] t=11416 ms  SEARCH       rival=no d=9999 mm rumbo=+6000 cdeg  linea=0x0
[gelatina] t=11448 ms  TRACK        rival=si d= 129 mm rumbo=+6000 cdeg  linea=0x0
[gelatina] t=11456 ms  ATTACK       rival=si d= 129 mm rumbo=+6000 cdeg  linea=0x0
WARNING: Contact joints between materials 'patin' and 'dohyo' will only be created for the 10 deepest contact points instead of all the 12 contact points.
[gelatina] t=11848 ms  SEARCH       rival=no d=9999 mm rumbo=-6000 cdeg  linea=0x0
[gelatina] t=12072 ms  TRACK        rival=si d=  50 mm rumbo=-4478 cdeg  linea=0x0
[gelatina] t=12080 ms  ATTACK       rival=si d=  50 mm rumbo=-4478 cdeg  linea=0x0
[gelatina] t=12272 ms  SEARCH       rival=no d=9999 mm rumbo=+6000 cdeg  linea=0x0
[gelatina] t=12368 ms  TRACK        rival=si d=  72 mm rumbo=+4511 cdeg  linea=0x0
[gelatina] t=12376 ms  ATTACK       rival=si d=  72 mm rumbo=+4511 cdeg  linea=0x0
[gelatina] t=12576 ms  SEARCH       rival=no d=9999 mm rumbo=-6000 cdeg  linea=0x0
[gelatina] t=12672 ms  TRACK        rival=si d= 118 mm rumbo=-6000 cdeg  linea=0x0
[gelatina] t=12680 ms  ATTACK       rival=si d= 118 mm rumbo=-6000 cdeg  linea=0x0
WARNING: Contact joints between materials 'patin' and 'dohyo' will only be created for the 10 deepest contact points instead of all the 28 contact points.
[gelatina] t=12872 ms  SEARCH       rival=no d=9999 mm rumbo=+4502 cdeg  linea=0x0
[gelatina] t=12960 ms  TRACK        rival=si d= 131 mm rumbo=+6000 cdeg  linea=0x0
[gelatina] t=12968 ms  ATTACK       rival=si d= 131 mm rumbo=+4519 cdeg  linea=0x0
[gelatina] t=13168 ms  SEARCH       rival=no d=9999 mm rumbo=-6000 cdeg  linea=0x0
[gelatina] t=13232 ms  TRACK        rival=si d= 116 mm rumbo=-4517 cdeg  linea=0x0
[gelatina] t=13240 ms  ATTACK       rival=si d= 116 mm rumbo=-4517 cdeg  linea=0x0
[gelatina] t=13432 ms  SEARCH       rival=no d=9999 mm rumbo=+4510 cdeg  linea=0x0
[gelatina] t=13528 ms  TRACK        rival=si d= 127 mm rumbo=+4530 cdeg  linea=0x0
[gelatina] t=13536 ms  ATTACK       rival=si d= 127 mm rumbo=+4530 cdeg  linea=0x0
[gelatina] t=13728 ms  SEARCH       rival=no d=9999 mm rumbo=-4508 cdeg  linea=0x0
[gelatina] t=13824 ms  TRACK        rival=si d= 131 mm rumbo=-6000 cdeg  linea=0x0
[gelatina] t=13832 ms  ATTACK       rival=si d= 131 mm rumbo=-6000 cdeg  linea=0x0
WARNING: Contact joints between materials 'patin' and 'dohyo' will only be created for the 10 deepest contact points instead of all the 19 contact points.
[gelatina] t=14024 ms  SEARCH       rival=no d=9999 mm rumbo=+4487 cdeg  linea=0x0
[gelatina] t=14120 ms  TRACK        rival=si d= 132 mm rumbo=+4482 cdeg  linea=0x0
[gelatina] t=14128 ms  ATTACK       rival=si d= 132 mm rumbo=+4482 cdeg  linea=0x0
[gelatina] t=14320 ms  SEARCH       rival=no d=9999 mm rumbo=-4531 cdeg  linea=0x0
[gelatina] t=14416 ms  TRACK        rival=si d= 143 mm rumbo=-4511 cdeg  linea=0x0
[gelatina] t=14680 ms  ATTACK       rival=si d= 128 mm rumbo=-1531 cdeg  linea=0x0
WARNING: Contact joints between materials 'rueda' and 'dohyo' will only be created for the 10 deepest contact points instead of all the 13 contact points.
[gelatina] t=15176 ms  SEARCH       rival=no d=9999 mm rumbo=+6000 cdeg  linea=0x0
[gelatina] t=15240 ms  TRACK        rival=si d=  46 mm rumbo=+6000 cdeg  linea=0x0
[gelatina] t=15248 ms  ATTACK       rival=si d=  46 mm rumbo=+6000 cdeg  linea=0x0
[gelatina] t=15480 ms  SEARCH       rival=no d=9999 mm rumbo=-6000 cdeg  linea=0x0
[gelatina] t=15608 ms  TRACK        rival=si d=  50 mm rumbo=-3000 cdeg  linea=0x0
[gelatina] t=15616 ms  ATTACK       rival=si d=  50 mm rumbo=-3000 cdeg  linea=0x0
[gelatina] t=15808 ms  SEARCH       rival=no d=9999 mm rumbo=+6000 cdeg  linea=0x0
[gelatina] t=15904 ms  TRACK        rival=si d=  79 mm rumbo=+4513 cdeg  linea=0x0
[gelatina] t=15912 ms  ATTACK       rival=si d=  79 mm rumbo=+4513 cdeg  linea=0x0
WARNING: Contact joints between materials 'patin' and 'dohyo' will only be created for the 10 deepest contact points instead of all the 23 contact points.
[gelatina] t=16104 ms  SEARCH       rival=no d=9999 mm rumbo=-3000 cdeg  linea=0x0
[gelatina] t=16232 ms  TRACK        rival=si d= 125 mm rumbo=-6000 cdeg  linea=0x0
[gelatina] t=16240 ms  ATTACK       rival=si d= 125 mm rumbo=-6000 cdeg  linea=0x0
[gelatina] t=16464 ms  SEARCH       rival=no d=9999 mm rumbo=+6000 cdeg  linea=0x0
[gelatina] t=16496 ms  TRACK        rival=si d= 163 mm rumbo=+6000 cdeg  linea=0x0
[gelatina] t=16528 ms  ATTACK       rival=si d= 121 mm rumbo=+4509 cdeg  linea=0x0
[gelatina] t=16992 ms  SEARCH       rival=no d=9999 mm rumbo=+1513 cdeg  linea=0x0
WARNING: Contact joints between materials 'patin' and 'dohyo' will only be created for the 10 deepest contact points instead of all the 13 contact points.
[gelatina] t=17152 ms  TRACK        rival=si d= 113 mm rumbo=+4573 cdeg  linea=0x0
[gelatina] t=17160 ms  ATTACK       rival=si d= 113 mm rumbo=+4573 cdeg  linea=0x0
[gelatina] t=17360 ms  SEARCH       rival=no d=9999 mm rumbo=-6000 cdeg  linea=0x0
[gelatina] t=17456 ms  TRACK        rival=si d= 119 mm rumbo=-6000 cdeg  linea=0x0
[gelatina] t=17464 ms  ATTACK       rival=si d= 119 mm rumbo=-6000 cdeg  linea=0x0
[gelatina] t=17656 ms  SEARCH       rival=no d=9999 mm rumbo=+4461 cdeg  linea=0x0
[gelatina] t=17784 ms  TRACK        rival=si d= 130 mm rumbo=+1570 cdeg  linea=0x0
[gelatina] t=17792 ms  ATTACK       rival=si d= 130 mm rumbo=+1570 cdeg  linea=0x0
[gelatina] t=17952 ms  SEARCH       rival=no d=9999 mm rumbo=-3000 cdeg  linea=0x0
[gelatina] t=18080 ms  TRACK        rival=si d= 167 mm rumbo=-6000 cdeg  linea=0x0
WARNING: Contact joints between materials 'patin' and 'dohyo' will only be created for the 10 deepest contact points instead of all the 13 contact points.
[gelatina] t=18512 ms  ATTACK       rival=si d= 130 mm rumbo=-4515 cdeg  linea=0x0
[gelatina] t=19144 ms  SEARCH       rival=no d=9999 mm rumbo=-3000 cdeg  linea=0x0
WARNING: Contact joints between materials 'patin' and 'dohyo' will only be created for the 10 deepest contact points instead of all the 11 contact points.
[gelatina] t=19432 ms  TRACK        rival=si d=  57 mm rumbo=   +0 cdeg  linea=0x0
[gelatina] t=19440 ms  ATTACK       rival=si d=  57 mm rumbo=   +0 cdeg  linea=0x0
[gelatina] t=19632 ms  SEARCH       rival=no d=9999 mm rumbo=+6000 cdeg  linea=0x0
[gelatina] t=19696 ms  TRACK        rival=si d=  71 mm rumbo=+6000 cdeg  linea=0x0
[gelatina] t=19704 ms  ATTACK       rival=si d=  71 mm rumbo=+6000 cdeg  linea=0x0
[gelatina] t=19904 ms  SEARCH       rival=no d=9999 mm rumbo=-3000 cdeg  linea=0x0
[gelatina] t=20024 ms  TRACK        rival=si d=  77 mm rumbo=-4537 cdeg  linea=0x0
[gelatina] t=20032 ms  ATTACK       rival=si d=  77 mm rumbo=-4537 cdeg  linea=0x0
[gelatina] t=20232 ms  SEARCH       rival=no d=9999 mm rumbo=+6000 cdeg  linea=0x0
[gelatina] t=20320 ms  TRACK        rival=si d=  91 mm rumbo=+4504 cdeg  linea=0x0
[gelatina] t=20328 ms  ATTACK       rival=si d=  91 mm rumbo=+4504 cdeg  linea=0x0
[gelatina] t=20528 ms  SEARCH       rival=no d=9999 mm rumbo=-6000 cdeg  linea=0x0
[gelatina] t=20592 ms  TRACK        rival=si d=  90 mm rumbo=-6000 cdeg  linea=0x0
[gelatina] t=20600 ms  ATTACK       rival=si d=  90 mm rumbo=-6000 cdeg  linea=0x0
[gelatina] t=20792 ms  SEARCH       rival=no d=9999 mm rumbo=+4508 cdeg  linea=0x0
[gelatina] t=20880 ms  TRACK        rival=si d= 110 mm rumbo=+6000 cdeg  linea=0x0
[gelatina] t=20888 ms  ATTACK       rival=si d= 110 mm rumbo=+4523 cdeg  linea=0x0
[gelatina] t=21088 ms  SEARCH       rival=no d=9999 mm rumbo=-4536 cdeg  linea=0x0
[gelatina] t=21152 ms  TRACK        rival=si d= 127 mm rumbo=-6000 cdeg  linea=0x0
[gelatina] t=21160 ms  ATTACK       rival=si d= 127 mm rumbo=-6000 cdeg  linea=0x0
WARNING: Contact joints between materials 'patin' and 'dohyo' will only be created for the 10 deepest contact points instead of all the 11 contact points.
[gelatina] t=21384 ms  SEARCH       rival=no d=9999 mm rumbo=+6000 cdeg  linea=0x0
[gelatina] t=21480 ms  TRACK        rival=si d= 115 mm rumbo=+4575 cdeg  linea=0x0
[gelatina] t=21488 ms  ATTACK       rival=si d= 115 mm rumbo=+4575 cdeg  linea=0x0
[gelatina] t=21680 ms  SEARCH       rival=no d=9999 mm rumbo=-4505 cdeg  linea=0x0
[gelatina] t=21776 ms  TRACK        rival=si d= 133 mm rumbo=-4543 cdeg  linea=0x0
[gelatina] t=21936 ms  ATTACK       rival=si d= 128 mm rumbo=+6000 cdeg  linea=0x0
[gelatina] t=22344 ms  SEARCH       rival=no d=9999 mm rumbo=-3002 cdeg  linea=0x0
WARNING: Contact joints between materials 'patin' and 'dohyo' will only be created for the 10 deepest contact points instead of all the 18 contact points.
[gelatina] t=22568 ms  TRACK        rival=si d=  54 mm rumbo=-1488 cdeg  linea=0x0
[gelatina] t=22575 ms  ATTACK       rival=si d=  54 mm rumbo=-1488 cdeg  linea=0x0
[gelatina] t=22736 ms  SEARCH       rival=no d=9999 mm rumbo=+4524 cdeg  linea=0x0
Error: wb_supervisor_field_set_mf_vec3f() called on a read-only PROTO internal field.
Error: wb_supervisor_field_set_mf_vec3f() called on a read-only PROTO internal field.
Error: wb_supervisor_field_set_mf_vec3f() called on a read-only PROTO internal field.
Error: wb_supervisor_field_set_mf_vec3f() called on a read-only PROTO internal field.
[arbitro] asalto 27/30  espalda  rival fuera     +1  22.77 s
[inercia] asalto=27 robot=GELATINA rueda=0 rotor=1.94309714e-05
[inercia] asalto=27 robot=GELATINA rueda=1 rotor=9.35624832e-06
[inercia] asalto=27 robot=RIVAL rueda=0 rotor=2.79407188e-05
[inercia] asalto=27 robot=RIVAL rueda=1 rotor=1.12463045e-05
[planta] asalto=27 mu=1.12337044 slip=0.00097377944 aleatorio=1
[gelatina] fin de asalto motor={"battery_v":8.30834136,"resistance_ohm":[3.65600648,3.89397373],"bridge_ohm":[0.602661276,0.615789807],"omega_rad_s":[-6.69755311,44.1170892],"current_a":[-1.13108836,1.01284752],"torque_nm":[-0.0468971929,0.0424605749],"applied_pwm":[-0.639999986,1],"over_1_2a_samples":11760,"over_3_2a_samples":0}
[gelatina] t=    0 ms  WAIT         rival=no d=9999 mm rumbo=+4524 cdeg  linea=0x0
[rival] fin de asalto motor={"battery_v":7.09189321,"resistance_ohm":[3.87593999,4.25763769],"bridge_ohm":[0.606464481,0.55996114],"omega_rad_s":[-33.1049387,-10.0784235],"current_a":[-0.160845976,0.898391164],"torque_nm":[-0.00224140417,0.0495983146],"applied_pwm":[-0.5,0.5],"over_1_2a_samples":319,"over_3_2a_samples":0}
[planta] gelatina ciclo=29 rueda=0 V=8.34215989 R=4.01661582 Rpuente=0.614556992 I0=0.107086676 Ke=0.0736885814 Kt=0.0483794733
[planta] gelatina ciclo=29 rueda=1 V=8.34215989 R=3.8690063 Rpuente=0.691976321 I0=0.105943465 Ke=0.0753897349 Kt=0.0483794733
[sensores] gelatina ToF alcance=954.671735 minimo=47.6820457 sigma_rel=0.083875556
[gelatina] pulsador recibido: permiso previsto 517592 ms
[planta] rival ciclo=29 rueda=0 V=7.20060447 R=3.79002953 Rpuente=0.571846259 I0=0.191470322 Ke=0.0936401875 Kt=0.0483794733
[planta] rival ciclo=29 rueda=1 V=7.20060447 R=4.25690155 Rpuente=0.61379689 I0=0.094638285 Ke=0.0993166171 Kt=0.0483794733
[sensores] rival ToF alcance=1183.85692 minimo=35.2040571 sigma_rel=0.0955069351
[arranque] pulsador=512592 permiso=517592 ms
[gelatina] permiso de arranque a los 517592 ms
[gelatina] t=    0 ms  TRACK        rival=si d=  63 mm rumbo=+1458 cdeg  linea=0x0
[gelatina] t=    8 ms  ATTACK       rival=si d=  63 mm rumbo=+1458 cdeg  linea=0x0
WARNING: Contact joints between materials 'rueda' and 'dohyo' will only be created for the 10 deepest contact points instead of all the 11 contact points.
[gelatina] t=  296 ms  SEARCH       rival=no d=9999 mm rumbo=+3000 cdeg  linea=0x0
[gelatina] t=  624 ms  TRACK        rival=si d=  61 mm rumbo=+6000 cdeg  linea=0x0
[gelatina] t=  632 ms  ATTACK       rival=si d=  61 mm rumbo=+6000 cdeg  linea=0x0
[gelatina] t=  760 ms  SEARCH       rival=no d=9999 mm rumbo=+6000 cdeg  linea=0x0
[gelatina] t= 1088 ms  TRACK        rival=si d=  64 mm rumbo=+3000 cdeg  linea=0x0
[gelatina] t= 1096 ms  ATTACK       rival=si d=  64 mm rumbo=+3000 cdeg  linea=0x0
WARNING: Contact joints between materials 'patin' and 'dohyo' will only be created for the 10 deepest contact points instead of all the 12 contact points.
[gelatina] t= 1288 ms  SEARCH       rival=no d=9999 mm rumbo=   +0 cdeg  linea=0x4
[gelatina] t= 1351 ms  TRACK        rival=si d=  58 mm rumbo=+3000 cdeg  linea=0x0
[gelatina] t= 1360 ms  ATTACK       rival=si d=  58 mm rumbo=+3000 cdeg  linea=0x2
[gelatina] t= 1488 ms  SEARCH       rival=no d=9999 mm rumbo=+3000 cdeg  linea=0x0
[gelatina] t= 1576 ms  TRACK        rival=si d=  52 mm rumbo=   +0 cdeg  linea=0x0
[gelatina] t= 1584 ms  ATTACK       rival=si d=  52 mm rumbo=   +0 cdeg  linea=0x0
[gelatina] t= 1720 ms  SEARCH       rival=no d=9999 mm rumbo=   +0 cdeg  linea=0x0
[gelatina] t= 1840 ms  TRACK        rival=si d=  70 mm rumbo=+3000 cdeg  linea=0x0
[gelatina] t= 1848 ms  ATTACK       rival=si d=  70 mm rumbo=+3000 cdeg  linea=0x0
[gelatina] t= 1984 ms  SEARCH       rival=no d=9999 mm rumbo=+3000 cdeg  linea=0x0
[gelatina] t= 2112 ms  TRACK        rival=si d=  83 mm rumbo=-3000 cdeg  linea=0x0
[gelatina] t= 2120 ms  ATTACK       rival=si d=  83 mm rumbo=-3000 cdeg  linea=0x0
WARNING: Contact joints between materials 'patin' and 'dohyo' will only be created for the 10 deepest contact points instead of all the 12 contact points.
[gelatina] t= 2279 ms  SEARCH       rival=no d=9999 mm rumbo=-3000 cdeg  linea=0x0
[gelatina] t= 2408 ms  TRACK        rival=si d=  96 mm rumbo=-6000 cdeg  linea=0x0
[gelatina] t= 2416 ms  ATTACK       rival=si d=  96 mm rumbo=-6000 cdeg  linea=0x0
[gelatina] t= 2608 ms  SEARCH       rival=no d=9999 mm rumbo=+6000 cdeg  linea=0x0
[gelatina] t= 2704 ms  TRACK        rival=si d= 114 mm rumbo=+4531 cdeg  linea=0x0
[gelatina] t= 2712 ms  ATTACK       rival=si d= 114 mm rumbo=+4531 cdeg  linea=0x0
[gelatina] t= 2904 ms  SEARCH       rival=no d=9999 mm rumbo=-4576 cdeg  linea=0x0
[gelatina] t= 3032 ms  TRACK        rival=si d= 128 mm rumbo=-4496 cdeg  linea=0x0
[gelatina] t= 3040 ms  ATTACK       rival=si d= 128 mm rumbo=-4496 cdeg  linea=0x0
[gelatina] t= 3231 ms  SEARCH       rival=no d=9999 mm rumbo=+6000 cdeg  linea=0x0
[gelatina] t= 3296 ms  TRACK        rival=si d= 169 mm rumbo=+6000 cdeg  linea=0x0
[gelatina] t= 3495 ms  ATTACK       rival=si d= 131 mm rumbo=-6000 cdeg  linea=0x0
[gelatina] t= 3792 ms  SEARCH       rival=no d=9999 mm rumbo=+6000 cdeg  linea=0x0
[gelatina] t= 3824 ms  TRACK        rival=si d=  81 mm rumbo=+6000 cdeg  linea=0x0
[gelatina] t= 3832 ms  ATTACK       rival=si d=  81 mm rumbo=+6000 cdeg  linea=0x0
WARNING: Contact joints between materials 'patin' and 'dohyo' will only be created for the 10 deepest contact points instead of all the 58 contact points.
[gelatina] t= 4255 ms  SEARCH       rival=no d=9999 mm rumbo=-6000 cdeg  linea=0x0
[gelatina] t= 4784 ms  TRACK        rival=si d=  68 mm rumbo=-6000 cdeg  linea=0x0
[gelatina] t= 4792 ms  ATTACK       rival=si d=  68 mm rumbo=-6000 cdeg  linea=0x0
[gelatina] t= 5016 ms  SEARCH       rival=no d=9999 mm rumbo=+6000 cdeg  linea=0x0
[gelatina] t= 5112 ms  TRACK        rival=si d=  45 mm rumbo=   +0 cdeg  linea=0x0
[gelatina] t= 5120 ms  ATTACK       rival=si d=  45 mm rumbo=   +0 cdeg  linea=0x0
[gelatina] t= 5312 ms  SEARCH       rival=no d=9999 mm rumbo=-6000 cdeg  linea=0x0
WARNING: Contact joints between materials 'patin' and 'dohyo' will only be created for the 10 deepest contact points instead of all the 12 contact points.
[gelatina] t= 5440 ms  TRACK        rival=si d=  86 mm rumbo=-6000 cdeg  linea=0x0
[gelatina] t= 5447 ms  ATTACK       rival=si d=  86 mm rumbo=-6000 cdeg  linea=0x0
[gelatina] t= 5640 ms  SEARCH       rival=no d=9999 mm rumbo=+4530 cdeg  linea=0x0
[gelatina] t= 5736 ms  TRACK        rival=si d=  99 mm rumbo=+6000 cdeg  linea=0x0
[gelatina] t= 5744 ms  ATTACK       rival=si d=  99 mm rumbo=+6000 cdeg  linea=0x0
[gelatina] t= 5944 ms  SEARCH       rival=no d=9999 mm rumbo=-4510 cdeg  linea=0x0
[gelatina] t= 6072 ms  TRACK        rival=si d= 118 mm rumbo=-3000 cdeg  linea=0x0
[gelatina] t= 6080 ms  ATTACK       rival=si d= 118 mm rumbo=-3000 cdeg  linea=0x0
[gelatina] t= 6272 ms  SEARCH       rival=no d=9999 mm rumbo=+6000 cdeg  linea=0x0
[gelatina] t= 6399 ms  TRACK        rival=si d= 161 mm rumbo=+3000 cdeg  linea=0x0
[gelatina] t= 6664 ms  ATTACK       rival=si d= 120 mm rumbo=+3000 cdeg  linea=0x0
[gelatina] t= 6832 ms  SEARCH       rival=no d=9999 mm rumbo=+6000 cdeg  linea=0x0
[gelatina] t= 6928 ms  TRACK        rival=si d= 126 mm rumbo=+1519 cdeg  linea=0x0
[gelatina] t= 6936 ms  ATTACK       rival=si d= 126 mm rumbo=+1519 cdeg  linea=0x0
[gelatina] t= 7096 ms  SEARCH       rival=no d=9999 mm rumbo=-4478 cdeg  linea=0x0
[gelatina] t= 7224 ms  TRACK        rival=si d= 134 mm rumbo=-4482 cdeg  linea=0x0
WARNING: Contact joints between materials 'patin' and 'dohyo' will only be created for the 10 deepest contact points instead of all the 13 contact points.
[gelatina] t= 7488 ms  ATTACK       rival=si d= 124 mm rumbo=-1514 cdeg  linea=0x0
[gelatina] t= 7656 ms  SEARCH       rival=no d=9999 mm rumbo=-4537 cdeg  linea=0x0
[gelatina] t= 7688 ms  TRACK        rival=si d= 121 mm rumbo=-6000 cdeg  linea=0x0
[gelatina] t= 7696 ms  ATTACK       rival=si d= 121 mm rumbo=-6000 cdeg  linea=0x0
[gelatina] t= 7952 ms  SEARCH       rival=no d=9999 mm rumbo=+6000 cdeg  linea=0x0
[gelatina] t= 8016 ms  TRACK        rival=si d= 135 mm rumbo=+6000 cdeg  linea=0x0
[gelatina] t= 8048 ms  ATTACK       rival=si d=  78 mm rumbo=+4501 cdeg  linea=0x0
[gelatina] t= 8248 ms  SEARCH       rival=no d=9999 mm rumbo=-4534 cdeg  linea=0x0
[gelatina] t= 8312 ms  TRACK        rival=si d=  90 mm rumbo=-6000 cdeg  linea=0x0
[gelatina] t= 8320 ms  ATTACK       rival=si d=  90 mm rumbo=-6000 cdeg  linea=0x0
[gelatina] t= 8544 ms  SEARCH       rival=no d=9999 mm rumbo=+6000 cdeg  linea=0x0
[gelatina] t= 8672 ms  TRACK        rival=si d=  90 mm rumbo=+4472 cdeg  linea=0x0
[gelatina] t= 8680 ms  ATTACK       rival=si d=  90 mm rumbo=+4472 cdeg  linea=0x0
WARNING: Contact joints between materials 'patin' and 'dohyo' will only be created for the 10 deepest contact points instead of all the 18 contact points.
[gelatina] t= 8912 ms  SEARCH       rival=no d=9999 mm rumbo=-6000 cdeg  linea=0x0
[gelatina] t= 8936 ms  TRACK        rival=si d= 108 mm rumbo=-4564 cdeg  linea=0x0
[gelatina] t= 8944 ms  ATTACK       rival=si d= 108 mm rumbo=-4564 cdeg  linea=0x0
[gelatina] t= 9208 ms  SEARCH       rival=no d=9999 mm rumbo=+6000 cdeg  linea=0x0
[gelatina] t= 9232 ms  TRACK        rival=si d=  82 mm rumbo=+6000 cdeg  linea=0x0
[gelatina] t= 9240 ms  ATTACK       rival=si d=  82 mm rumbo=+6000 cdeg  linea=0x0
[gelatina] t= 9568 ms  SEARCH       rival=no d=9999 mm rumbo=-6000 cdeg  linea=0x0
[gelatina] t= 9600 ms  TRACK        rival=si d=  47 mm rumbo=  +45 cdeg  linea=0x0
[gelatina] t= 9608 ms  ATTACK       rival=si d=  47 mm rumbo=  +45 cdeg  linea=0x2
[gelatina] t= 9768 ms  SEARCH       rival=no d=9999 mm rumbo=+3000 cdeg  linea=0x0
WARNING: Contact joints between materials 'patin' and 'dohyo' will only be created for the 10 deepest contact points instead of all the 16 contact points.
[gelatina] t=10256 ms  TRACK        rival=si d=  54 mm rumbo=   +0 cdeg  linea=0x0
[gelatina] t=10264 ms  ATTACK       rival=si d=  54 mm rumbo=   +0 cdeg  linea=0x0
[gelatina] t=10464 ms  SEARCH       rival=no d=9999 mm rumbo=-6000 cdeg  linea=0x0
[gelatina] t=10520 ms  TRACK        rival=si d=  91 mm rumbo=-6000 cdeg  linea=0x0
[gelatina] t=10528 ms  ATTACK       rival=si d=  91 mm rumbo=-6000 cdeg  linea=0x0
[gelatina] t=10760 ms  SEARCH       rival=no d=9999 mm rumbo=+6000 cdeg  linea=0x0
WARNING: Contact joints between materials 'rueda' and 'dohyo' will only be created for the 10 deepest contact points instead of all the 16 contact points.
[gelatina] t=10848 ms  TRACK        rival=si d=  77 mm rumbo=+6000 cdeg  linea=0x0
[gelatina] t=10856 ms  ATTACK       rival=si d=  77 mm rumbo=+6000 cdeg  linea=0x0
[gelatina] t=11088 ms  SEARCH       rival=no d=9999 mm rumbo=-6000 cdeg  linea=0x0
[gelatina] t=11152 ms  TRACK        rival=si d=  97 mm rumbo=-6000 cdeg  linea=0x0
[gelatina] t=11160 ms  ATTACK       rival=si d=  97 mm rumbo=-6000 cdeg  linea=0x0
[gelatina] t=11384 ms  SEARCH       rival=no d=9999 mm rumbo=+6000 cdeg  linea=0x0
[gelatina] t=11480 ms  TRACK        rival=si d= 103 mm rumbo=+4530 cdeg  linea=0x0
[gelatina] t=11488 ms  ATTACK       rival=si d= 103 mm rumbo=+4530 cdeg  linea=0x0
[gelatina] t=11680 ms  SEARCH       rival=no d=9999 mm rumbo=-6000 cdeg  linea=0x0
[gelatina] t=11808 ms  TRACK        rival=si d= 101 mm rumbo=-4526 cdeg  linea=0x0
[gelatina] t=11816 ms  ATTACK       rival=si d= 101 mm rumbo=-4526 cdeg  linea=0x0
WARNING: Contact joints between materials 'rueda' and 'dohyo' will only be created for the 10 deepest contact points instead of all the 17 contact points.
[gelatina] t=12008 ms  SEARCH       rival=no d=9999 mm rumbo=+6000 cdeg  linea=0x0
[gelatina] t=12104 ms  TRACK        rival=si d= 154 mm rumbo=+6000 cdeg  linea=0x0
[gelatina] t=12176 ms  ATTACK       rival=si d= 130 mm rumbo=-3000 cdeg  linea=0x0
[gelatina] t=12344 ms  SEARCH       rival=no d=9999 mm rumbo=-6000 cdeg  linea=0x0
[gelatina] t=12408 ms  TRACK        rival=si d= 116 mm rumbo=-4498 cdeg  linea=0x0
[gelatina] t=12416 ms  ATTACK       rival=si d= 116 mm rumbo=-4498 cdeg  linea=0x0
[gelatina] t=12608 ms  SEARCH       rival=no d=9999 mm rumbo=+3000 cdeg  linea=0x0
[gelatina] t=12736 ms  TRACK        rival=si d= 164 mm rumbo=+6000 cdeg  linea=0x0
WARNING: Contact joints between materials 'patin' and 'dohyo' will only be created for the 10 deepest contact points instead of all the 15 contact points.
[gelatina] t=13064 ms  ATTACK       rival=si d= 128 mm rumbo=+6000 cdeg  linea=0x0
[gelatina] t=13496 ms  SEARCH       rival=no d=9999 mm rumbo=-6000 cdeg  linea=0x0
[gelatina] t=13528 ms  TRACK        rival=si d=  71 mm rumbo=-6000 cdeg  linea=0x0
[gelatina] t=13536 ms  ATTACK       rival=si d=  71 mm rumbo=-6000 cdeg  linea=0x0
[gelatina] t=13896 ms  SEARCH       rival=no d=9999 mm rumbo=+3000 cdeg  linea=0x0
WARNING: Contact joints between materials 'patin' and 'dohyo' will only be created for the 10 deepest contact points instead of all the 11 contact points.
[gelatina] t=14152 ms  TRACK        rival=si d=  92 mm rumbo=   +0 cdeg  linea=0x0
[gelatina] t=14160 ms  ATTACK       rival=si d=  92 mm rumbo=   +0 cdeg  linea=0x0
[gelatina] t=14320 ms  SEARCH       rival=no d=9999 mm rumbo=+3000 cdeg  linea=0x0
[gelatina] t=14416 ms  TRACK        rival=si d=  53 mm rumbo=+6000 cdeg  linea=0x0
[gelatina] t=14424 ms  ATTACK       rival=si d=  53 mm rumbo=+6000 cdeg  linea=0x0
[gelatina] t=14624 ms  SEARCH       rival=no d=9999 mm rumbo=-3000 cdeg  linea=0x0
[gelatina] t=14784 ms  TRACK        rival=si d=  96 mm rumbo=-6000 cdeg  linea=0x5
[gelatina] t=14792 ms  ATTACK       rival=si d=  96 mm rumbo=-6000 cdeg  linea=0x5
[gelatina] t=14984 ms  SEARCH       rival=no d=9999 mm rumbo=+4510 cdeg  linea=0x2
[gelatina] t=15112 ms  TRACK        rival=si d= 106 mm rumbo=+4434 cdeg  linea=0x0
[gelatina] t=15120 ms  ATTACK       rival=si d= 106 mm rumbo=+4434 cdeg  linea=0x4
WARNING: Contact joints between materials 'patin' and 'dohyo' will only be created for the 10 deepest contact points instead of all the 14 contact points.
[gelatina] t=15312 ms  SEARCH       rival=no d=9999 mm rumbo=-6000 cdeg  linea=0x3
[gelatina] t=15440 ms  TRACK        rival=si d= 101 mm rumbo=-4564 cdeg  linea=0x0
[gelatina] t=15448 ms  ATTACK       rival=si d= 101 mm rumbo=-4564 cdeg  linea=0x1
[gelatina] t=15576 ms  SEARCH       rival=no d=9999 mm rumbo=-4564 cdeg  linea=0x0
[gelatina] t=15640 ms  ATTACK       rival=si d=  97 mm rumbo=-4611 cdeg  linea=0xC
Error: wb_supervisor_field_set_mf_vec3f() called on a read-only PROTO internal field.
Error: wb_supervisor_field_set_mf_vec3f() called on a read-only PROTO internal field.
Error: wb_supervisor_field_set_mf_vec3f() called on a read-only PROTO internal field.
Error: wb_supervisor_field_set_mf_vec3f() called on a read-only PROTO internal field.
[arbitro] asalto 28/30  frente   auto-salida     -1  15.70 s
[inercia] asalto=28 robot=GELATINA rueda=0 rotor=2.55414689e-05
[inercia] asalto=28 robot=GELATINA rueda=1 rotor=2.19878901e-05
[inercia] asalto=28 robot=RIVAL rueda=0 rotor=2.79932778e-05
[inercia] asalto=28 robot=RIVAL rueda=1 rotor=1.5502732e-05
[planta] asalto=28 mu=1.46634105 slip=0.00129893672 aleatorio=1
[gelatina] fin de asalto motor={"battery_v":8.34215989,"resistance_ohm":[4.01661582,3.8690063],"bridge_ohm":[0.614556992,0.691976321],"omega_rad_s":[86.3024393,13.7017131],"current_a":[0.428110902,0.447046932],"torque_nm":[0.015530983,0.0165024061],"applied_pwm":[1,0.368242979],"over_1_2a_samples":12122,"over_3_2a_samples":0}
[gelatina] t=    0 ms  WAIT         rival=si d= 127 mm rumbo=-2855 cdeg  linea=0x4
[rival] fin de asalto motor={"battery_v":7.20060447,"resistance_ohm":[3.79002953,4.25690155],"bridge_ohm":[0.571846259,0.61379689],"omega_rad_s":[-28.3146129,26.2935529],"current_a":[-0.217547822,0.203033614],"torque_nm":[-0.0012616157,0.00524410895],"applied_pwm":[-0.5,0.5],"over_1_2a_samples":326,"over_3_2a_samples":0}
[planta] gelatina ciclo=30 rueda=0 V=8.37814878 R=3.86747718 Rpuente=0.574219334 I0=0.224655694 Ke=0.0736339521 Kt=0.0483794733
[planta] gelatina ciclo=30 rueda=1 V=8.37814878 R=3.83671365 Rpuente=0.512992465 I0=0.17638801 Ke=0.0926337765 Kt=0.0483794733
[sensores] gelatina ToF alcance=785.083777 minimo=47.8836244 sigma_rel=0.114256158
[gelatina] pulsador recibido: permiso previsto 538600 ms
[planta] rival ciclo=30 rueda=0 V=8.35094497 R=3.98737073 Rpuente=0.627333462 I0=0.219472674 Ke=0.0758553078 Kt=0.0483794733
[planta] rival ciclo=30 rueda=1 V=8.35094497 R=4.21043987 Rpuente=0.662878561 I0=0.150727522 Ke=0.0661402564 Kt=0.0483794733
[sensores] rival ToF alcance=822.924936 minimo=46.2372559 sigma_rel=0.0859497404
[arranque] pulsador=533600 permiso=538600 ms
[gelatina] permiso de arranque a los 538600 ms
[gelatina] t=    0 ms  OPENING      rival=no d=9999 mm rumbo=-2855 cdeg  linea=0x0
WARNING: Contact joints between materials 'rueda' and 'dohyo' will only be created for the 10 deepest contact points instead of all the 14 contact points.
[gelatina] t=   64 ms  TRACK        rival=si d=  67 mm rumbo=-6000 cdeg  linea=0x0
[gelatina] t=   72 ms  ATTACK       rival=si d=  67 mm rumbo=-6000 cdeg  linea=0x0
[gelatina] t=  368 ms  SEARCH       rival=no d=9999 mm rumbo=-3000 cdeg  linea=0x0
[gelatina] t=  520 ms  TRACK        rival=si d=  39 mm rumbo=+3000 cdeg  linea=0x0
[gelatina] t=  528 ms  ATTACK       rival=si d=  39 mm rumbo=+3000 cdeg  linea=0x0
[gelatina] t=  664 ms  SEARCH       rival=no d=9999 mm rumbo=+3000 cdeg  linea=0x0
[gelatina] t=  824 ms  TRACK        rival=si d= 108 mm rumbo=+4544 cdeg  linea=0x0
[gelatina] t=  832 ms  ATTACK       rival=si d= 108 mm rumbo=+4544 cdeg  linea=0x0
[gelatina] t= 1256 ms  SEARCH       rival=no d=9999 mm rumbo=+1495 cdeg  linea=0x0
WARNING: Contact joints between materials 'patin' and 'dohyo' will only be created for the 10 deepest contact points instead of all the 15 contact points.
[gelatina] t= 1416 ms  TRACK        rival=si d=  51 mm rumbo=+4533 cdeg  linea=0x0
[gelatina] t= 1424 ms  ATTACK       rival=si d=  51 mm rumbo=+4533 cdeg  linea=0x0
[gelatina] t= 1616 ms  SEARCH       rival=no d=9999 mm rumbo=-6000 cdeg  linea=0x0
[gelatina] t= 1648 ms  TRACK        rival=si d=  81 mm rumbo=-6000 cdeg  linea=0x0
[gelatina] t= 1656 ms  ATTACK       rival=si d=  81 mm rumbo=-6000 cdeg  linea=0x0
[gelatina] t= 1848 ms  SEARCH       rival=no d=9999 mm rumbo=   +0 cdeg  linea=0x0
[gelatina] t= 2072 ms  TRACK        rival=si d=  90 mm rumbo=+4447 cdeg  linea=0x0
[gelatina] t= 2080 ms  ATTACK       rival=si d=  90 mm rumbo=+4447 cdeg  linea=0x0
[gelatina] t= 2280 ms  SEARCH       rival=no d=9999 mm rumbo=-6000 cdeg  linea=0x0
[gelatina] t= 2336 ms  TRACK        rival=si d= 120 mm rumbo=-6000 cdeg  linea=0x0
[gelatina] t= 2344 ms  ATTACK       rival=si d= 120 mm rumbo=-6000 cdeg  linea=0x0
WARNING: Contact joints between materials 'patin' and 'dohyo' will only be created for the 10 deepest contact points instead of all the 14 contact points.
[gelatina] t= 2576 ms  SEARCH       rival=no d=9999 mm rumbo=+6000 cdeg  linea=0x0
[gelatina] t= 2632 ms  TRACK        rival=si d=  91 mm rumbo=+6000 cdeg  linea=0x0
[gelatina] t= 2640 ms  ATTACK       rival=si d=  91 mm rumbo=+6000 cdeg  linea=0x0
[gelatina] t= 2840 ms  SEARCH       rival=no d=9999 mm rumbo=-4500 cdeg  linea=0x0
[gelatina] t= 2904 ms  TRACK        rival=si d=  83 mm rumbo=-6000 cdeg  linea=0x0
[gelatina] t= 2912 ms  ATTACK       rival=si d=  83 mm rumbo=-6000 cdeg  linea=0x0
[gelatina] t= 3136 ms  SEARCH       rival=no d=9999 mm rumbo=+6000 cdeg  linea=0x0
[gelatina] t= 3200 ms  TRACK        rival=si d=  82 mm rumbo=+6000 cdeg  linea=0x0
[gelatina] t= 3208 ms  ATTACK       rival=si d=  82 mm rumbo=+6000 cdeg  linea=0x0
WARNING: Contact joints between materials 'patin' and 'dohyo' will only be created for the 10 deepest contact points instead of all the 12 contact points.
[gelatina] t= 3632 ms  SEARCH       rival=no d=9999 mm rumbo=-4501 cdeg  linea=0x0
[gelatina] t= 3920 ms  TRACK        rival=si d=  49 mm rumbo=+4537 cdeg  linea=0x0
[gelatina] t= 3928 ms  ATTACK       rival=si d=  49 mm rumbo=+4537 cdeg  linea=0x0
[gelatina] t= 4056 ms  SEARCH       rival=no d=9999 mm rumbo=+4537 cdeg  linea=0x0
[gelatina] t= 4184 ms  TRACK        rival=si d=  71 mm rumbo=+4509 cdeg  linea=0x0
[gelatina] t= 4192 ms  ATTACK       rival=si d=  71 mm rumbo=+4509 cdeg  linea=0x0
[gelatina] t= 4392 ms  SEARCH       rival=no d=9999 mm rumbo=-6000 cdeg  linea=0x0
[gelatina] t= 4416 ms  TRACK        rival=si d= 128 mm rumbo=-6000 cdeg  linea=0x0
[gelatina] t= 4424 ms  ATTACK       rival=si d= 128 mm rumbo=-6000 cdeg  linea=0x0
[gelatina] t= 4656 ms  SEARCH       rival=no d=9999 mm rumbo=+1503 cdeg  linea=0x0
WARNING: Contact joints between materials 'patin' and 'dohyo' will only be created for the 10 deepest contact points instead of all the 14 contact points.
[gelatina] t= 4784 ms  TRACK        rival=si d= 134 mm rumbo=+6000 cdeg  linea=0x0
[gelatina] t= 4816 ms  ATTACK       rival=si d= 107 mm rumbo=+3000 cdeg  linea=0x0
[gelatina] t= 5016 ms  SEARCH       rival=no d=9999 mm rumbo=-6000 cdeg  linea=0x0
[gelatina] t= 5048 ms  TRACK        rival=si d= 120 mm rumbo=-6000 cdeg  linea=0x0
[gelatina] t= 5056 ms  ATTACK       rival=si d= 120 mm rumbo=-6000 cdeg  linea=0x0
[gelatina] t= 5312 ms  SEARCH       rival=no d=9999 mm rumbo=+4524 cdeg  linea=0x0
[gelatina] t= 5544 ms  ATTACK       rival=si d=  70 mm rumbo=-3000 cdeg  linea=0x8
WARNING: Contact joints between materials 'patin' and 'dohyo' will only be created for the 10 deepest contact points instead of all the 12 contact points.
[gelatina] t= 5776 ms  SEARCH       rival=no d=9999 mm rumbo=-3000 cdeg  linea=0x8
[gelatina] t= 5840 ms  TRACK        rival=si d=  60 mm rumbo=+6000 cdeg  linea=0x2
[gelatina] t= 5848 ms  ATTACK       rival=si d=  60 mm rumbo=+6000 cdeg  linea=0x2
[gelatina] t= 5976 ms  SEARCH       rival=no d=9999 mm rumbo=+6000 cdeg  linea=0x3
[gelatina] t= 6064 ms  TRACK        rival=si d= 434 mm rumbo=   +0 cdeg  linea=0x1
[gelatina] t= 6104 ms  ATTACK       rival=si d=  68 mm rumbo=-3229 cdeg  linea=0x0
Error: wb_supervisor_field_set_mf_vec3f() called on a read-only PROTO internal field.
Error: wb_supervisor_field_set_mf_vec3f() called on a read-only PROTO internal field.
Error: wb_supervisor_field_set_mf_vec3f() called on a read-only PROTO internal field.
Error: wb_supervisor_field_set_mf_vec3f() called on a read-only PROTO internal field.
[arbitro] asalto 29/30  lado     expulsado       -1   6.15 s
[inercia] asalto=29 robot=GELATINA rueda=0 rotor=1.93387651e-05
[inercia] asalto=29 robot=GELATINA rueda=1 rotor=2.56285785e-05
[inercia] asalto=29 robot=RIVAL rueda=0 rotor=2.94294961e-05
[inercia] asalto=29 robot=RIVAL rueda=1 rotor=3.0536506e-05
[planta] asalto=29 mu=1.28143648 slip=0.000702222109 aleatorio=1
[gelatina] fin de asalto motor={"battery_v":8.37814878,"resistance_ohm":[3.86747718,3.83671365],"bridge_ohm":[0.574219334,0.512992465],"omega_rad_s":[3.59307764,20.9597525],"current_a":[1.82668407,-0.138187958],"torque_nm":[0.0775217319,-0.0152190197],"applied_pwm":[1,0.160000026],"over_1_2a_samples":12398,"over_3_2a_samples":0}
[gelatina] t=    0 ms  WAIT         rival=no d=9999 mm rumbo=-4515 cdeg  linea=0x8
[rival] fin de asalto motor={"battery_v":8.35094497,"resistance_ohm":[3.98737073,4.21043987],"bridge_ohm":[0.627333462,0.662878561],"omega_rad_s":[-35.6660162,34.9465885],"current_a":[-0.318550396,0.382510641],"torque_nm":[-0.00479332803,0.0112135452],"applied_pwm":[-0.5,0.5],"over_1_2a_samples":333,"over_3_2a_samples":0}
[planta] gelatina ciclo=31 rueda=0 V=7.01196731 R=4.22808652 Rpuente=0.586115062 I0=0.170014885 Ke=0.072463821 Kt=0.0483794733
[planta] gelatina ciclo=31 rueda=1 V=7.01196731 R=3.81174626 Rpuente=0.589178979 I0=0.147140774 Ke=0.0811089341 Kt=0.0483794733
[sensores] gelatina ToF alcance=735.817456 minimo=23.8670874 sigma_rel=0.0715722275
[gelatina] pulsador recibido: permiso previsto 550064 ms
[planta] rival ciclo=31 rueda=0 V=7.05026116 R=3.70891438 Rpuente=0.630490899 I0=0.0937249482 Ke=0.0711979099 Kt=0.0483794733
[planta] rival ciclo=31 rueda=1 V=7.05026116 R=3.90925069 Rpuente=0.636213768 I0=0.128782082 Ke=0.0974377837 Kt=0.0483794733
[sensores] rival ToF alcance=1096.08399 minimo=42.1623528 sigma_rel=0.0406015539
[arranque] pulsador=545064 permiso=550064 ms
[gelatina] permiso de arranque a los 550064 ms
[gelatina] t=    0 ms  OPENING      rival=no d=9999 mm rumbo=-4515 cdeg  linea=0x0
WARNING: Contact joints between materials 'rueda' and 'dohyo' will only be created for the 10 deepest contact points instead of all the 12 contact points.
[gelatina] t=  112 ms  SEARCH       rival=no d=9999 mm rumbo=-4515 cdeg  linea=0x0
[gelatina] t=  224 ms  TRACK        rival=si d=  41 mm rumbo=-6000 cdeg  linea=0x0
[gelatina] t=  232 ms  ATTACK       rival=si d=  41 mm rumbo=-6000 cdeg  linea=0x0
[gelatina] t=  728 ms  SEARCH       rival=no d=9999 mm rumbo=  +24 cdeg  linea=0x0
[gelatina] t=  752 ms  TRACK        rival=si d=  36 mm rumbo=-6000 cdeg  linea=0x0
[gelatina] t=  760 ms  ATTACK       rival=si d=  36 mm rumbo=-6000 cdeg  linea=0x0
WARNING: Contact joints between materials 'patin' and 'dohyo' will only be created for the 10 deepest contact points instead of all the 16 contact points.
[arbitro] asalto 30/30  espalda  rival fuera     +1   1.26 s

[arbitro] RESULTADO  22W 6L 2D  win rate 73.3%  auto-salidas 3  t medio de victoria 10.42 s

[arbitro]   frente   9W 1L 0D
[arbitro]   lado     7W 2L 1D
[arbitro]   espalda  6W 3L 1D
[arbitro]   combate: gana 89.5%  jueces 0.0%  pierde 10.5%
[arbitro] resultados -> ../../../../result.json
INFO: 'arbitro' controller exited successfully.
INFO: medido: Terminating.
INFO: oponente: Terminating.
