WARNING: Contact joints between materials 'patin' and 'dohyo' will only be created for the 10 deepest contact points instead of all the 12 contact points.
INFO: medido: Starting controller: $LAB_ROOT/Mini-Sumo-real/runs/real/20260913T170831300380Z_v22_v0.3.0_banco_v0.3.0_s0_r1/project/webots/controllers/medido/medido
INFO: contrario: Starting controller: $LAB_ROOT/Mini-Sumo-real/runs/real/20260913T170831300380Z_v22_v0.3.0_banco_v0.3.0_s0_r1/project/webots/controllers/contrario/contrario
INFO: arbitro: Starting controller: $LAB_ROOT/Mini-Sumo-real/runs/real/20260913T170831300380Z_v22_v0.3.0_banco_v0.3.0_s0_r1/project/webots/controllers/arbitro/arbitro --rounds 30 --rival v0.3.0 --version v0.3.0 --colocacion banco --out ../../../../result.json
[planta] gelatina ciclo=1 rueda=0 V=7.36485623 R=4.25602584 Rpuente=0.612744129 I0=0.126091683 Ke=0.092558592 Kt=0.0483794733
[planta] gelatina ciclo=1 rueda=1 V=7.36485623 R=3.87064724 Rpuente=0.5311391 I0=0.129181051 Ke=0.0852744683 Kt=0.0483794733
[sensores] gelatina ToF alcance=1418.63086 minimo=21.0914713 sigma_rel=0.0961221409
[gelatina] HAL Webots listo: paso 8 ms, umbral de linea 400
[gelatina] estrategia v0.3.0 en linea
[planta] rival ciclo=1 rueda=0 V=7.3310377 R=3.8954165 Rpuente=0.600848401 I0=0.180732483 Ke=0.0948581567 Kt=0.0483794733
[planta] rival ciclo=1 rueda=1 V=7.3310377 R=3.89561467 Rpuente=0.654952586 I0=0.158428279 Ke=0.0980418484 Kt=0.0483794733
[sensores] rival ToF alcance=1467.89725 minimo=45.1080084 sigma_rel=0.0588060713
[rival] HAL Webots listo: paso 8 ms, umbral de linea 400
[rival] estrategia v0.3.0 en linea

[arbitro] 30 asaltos contra 'v0.3.0', colocacion banco, limite 60 s por asalto
[gelatina] t=    0 ms  WAIT         rival=no d=9999 mm rumbo=   +0 cdeg  linea=0x0
[rival] t=    0 ms  WAIT         rival=no d=9999 mm rumbo=   +0 cdeg  linea=0x0
[inercia] asalto=0 robot=GELATINA rueda=0 rotor=2.26145341e-05
[inercia] asalto=0 robot=GELATINA rueda=1 rotor=2.80318469e-05
[inercia] asalto=0 robot=RIVAL rueda=0 rotor=1.03646774e-05
[inercia] asalto=0 robot=RIVAL rueda=1 rotor=1.89769952e-05
[planta] asalto=0 mu=0.8364555 slip=0.000738541245 aleatorio=1
[planta] gelatina ciclo=2 rueda=0 V=7.40084512 R=4.10688725 Rpuente=0.572406459 I0=0.0936607003 Ke=0.0698853006 Kt=0.0483794733
[planta] gelatina ciclo=2 rueda=1 V=7.40084512 R=3.83835459 Rpuente=0.552155244 I0=0.199625596 Ke=0.0697456861 Kt=0.0483794733
[sensores] gelatina ToF alcance=1249.04298 minimo=21.2930501 sigma_rel=0.0465027428
[gelatina] pulsador recibido: permiso previsto 5312 ms
[planta] rival ciclo=2 rueda=0 V=7.99534413 R=3.71403046 Rpuente=0.594484353 I0=0.0934002846 Ke=0.0948363984 Kt=0.0483794733
[planta] rival ciclo=2 rueda=1 V=7.99534413 R=3.6196208 Rpuente=0.585172546 I0=0.147359303 Ke=0.0827417612 Kt=0.0483794733
[sensores] rival ToF alcance=757.486892 minimo=42.2123063 sigma_rel=0.084336791
[rival] pulsador recibido: permiso previsto 5312 ms
[arranque] pulsador=312 permiso=5312 ms
[gelatina] permiso de arranque a los 5312 ms
[gelatina] t=    0 ms  TRACK        rival=si d= 251 mm rumbo=   +0 cdeg  linea=0x0
[rival] permiso de arranque a los 5312 ms
[rival] t=    0 ms  TRACK        rival=si d= 262 mm rumbo=   +0 cdeg  linea=0x0
[gelatina] t=    8 ms  ATTACK       rival=si d= 251 mm rumbo=   +0 cdeg  linea=0x0
[rival] t=   64 ms  ATTACK       rival=si d= 240 mm rumbo=   +0 cdeg  linea=0x0
WARNING: Contact joints between materials 'patin' and 'dohyo' will only be created for the 10 deepest contact points instead of all the 24 contact points.
[gelatina] t=  280 ms  EDGE_ESCAPE  rival=si d=  74 mm rumbo=+1496 cdeg  linea=0x3
[gelatina] t=  944 ms  SEARCH       rival=no d=9999 mm rumbo=-6000 cdeg  linea=0x0
WARNING: Contact joints between materials 'rueda' and 'dohyo' will only be created for the 10 deepest contact points instead of all the 33 contact points.
[gelatina] t= 1136 ms  EDGE_ESCAPE  rival=no d=9999 mm rumbo=-6000 cdeg  linea=0x1
[rival] t= 1376 ms  SEARCH       rival=no d=9999 mm rumbo=-4349 cdeg  linea=0x0
[gelatina] t= 1800 ms  SEARCH       rival=si d= 120 mm rumbo=-1513 cdeg  linea=0x0
[gelatina] t= 1808 ms  TRACK        rival=si d= 116 mm rumbo=+4469 cdeg  linea=0x0
[gelatina] t= 1816 ms  ATTACK       rival=si d= 116 mm rumbo=+4469 cdeg  linea=0x0
[gelatina] t= 2056 ms  EDGE_ESCAPE  rival=si d= 168 mm rumbo=+6000 cdeg  linea=0x2
WARNING: Contact joints between materials 'patin' and 'dohyo' will only be created for the 10 deepest contact points instead of all the 25 contact points.
[gelatina] t= 2720 ms  SEARCH       rival=si d= 327 mm rumbo=-3223 cdeg  linea=0x1
[gelatina] t= 2728 ms  TRACK        rival=si d= 327 mm rumbo=-3223 cdeg  linea=0x1
[gelatina] t= 2864 ms  EDGE_ESCAPE  rival=si d= 246 mm rumbo=-2108 cdeg  linea=0x8
[arbitro] asalto  1/30  banco    auto-salida     -1   2.93 s
[inercia] asalto=1 robot=GELATINA rueda=0 rotor=9.44531643e-06
[inercia] asalto=1 robot=GELATINA rueda=1 rotor=2.62596416e-05
[inercia] asalto=1 robot=RIVAL rueda=0 rotor=1.57621794e-05
[inercia] asalto=1 robot=RIVAL rueda=1 rotor=2.04041997e-05
[planta] asalto=1 mu=1.37476293 slip=0.00111237705 aleatorio=1
[gelatina] fin de asalto motor={"battery_v":7.40084512,"resistance_ohm":[4.10688725,3.83835459],"bridge_ohm":[0.572406459,0.552155244],"omega_rad_s":[51.5089673,62.0242173],"current_a":[0.337844208,0.700356825],"torque_nm":[0.0118134695,0.0242251131],"applied_pwm":[0.700000048,1],"over_1_2a_samples":26,"over_3_2a_samples":0}
[gelatina] t=    0 ms  WAIT         rival=si d= 109 mm rumbo= +353 cdeg  linea=0xC
[rival] fin de asalto motor={"battery_v":7.99534413,"resistance_ohm":[3.71403046,3.6196208],"bridge_ohm":[0.594484353,0.585172546],"omega_rad_s":[42.2381369,45.7573099],"current_a":[0.0909191682,0.145405234],"torque_nm":[-0.000120035105,-9.45368311e-05],"applied_pwm":[0.550000012,0.550000012],"over_1_2a_samples":1,"over_3_2a_samples":0}
[rival] t=    0 ms  WAIT         rival=no d=9999 mm rumbo=-4349 cdeg  linea=0x0
[planta] gelatina ciclo=3 rueda=0 V=7.43466365 R=3.66749654 Rpuente=0.584302187 I0=0.189019892 Ke=0.0942266868 Kt=0.0483794733
[planta] gelatina ciclo=3 rueda=1 V=7.43466365 R=3.81338716 Rpuente=0.628341758 I0=0.170378369 Ke=0.0931979847 Kt=0.0483794733
[sensores] gelatina ToF alcance=1199.77666 minimo=27.276513 sigma_rel=0.0838188124
[gelatina] pulsador recibido: permiso previsto 13552 ms
[planta] rival ciclo=3 rueda=0 V=7.74568462 R=3.91137171 Rpuente=0.649971557 I0=0.121402636 Ke=0.0779893475 Kt=0.0483794733
[planta] rival ciclo=3 rueda=1 V=7.74568462 R=4.37315912 Rpuente=0.634254229 I0=0.20344854 Ke=0.0803429839 Kt=0.0483794733
[sensores] rival ToF alcance=1696.55499 minimo=23.2455051 sigma_rel=0.0747795963
[rival] pulsador recibido: permiso previsto 13552 ms
[arranque] pulsador=8552 permiso=13552 ms
[gelatina] permiso de arranque a los 13552 ms
[gelatina] t=    0 ms  TRACK        rival=si d= 272 mm rumbo=   +0 cdeg  linea=0x0
[rival] permiso de arranque a los 13552 ms
[rival] t=    0 ms  TRACK        rival=si d= 283 mm rumbo=   +0 cdeg  linea=0x0
[gelatina] t=  128 ms  ATTACK       rival=si d= 243 mm rumbo=   +0 cdeg  linea=0x0
[rival] t=  128 ms  ATTACK       rival=si d= 223 mm rumbo=   +0 cdeg  linea=0x0
WARNING: Contact joints between materials 'patin' and 'dohyo' will only be created for the 10 deepest contact points instead of all the 82 contact points.
[rival] t=  288 ms  EDGE_ESCAPE  rival=si d=  33 mm rumbo=-2815 cdeg  linea=0x3
[rival] t=  328 ms  ATTACK       rival=si d=  27 mm rumbo=+2475 cdeg  linea=0x2
[arbitro] asalto  2/30  banco    expulsado       -1   0.94 s
[inercia] asalto=2 robot=GELATINA rueda=0 rotor=1.53470491e-05
[inercia] asalto=2 robot=GELATINA rueda=1 rotor=3.54828401e-05
[inercia] asalto=2 robot=RIVAL rueda=0 rotor=3.22439504e-05
[inercia] asalto=2 robot=RIVAL rueda=1 rotor=1.78256371e-05
[planta] asalto=2 mu=1.1906902 slip=0.00167386723 aleatorio=1
[gelatina] fin de asalto motor={"battery_v":7.43466365,"resistance_ohm":[3.66749654,3.81338716],"bridge_ohm":[0.584302187,0.628341758],"omega_rad_s":[37.3762149,65.425765],"current_a":[0.215293709,0.301034627],"torque_nm":[0.00127111345,0.00632108095],"applied_pwm":[0.596828938,1],"over_1_2a_samples":29,"over_3_2a_samples":0}
[gelatina] t=    0 ms  WAIT         rival=si d=  27 mm rumbo=+6000 cdeg  linea=0x8
[rival] fin de asalto motor={"battery_v":7.74568462,"resistance_ohm":[3.91137171,4.37315912],"bridge_ohm":[0.649971557,0.634254229],"omega_rad_s":[44.6069317,70.6984603],"current_a":[0.59790747,0.412500271],"torque_nm":[0.0230530529,0.0101138127],"applied_pwm":[0.801236689,1],"over_1_2a_samples":4,"over_3_2a_samples":0}
[rival] t=    0 ms  WAIT         rival=si d=  40 mm rumbo=+6000 cdeg  linea=0x1
[planta] gelatina ciclo=4 rueda=0 V=7.47065254 R=4.31835794 Rpuente=0.543964529 I0=0.156588909 Ke=0.0685665134 Kt=0.0483794733
[planta] gelatina ciclo=4 rueda=1 V=7.47065254 R=3.78109455 Rpuente=0.649357903 I0=0.0908229142 Ke=0.0832451824 Kt=0.0483794733
[sensores] gelatina ToF alcance=1030.18878 minimo=27.4780917 sigma_rel=0.114199414
[gelatina] pulsador recibido: permiso previsto 19808 ms
[planta] rival ciclo=4 rueda=0 V=7.00999113 R=3.72998562 Rpuente=0.643607509 I0=0.184070438 Ke=0.0712029904 Kt=0.0483794733
[planta] rival ciclo=4 rueda=1 V=7.00999113 R=4.0971653 Rpuente=0.564474189 I0=0.192379564 Ke=0.069703396 Kt=0.0483794733
[sensores] rival ToF alcance=986.144626 minimo=20.3498012 sigma_rel=0.100310316
[rival] pulsador recibido: permiso previsto 19808 ms
[arranque] pulsador=14808 permiso=19808 ms
[gelatina] permiso de arranque a los 19808 ms
[gelatina] t=    0 ms  TRACK        rival=si d= 343 mm rumbo=   +0 cdeg  linea=0x0
[rival] permiso de arranque a los 19808 ms
[rival] t=    0 ms  TRACK        rival=si d= 270 mm rumbo=   +0 cdeg  linea=0x0
[rival] t=   32 ms  ATTACK       rival=si d= 254 mm rumbo=   +0 cdeg  linea=0x0
[gelatina] t=   64 ms  ATTACK       rival=si d= 242 mm rumbo=   +0 cdeg  linea=0x0
WARNING: Contact joints between materials 'patin' and 'dohyo' will only be created for the 10 deepest contact points instead of all the 29 contact points.
[rival] t=  320 ms  EDGE_ESCAPE  rival=si d=  23 mm rumbo=+3017 cdeg  linea=0x8
[gelatina] t=  680 ms  SEARCH       rival=no d=9999 mm rumbo=-3000 cdeg  linea=0x0
[gelatina] t=  720 ms  TRACK        rival=si d=  37 mm rumbo=-6000 cdeg  linea=0x0
[gelatina] t=  728 ms  ATTACK       rival=si d=  37 mm rumbo=-6000 cdeg  linea=0x0
[rival] t=  984 ms  SEARCH       rival=si d=  86 mm rumbo=-6000 cdeg  linea=0x0
[rival] t=  992 ms  TRACK        rival=si d=  86 mm rumbo=-6000 cdeg  linea=0x0
[rival] t= 1000 ms  ATTACK       rival=si d=  86 mm rumbo=-6000 cdeg  linea=0x0
WARNING: Contact joints between materials 'rueda' and 'dohyo' will only be created for the 10 deepest contact points instead of all the 13 contact points.
[rival] t= 1440 ms  SEARCH       rival=no d=9999 mm rumbo=+6000 cdeg  linea=0x0
[rival] t= 1512 ms  TRACK        rival=si d=  47 mm rumbo=+6000 cdeg  linea=0x0
[rival] t= 1520 ms  ATTACK       rival=si d=  47 mm rumbo=+6000 cdeg  linea=0x0
[rival] t= 1584 ms  EDGE_ESCAPE  rival=si d=  46 mm rumbo=+6000 cdeg  linea=0x1
[arbitro] asalto  3/30  banco    rival fuera     +1   1.86 s
[inercia] asalto=3 robot=GELATINA rueda=0 rotor=1.48304331e-05
[inercia] asalto=3 robot=GELATINA rueda=1 rotor=1.18224236e-05
[inercia] asalto=3 robot=RIVAL rueda=0 rotor=1.09047171e-05
[inercia] asalto=3 robot=RIVAL rueda=1 rotor=1.76097783e-05
[planta] asalto=3 mu=1.2826027 slip=0.00106291819 aleatorio=1
WARNING: DEF GELATINA GelatinaNuclear > HingeJoint "rueda_der" > Solid "rueda_der": Webots has detected that this solid is light and oblong according to its inertia matrix. This belongs in the physics edge cases, and can imply weird physical results. Increasing the weight of the object or reducing its eccentricity are recommended.
WARNING: DEF RIVAL GelatinaNuclear > HingeJoint "rueda_izq" > Solid "rueda_izq": Webots has detected that this solid is light and oblong according to its inertia matrix. This belongs in the physics edge cases, and can imply weird physical results. Increasing the weight of the object or reducing its eccentricity are recommended.
[gelatina] fin de asalto motor={"battery_v":7.47065254,"resistance_ohm":[4.31835794,3.78109455],"bridge_ohm":[0.543964529,0.649357903],"omega_rad_s":[45.7255316,50.1750942],"current_a":[0.891634048,0.743449502],"torque_nm":[0.0355610967,0.0315737306],"applied_pwm":[1,1],"over_1_2a_samples":59,"over_3_2a_samples":0}
[gelatina] t=    0 ms  WAIT         rival=si d=  30 mm rumbo=   +0 cdeg  linea=0x3
[rival] fin de asalto motor={"battery_v":7.00999113,"resistance_ohm":[3.72998562,4.0971653],"bridge_ohm":[0.643607509,0.564474189],"omega_rad_s":[-45.1208283,-68.2292181],"current_a":[-0.387383136,-0.483560116],"torque_nm":[-0.00983616126,-0.0140871617],"applied_pwm":[-0.700000048,-1],"over_1_2a_samples":30,"over_3_2a_samples":0}
[rival] t=    0 ms  WAIT         rival=si d= 168 mm rumbo=-6000 cdeg  linea=0x8
[arranque] pulsador=21976 permiso=26976 ms
[planta] gelatina ciclo=5 rueda=0 V=7.50447108 R=3.87896729 Rpuente=0.555860245 I0=0.101948109 Ke=0.0693291847 Kt=0.0483794733
[planta] gelatina ciclo=5 rueda=1 V=7.50447108 R=3.75612712 Rpuente=0.525544417 I0=0.211575678 Ke=0.0671260551 Kt=0.0483794733
[sensores] gelatina ToF alcance=980.922455 minimo=33.4615546 sigma_rel=0.0715154839
[gelatina] pulsador recibido: permiso previsto 26976 ms
[planta] rival ciclo=5 rueda=0 V=7.33795099 R=4.30922918 Rpuente=0.586078012 I0=0.119217575 Ke=0.0873178988 Kt=0.0483794733
[planta] rival ciclo=5 rueda=1 V=7.33795099 R=4.35173435 Rpuente=0.508019018 I0=0.164089081 Ke=0.0656203404 Kt=0.0483794733
[sensores] rival ToF alcance=1634.49379 minimo=42.0335317 sigma_rel=0.0726668024
[rival] pulsador recibido: permiso previsto 26976 ms
[gelatina] permiso de arranque a los 26976 ms
[gelatina] t=    0 ms  TRACK        rival=si d= 301 mm rumbo=   +0 cdeg  linea=0x0
[rival] permiso de arranque a los 26976 ms
[rival] t=    0 ms  TRACK        rival=si d= 281 mm rumbo=   +0 cdeg  linea=0x0
[rival] t=   32 ms  ATTACK       rival=si d= 250 mm rumbo=   +0 cdeg  linea=0x0
[gelatina] t=   64 ms  ATTACK       rival=si d= 255 mm rumbo=   +0 cdeg  linea=0x0
WARNING: Contact joints between materials 'patin' and 'dohyo' will only be created for the 10 deepest contact points instead of all the 14 contact points.
[rival] t=  264 ms  TRACK        rival=si d= 771 mm rumbo=-6000 cdeg  linea=0x1
[rival] t=  392 ms  ATTACK       rival=si d=  46 mm rumbo=   +0 cdeg  linea=0x0
[rival] t= 1040 ms  SEARCH       rival=no d=9999 mm rumbo=   +0 cdeg  linea=0x0
WARNING: Contact joints between materials 'patin' and 'dohyo' will only be created for the 10 deepest contact points instead of all the 50 contact points.
[gelatina] t= 1240 ms  SEARCH       rival=no d=9999 mm rumbo=+6000 cdeg  linea=0x0
[gelatina] t= 1320 ms  TRACK        rival=si d=  41 mm rumbo=-3000 cdeg  linea=0x0
[gelatina] t= 1328 ms  ATTACK       rival=si d=  41 mm rumbo=-3000 cdeg  linea=0x0
[rival] t= 1344 ms  TRACK        rival=si d= 233 mm rumbo=+6000 cdeg  linea=0x0
[rival] t= 1352 ms  ATTACK       rival=si d= 233 mm rumbo=+6000 cdeg  linea=0x0
[gelatina] t= 2104 ms  SEARCH       rival=no d=9999 mm rumbo=-3000 cdeg  linea=0x0
WARNING: Contact joints between materials 'patin' and 'dohyo' will only be created for the 10 deepest contact points instead of all the 19 contact points.
[gelatina] t= 2272 ms  TRACK        rival=si d=  28 mm rumbo=   +0 cdeg  linea=0x0
[gelatina] t= 2280 ms  ATTACK       rival=si d=  28 mm rumbo=   +0 cdeg  linea=0x0
[rival] t= 2824 ms  EDGE_ESCAPE  rival=si d= 330 mm rumbo=+4384 cdeg  linea=0x4
WARNING: Contact joints between materials 'patin' and 'dohyo' will only be created for the 10 deepest contact points instead of all the 14 contact points.
[rival] t= 3488 ms  SEARCH       rival=si d= 161 mm rumbo=+6000 cdeg  linea=0x0
[rival] t= 3496 ms  TRACK        rival=si d= 161 mm rumbo=+6000 cdeg  linea=0x0
[rival] t= 3504 ms  ATTACK       rival=si d= 161 mm rumbo=+6000 cdeg  linea=0x0
[gelatina] t= 3512 ms  EDGE_ESCAPE  rival=si d= 108 mm rumbo=-1512 cdeg  linea=0x4
[rival] t= 3712 ms  SEARCH       rival=no d=9999 mm rumbo=+6000 cdeg  linea=0x0
[rival] t= 3888 ms  TRACK        rival=si d= 111 mm rumbo=+6000 cdeg  linea=0x0
[rival] t= 3896 ms  ATTACK       rival=si d= 111 mm rumbo=+6000 cdeg  linea=0x0
[gelatina] t= 4176 ms  SEARCH       rival=si d=  55 mm rumbo=+4497 cdeg  linea=0x0
[gelatina] t= 4184 ms  TRACK        rival=si d=  89 mm rumbo=+6000 cdeg  linea=0x0
[gelatina] t= 4192 ms  ATTACK       rival=si d=  89 mm rumbo=+6000 cdeg  linea=0x0
[gelatina] t= 4408 ms  EDGE_ESCAPE  rival=si d=  89 mm rumbo=+6000 cdeg  linea=0x1
WARNING: Contact joints between materials 'patin' and 'dohyo' will only be created for the 10 deepest contact points instead of all the 11 contact points.
[rival] t= 4712 ms  EDGE_ESCAPE  rival=si d=  87 mm rumbo=   +0 cdeg  linea=0x1
[arbitro] asalto  4/30  banco    expulsado       -1   4.79 s
[inercia] asalto=4 robot=GELATINA rueda=0 rotor=2.47379504e-05
[inercia] asalto=4 robot=GELATINA rueda=1 rotor=1.92414347e-05
[inercia] asalto=4 robot=RIVAL rueda=0 rotor=1.60995954e-05
[inercia] asalto=4 robot=RIVAL rueda=1 rotor=2.92744263e-05
[planta] asalto=4 mu=0.729815042 slip=0.00141449273 aleatorio=1
[gelatina] fin de asalto motor={"battery_v":7.50447108,"resistance_ohm":[3.87896729,3.75612712],"bridge_ohm":[0.555860245,0.525544417],"omega_rad_s":[62.5959001,-14.8577796],"current_a":[0.459787412,-1.25685878],"torque_nm":[0.017312077,-0.050570246],"applied_pwm":[0.850000024,-0.850000024],"over_1_2a_samples":112,"over_3_2a_samples":0}
[gelatina] t=    0 ms  WAIT         rival=si d=  94 mm rumbo=+3033 cdeg  linea=0x0
[rival] fin de asalto motor={"battery_v":7.33795099,"resistance_ohm":[4.30922918,4.35173435],"bridge_ohm":[0.586078012,0.508019018],"omega_rad_s":[-11.7673459,-7.43475372],"current_a":[-0.83938882,-1.409553],"torque_nm":[-0.0348415055,-0.0602548938],"applied_pwm":[-0.700000048,-1],"over_1_2a_samples":188,"over_3_2a_samples":0}
[rival] t=    0 ms  WAIT         rival=no d=9999 mm rumbo=   +0 cdeg  linea=0x1
[planta] gelatina ciclo=6 rueda=0 V=7.54045988 R=3.72982864 Rpuente=0.515522587 I0=0.219517127 Ke=0.0691407664 Kt=0.0483794733
[planta] gelatina ciclo=6 rueda=1 V=7.54045988 R=3.72383447 Rpuente=0.546560562 I0=0.132020223 Ke=0.0905072248 Kt=0.0483794733
[sensores] gelatina ToF alcance=811.334574 minimo=33.6631316 sigma_rel=0.101896091
[gelatina] pulsador recibido: permiso previsto 37080 ms
[planta] rival ciclo=6 rueda=0 V=8.00225742 R=4.12784314 Rpuente=0.579713964 I0=0.181885377 Ke=0.0788056002 Kt=0.0483794733
[planta] rival ciclo=6 rueda=1 V=8.00225742 R=4.07574048 Rpuente=0.63823899 I0=0.153020105 Ke=0.0833654349 Kt=0.0483794733
[sensores] rival ToF alcance=924.083501 minimo=39.1378278 sigma_rel=0.0981975222
[rival] pulsador recibido: permiso previsto 37080 ms
[arranque] pulsador=32080 permiso=37080 ms
[gelatina] permiso de arranque a los 37080 ms
[gelatina] t=    0 ms  TRACK        rival=si d= 270 mm rumbo=   +0 cdeg  linea=0x0
[rival] permiso de arranque a los 37080 ms
[rival] t=    0 ms  TRACK        rival=si d= 313 mm rumbo=   +0 cdeg  linea=0x0
[gelatina] t=  128 ms  ATTACK       rival=si d= 236 mm rumbo=   +0 cdeg  linea=0x0
[rival] t=  128 ms  ATTACK       rival=si d= 228 mm rumbo=   +0 cdeg  linea=0x0
WARNING: Contact joints between materials 'patin' and 'dohyo' will only be created for the 10 deepest contact points instead of all the 19 contact points.
[rival] t=  712 ms  SEARCH       rival=no d=9999 mm rumbo=   +0 cdeg  linea=0x0
[rival] t=  720 ms  TRACK        rival=si d=  48 mm rumbo=   +0 cdeg  linea=0x0
[rival] t=  728 ms  ATTACK       rival=si d=  48 mm rumbo=   +0 cdeg  linea=0x0
[gelatina] t=  848 ms  SEARCH       rival=no d=9999 mm rumbo=+3000 cdeg  linea=0x0
[gelatina] t=  888 ms  TRACK        rival=si d= 458 mm rumbo=-4686 cdeg  linea=0x0
[gelatina] t=  920 ms  ATTACK       rival=si d=  56 mm rumbo=-2590 cdeg  linea=0x0
[arbitro] asalto  5/30  banco    expulsado       -1   0.94 s
[inercia] asalto=5 robot=GELATINA rueda=0 rotor=1.80220778e-05
[inercia] asalto=5 robot=GELATINA rueda=1 rotor=3.55475205e-05
[inercia] asalto=5 robot=RIVAL rueda=0 rotor=1.94917926e-05
[inercia] asalto=5 robot=RIVAL rueda=1 rotor=2.37972724e-05
[planta] asalto=5 mu=1.5307009 slip=0.000354548097 aleatorio=1
[gelatina] fin de asalto motor={"battery_v":7.54045988,"resistance_ohm":[3.72982864,3.72383447],"bridge_ohm":[0.515522587,0.546560562],"omega_rad_s":[29.8951755,32.4057397],"current_a":[0.928422876,0.0768770493],"torque_nm":[0.0342964868,-0.00266779771],"applied_pwm":[0.796828926,0.432500005],"over_1_2a_samples":128,"over_3_2a_samples":0}
[gelatina] t=    0 ms  WAIT         rival=si d= 255 mm rumbo=   +0 cdeg  linea=0x4
[rival] fin de asalto motor={"battery_v":8.00225742,"resistance_ohm":[4.12784314,4.07574048],"bridge_ohm":[0.579713964,0.63823899],"omega_rad_s":[25.3945594,70.9583424],"current_a":[0.254839029,0.442679981],"torque_nm":[0.0035294593,0.0140135923],"applied_pwm":[0.399999976,1],"over_1_2a_samples":192,"over_3_2a_samples":0}
[rival] t=    0 ms  WAIT         rival=si d= 268 mm rumbo=   +0 cdeg  linea=0x0
[planta] gelatina ciclo=7 rueda=0 V=7.5742785 R=4.09043798 Rpuente=0.527418315 I0=0.164876327 Ke=0.0681605179 Kt=0.0483794733
[planta] gelatina ciclo=7 rueda=1 V=7.5742785 R=3.69886703 Rpuente=0.622747076 I0=0.102772996 Ke=0.0797648297 Kt=0.0483794733
[sensores] gelatina ToF alcance=762.068176 minimo=39.6465945 sigma_rel=0.0592121553
[gelatina] pulsador recibido: permiso previsto 43328 ms
[planta] rival ciclo=7 rueda=0 V=7.75259792 R=4.32518439 Rpuente=0.635201168 I0=0.209887719 Ke=0.0654142189 Kt=0.0483794733
[planta] rival ciclo=7 rueda=1 V=7.75259792 R=4.0292788 Rpuente=0.687320662 I0=0.209109342 Ke=0.0831461469 Kt=0.0483794733
[sensores] rival ToF alcance=1863.15152 minimo=20.1710284 sigma_rel=0.0886403275
[rival] pulsador recibido: permiso previsto 43328 ms
[arranque] pulsador=38328 permiso=43328 ms
[gelatina] permiso de arranque a los 43328 ms
[gelatina] t=    0 ms  TRACK        rival=si d= 268 mm rumbo=   +0 cdeg  linea=0x0
[rival] permiso de arranque a los 43328 ms
[rival] t=    0 ms  TRACK        rival=si d= 246 mm rumbo=   +0 cdeg  linea=0x0
[rival] t=    8 ms  ATTACK       rival=si d= 246 mm rumbo=   +0 cdeg  linea=0x0
[gelatina] t=   64 ms  ATTACK       rival=si d= 259 mm rumbo=   +0 cdeg  linea=0x0
WARNING: Contact joints between materials 'patin' and 'dohyo' will only be created for the 10 deepest contact points instead of all the 87 contact points.
[rival] t=  480 ms  SEARCH       rival=no d=9999 mm rumbo=-1469 cdeg  linea=0x0
[rival] t=  552 ms  TRACK        rival=si d=  33 mm rumbo=+6000 cdeg  linea=0x0
[rival] t=  560 ms  ATTACK       rival=si d=  33 mm rumbo=+6000 cdeg  linea=0x0
[arbitro] asalto  6/30  banco    expulsado       -1   0.98 s
[inercia] asalto=6 robot=GELATINA rueda=0 rotor=3.26262665e-05
[inercia] asalto=6 robot=GELATINA rueda=1 rotor=2.82080197e-05
[inercia] asalto=6 robot=RIVAL rueda=0 rotor=3.48587131e-05
[inercia] asalto=6 robot=RIVAL rueda=1 rotor=3.53247898e-05
[planta] asalto=6 mu=1.06612322 slip=0.00198867857 aleatorio=1
WARNING: DEF GELATINA GelatinaNuclear > HingeJoint "rueda_der" > Solid "rueda_der": Webots has detected that this solid is light and oblong according to its inertia matrix. This belongs in the physics edge cases, and can imply weird physical results. Increasing the weight of the object or reducing its eccentricity are recommended.
[gelatina] fin de asalto motor={"battery_v":7.5742785,"resistance_ohm":[4.09043798,3.69886703],"bridge_ohm":[0.527418315,0.622747076],"omega_rad_s":[53.0617191,7.57841625],"current_a":[0.200575463,1.61277413],"torque_nm":[0.00172710538,0.073053062],"applied_pwm":[0.599785566,1],"over_1_2a_samples":152,"over_3_2a_samples":0}
[gelatina] t=    0 ms  WAIT         rival=no d=9999 mm rumbo=+2978 cdeg  linea=0x0
[rival] fin de asalto motor={"battery_v":7.75259792,"resistance_ohm":[4.32518439,4.0292788],"bridge_ohm":[0.635201168,0.687320662],"omega_rad_s":[100.842483,42.0311627],"current_a":[0.233059643,0.433338915],"torque_nm":[0.00112104549,0.0108481086],"applied_pwm":[1,0.714420557],"over_1_2a_samples":215,"over_3_2a_samples":0}
[rival] t=    0 ms  WAIT         rival=si d=  29 mm rumbo=   +0 cdeg  linea=0x8
[planta] gelatina ciclo=8 rueda=0 V=7.61026731 R=3.94129934 Rpuente=0.687080646 I0=0.132445344 Ke=0.0758400655 Kt=0.0483794733
[planta] gelatina ciclo=8 rueda=1 V=7.61026731 R=3.66657438 Rpuente=0.64376322 I0=0.173217541 Ke=0.0662343072 Kt=0.0483794733
[sensores] gelatina ToF alcance=1892.4803 minimo=39.8481733 sigma_rel=0.089592762
[gelatina] pulsador recibido: permiso previsto 49616 ms
[planta] rival ciclo=8 rueda=0 V=7.8170812 R=3.61420321 Rpuente=0.551313353 I0=0.080521971 Ke=0.0779089017 Kt=0.0483794733
[planta] rival ciclo=8 rueda=1 V=7.8170812 R=3.76878104 Rpuente=0.622384787 I0=0.21851036 Ke=0.0682264983 Kt=0.0483794733
[sensores] rival ToF alcance=1243.96493 minimo=22.8506535 sigma_rel=0.0766100645
[rival] pulsador recibido: permiso previsto 49616 ms
[arranque] pulsador=44616 permiso=49616 ms
[gelatina] permiso de arranque a los 49616 ms
[gelatina] t=    0 ms  OPENING      rival=no d=9999 mm rumbo=   +0 cdeg  linea=0x0
[rival] permiso de arranque a los 49616 ms
[rival] t=    0 ms  TRACK        rival=si d= 246 mm rumbo=   +0 cdeg  linea=0x0
[rival] t=    8 ms  ATTACK       rival=si d= 246 mm rumbo=   +0 cdeg  linea=0x0
[gelatina] t=   32 ms  TRACK        rival=si d= 306 mm rumbo=   +0 cdeg  linea=0x0
[gelatina] t=   64 ms  ATTACK       rival=si d= 239 mm rumbo=   +0 cdeg  linea=0x0
WARNING: Contact joints between materials 'rueda' and 'dohyo' will only be created for the 10 deepest contact points instead of all the 30 contact points.
[arbitro] asalto  7/30  banco    expulsado       -1   0.90 s
[inercia] asalto=7 robot=GELATINA rueda=0 rotor=2.75264398e-05
[inercia] asalto=7 robot=GELATINA rueda=1 rotor=1.34157057e-05
[inercia] asalto=7 robot=RIVAL rueda=0 rotor=2.22894117e-05
[inercia] asalto=7 robot=RIVAL rueda=1 rotor=1.36951441e-05
[planta] asalto=7 mu=0.754957771 slip=0.000744550467 aleatorio=1
WARNING: DEF GELATINA GelatinaNuclear > HingeJoint "rueda_izq" > Solid "rueda_izq": Webots has detected that this solid is light and oblong according to its inertia matrix. This belongs in the physics edge cases, and can imply weird physical results. Increasing the weight of the object or reducing its eccentricity are recommended.
WARNING: DEF RIVAL GelatinaNuclear > HingeJoint "rueda_izq" > Solid "rueda_izq": Webots has detected that this solid is light and oblong according to its inertia matrix. This belongs in the physics edge cases, and can imply weird physical results. Increasing the weight of the object or reducing its eccentricity are recommended.
WARNING: DEF RIVAL GelatinaNuclear > HingeJoint "rueda_der" > Solid "rueda_der": Webots has detected that this solid is light and oblong according to its inertia matrix. This belongs in the physics edge cases, and can imply weird physical results. Increasing the weight of the object or reducing its eccentricity are recommended.
[gelatina] fin de asalto motor={"battery_v":7.61026731,"resistance_ohm":[3.94129934,3.66657438],"bridge_ohm":[0.687080646,0.64376322],"omega_rad_s":[68.174005,84.9889501],"current_a":[-0.459386182,0.459612043],"torque_nm":[-0.0286324975,0.0138556152],"applied_pwm":[0.400000036,1],"over_1_2a_samples":162,"over_3_2a_samples":0}
[gelatina] t=    0 ms  WAIT         rival=si d= 339 mm rumbo=   +0 cdeg  linea=0xC
[rival] fin de asalto motor={"battery_v":7.8170812,"resistance_ohm":[3.61420321,3.76878104],"bridge_ohm":[0.551313353,0.622384787],"omega_rad_s":[38.6354899,70.4709387],"current_a":[0.0280358286,0.685261258],"torque_nm":[-0.00253925193,0.0225811626],"applied_pwm":[0.399999976,1],"over_1_2a_samples":233,"over_3_2a_samples":0}
[rival] t=    0 ms  WAIT         rival=si d= 278 mm rumbo=   +0 cdeg  linea=0x0
[planta] gelatina ciclo=9 rueda=0 V=7.64408584 R=4.30190868 Rpuente=0.698976374 I0=0.0778045356 Ke=0.0751103081 Kt=0.0483794733
[planta] gelatina ciclo=9 rueda=1 V=7.64408584 R=3.641607 Rpuente=0.519949734 I0=0.143970314 Ke=0.0864147125 Kt=0.0483794733
[sensores] gelatina ToF alcance=1843.21398 minimo=45.8316362 sigma_rel=0.0469088268
[gelatina] pulsador recibido: permiso previsto 55832 ms
[planta] rival ciclo=9 rueda=0 V=7.5674217 R=3.81154442 Rpuente=0.606800556 I0=0.108524323 Ke=0.097516376 Kt=0.0483794733
[planta] rival ciclo=9 rueda=1 V=7.5674217 R=3.72231936 Rpuente=0.671466458 I0=0.124599597 Ke=0.075415294 Kt=0.0483794733
[sensores] rival ToF alcance=883.033025 minimo=33.8838542 sigma_rel=0.0670528698
[rival] pulsador recibido: permiso previsto 55832 ms
[arranque] pulsador=50832 permiso=55832 ms
[gelatina] permiso de arranque a los 55832 ms
[gelatina] t=    0 ms  TRACK        rival=si d= 321 mm rumbo=   +0 cdeg  linea=0x0
[rival] permiso de arranque a los 55832 ms
[rival] t=    0 ms  TRACK        rival=si d= 279 mm rumbo=   +0 cdeg  linea=0x0
[gelatina] t=  128 ms  ATTACK       rival=si d= 245 mm rumbo=   +0 cdeg  linea=0x0
[rival] t=  128 ms  ATTACK       rival=si d= 237 mm rumbo=   +0 cdeg  linea=0x0
WARNING: Contact joints between materials 'patin' and 'dohyo' will only be created for the 10 deepest contact points instead of all the 97 contact points.
[gelatina] t=  776 ms  SEARCH       rival=no d=9999 mm rumbo=   +0 cdeg  linea=0x0
[gelatina] t= 1088 ms  TRACK        rival=si d=  60 mm rumbo=   +0 cdeg  linea=0x0
[gelatina] t= 1096 ms  ATTACK       rival=si d=  60 mm rumbo=   +0 cdeg  linea=0x0
WARNING: Contact joints between materials 'patin' and 'dohyo' will only be created for the 10 deepest contact points instead of all the 16 contact points.
[rival] t= 1304 ms  SEARCH       rival=no d=9999 mm rumbo=+6000 cdeg  linea=0x0
[rival] t= 1344 ms  TRACK        rival=si d=  83 mm rumbo=+6000 cdeg  linea=0x0
[rival] t= 1352 ms  ATTACK       rival=si d=  35 mm rumbo=+2958 cdeg  linea=0x0
[gelatina] t= 1376 ms  SEARCH       rival=no d=9999 mm rumbo=   +0 cdeg  linea=0x0
[gelatina] t= 1608 ms  TRACK        rival=si d= 121 mm rumbo=+6000 cdeg  linea=0x2
[gelatina] t= 1616 ms  ATTACK       rival=si d= 121 mm rumbo=+6000 cdeg  linea=0x0
[gelatina] t= 2000 ms  SEARCH       rival=no d=9999 mm rumbo=-6000 cdeg  linea=0x0
[gelatina] t= 2072 ms  TRACK        rival=si d=  50 mm rumbo=-6000 cdeg  linea=0x0
[gelatina] t= 2080 ms  ATTACK       rival=si d=  50 mm rumbo=-6000 cdeg  linea=0x0
WARNING: Contact joints between materials 'patin' and 'dohyo' will only be created for the 10 deepest contact points instead of all the 20 contact points.
[gelatina] t= 2464 ms  SEARCH       rival=no d=9999 mm rumbo=-6000 cdeg  linea=0x2
[rival] t= 2856 ms  SEARCH       rival=no d=9999 mm rumbo=+3000 cdeg  linea=0x0
[gelatina] t= 2864 ms  TRACK        rival=si d= 225 mm rumbo=+6000 cdeg  linea=0x0
[gelatina] t= 2872 ms  ATTACK       rival=si d= 225 mm rumbo=+6000 cdeg  linea=0x0
[arbitro] asalto  8/30  banco    expulsado       -1   2.88 s
[inercia] asalto=8 robot=GELATINA rueda=0 rotor=1.79272499e-05
[inercia] asalto=8 robot=GELATINA rueda=1 rotor=9.51810461e-06
[inercia] asalto=8 robot=RIVAL rueda=0 rotor=3.46787792e-05
[inercia] asalto=8 robot=RIVAL rueda=1 rotor=1.52327709e-05
[planta] asalto=8 mu=1.19211463 slip=0.00174366271 aleatorio=1
[gelatina] fin de asalto motor={"battery_v":7.64408584,"resistance_ohm":[4.30190868,3.641607],"bridge_ohm":[0.698976374,0.519949734],"omega_rad_s":[32.75734,-34.7691446],"current_a":[0.16910072,0.230628202],"torque_nm":[0.00441686131,0.0181228789],"applied_pwm":[0.432500005,-0.267500043],"over_1_2a_samples":170,"over_3_2a_samples":0}
[gelatina] t=    0 ms  WAIT         rival=si d= 266 mm rumbo=   +0 cdeg  linea=0x6
[rival] fin de asalto motor={"battery_v":7.5674217,"resistance_ohm":[3.81154442,3.72231936],"bridge_ohm":[0.606800556,0.671466458],"omega_rad_s":[32.3932164,57.909347],"current_a":[-0.714943963,0.0953946684],"torque_nm":[-0.039838962,-0.00141291906],"applied_pwm":[0,0.632499993],"over_1_2a_samples":241,"over_3_2a_samples":0}
[rival] t=    0 ms  WAIT         rival=si d= 267 mm rumbo=   +0 cdeg  linea=0x2
[planta] gelatina ciclo=10 rueda=0 V=7.68007473 R=4.15277009 Rpuente=0.658638716 I0=0.195373553 Ke=0.074630988 Kt=0.0483794733
[planta] gelatina ciclo=10 rueda=1 V=7.68007473 R=3.60931435 Rpuente=0.540965879 I0=0.214414859 Ke=0.0707102202 Kt=0.0483794733
[sensores] gelatina ToF alcance=1673.6261 minimo=46.0332131 sigma_rel=0.0772894335
[gelatina] pulsador recibido: permiso previsto 64024 ms
[planta] rival ciclo=10 rueda=0 V=7.05552305 R=3.81149516 Rpuente=0.69326303 I0=0.0777789295 Ke=0.0794629481 Kt=0.0483794733
[planta] rival ciclo=10 rueda=1 V=7.05552305 R=4.06926346 Rpuente=0.545976555 I0=0.21167028 Ke=0.0728582793 Kt=0.0483794733
[sensores] rival ToF alcance=1193.1313 minimo=34.9402601 sigma_rel=0.0501820707
[rival] pulsador recibido: permiso previsto 64024 ms
[arranque] pulsador=59024 permiso=64024 ms
[gelatina] permiso de arranque a los 64024 ms
[gelatina] t=    0 ms  TRACK        rival=si d= 268 mm rumbo=   +0 cdeg  linea=0x0
[rival] permiso de arranque a los 64024 ms
[rival] t=    0 ms  TRACK        rival=si d= 307 mm rumbo=   +0 cdeg  linea=0x0
[rival] t=   96 ms  ATTACK       rival=si d= 250 mm rumbo=   +0 cdeg  linea=0x0
[gelatina] t=  128 ms  ATTACK       rival=si d= 199 mm rumbo=   +0 cdeg  linea=0x0
WARNING: Contact joints between materials 'patin' and 'dohyo' will only be created for the 10 deepest contact points instead of all the 81 contact points.
[gelatina] t=  520 ms  SEARCH       rival=no d=9999 mm rumbo=-3000 cdeg  linea=0x0
[rival] t=  880 ms  SEARCH       rival=no d=9999 mm rumbo=+3000 cdeg  linea=0x0
[arbitro] asalto  9/30  banco    expulsado       -1   0.95 s
[inercia] asalto=9 robot=GELATINA rueda=0 rotor=1.93642069e-05
[inercia] asalto=9 robot=GELATINA rueda=1 rotor=1.02621617e-05
[inercia] asalto=9 robot=RIVAL rueda=0 rotor=1.83291403e-05
[inercia] asalto=9 robot=RIVAL rueda=1 rotor=1.2540775e-05
[planta] asalto=9 mu=1.43153319 slip=5.18010855e-05 aleatorio=1
WARNING: DEF RIVAL GelatinaNuclear > HingeJoint "rueda_izq" > Solid "rueda_izq": Webots has detected that this solid is light and oblong according to its inertia matrix. This belongs in the physics edge cases, and can imply weird physical results. Increasing the weight of the object or reducing its eccentricity are recommended.
[gelatina] fin de asalto motor={"battery_v":7.68007473,"resistance_ohm":[4.15277009,3.60931435],"bridge_ohm":[0.658638716,0.540965879],"omega_rad_s":[41.9368547,-42.2197373],"current_a":[0.35911692,-0.145789734],"torque_nm":[0.00792181784,0.00332004739],"applied_pwm":[0.632499993,-0.467500031],"over_1_2a_samples":172,"over_3_2a_samples":0}
[gelatina] t=    0 ms  WAIT         rival=no d=9999 mm rumbo=-3000 cdeg  linea=0x0
[rival] fin de asalto motor={"battery_v":7.05552305,"resistance_ohm":[3.81149516,4.06926346],"bridge_ohm":[0.69326303,0.545976555],"omega_rad_s":[15.7534772,39.1495856],"current_a":[-1.01010416,0.348897745],"torque_nm":[-0.0526312109,0.00663899253],"applied_pwm":[-0.467500031,0.632499993],"over_1_2a_samples":275,"over_3_2a_samples":0}
[rival] t=    0 ms  WAIT         rival=no d=9999 mm rumbo=+3000 cdeg  linea=0x3
[planta] gelatina ciclo=11 rueda=0 V=7.71389326 R=3.71337938 Rpuente=0.670534432 I0=0.140732753 Ke=0.0753222627 Kt=0.0483794733
[planta] gelatina ciclo=11 rueda=1 V=7.71389326 R=4.38434691 Rpuente=0.617152393 I0=0.185167623 Ke=0.0921916795 Kt=0.0483794733
[sensores] gelatina ToF alcance=1624.35977 minimo=22.0166779 sigma_rel=0.114605503
[gelatina] pulsador recibido: permiso previsto 70288 ms
[planta] rival ciclo=11 rueda=0 V=8.34476242 R=4.18496747 Rpuente=0.605813777 I0=0.177209732 Ke=0.0724899875 Kt=0.0483794733
[planta] rival ciclo=11 rueda=1 V=8.34476242 R=4.35398736 Rpuente=0.664154279 I0=0.198033249 Ke=0.0690945462 Kt=0.0483794733
[sensores] rival ToF alcance=931.619328 minimo=35.9328008 sigma_rel=0.076755271
[rival] pulsador recibido: permiso previsto 70288 ms
[arranque] pulsador=65288 permiso=70288 ms
[gelatina] permiso de arranque a los 70288 ms
[gelatina] t=    0 ms  TRACK        rival=si d= 305 mm rumbo=   +0 cdeg  linea=0x0
[rival] permiso de arranque a los 70288 ms
[rival] t=    0 ms  TRACK        rival=si d= 279 mm rumbo=   +0 cdeg  linea=0x0
[gelatina] t=   32 ms  ATTACK       rival=si d= 246 mm rumbo=   +0 cdeg  linea=0x0
[rival] t=   96 ms  ATTACK       rival=si d= 244 mm rumbo=   +0 cdeg  linea=0x0
WARNING: Contact joints between materials 'patin' and 'dohyo' will only be created for the 10 deepest contact points instead of all the 48 contact points.
[gelatina] t=  584 ms  SEARCH       rival=no d=9999 mm rumbo=+3000 cdeg  linea=0x0
[rival] t=  584 ms  SEARCH       rival=no d=9999 mm rumbo=+3000 cdeg  linea=0x0
[rival] t=  592 ms  TRACK        rival=si d=  46 mm rumbo=+3000 cdeg  linea=0x0
[rival] t=  600 ms  ATTACK       rival=si d=  46 mm rumbo=+3000 cdeg  linea=0x0
[gelatina] t=  624 ms  TRACK        rival=si d=  34 mm rumbo=+3000 cdeg  linea=0x0
[gelatina] t=  632 ms  ATTACK       rival=si d=  34 mm rumbo=+3000 cdeg  linea=0x0
[arbitro] asalto 10/30  banco    rival fuera     +1   0.92 s
[inercia] asalto=10 robot=GELATINA rueda=0 rotor=1.29774204e-05
[inercia] asalto=10 robot=GELATINA rueda=1 rotor=2.5496477e-05
[inercia] asalto=10 robot=RIVAL rueda=0 rotor=3.04455067e-05
[inercia] asalto=10 robot=RIVAL rueda=1 rotor=3.42000178e-05
[planta] asalto=10 mu=1.40963463 slip=0.000815753222 aleatorio=1
[gelatina] fin de asalto motor={"battery_v":7.71389326,"resistance_ohm":[3.71337938,4.38434691],"bridge_ohm":[0.670534432,0.617152393],"omega_rad_s":[29.8409938,29.3000779],"current_a":[1.24687718,1.00223344],"torque_nm":[0.0535146847,0.0395292141],"applied_pwm":[1,1],"over_1_2a_samples":188,"over_3_2a_samples":0}
[gelatina] t=    0 ms  WAIT         rival=si d=  38 mm rumbo=   +0 cdeg  linea=0x0
[rival] fin de asalto motor={"battery_v":8.34476242,"resistance_ohm":[4.18496747,4.35398736],"bridge_ohm":[0.605813777,0.664154279],"omega_rad_s":[58.0790857,62.3643966],"current_a":[0.863034652,-0.19352481],"torque_nm":[0.0331798484,-0.0189433727],"applied_pwm":[1,0.399999976],"over_1_2a_samples":283,"over_3_2a_samples":0}
[rival] t=    0 ms  WAIT         rival=no d=9999 mm rumbo=-6000 cdeg  linea=0x9
[planta] gelatina ciclo=12 rueda=0 V=7.74988215 R=4.36424079 Rpuente=0.630196774 I0=0.108301771 Ke=0.0827230054 Kt=0.0483794733
[planta] gelatina ciclo=12 rueda=1 V=7.74988215 R=4.35205426 Rpuente=0.638168538 I0=0.105612168 Ke=0.0829160018 Kt=0.0483794733
[sensores] gelatina ToF alcance=1454.77189 minimo=22.2182548 sigma_rel=0.064986105
[gelatina] pulsador recibido: permiso previsto 76520 ms
[planta] rival ciclo=12 rueda=0 V=7.47017006 R=3.82745032 Rpuente=0.542386186 I0=0.168449083 Ke=0.0899085413 Kt=0.0483794733
[planta] rival ciclo=12 rueda=1 V=7.47017006 R=3.74680791 Rpuente=0.525278199 I0=0.106690541 Ke=0.0706816333 Kt=0.0483794733
[sensores] rival ToF alcance=1421.78903 minimo=43.077755 sigma_rel=0.0661555958
[rival] pulsador recibido: permiso previsto 76520 ms
[arranque] pulsador=71520 permiso=76520 ms
[gelatina] permiso de arranque a los 76520 ms
[gelatina] t=    0 ms  TRACK        rival=si d= 311 mm rumbo=   +0 cdeg  linea=0x0
[rival] permiso de arranque a los 76520 ms
[rival] t=    0 ms  TRACK        rival=si d= 315 mm rumbo=   +0 cdeg  linea=0x0
[gelatina] t=   96 ms  ATTACK       rival=si d= 258 mm rumbo=   +0 cdeg  linea=0x0
[rival] t=  128 ms  ATTACK       rival=si d= 222 mm rumbo=   +0 cdeg  linea=0x0
WARNING: Contact joints between materials 'patin' and 'dohyo' will only be created for the 10 deepest contact points instead of all the 77 contact points.
[rival] t=  520 ms  SEARCH       rival=no d=9999 mm rumbo=-3000 cdeg  linea=0x0
[rival] t=  720 ms  TRACK        rival=si d= 102 mm rumbo=+6000 cdeg  linea=0x0
[rival] t=  728 ms  ATTACK       rival=si d= 102 mm rumbo=+6000 cdeg  linea=0x0
[rival] t= 1008 ms  SEARCH       rival=no d=9999 mm rumbo=+6000 cdeg  linea=0x0
[rival] t= 1056 ms  TRACK        rival=si d= 572 mm rumbo=-6000 cdeg  linea=0x0
[rival] t= 1416 ms  ATTACK       rival=si d= 102 mm rumbo=-3772 cdeg  linea=0x0
WARNING: Contact joints between materials 'patin' and 'dohyo' will only be created for the 10 deepest contact points instead of all the 18 contact points.
[arbitro] asalto 11/30  banco    rival fuera     +1   1.43 s
[inercia] asalto=11 robot=GELATINA rueda=0 rotor=3.59326755e-05
[inercia] asalto=11 robot=GELATINA rueda=1 rotor=3.07028105e-05
[inercia] asalto=11 robot=RIVAL rueda=0 rotor=2.12941518e-05
[inercia] asalto=11 robot=RIVAL rueda=1 rotor=1.95678381e-05
[planta] asalto=11 mu=0.611160374 slip=6.14310503e-05 aleatorio=1
WARNING: DEF RIVAL GelatinaNuclear > HingeJoint "rueda_der" > Solid "rueda_der": Webots has detected that this solid is light and oblong according to its inertia matrix. This belongs in the physics edge cases, and can imply weird physical results. Increasing the weight of the object or reducing its eccentricity are recommended.
[gelatina] fin de asalto motor={"battery_v":7.74988215,"resistance_ohm":[4.36424079,4.35205426],"bridge_ohm":[0.630196774,0.638168538],"omega_rad_s":[23.6123398,54.3339951],"current_a":[0.535009234,0.650216363],"torque_nm":[0.0206438823,0.0263476641],"applied_pwm":[0.596828938,1],"over_1_2a_samples":196,"over_3_2a_samples":0}
[gelatina] t=    0 ms  WAIT         rival=si d= 260 mm rumbo=   +0 cdeg  linea=0x3
[rival] fin de asalto motor={"battery_v":7.47017006,"resistance_ohm":[3.82745032,3.74680791],"bridge_ohm":[0.542386186,0.525278199],"omega_rad_s":[69.9542742,1.26589752],"current_a":[0.270189353,0.451177772],"torque_nm":[0.0049221407,0.0174265129],"applied_pwm":[1,0.270000011],"over_1_2a_samples":309,"over_3_2a_samples":0}
[rival] t=    0 ms  WAIT         rival=si d= 254 mm rumbo=   +0 cdeg  linea=0x5
[planta] gelatina ciclo=13 rueda=0 V=7.78370068 R=3.92485013 Rpuente=0.642092502 I0=0.203660962 Ke=0.0742814305 Kt=0.0483794733
[planta] gelatina ciclo=13 rueda=1 V=7.78370068 R=4.32708683 Rpuente=0.514355052 I0=0.0763649404 Ke=0.0741961264 Kt=0.0483794733
[sensores] gelatina ToF alcance=1405.5055 minimo=28.2017177 sigma_rel=0.102302175
[gelatina] pulsador recibido: permiso previsto 83264 ms
[planta] rival ciclo=13 rueda=0 V=7.35940934 R=4.20092268 Rpuente=0.654936934 I0=0.117879885 Ke=0.0912495989 Kt=0.0483794733
[planta] rival ciclo=13 rueda=1 V=7.35940934 R=4.03153186 Rpuente=0.643455923 I0=0.0930535108 Ke=0.100742583 Kt=0.0483794733
[sensores] rival ToF alcance=1160.27706 minimo=44.0702975 sigma_rel=0.092728796
[rival] pulsador recibido: permiso previsto 83264 ms
[arranque] pulsador=78264 permiso=83264 ms
[gelatina] permiso de arranque a los 83264 ms
[gelatina] t=    0 ms  TRACK        rival=si d= 321 mm rumbo=   +0 cdeg  linea=0x0
[rival] permiso de arranque a los 83264 ms
[rival] t=    0 ms  TRACK        rival=si d= 236 mm rumbo=   +0 cdeg  linea=0x0
[rival] t=    8 ms  ATTACK       rival=si d= 236 mm rumbo=   +0 cdeg  linea=0x0
[gelatina] t=   32 ms  ATTACK       rival=si d= 224 mm rumbo=   +0 cdeg  linea=0x0
WARNING: Contact joints between materials 'patin' and 'dohyo' will only be created for the 10 deepest contact points instead of all the 71 contact points.
[rival] t=  616 ms  SEARCH       rival=no d=9999 mm rumbo=+3618 cdeg  linea=0x0
[rival] t=  720 ms  TRACK        rival=si d=  42 mm rumbo=   +0 cdeg  linea=0x0
[rival] t=  728 ms  ATTACK       rival=si d=  42 mm rumbo=   +0 cdeg  linea=0x0
[rival] t= 1112 ms  SEARCH       rival=no d=9999 mm rumbo=-6000 cdeg  linea=0x0
[rival] t= 1184 ms  TRACK        rival=si d=  41 mm rumbo=-6000 cdeg  linea=0x1
[rival] t= 1192 ms  ATTACK       rival=si d=  41 mm rumbo=-6000 cdeg  linea=0x5
WARNING: Contact joints between materials 'patin' and 'dohyo' will only be created for the 10 deepest contact points instead of all the 22 contact points.
[arbitro] asalto 12/30  banco    rival fuera     +1   1.41 s
[inercia] asalto=12 robot=GELATINA rueda=0 rotor=2.88082981e-05
[inercia] asalto=12 robot=GELATINA rueda=1 rotor=2.21846125e-05
[inercia] asalto=12 robot=RIVAL rueda=0 rotor=2.02228593e-05
[inercia] asalto=12 robot=RIVAL rueda=1 rotor=1.29426815e-05
[planta] asalto=12 mu=1.27170733 slip=0.00193049967 aleatorio=1
WARNING: DEF GELATINA GelatinaNuclear > HingeJoint "rueda_izq" > Solid "rueda_izq": Webots has detected that this solid is light and oblong according to its inertia matrix. This belongs in the physics edge cases, and can imply weird physical results. Increasing the weight of the object or reducing its eccentricity are recommended.
WARNING: DEF GELATINA GelatinaNuclear > HingeJoint "rueda_der" > Solid "rueda_der": Webots has detected that this solid is light and oblong according to its inertia matrix. This belongs in the physics edge cases, and can imply weird physical results. Increasing the weight of the object or reducing its eccentricity are recommended.
[gelatina] fin de asalto motor={"battery_v":7.78370068,"resistance_ohm":[3.92485013,4.32708683],"bridge_ohm":[0.642092502,0.514355052],"omega_rad_s":[62.8381667,80.1796399],"current_a":[0.682292734,0.378953631],"torque_nm":[0.023155953,0.0146390815],"applied_pwm":[1,1],"over_1_2a_samples":202,"over_3_2a_samples":0}
[gelatina] t=    0 ms  WAIT         rival=no d=9999 mm rumbo=   +0 cdeg  linea=0x1
[rival] fin de asalto motor={"battery_v":7.35940934,"resistance_ohm":[4.20092268,4.03153186],"bridge_ohm":[0.654936934,0.643455923],"omega_rad_s":[23.0741862,46.2253667],"current_a":[0.172627174,0.578086323],"torque_nm":[0.00264864499,0.023465632],"applied_pwm":[0.399999976,1],"over_1_2a_samples":315,"over_3_2a_samples":0}
[rival] t=    0 ms  WAIT         rival=si d= 168 mm rumbo=+6000 cdeg  linea=0x6
[planta] gelatina ciclo=14 rueda=0 V=7.81968949 R=3.77571149 Rpuente=0.601754832 I0=0.171229979 Ke=0.0835035964 Kt=0.0483794733
[planta] gelatina ciclo=14 rueda=1 V=7.81968949 R=4.29479418 Rpuente=0.535371196 I0=0.146809486 Ke=0.0898969561 Kt=0.0483794733
[sensores] gelatina ToF alcance=1235.91762 minimo=28.4032965 sigma_rel=0.0526827812
[gelatina] pulsador recibido: permiso previsto 89984 ms
[planta] rival ciclo=14 rueda=0 V=7.06243634 R=4.2253078 Rpuente=0.678492641 I0=0.166264021 Ke=0.0672468628 Kt=0.0483794733
[planta] rival ciclo=14 rueda=1 V=7.06243634 R=3.72538314 Rpuente=0.599042988 I0=0.217331082 Ke=0.0752747108 Kt=0.0483794733
[sensores] rival ToF alcance=1359.72791 minimo=31.8657815 sigma_rel=0.0640428019
[rival] pulsador recibido: permiso previsto 89984 ms
[arranque] pulsador=84984 permiso=89984 ms
[gelatina] permiso de arranque a los 89984 ms
[gelatina] t=    0 ms  TRACK        rival=si d= 245 mm rumbo=   +0 cdeg  linea=0x0
[rival] permiso de arranque a los 89984 ms
[rival] t=    0 ms  TRACK        rival=si d= 285 mm rumbo=   +0 cdeg  linea=0x0
[gelatina] t=    7 ms  ATTACK       rival=si d= 245 mm rumbo=   +0 cdeg  linea=0x0
[rival] t=   31 ms  ATTACK       rival=si d= 256 mm rumbo=   +0 cdeg  linea=0x0
WARNING: Contact joints between materials 'patin' and 'dohyo' will only be created for the 10 deepest contact points instead of all the 93 contact points.
[arbitro] asalto 13/30  banco    rival fuera     +1   0.81 s
[inercia] asalto=13 robot=GELATINA rueda=0 rotor=2.61794023e-05
[inercia] asalto=13 robot=GELATINA rueda=1 rotor=2.46104581e-05
[inercia] asalto=13 robot=RIVAL rueda=0 rotor=2.3552737e-05
[inercia] asalto=13 robot=RIVAL rueda=1 rotor=1.04106477e-05
[planta] asalto=13 mu=1.50209305 slip=0.0014939425 aleatorio=1
[gelatina] fin de asalto motor={"battery_v":7.81968949,"resistance_ohm":[3.77571149,4.29479418],"bridge_ohm":[0.601754832,0.535371196],"omega_rad_s":[42.7236121,65.5485843],"current_a":[0.257401141,0.398965901],"torque_nm":[0.00416891539,0.0121991946],"applied_pwm":[0.600323081,1],"over_1_2a_samples":224,"over_3_2a_samples":0}
[gelatina] t=    0 ms  WAIT         rival=si d= 301 mm rumbo=   +0 cdeg  linea=0x3
[rival] fin de asalto motor={"battery_v":7.06243634,"resistance_ohm":[4.2253078,3.72538314],"bridge_ohm":[0.678492641,0.599042988],"omega_rad_s":[16.8534812,78.8835859],"current_a":[0.344963188,0.260033863],"torque_nm":[0.00864537156,0.00206593806],"applied_pwm":[0.399999976,1],"over_1_2a_samples":317,"over_3_2a_samples":0}
[rival] t=    0 ms  WAIT         rival=si d= 295 mm rumbo=   +0 cdeg  linea=0x8
[planta] gelatina ciclo=15 rueda=0 V=7.8535081 R=4.13632083 Rpuente=0.61365056 I0=0.11658918 Ke=0.0819797387 Kt=0.0483794733
[planta] gelatina ciclo=15 rueda=1 V=7.8535081 R=4.26982679 Rpuente=0.61155771 I0=0.117562258 Ke=0.0793098335 Kt=0.0483794733
[sensores] gelatina ToF alcance=1186.6513 minimo=34.3867594 sigma_rel=0.0899988461
[gelatina] pulsador recibido: permiso previsto 96104 ms
[planta] rival ciclo=15 rueda=0 V=7.79608055 R=3.89425573 Rpuente=0.562789214 I0=0.12998102 Ke=0.0820266753 Kt=0.0483794733
[planta] rival ciclo=15 rueda=1 V=7.79608055 R=4.28536472 Rpuente=0.640836501 I0=0.182599112 Ke=0.0697131144 Kt=0.0483794733
[sensores] rival ToF alcance=700.536126 minimo=43.0209565 sigma_rel=0.106094422
[rival] pulsador recibido: permiso previsto 96104 ms
[arranque] pulsador=91104 permiso=96104 ms
[gelatina] permiso de arranque a los 96104 ms
[gelatina] t=    0 ms  TRACK        rival=si d= 283 mm rumbo=   +0 cdeg  linea=0x0
[rival] permiso de arranque a los 96104 ms
[rival] t=    0 ms  TRACK        rival=si d= 282 mm rumbo=   +0 cdeg  linea=0x0
[rival] t=   32 ms  ATTACK       rival=si d= 238 mm rumbo=   +0 cdeg  linea=0x0
[gelatina] t=  128 ms  ATTACK       rival=si d= 211 mm rumbo=   +0 cdeg  linea=0x0
WARNING: Contact joints between materials 'patin' and 'dohyo' will only be created for the 10 deepest contact points instead of all the 137 contact points.
[rival] t=  552 ms  SEARCH       rival=no d=9999 mm rumbo=   +0 cdeg  linea=0x0
[arbitro] asalto 14/30  banco    expulsado       -1   0.58 s
[inercia] asalto=14 robot=GELATINA rueda=0 rotor=3.45519821e-05
[inercia] asalto=14 robot=GELATINA rueda=1 rotor=1.80819447e-05
[inercia] asalto=14 robot=RIVAL rueda=0 rotor=2.99833326e-05
[inercia] asalto=14 robot=RIVAL rueda=1 rotor=1.6403885e-05
[planta] asalto=14 mu=1.02143929 slip=0.00112669098 aleatorio=1
[gelatina] fin de asalto motor={"battery_v":7.8535081,"resistance_ohm":[4.13632083,4.26982679],"bridge_ohm":[0.61365056,0.61155771],"omega_rad_s":[81.7233088,69.6899848],"current_a":[0.242917799,0.210641283],"torque_nm":[0.00611171208,0.00450311419],"applied_pwm":[1,0.834699869],"over_1_2a_samples":228,"over_3_2a_samples":0}
[gelatina] t=    0 ms  WAIT         rival=si d= 405 mm rumbo=+3233 cdeg  linea=0x0
[rival] fin de asalto motor={"battery_v":7.79608055,"resistance_ohm":[3.89425573,4.28536472],"bridge_ohm":[0.562789214,0.640836501],"omega_rad_s":[63.6741725,71.3143741],"current_a":[-0.82201646,-0.00822666784],"torque_nm":[-0.0460571367,-0.00923205075],"applied_pwm":[0.200000033,0.632499993],"over_1_2a_samples":331,"over_3_2a_samples":3}
[rival] t=    0 ms  WAIT         rival=no d=9999 mm rumbo=   +0 cdeg  linea=0x0
[planta] gelatina ciclo=16 rueda=0 V=7.88949691 R=3.98718219 Rpuente=0.573312902 I0=0.084158197 Ke=0.0922485782 Kt=0.0483794733
[planta] gelatina ciclo=16 rueda=1 V=7.88949691 R=4.23753414 Rpuente=0.632573855 I0=0.188006803 Ke=0.0651499959 Kt=0.0483794733
[sensores] gelatina ToF alcance=1017.06342 minimo=34.5883363 sigma_rel=0.0403794527
[gelatina] pulsador recibido: permiso previsto 102000 ms
[planta] rival ciclo=16 rueda=0 V=7.74781677 R=3.87866006 Rpuente=0.517816639 I0=0.143965557 Ke=0.0764131643 Kt=0.0483794733
[planta] rival ciclo=16 rueda=1 V=7.74781677 R=3.68229089 Rpuente=0.565757143 I0=0.131612831 Ke=0.0819868945 Kt=0.0483794733
[sensores] rival ToF alcance=1355.56148 minimo=42.1142519 sigma_rel=0.0523576927
[rival] pulsador recibido: permiso previsto 102000 ms
[arranque] pulsador=97000 permiso=102000 ms
[gelatina] permiso de arranque a los 102000 ms
[gelatina] t=    0 ms  TRACK        rival=si d= 276 mm rumbo=   +0 cdeg  linea=0x0
[rival] permiso de arranque a los 102000 ms
[rival] t=    0 ms  TRACK        rival=si d= 309 mm rumbo=   +0 cdeg  linea=0x0
[rival] t=   32 ms  ATTACK       rival=si d= 254 mm rumbo=   +0 cdeg  linea=0x0
[gelatina] t=   96 ms  ATTACK       rival=si d= 244 mm rumbo=   +0 cdeg  linea=0x0
WARNING: Contact joints between materials 'rueda' and 'dohyo' will only be created for the 10 deepest contact points instead of all the 12 contact points.
[rival] t=  552 ms  SEARCH       rival=no d=9999 mm rumbo=-3568 cdeg  linea=0x0
[rival] t=  656 ms  TRACK        rival=si d=  71 mm rumbo=   +0 cdeg  linea=0x0
[rival] t=  664 ms  ATTACK       rival=si d=  71 mm rumbo=   +0 cdeg  linea=0x0
[gelatina] t= 1272 ms  SEARCH       rival=no d=9999 mm rumbo=+6000 cdeg  linea=0x0
[rival] t= 1272 ms  SEARCH       rival=no d=9999 mm rumbo=+6000 cdeg  linea=0x4
[gelatina] t= 1384 ms  TRACK        rival=si d=  75 mm rumbo=   +0 cdeg  linea=0x0
[rival] t= 1384 ms  TRACK        rival=si d=  51 mm rumbo=+3000 cdeg  linea=0x8
[gelatina] t= 1392 ms  ATTACK       rival=si d=  75 mm rumbo=   +0 cdeg  linea=0x0
[rival] t= 1392 ms  ATTACK       rival=si d=  51 mm rumbo=+3000 cdeg  linea=0x8
WARNING: Contact joints between materials 'patin' and 'dohyo' will only be created for the 10 deepest contact points instead of all the 18 contact points.
[gelatina] t= 1872 ms  SEARCH       rival=no d=9999 mm rumbo=   +0 cdeg  linea=0x0
[gelatina] t= 1976 ms  TRACK        rival=si d=  36 mm rumbo=  -84 cdeg  linea=0x0
[gelatina] t= 1984 ms  ATTACK       rival=si d=  36 mm rumbo=  -84 cdeg  linea=0x0
[rival] t= 2000 ms  SEARCH       rival=no d=9999 mm rumbo=+6000 cdeg  linea=0x0
[rival] t= 2040 ms  TRACK        rival=si d=  58 mm rumbo=+6000 cdeg  linea=0x0
[rival] t= 2048 ms  ATTACK       rival=si d=  58 mm rumbo=+6000 cdeg  linea=0x0
[gelatina] t= 2328 ms  SEARCH       rival=no d=9999 mm rumbo=-4486 cdeg  linea=0x0
[rival] t= 2360 ms  SEARCH       rival=no d=9999 mm rumbo=+3000 cdeg  linea=0x0
[gelatina] t= 2368 ms  TRACK        rival=si d=  39 mm rumbo=   +0 cdeg  linea=0x0
[gelatina] t= 2376 ms  ATTACK       rival=si d=  39 mm rumbo=   +0 cdeg  linea=0x0
[rival] t= 2400 ms  TRACK        rival=si d=  48 mm rumbo=+6000 cdeg  linea=0x0
[rival] t= 2408 ms  ATTACK       rival=si d=  48 mm rumbo=+3001 cdeg  linea=0x0
[gelatina] t= 2768 ms  TRACK        rival=si d= 768 mm rumbo=-6000 cdeg  linea=0x8
[rival] t= 2824 ms  SEARCH       rival=no d=9999 mm rumbo=-3000 cdeg  linea=0x0
[gelatina] t= 2832 ms  ATTACK       rival=si d=  46 mm rumbo=+4510 cdeg  linea=0x0
WARNING: Contact joints between materials 'patin' and 'dohyo' will only be created for the 10 deepest contact points instead of all the 12 contact points.
[rival] t= 3032 ms  TRACK        rival=si d= 134 mm rumbo=-4548 cdeg  linea=0x0
[rival] t= 3040 ms  ATTACK       rival=si d= 134 mm rumbo=-4548 cdeg  linea=0x0
[gelatina] t= 3152 ms  SEARCH       rival=no d=9999 mm rumbo=+4500 cdeg  linea=0x0
[gelatina] t= 3360 ms  TRACK        rival=si d= 793 mm rumbo=+6000 cdeg  linea=0x1
[gelatina] t= 3456 ms  ATTACK       rival=si d= 201 mm rumbo=+6000 cdeg  linea=0x4
[arbitro] asalto 15/30  banco    rival fuera     +1   3.53 s
[inercia] asalto=15 robot=GELATINA rueda=0 rotor=2.06654978e-05
[inercia] asalto=15 robot=GELATINA rueda=1 rotor=2.06563488e-05
[inercia] asalto=15 robot=RIVAL rueda=0 rotor=1.85423936e-05
[inercia] asalto=15 robot=RIVAL rueda=1 rotor=9.56614619e-06
[planta] asalto=15 mu=1.51105968 slip=0.00188252878 aleatorio=1
WARNING: DEF GELATINA GelatinaNuclear > HingeJoint "rueda_izq" > Solid "rueda_izq": Webots has detected that this solid is light and oblong according to its inertia matrix. This belongs in the physics edge cases, and can imply weird physical results. Increasing the weight of the object or reducing its eccentricity are recommended.
[gelatina] fin de asalto motor={"battery_v":7.88949691,"resistance_ohm":[3.98718219,4.23753414],"bridge_ohm":[0.573312902,0.632573855],"omega_rad_s":[7.22209348,98.0540254],"current_a":[0.545899222,0.30826371],"torque_nm":[0.0223387919,0.0058179658],"applied_pwm":[0.399999976,1],"over_1_2a_samples":269,"over_3_2a_samples":0}
[gelatina] t=    0 ms  WAIT         rival=si d= 163 mm rumbo=+6000 cdeg  linea=0x4
[rival] fin de asalto motor={"battery_v":7.74781677,"resistance_ohm":[3.87866006,3.68229089],"bridge_ohm":[0.517816639,0.565757143],"omega_rad_s":[74.744656,32.6639274],"current_a":[0.46317568,0.0991308357],"torque_nm":[0.0154432176,-0.00157146184],"applied_pwm":[1,0.399999976],"over_1_2a_samples":358,"over_3_2a_samples":3}
[rival] t=    0 ms  WAIT         rival=si d= 175 mm rumbo=-6000 cdeg  linea=0x8
[planta] gelatina ciclo=17 rueda=0 V=7.92331553 R=4.34779153 Rpuente=0.585208619 I0=0.179517388 Ke=0.0807976665 Kt=0.0483794733
[planta] gelatina ciclo=17 rueda=1 V=7.92331553 R=4.21256671 Rpuente=0.508760369 I0=0.158759567 Ke=0.085664474 Kt=0.0483794733
[sensores] gelatina ToF alcance=967.797095 minimo=40.5717993 sigma_rel=0.0776955175
[gelatina] pulsador recibido: permiso previsto 110840 ms
[planta] rival ciclo=17 rueda=0 V=7.29594277 R=3.91814804 Rpuente=0.694918168 I0=0.0852664769 Ke=0.0773898613 Kt=0.0483794733
[planta] rival ciclo=17 rueda=1 V=7.29594277 R=4.23928041 Rpuente=0.518798161 I0=0.120392793 Ke=0.0784267202 Kt=0.0483794733
[sensores] rival ToF alcance=1742.14522 minimo=20.0355053 sigma_rel=0.0591262054
[rival] pulsador recibido: permiso previsto 110840 ms
[arranque] pulsador=105840 permiso=110840 ms
[gelatina] permiso de arranque a los 110840 ms
[gelatina] t=    0 ms  TRACK        rival=si d= 279 mm rumbo=   +0 cdeg  linea=0x0
[rival] permiso de arranque a los 110840 ms
[rival] t=    0 ms  TRACK        rival=si d= 273 mm rumbo=   +0 cdeg  linea=0x0
[gelatina] t=   64 ms  ATTACK       rival=si d= 232 mm rumbo=   +0 cdeg  linea=0x0
[rival] t=   64 ms  ATTACK       rival=si d= 254 mm rumbo=   +0 cdeg  linea=0x0
WARNING: Contact joints between materials 'patin' and 'dohyo' will only be created for the 10 deepest contact points instead of all the 89 contact points.
[gelatina] t=  512 ms  SEARCH       rival=no d=9999 mm rumbo=+3000 cdeg  linea=0x0
[gelatina] t=  528 ms  TRACK        rival=si d=  50 mm rumbo=-3000 cdeg  linea=0x0
[gelatina] t=  536 ms  ATTACK       rival=si d=  50 mm rumbo=-3000 cdeg  linea=0x0
[arbitro] asalto 16/30  banco    expulsado       -1   0.91 s
[inercia] asalto=16 robot=GELATINA rueda=0 rotor=2.09316995e-05
[inercia] asalto=16 robot=GELATINA rueda=1 rotor=2.24916315e-05
[inercia] asalto=16 robot=RIVAL rueda=0 rotor=3.16966429e-05
[inercia] asalto=16 robot=RIVAL rueda=1 rotor=1.66253652e-05
[planta] asalto=16 mu=1.26236883 slip=0.00149793386 aleatorio=1
[gelatina] fin de asalto motor={"battery_v":7.92331553,"resistance_ohm":[4.34779153,4.21256671],"bridge_ohm":[0.585208619,0.508760369],"omega_rad_s":[82.682702,82.876042],"current_a":[0.251925017,0.174481235],"torque_nm":[0.00350304293,0.000760606011],"applied_pwm":[1,1],"over_1_2a_samples":280,"over_3_2a_samples":0}
[gelatina] t=    0 ms  WAIT         rival=no d=9999 mm rumbo=   +0 cdeg  linea=0x0
[rival] fin de asalto motor={"battery_v":7.29594277,"resistance_ohm":[3.91814804,4.23928041],"bridge_ohm":[0.694918168,0.518798161],"omega_rad_s":[29.0462599,34.9532698],"current_a":[0.145346041,0.957250366],"torque_nm":[0.00290661769,0.0404867286],"applied_pwm":[0.399999976,1],"over_1_2a_samples":367,"over_3_2a_samples":3}
[rival] t=    0 ms  WAIT         rival=no d=9999 mm rumbo=+6000 cdeg  linea=0x3
[planta] gelatina ciclo=18 rueda=0 V=7.95930433 R=4.19865294 Rpuente=0.544870961 I0=0.147086406 Ke=0.0916978946 Kt=0.0483794733
[planta] gelatina ciclo=18 rueda=1 V=7.95930433 R=4.18027406 Rpuente=0.529776514 I0=0.0792041212 Ke=0.0778942518 Kt=0.0483794733
[sensores] gelatina ToF alcance=798.209214 minimo=40.773378 sigma_rel=0.108076124
[gelatina] pulsador recibido: permiso previsto 117064 ms
[planta] rival ciclo=18 rueda=0 V=7.81246369 R=3.69461522 Rpuente=0.516939795 I0=0.197135711 Ke=0.0663764302 Kt=0.0483794733
[planta] rival ciclo=18 rueda=1 V=7.81246369 R=3.95983534 Rpuente=0.695058787 I0=0.139133093 Ke=0.0787810917 Kt=0.0483794733
[sensores] rival ToF alcance=1259.21922 minimo=42.7517486 sigma_rel=0.0483312178
[rival] pulsador recibido: permiso previsto 117064 ms
[arranque] pulsador=112064 permiso=117064 ms
[gelatina] permiso de arranque a los 117064 ms
[gelatina] t=    0 ms  OPENING      rival=no d=9999 mm rumbo=   +0 cdeg  linea=0x0
[rival] permiso de arranque a los 117064 ms
[rival] t=    0 ms  TRACK        rival=si d= 314 mm rumbo=   +0 cdeg  linea=0x0
[gelatina] t=   32 ms  TRACK        rival=si d= 340 mm rumbo=   +0 cdeg  linea=0x0
[gelatina] t=   96 ms  ATTACK       rival=si d= 256 mm rumbo=   +0 cdeg  linea=0x0
[rival] t=  128 ms  ATTACK       rival=si d= 234 mm rumbo=   +0 cdeg  linea=0x0
WARNING: Contact joints between materials 'patin' and 'dohyo' will only be created for the 10 deepest contact points instead of all the 90 contact points.
[rival] t=  584 ms  SEARCH       rival=no d=9999 mm rumbo=+6000 cdeg  linea=0x0
[gelatina] t= 1176 ms  SEARCH       rival=no d=9999 mm rumbo=   +0 cdeg  linea=0x0
WARNING: Contact joints between materials 'patin' and 'dohyo' will only be created for the 10 deepest contact points instead of all the 20 contact points.
[gelatina] t= 1512 ms  TRACK        rival=si d= 183 mm rumbo=+6000 cdeg  linea=0x0
[gelatina] t= 1520 ms  ATTACK       rival=si d= 183 mm rumbo=+6000 cdeg  linea=0x0
[rival] t= 1608 ms  TRACK        rival=si d= 200 mm rumbo=+6000 cdeg  linea=0x2
[rival] t= 1616 ms  ATTACK       rival=si d= 200 mm rumbo=+6000 cdeg  linea=0x2
[gelatina] t= 1936 ms  SEARCH       rival=no d=9999 mm rumbo=-6000 cdeg  linea=0x1
[gelatina] t= 1944 ms  TRACK        rival=si d= 218 mm rumbo=-6000 cdeg  linea=0x5
[gelatina] t= 1952 ms  ATTACK       rival=si d= 218 mm rumbo=-6000 cdeg  linea=0x4
[rival] t= 2000 ms  SEARCH       rival=no d=9999 mm rumbo=-6000 cdeg  linea=0x0
[rival] t= 2008 ms  TRACK        rival=si d= 180 mm rumbo=-4533 cdeg  linea=0x0
[rival] t= 2016 ms  ATTACK       rival=si d= 180 mm rumbo=-4533 cdeg  linea=0x0
WARNING: Contact joints between materials 'rueda' and 'dohyo' will only be created for the 10 deepest contact points instead of all the 14 contact points.
[rival] t= 2432 ms  SEARCH       rival=no d=9999 mm rumbo=+6000 cdeg  linea=0x0
[rival] t= 2536 ms  TRACK        rival=si d= 108 mm rumbo=+6000 cdeg  linea=0x0
[rival] t= 2544 ms  ATTACK       rival=si d= 108 mm rumbo=+6000 cdeg  linea=0x0
[rival] t= 2824 ms  SEARCH       rival=no d=9999 mm rumbo=+6000 cdeg  linea=0x0
[gelatina] t= 2856 ms  SEARCH       rival=no d=9999 mm rumbo=-6000 cdeg  linea=0x0
[gelatina] t= 2864 ms  TRACK        rival=si d= 117 mm rumbo=-1310 cdeg  linea=0x0
[gelatina] t= 2872 ms  ATTACK       rival=si d= 117 mm rumbo=-1310 cdeg  linea=0x0
[rival] t= 2896 ms  TRACK        rival=si d= 134 mm rumbo=+6000 cdeg  linea=0x0
[rival] t= 2904 ms  ATTACK       rival=si d= 134 mm rumbo=+6000 cdeg  linea=0x0
[arbitro] asalto 17/30  banco    expulsado       -1   2.94 s
[inercia] asalto=17 robot=GELATINA rueda=0 rotor=2.68466882e-05
[inercia] asalto=17 robot=GELATINA rueda=1 rotor=1.11827908e-05
[inercia] asalto=17 robot=RIVAL rueda=0 rotor=1.69576362e-05
[inercia] asalto=17 robot=RIVAL rueda=1 rotor=1.48041093e-05
[planta] asalto=17 mu=0.6016011 slip=0.000702346206 aleatorio=1
WARNING: DEF RIVAL GelatinaNuclear > HingeJoint "rueda_izq" > Solid "rueda_izq": Webots has detected that this solid is light and oblong according to its inertia matrix. This belongs in the physics edge cases, and can imply weird physical results. Increasing the weight of the object or reducing its eccentricity are recommended.
[gelatina] fin de asalto motor={"battery_v":7.95930433,"resistance_ohm":[4.19865294,4.18027406],"bridge_ohm":[0.544870961,0.529776514],"omega_rad_s":[45.0582954,86.8233157],"current_a":[-0.199857595,0.253981799],"torque_nm":[-0.016784968,0.00845565201],"applied_pwm":[0.399999976,1],"over_1_2a_samples":299,"over_3_2a_samples":0}
[gelatina] t=    0 ms  WAIT         rival=si d=  77 mm rumbo=+4570 cdeg  linea=0x0
[rival] fin de asalto motor={"battery_v":7.81246369,"resistance_ohm":[3.69461522,3.95983534],"bridge_ohm":[0.516939795,0.695058787],"omega_rad_s":[-6.87743459,71.1883291],"current_a":[1.09618329,0.473516548],"torque_nm":[0.0625700718,0.0161772955],"applied_pwm":[0.532499969,1],"over_1_2a_samples":405,"over_3_2a_samples":3}
[rival] t=    0 ms  WAIT         rival=si d= 115 mm rumbo=+1523 cdeg  linea=0x2
[planta] gelatina ciclo=19 rueda=0 V=7.99312286 R=3.75926223 Rpuente=0.556766689 I0=0.092445606 Ke=0.0913266611 Kt=0.0483794733
[planta] gelatina ciclo=19 rueda=1 V=7.99312286 R=4.15530663 Rpuente=0.605963027 I0=0.199956885 Ke=0.0937386803 Kt=0.0483794733
[sensores] gelatina ToF alcance=748.942816 minimo=46.7568409 sigma_rel=0.0653921938
[gelatina] pulsador recibido: permiso previsto 125320 ms
[planta] rival ciclo=19 rueda=0 V=7.5843847 R=3.91543999 Rpuente=0.586867845 I0=0.195023435 Ke=0.0806786317 Kt=0.0483794733
[planta] rival ciclo=19 rueda=1 V=7.5843847 R=4.33976283 Rpuente=0.592389929 I0=0.0760527223 Ke=0.0980154323 Kt=0.0483794733
[sensores] rival ToF alcance=1366.31159 minimo=24.62511 sigma_rel=0.0926982117
[rival] pulsador recibido: permiso previsto 125320 ms
[arranque] pulsador=120320 permiso=125320 ms
[gelatina] permiso de arranque a los 125320 ms
[gelatina] t=    0 ms  TRACK        rival=si d= 295 mm rumbo=   +0 cdeg  linea=0x0
[rival] permiso de arranque a los 125320 ms
[rival] t=    0 ms  TRACK        rival=si d= 353 mm rumbo=   +0 cdeg  linea=0x0
[gelatina] t=  159 ms  ATTACK       rival=si d= 245 mm rumbo=   +0 cdeg  linea=0x0
[rival] t=  159 ms  ATTACK       rival=si d= 219 mm rumbo=   +0 cdeg  linea=0x0
WARNING: Contact joints between materials 'patin' and 'dohyo' will only be created for the 10 deepest contact points instead of all the 131 contact points.
[gelatina] t=  711 ms  SEARCH       rival=no d=9999 mm rumbo=+4375 cdeg  linea=0x0
[gelatina] t=  823 ms  TRACK        rival=si d=  50 mm rumbo=   +0 cdeg  linea=0x0
[gelatina] t=  831 ms  ATTACK       rival=si d=  50 mm rumbo=   +0 cdeg  linea=0x0
[gelatina] t= 1207 ms  SEARCH       rival=no d=9999 mm rumbo=-6000 cdeg  linea=0x4
WARNING: Contact joints between materials 'patin' and 'dohyo' will only be created for the 10 deepest contact points instead of all the 15 contact points.
[gelatina] t= 1415 ms  TRACK        rival=si d= 399 mm rumbo=+6000 cdeg  linea=0xA
[gelatina] t= 1447 ms  ATTACK       rival=si d= 123 mm rumbo=+4900 cdeg  linea=0x4
[arbitro] asalto 18/30  banco    expulsado       -1   1.45 s
[inercia] asalto=18 robot=GELATINA rueda=0 rotor=2.25404198e-05
[inercia] asalto=18 robot=GELATINA rueda=1 rotor=2.56114295e-05
[inercia] asalto=18 robot=RIVAL rueda=0 rotor=2.46049333e-05
[inercia] asalto=18 robot=RIVAL rueda=1 rotor=3.5543922e-05
[planta] asalto=18 mu=0.844635224 slip=0.00154555714 aleatorio=1
[gelatina] fin de asalto motor={"battery_v":7.99312286,"resistance_ohm":[3.75926223,4.15530663],"bridge_ohm":[0.556766689,0.605963027],"omega_rad_s":[9.10116878,-11.3606408],"current_a":[-0.192579654,0.446103691],"torque_nm":[-0.0137893719,0.0312560704],"applied_pwm":[0,0.132499963],"over_1_2a_samples":312,"over_3_2a_samples":0}
[gelatina] t=    0 ms  WAIT         rival=si d= 123 mm rumbo=+4900 cdeg  linea=0x6
[rival] fin de asalto motor={"battery_v":7.5843847,"resistance_ohm":[3.91543999,4.33976283],"bridge_ohm":[0.586867845,0.592389929],"omega_rad_s":[60.4222337,32.3624579],"current_a":[0.601825033,0.275878619],"torque_nm":[0.0196808471,0.00966747165],"applied_pwm":[1,0.597635269],"over_1_2a_samples":407,"over_3_2a_samples":3}
[rival] t=    0 ms  WAIT         rival=si d=  27 mm rumbo=-2994 cdeg  linea=0x0
[planta] gelatina ciclo=20 rueda=0 V=8.02911175 R=3.61012363 Rpuente=0.516429031 I0=0.210014623 Ke=0.0936193282 Kt=0.0483794733
[planta] gelatina ciclo=20 rueda=1 V=8.02911175 R=4.12301402 Rpuente=0.626979172 I0=0.12040143 Ke=0.0837847377 Kt=0.0483794733
[sensores] gelatina ToF alcance=1879.35494 minimo=46.9584197 sigma_rel=0.0957727957
[gelatina] pulsador recibido: permiso previsto 132080 ms
[planta] rival ciclo=20 rueda=0 V=7.18980441 R=4.06803827 Rpuente=0.515953016 I0=0.11582112 Ke=0.0819734825 Kt=0.0483794733
[planta] rival ciclo=20 rueda=1 V=7.18980441 R=3.79150333 Rpuente=0.687746608 I0=0.212566745 Ke=0.0740779743 Kt=0.0483794733
[sensores] rival ToF alcance=1307.80552 minimo=44.8006952 sigma_rel=0.0580336189
[rival] pulsador recibido: permiso previsto 132080 ms
[arranque] pulsador=127080 permiso=132080 ms
[gelatina] permiso de arranque a los 132080 ms
[gelatina] t=    0 ms  TRACK        rival=si d= 220 mm rumbo=   +0 cdeg  linea=0x0
[rival] permiso de arranque a los 132080 ms
[rival] t=    0 ms  TRACK        rival=si d= 257 mm rumbo=   +0 cdeg  linea=0x0
[gelatina] t=    8 ms  ATTACK       rival=si d= 220 mm rumbo=   +0 cdeg  linea=0x0
[rival] t=    8 ms  ATTACK       rival=si d= 257 mm rumbo=   +0 cdeg  linea=0x0
WARNING: Contact joints between materials 'patin' and 'dohyo' will only be created for the 10 deepest contact points instead of all the 22 contact points.
[rival] t=  512 ms  SEARCH       rival=no d=9999 mm rumbo=   +0 cdeg  linea=0x0
[rival] t=  688 ms  TRACK        rival=si d=  40 mm rumbo=-3000 cdeg  linea=0x0
[rival] t=  696 ms  ATTACK       rival=si d=  40 mm rumbo=-3000 cdeg  linea=0x0
[rival] t= 1008 ms  SEARCH       rival=no d=9999 mm rumbo=-6000 cdeg  linea=0x0
[rival] t= 1152 ms  TRACK        rival=si d=  46 mm rumbo=-6000 cdeg  linea=0x0
[rival] t= 1160 ms  ATTACK       rival=si d=  46 mm rumbo=-6000 cdeg  linea=0x0
[gelatina] t= 1240 ms  SEARCH       rival=no d=9999 mm rumbo=-4500 cdeg  linea=0x0
WARNING: Contact joints between materials 'patin' and 'dohyo' will only be created for the 10 deepest contact points instead of all the 14 contact points.
[gelatina] t= 1312 ms  TRACK        rival=si d=  51 mm rumbo=+3000 cdeg  linea=0x0
[gelatina] t= 1320 ms  ATTACK       rival=si d=  51 mm rumbo=+3000 cdeg  linea=0x0
[arbitro] asalto 19/30  banco    rival fuera     +1   1.56 s
[inercia] asalto=19 robot=GELATINA rueda=0 rotor=3.56502855e-05
[inercia] asalto=19 robot=GELATINA rueda=1 rotor=2.84224543e-05
[inercia] asalto=19 robot=RIVAL rueda=0 rotor=2.59446371e-05
[inercia] asalto=19 robot=RIVAL rueda=1 rotor=2.11662378e-05
[planta] asalto=19 mu=1.07916555 slip=0.000595489621 aleatorio=1
WARNING: DEF RIVAL GelatinaNuclear > HingeJoint "rueda_der" > Solid "rueda_der": Webots has detected that this solid is light and oblong according to its inertia matrix. This belongs in the physics edge cases, and can imply weird physical results. Increasing the weight of the object or reducing its eccentricity are recommended.
[gelatina] fin de asalto motor={"battery_v":8.02911175,"resistance_ohm":[3.61012363,4.12301402],"bridge_ohm":[0.516429031,0.626979172],"omega_rad_s":[21.5503539,59.5564415],"current_a":[0.289373468,0.639830584],"torque_nm":[0.00383933913,0.0251297089],"applied_pwm":[0.399999976,1],"over_1_2a_samples":320,"over_3_2a_samples":0}
[gelatina] t=    0 ms  WAIT         rival=si d= 312 mm rumbo=   +0 cdeg  linea=0x0
[rival] fin de asalto motor={"battery_v":7.18980441,"resistance_ohm":[4.06803827,3.79150333],"bridge_ohm":[0.515953016,0.687746608],"omega_rad_s":[17.5519469,39.3058737],"current_a":[0.31351006,0.955094037],"torque_nm":[0.0095640868,0.0359230793],"applied_pwm":[0.399999976,1],"over_1_2a_samples":420,"over_3_2a_samples":3}
[rival] t=    0 ms  WAIT         rival=si d= 291 mm rumbo=   +0 cdeg  linea=0x4
[planta] gelatina ciclo=21 rueda=0 V=8.06293029 R=3.97073298 Rpuente=0.528324747 I0=0.155373824 Ke=0.0909510855 Kt=0.0483794733
[planta] gelatina ciclo=21 rueda=1 V=8.06293029 R=4.09804659 Rpuente=0.503165686 I0=0.0911542028 Ke=0.0747389617 Kt=0.0483794733
[sensores] gelatina ToF alcance=1830.08862 minimo=22.9418826 sigma_rel=0.0530888653
[gelatina] pulsador recibido: permiso previsto 138952 ms
[planta] rival ciclo=21 rueda=0 V=7.15712184 R=4.22095814 Rpuente=0.644258213 I0=0.12137703 Ke=0.0816681165 Kt=0.0483794733
[planta] rival ciclo=21 rueda=1 V=7.15712184 R=4.00081563 Rpuente=0.660281038 I0=0.121148506 Ke=0.0779330288 Kt=0.0483794733
[sensores] rival ToF alcance=1046.47231 minimo=42.354129 sigma_rel=0.0780528402
[rival] pulsador recibido: permiso previsto 138952 ms
[arranque] pulsador=133952 permiso=138952 ms
[gelatina] permiso de arranque a los 138952 ms
[gelatina] t=    0 ms  TRACK        rival=si d= 288 mm rumbo=   +0 cdeg  linea=0x0
[rival] permiso de arranque a los 138952 ms
[rival] t=    0 ms  TRACK        rival=si d= 279 mm rumbo=   +0 cdeg  linea=0x0
[gelatina] t=   32 ms  ATTACK       rival=si d= 249 mm rumbo=   +0 cdeg  linea=0x0
[rival] t=   96 ms  ATTACK       rival=si d= 242 mm rumbo=   +0 cdeg  linea=0x0
WARNING: Contact joints between materials 'patin' and 'dohyo' will only be created for the 10 deepest contact points instead of all the 16 contact points.
[gelatina] t=  688 ms  TRACK        rival=si d= 724 mm rumbo=+6000 cdeg  linea=0x4
[gelatina] t=  920 ms  ATTACK       rival=si d=  77 mm rumbo=+3292 cdeg  linea=0x0
[arbitro] asalto 20/30  banco    expulsado       -1   0.94 s
[inercia] asalto=20 robot=GELATINA rueda=0 rotor=3.43606977e-05
[inercia] asalto=20 robot=GELATINA rueda=1 rotor=3.12603291e-05
[inercia] asalto=20 robot=RIVAL rueda=0 rotor=9.26263064e-06
[inercia] asalto=20 robot=RIVAL rueda=1 rotor=1.42282911e-05
[planta] asalto=20 mu=1.20134381 slip=0.000236595631 aleatorio=1
WARNING: DEF GELATINA GelatinaNuclear > HingeJoint "rueda_izq" > Solid "rueda_izq": Webots has detected that this solid is light and oblong according to its inertia matrix. This belongs in the physics edge cases, and can imply weird physical results. Increasing the weight of the object or reducing its eccentricity are recommended.
[gelatina] fin de asalto motor={"battery_v":8.06293029,"resistance_ohm":[3.97073298,4.09804659],"bridge_ohm":[0.528324747,0.503165686],"omega_rad_s":[-7.2401856,79.8348415],"current_a":[0.630241748,0.455566273],"torque_nm":[0.0380076599,0.017630064],"applied_pwm":[0.270000011,1],"over_1_2a_samples":325,"over_3_2a_samples":0}
[gelatina] t=    0 ms  WAIT         rival=si d= 284 mm rumbo=   +0 cdeg  linea=0x0
[rival] fin de asalto motor={"battery_v":7.15712184,"resistance_ohm":[4.22095814,4.00081563],"bridge_ohm":[0.644258213,0.660281038],"omega_rad_s":[41.929762,55.3458732],"current_a":[0.767241758,0.610124721],"torque_nm":[0.0312465954,0.0236564118],"applied_pwm":[1,1],"over_1_2a_samples":428,"over_3_2a_samples":3}
[rival] t=    0 ms  WAIT         rival=si d= 327 mm rumbo=   +0 cdeg  linea=0x1
[arranque] pulsador=140200 permiso=145200 ms
[planta] gelatina ciclo=22 rueda=0 V=8.09891918 R=3.82159433 Rpuente=0.687987089 I0=0.122942841 Ke=0.0686880602 Kt=0.0483794733
[planta] gelatina ciclo=22 rueda=1 V=8.09891918 R=4.06575394 Rpuente=0.524181831 I0=0.161598748 Ke=0.0911811254 Kt=0.0483794733
[sensores] gelatina ToF alcance=1660.50074 minimo=23.1434596 sigma_rel=0.0834694672
[gelatina] pulsador recibido: permiso previsto 145200 ms
[planta] rival ciclo=22 rueda=0 V=7.89076605 R=3.88990607 Rpuente=0.528554785 I0=0.0850940287 Ke=0.102339163 Kt=0.0483794733
[planta] rival ciclo=22 rueda=1 V=7.89076605 R=3.76079721 Rpuente=0.502074564 I0=0.0864165455 Ke=0.074028238 Kt=0.0483794733
[sensores] rival ToF alcance=1687.28053 minimo=23.5093021 sigma_rel=0.0401044607
[rival] pulsador recibido: permiso previsto 145200 ms
[gelatina] permiso de arranque a los 145200 ms
[gelatina] t=    0 ms  TRACK        rival=si d= 285 mm rumbo=   +0 cdeg  linea=0x0
[rival] permiso de arranque a los 145200 ms
[rival] t=    0 ms  TRACK        rival=si d= 296 mm rumbo=   +0 cdeg  linea=0x0
[rival] t=   63 ms  ATTACK       rival=si d= 257 mm rumbo=   +0 cdeg  linea=0x0
[gelatina] t=   95 ms  ATTACK       rival=si d= 255 mm rumbo=   +0 cdeg  linea=0x0
WARNING: Contact joints between materials 'patin' and 'dohyo' will only be created for the 10 deepest contact points instead of all the 135 contact points.
[gelatina] t=  775 ms  SEARCH       rival=no d=9999 mm rumbo=+3000 cdeg  linea=0x0
[gelatina] t=  919 ms  TRACK        rival=si d=  30 mm rumbo=+3000 cdeg  linea=0x0
[gelatina] t=  927 ms  ATTACK       rival=si d=  30 mm rumbo=+3000 cdeg  linea=0x0
[rival] t= 1215 ms  TRACK        rival=si d= 784 mm rumbo=-6000 cdeg  linea=0x0
WARNING: Contact joints between materials 'patin' and 'dohyo' will only be created for the 10 deepest contact points instead of all the 103 contact points.
WARNING: DEF GELATINA GelatinaNuclear > HingeJoint "rueda_der" > RotationalMotor "motor_der": The requested motor torque -0.284244 exceeds 'maxTorque' = 0.25
[rival] t= 1319 ms  ATTACK       rival=si d=  24 mm rumbo=-4211 cdeg  linea=0x2
[arbitro] asalto 21/30  banco    expulsado       -1   2.23 s
[inercia] asalto=21 robot=GELATINA rueda=0 rotor=2.41761752e-05
[inercia] asalto=21 robot=GELATINA rueda=1 rotor=2.18299767e-05
[inercia] asalto=21 robot=RIVAL rueda=0 rotor=2.12558225e-05
[inercia] asalto=21 robot=RIVAL rueda=1 rotor=2.09447334e-05
[planta] asalto=21 mu=1.16233686 slip=3.54218483e-05 aleatorio=1
WARNING: DEF GELATINA GelatinaNuclear > HingeJoint "rueda_izq" > Solid "rueda_izq": Webots has detected that this solid is light and oblong according to its inertia matrix. This belongs in the physics edge cases, and can imply weird physical results. Increasing the weight of the object or reducing its eccentricity are recommended.
WARNING: DEF GELATINA GelatinaNuclear > HingeJoint "rueda_der" > Solid "rueda_der": Webots has detected that this solid is light and oblong according to its inertia matrix. This belongs in the physics edge cases, and can imply weird physical results. Increasing the weight of the object or reducing its eccentricity are recommended.
[gelatina] fin de asalto motor={"battery_v":8.09891918,"resistance_ohm":[3.82159433,4.06575394],"bridge_ohm":[0.687987089,0.524181831],"omega_rad_s":[57.0080513,22.6272909],"current_a":[0.927613081,0.256296752],"torque_nm":[0.0389295224,0.00458143957],"applied_pwm":[1,0.399999976],"over_1_2a_samples":349,"over_3_2a_samples":1}
[gelatina] t=    0 ms  WAIT         rival=si d=  19 mm rumbo=+4494 cdeg  linea=0x1
[rival] fin de asalto motor={"battery_v":7.89076605,"resistance_ohm":[3.88990607,3.76079721],"bridge_ohm":[0.528554785,0.502074564],"omega_rad_s":[45.9222384,95.3836459],"current_a":[0.358140713,0.194630017],"torque_nm":[0.0132098548,0.00523531074],"applied_pwm":[0.796129823,1],"over_1_2a_samples":522,"over_3_2a_samples":3}
[rival] t=    0 ms  WAIT         rival=si d=  25 mm rumbo=+1277 cdeg  linea=0x2
WARNING: Contact joints between materials 'patin' and 'dohyo' will only be created for the 10 deepest contact points instead of all the 17 contact points.
[planta] gelatina ciclo=23 rueda=0 V=8.13273771 R=4.18220367 Rpuente=0.699882805 I0=0.218302032 Ke=0.090068279 Kt=0.0483794733
[planta] gelatina ciclo=23 rueda=1 V=8.13273771 R=4.0407865 Rpuente=0.600368345 I0=0.132351521 Ke=0.0801447784 Kt=0.0483794733
[sensores] gelatina ToF alcance=1611.23441 minimo=29.1269225 sigma_rel=0.0407855368
[gelatina] pulsador recibido: permiso previsto 152744 ms
[planta] rival ciclo=23 rueda=0 V=8.38062681 R=4.06832638 Rpuente=0.606924069 I0=0.108852911 Ke=0.0858912756 Kt=0.0483794733
[planta] rival ciclo=23 rueda=1 V=8.38062681 R=3.66455526 Rpuente=0.623745346 I0=0.135405868 Ke=0.0937291894 Kt=0.0483794733
[sensores] rival ToF alcance=885.067499 minimo=32.9394126 sigma_rel=0.108723536
[rival] pulsador recibido: permiso previsto 152744 ms
[arranque] pulsador=147744 permiso=152744 ms
[gelatina] permiso de arranque a los 152744 ms
[gelatina] t=    0 ms  TRACK        rival=si d= 270 mm rumbo=   +0 cdeg  linea=0x0
[rival] permiso de arranque a los 152744 ms
[rival] t=    0 ms  TRACK        rival=si d= 283 mm rumbo=   +0 cdeg  linea=0x0
[gelatina] t=   32 ms  ATTACK       rival=si d= 260 mm rumbo=   +0 cdeg  linea=0x0
[rival] t=   32 ms  ATTACK       rival=si d= 248 mm rumbo=   +0 cdeg  linea=0x0
WARNING: Contact joints between materials 'patin' and 'dohyo' will only be created for the 10 deepest contact points instead of all the 51 contact points.
[gelatina] t=  880 ms  SEARCH       rival=no d=9999 mm rumbo=-6000 cdeg  linea=0x0
[gelatina] t=  920 ms  TRACK        rival=si d=  54 mm rumbo=-6000 cdeg  linea=0x8
[gelatina] t=  928 ms  ATTACK       rival=si d=  54 mm rumbo=-6000 cdeg  linea=0x8
[arbitro] asalto 22/30  banco    rival fuera     +1   0.99 s
[inercia] asalto=22 robot=GELATINA rueda=0 rotor=3.47288454e-05
[inercia] asalto=22 robot=GELATINA rueda=1 rotor=2.88815353e-05
[inercia] asalto=22 robot=RIVAL rueda=0 rotor=2.26690709e-05
[inercia] asalto=22 robot=RIVAL rueda=1 rotor=3.08220808e-05
[planta] asalto=22 mu=0.619500673 slip=0.00136060154 aleatorio=1
[gelatina] fin de asalto motor={"battery_v":8.13273771,"resistance_ohm":[4.18220367,4.0407865],"bridge_ohm":[0.699882805,0.600368345],"omega_rad_s":[41.0111964,1.12734759],"current_a":[0.909228021,0.681456226],"torque_nm":[0.0334266354,0.0277812835],"applied_pwm":[1,0.399999976],"over_1_2a_samples":354,"over_3_2a_samples":1}
[gelatina] t=    0 ms  WAIT         rival=si d=  29 mm rumbo=-6000 cdeg  linea=0x2
[rival] fin de asalto motor={"battery_v":8.38062681,"resistance_ohm":[4.06832638,3.66455526],"bridge_ohm":[0.606924069,0.623745346],"omega_rad_s":[92.2453613,49.2979371],"current_a":[-0.490414298,0.485937334],"torque_nm":[-0.028992232,0.0169585277],"applied_pwm":[0.671818733,0.799999952],"over_1_2a_samples":539,"over_3_2a_samples":3}
[rival] t=    0 ms  WAIT         rival=si d= 153 mm rumbo=+2442 cdeg  linea=0x0
[planta] gelatina ciclo=24 rueda=0 V=8.16872652 R=4.03306503 Rpuente=0.659545147 I0=0.18587105 Ke=0.0674814979 Kt=0.0483794733
[planta] gelatina ciclo=24 rueda=1 V=8.16872652 R=4.00849385 Rpuente=0.62138449 I0=0.202796066 Ke=0.0658805613 Kt=0.0483794733
[sensores] gelatina ToF alcance=1441.64653 minimo=29.3285012 sigma_rel=0.0711661434
[gelatina] pulsador recibido: permiso previsto 159048 ms
[planta] rival ciclo=24 rueda=0 V=7.43880427 R=3.66269288 Rpuente=0.615391648 I0=0.176589221 Ke=0.067912769 Kt=0.0483794733
[planta] rival ciclo=24 rueda=1 V=7.43880427 R=4.27961082 Rpuente=0.657067728 I0=0.0886220098 Ke=0.0838948678 Kt=0.0483794733
[sensores] rival ToF alcance=814.122832 minimo=37.7100253 sigma_rel=0.0649522638
[rival] pulsador recibido: permiso previsto 159048 ms
[arranque] pulsador=154048 permiso=159048 ms
[gelatina] permiso de arranque a los 159048 ms
[gelatina] t=    0 ms  OPENING      rival=no d=9999 mm rumbo=   +0 cdeg  linea=0x0
[rival] permiso de arranque a los 159048 ms
[rival] t=    0 ms  TRACK        rival=si d= 320 mm rumbo=   +0 cdeg  linea=0x0
[gelatina] t=   32 ms  TRACK        rival=si d= 282 mm rumbo=   +0 cdeg  linea=0x0
[gelatina] t=  160 ms  ATTACK       rival=si d= 235 mm rumbo=   +0 cdeg  linea=0x0
[rival] t=  160 ms  ATTACK       rival=si d= 235 mm rumbo=   +0 cdeg  linea=0x0
WARNING: Contact joints between materials 'rueda' and 'dohyo' will only be created for the 10 deepest contact points instead of all the 11 contact points.
[rival] t=  360 ms  TRACK        rival=si d= 791 mm rumbo=-3000 cdeg  linea=0x0
[rival] t=  648 ms  SEARCH       rival=no d=9999 mm rumbo=-3000 cdeg  linea=0x0
[rival] t=  856 ms  TRACK        rival=si d=  40 mm rumbo=-3000 cdeg  linea=0x0
[rival] t=  864 ms  ATTACK       rival=si d=  40 mm rumbo=-3000 cdeg  linea=0x0
[rival] t= 1376 ms  SEARCH       rival=no d=9999 mm rumbo=+3000 cdeg  linea=0x0
WARNING: Contact joints between materials 'patin' and 'dohyo' will only be created for the 10 deepest contact points instead of all the 12 contact points.
[arbitro] asalto 23/30  banco    expulsado       -1   1.42 s
[inercia] asalto=23 robot=GELATINA rueda=0 rotor=3.50999542e-05
[inercia] asalto=23 robot=GELATINA rueda=1 rotor=1.70414917e-05
[inercia] asalto=23 robot=RIVAL rueda=0 rotor=3.00675711e-05
[inercia] asalto=23 robot=RIVAL rueda=1 rotor=2.47809886e-05
[planta] asalto=23 mu=0.949570215 slip=0.00127460468 aleatorio=1
WARNING: DEF GELATINA GelatinaNuclear > HingeJoint "rueda_izq" > Solid "rueda_izq": Webots has detected that this solid is light and oblong according to its inertia matrix. This belongs in the physics edge cases, and can imply weird physical results. Increasing the weight of the object or reducing its eccentricity are recommended.
WARNING: DEF RIVAL GelatinaNuclear > HingeJoint "rueda_der" > Solid "rueda_der": Webots has detected that this solid is light and oblong according to its inertia matrix. This belongs in the physics edge cases, and can imply weird physical results. Increasing the weight of the object or reducing its eccentricity are recommended.
[gelatina] fin de asalto motor={"battery_v":8.16872652,"resistance_ohm":[4.03306503,4.00849385],"bridge_ohm":[0.659545147,0.62138449],"omega_rad_s":[47.9788765,72.6945636],"current_a":[0.00635125397,0.729947443],"torque_nm":[-0.00868507317,0.025503306],"applied_pwm":[0.399999976,1],"over_1_2a_samples":357,"over_3_2a_samples":1}
[gelatina] t=    0 ms  WAIT         rival=si d= 116 mm rumbo=+4701 cdeg  linea=0x4
[rival] fin de asalto motor={"battery_v":7.43880427,"resistance_ohm":[3.66269288,4.27961082],"bridge_ohm":[0.615391648,0.657067728],"omega_rad_s":[21.0442294,50.848124],"current_a":[-1.0351087,0.0889559645],"torque_nm":[-0.0586213072,1.61565545e-05],"applied_pwm":[-0.403171062,0.632499993],"over_1_2a_samples":558,"over_3_2a_samples":3}
[rival] t=    0 ms  WAIT         rival=no d=9999 mm rumbo=+3000 cdeg  linea=0x1
[planta] gelatina ciclo=25 rueda=0 V=8.20254513 R=4.39367437 Rpuente=0.671440876 I0=0.13123025 Ke=0.0669557527 Kt=0.0483794733
[planta] gelatina ciclo=25 rueda=1 V=8.20254513 R=3.98352647 Rpuente=0.697571003 I0=0.17354883 Ke=0.0868823042 Kt=0.0483794733
[sensores] gelatina ToF alcance=1392.38014 minimo=35.3119642 sigma_rel=0.108482208
[gelatina] pulsador recibido: permiso previsto 165776 ms
[planta] rival ciclo=25 rueda=0 V=7.96421191 R=4.10517569 Rpuente=0.551964056 I0=0.167828563 Ke=0.0806549315 Kt=0.0483794733
[planta] rival ciclo=25 rueda=1 V=7.96421191 R=3.67243137 Rpuente=0.518191636 I0=0.147279301 Ke=0.0759574003 Kt=0.0483794733
[sensores] rival ToF alcance=1304.29261 minimo=44.8549813 sigma_rel=0.0543525887
[rival] pulsador recibido: permiso previsto 165776 ms
[arranque] pulsador=160776 permiso=165776 ms
[gelatina] permiso de arranque a los 165776 ms
[gelatina] t=    0 ms  TRACK        rival=si d= 369 mm rumbo=   +0 cdeg  linea=0x0
[rival] permiso de arranque a los 165776 ms
[rival] t=    0 ms  TRACK        rival=si d= 337 mm rumbo=   +0 cdeg  linea=0x0
WARNING: Contact joints between materials 'patin' and 'dohyo' will only be created for the 10 deepest contact points instead of all the 17 contact points.
[gelatina] t=  160 ms  ATTACK       rival=si d= 205 mm rumbo=   +0 cdeg  linea=0x0
[rival] t=  160 ms  ATTACK       rival=si d= 225 mm rumbo=   +0 cdeg  linea=0x0
[gelatina] t=  680 ms  SEARCH       rival=no d=9999 mm rumbo=+3000 cdeg  linea=0x0
[gelatina] t=  720 ms  TRACK        rival=si d=  45 mm rumbo=  -32 cdeg  linea=0x0
[gelatina] t=  728 ms  ATTACK       rival=si d=  45 mm rumbo=  -32 cdeg  linea=0x4
[rival] t=  776 ms  SEARCH       rival=no d=9999 mm rumbo=   +0 cdeg  linea=0x0
[arbitro] asalto 24/30  banco    expulsado       -1   0.81 s
[inercia] asalto=24 robot=GELATINA rueda=0 rotor=9.69655949e-06
[inercia] asalto=24 robot=GELATINA rueda=1 rotor=2.4212451e-05
[inercia] asalto=24 robot=RIVAL rueda=0 rotor=3.15720313e-05
[inercia] asalto=24 robot=RIVAL rueda=1 rotor=1.12083823e-05
[planta] asalto=24 mu=1.17989329 slip=0.000279034257 aleatorio=1
WARNING: DEF GELATINA GelatinaNuclear > HingeJoint "rueda_izq" > Solid "rueda_izq": Webots has detected that this solid is light and oblong according to its inertia matrix. This belongs in the physics edge cases, and can imply weird physical results. Increasing the weight of the object or reducing its eccentricity are recommended.
[gelatina] fin de asalto motor={"battery_v":8.20254513,"resistance_ohm":[4.39367437,3.98352647],"bridge_ohm":[0.671440876,0.697571003],"omega_rad_s":[68.411783,79.2971024],"current_a":[0.715083967,0.272960631],"torque_nm":[0.0282465353,0.00480949057],"applied_pwm":[1,0.995699525],"over_1_2a_samples":358,"over_3_2a_samples":1}
[gelatina] t=    0 ms  WAIT         rival=si d= 290 mm rumbo=   +0 cdeg  linea=0x0
[rival] fin de asalto motor={"battery_v":7.96421191,"resistance_ohm":[4.10517569,3.67243137],"bridge_ohm":[0.551964056,0.518191636],"omega_rad_s":[53.0323844,55.2690344],"current_a":[-0.57642262,0.200273755],"torque_nm":[-0.0360064802,0.00256384377],"applied_pwm":[0.200000033,0.632499993],"over_1_2a_samples":579,"over_3_2a_samples":3}
[rival] t=    0 ms  WAIT         rival=si d= 270 mm rumbo=   +0 cdeg  linea=0x1
[planta] gelatina ciclo=26 rueda=0 V=8.23853394 R=4.24453578 Rpuente=0.631103218 I0=0.0987992674 Ke=0.0743115635 Kt=0.0483794733
[planta] gelatina ciclo=26 rueda=1 V=8.23853394 R=3.95123382 Rpuente=0.518587148 I0=0.0939933747 Ke=0.0785624439 Kt=0.0483794733
[sensores] gelatina ToF alcance=1222.79226 minimo=35.5135429 sigma_rel=0.0588628149
[gelatina] pulsador recibido: permiso previsto 171896 ms
[planta] rival ciclo=26 rueda=0 V=7.85345128 R=3.67864804 Rpuente=0.664514804 I0=0.117259365 Ke=0.0835980642 Kt=0.0483794733
[planta] rival ciclo=26 rueda=1 V=7.85345128 R=3.95715528 Rpuente=0.636369371 I0=0.133642271 Ke=0.0722743059 Kt=0.0483794733
[sensores] rival ToF alcance=1042.78057 minimo=45.847522 sigma_rel=0.0809257889
[rival] pulsador recibido: permiso previsto 171896 ms
[arranque] pulsador=166896 permiso=171896 ms
[gelatina] permiso de arranque a los 171896 ms
[gelatina] t=    0 ms  TRACK        rival=si d= 283 mm rumbo=   +0 cdeg  linea=0x0
[rival] permiso de arranque a los 171896 ms
[rival] t=    0 ms  TRACK        rival=si d= 271 mm rumbo=   +0 cdeg  linea=0x0
[gelatina] t=   31 ms  ATTACK       rival=si d= 247 mm rumbo=   +0 cdeg  linea=0x0
[rival] t=   63 ms  ATTACK       rival=si d= 235 mm rumbo=   +0 cdeg  linea=0x0
WARNING: Contact joints between materials 'patin' and 'dohyo' will only be created for the 10 deepest contact points instead of all the 101 contact points.
[rival] t=  711 ms  SEARCH       rival=no d=9999 mm rumbo=+3000 cdeg  linea=0x0
[rival] t=  855 ms  TRACK        rival=si d= 194 mm rumbo=+6000 cdeg  linea=0x8
[rival] t=  863 ms  ATTACK       rival=si d= 194 mm rumbo=+6000 cdeg  linea=0x0
[arbitro] asalto 25/30  banco    rival fuera     +1   1.21 s
[inercia] asalto=25 robot=GELATINA rueda=0 rotor=1.51063374e-05
[inercia] asalto=25 robot=GELATINA rueda=1 rotor=1.77277225e-05
[inercia] asalto=25 robot=RIVAL rueda=0 rotor=1.69141039e-05
[inercia] asalto=25 robot=RIVAL rueda=1 rotor=2.07750269e-05
[planta] asalto=25 mu=0.640810823 slip=0.00191908431 aleatorio=1
WARNING: DEF RIVAL GelatinaNuclear > HingeJoint "rueda_izq" > Solid "rueda_izq": Webots has detected that this solid is light and oblong according to its inertia matrix. This belongs in the physics edge cases, and can imply weird physical results. Increasing the weight of the object or reducing its eccentricity are recommended.
[gelatina] fin de asalto motor={"battery_v":8.23853394,"resistance_ohm":[4.24453578,3.95123382],"bridge_ohm":[0.631103218,0.518587148],"omega_rad_s":[79.3523254,26.5676937],"current_a":[0.480293674,0.270299514],"torque_nm":[0.0184564985,0.00852959817],"applied_pwm":[1,0.399999976],"over_1_2a_samples":366,"over_3_2a_samples":1}
[gelatina] t=    0 ms  WAIT         rival=no d=9999 mm rumbo=-6000 cdeg  linea=0x0
[rival] fin de asalto motor={"battery_v":7.85345128,"resistance_ohm":[3.67864804,3.95715528],"bridge_ohm":[0.664514804,0.636369371],"omega_rad_s":[77.418891,64.616353],"current_a":[-0.114497145,0.693007974],"torque_nm":[-0.0112122579,0.0270618181],"applied_pwm":[0.760785222,1],"over_1_2a_samples":603,"over_3_2a_samples":3}
[rival] t=    0 ms  WAIT         rival=si d= 106 mm rumbo=+2165 cdeg  linea=0x0
WARNING: Contact joints between materials 'patin' and 'dohyo' will only be created for the 10 deepest contact points instead of all the 15 contact points.
[planta] gelatina ciclo=27 rueda=0 V=8.27235247 R=3.80514512 Rpuente=0.642998934 I0=0.194158459 Ke=0.0671985495 Kt=0.0483794733
[planta] gelatina ciclo=27 rueda=1 V=8.27235247 R=3.92626638 Rpuente=0.594773662 I0=0.214746147 Ke=0.0634773829 Kt=0.0483794733
[sensores] gelatina ToF alcance=1173.52594 minimo=41.4970058 sigma_rel=0.0961788797
[gelatina] pulsador recibido: permiso previsto 178416 ms
[planta] rival ciclo=27 rueda=0 V=8.37885891 R=4.1211309 Rpuente=0.601087213 I0=0.108498716 Ke=0.0686697177 Kt=0.0483794733
[planta] rival ciclo=27 rueda=1 V=8.37885891 R=4.14997587 Rpuente=0.697493279 I0=0.192299563 Ke=0.0645617259 Kt=0.0483794733
[sensores] rival ToF alcance=1532.95035 minimo=22.9924762 sigma_rel=0.0703261137
[rival] pulsador recibido: permiso previsto 178416 ms
[arranque] pulsador=173416 permiso=178416 ms
[gelatina] permiso de arranque a los 178416 ms
[gelatina] t=    0 ms  TRACK        rival=si d= 284 mm rumbo=   +0 cdeg  linea=0x0
[rival] permiso de arranque a los 178416 ms
[rival] t=    0 ms  TRACK        rival=si d= 307 mm rumbo=   +0 cdeg  linea=0x0
[gelatina] t=   64 ms  ATTACK       rival=si d= 248 mm rumbo=   +0 cdeg  linea=0x0
[rival] t=  128 ms  ATTACK       rival=si d= 244 mm rumbo=   +0 cdeg  linea=0x0
WARNING: Contact joints between materials 'patin' and 'dohyo' will only be created for the 10 deepest contact points instead of all the 23 contact points.
[gelatina] t=  784 ms  SEARCH       rival=no d=9999 mm rumbo=-6000 cdeg  linea=0x0
[rival] t=  784 ms  SEARCH       rival=no d=9999 mm rumbo=-4530 cdeg  linea=0x0
[gelatina] t=  856 ms  TRACK        rival=si d= 336 mm rumbo=-6000 cdeg  linea=0x0
[rival] t=  920 ms  TRACK        rival=si d= 329 mm rumbo=-6000 cdeg  linea=0x0
[gelatina] t= 1280 ms  ATTACK       rival=si d= 245 mm rumbo=-6000 cdeg  linea=0x0
[rival] t= 1280 ms  ATTACK       rival=si d= 256 mm rumbo=   +0 cdeg  linea=0x0
WARNING: Contact joints between materials 'patin' and 'dohyo' will only be created for the 10 deepest contact points instead of all the 12 contact points.
[gelatina] t= 2096 ms  SEARCH       rival=no d=9999 mm rumbo=+6000 cdeg  linea=0x1
[gelatina] t= 2104 ms  TRACK        rival=si d=  42 mm rumbo=+3000 cdeg  linea=0x0
[gelatina] t= 2112 ms  ATTACK       rival=si d=  42 mm rumbo=+3000 cdeg  linea=0x0
[arbitro] asalto 26/30  banco    rival fuera     +1   2.56 s
[inercia] asalto=26 robot=GELATINA rueda=0 rotor=1.54931517e-05
[inercia] asalto=26 robot=GELATINA rueda=1 rotor=1.17622864e-05
[inercia] asalto=26 robot=RIVAL rueda=0 rotor=2.777028e-05
[inercia] asalto=26 robot=RIVAL rueda=1 rotor=2.71616879e-05
[planta] asalto=26 mu=1.35029093 slip=0.000660977721 aleatorio=1
[gelatina] fin de asalto motor={"battery_v":8.27235247,"resistance_ohm":[3.80514512,3.92626638],"bridge_ohm":[0.642998934,0.594773662],"omega_rad_s":[12.3862212,49.1625265],"current_a":[0.556772591,1.13948204],"torque_nm":[0.0175430807,0.0447382356],"applied_pwm":[0.399999976,1],"over_1_2a_samples":376,"over_3_2a_samples":1}
[gelatina] t=    0 ms  WAIT         rival=si d=  63 mm rumbo=+4489 cdeg  linea=0x0
[rival] fin de asalto motor={"battery_v":8.37885891,"resistance_ohm":[4.1211309,4.14997587],"bridge_ohm":[0.601087213,0.697493279],"omega_rad_s":[77.0739701,69.7101831],"current_a":[0.653551165,0.621654786],"torque_nm":[0.0263693504,0.0207719796],"applied_pwm":[1,0.896788239],"over_1_2a_samples":614,"over_3_2a_samples":3}
[rival] t=    0 ms  WAIT         rival=si d=  90 mm rumbo=-4636 cdeg  linea=0x0
[planta] gelatina ciclo=28 rueda=0 V=8.30834136 R=3.65600648 Rpuente=0.602661276 I0=0.161727476 Ke=0.0747151705 Kt=0.0483794733
[planta] gelatina ciclo=28 rueda=1 V=8.30834136 R=3.89397373 Rpuente=0.615789807 I0=0.135190693 Ke=0.0847888796 Kt=0.0483794733
[sensores] gelatina ToF alcance=1003.93806 minimo=41.6985828 sigma_rel=0.0465594864
[gelatina] pulsador recibido: permiso previsto 186288 ms
[planta] rival ciclo=28 rueda=0 V=7.09189321 R=3.87593999 Rpuente=0.606464481 I0=0.114516324 Ke=0.0853337899 Kt=0.0483794733
[planta] rival ciclo=28 rueda=1 V=7.09189321 R=4.25763769 Rpuente=0.55996114 I0=0.126802191 Ke=0.0776055521 Kt=0.0483794733
[sensores] rival ToF alcance=991.946936 minimo=27.9371268 sigma_rel=0.0544977999
[rival] pulsador recibido: permiso previsto 186288 ms
[arranque] pulsador=181288 permiso=186288 ms
[gelatina] permiso de arranque a los 186288 ms
[gelatina] t=    0 ms  TRACK        rival=si d= 281 mm rumbo=   +0 cdeg  linea=0x0
[rival] permiso de arranque a los 186288 ms
[rival] t=    0 ms  TRACK        rival=si d= 280 mm rumbo=   +0 cdeg  linea=0x0
[rival] t=   96 ms  ATTACK       rival=si d= 243 mm rumbo=   +0 cdeg  linea=0x0
[gelatina] t=  128 ms  ATTACK       rival=si d= 204 mm rumbo=   +0 cdeg  linea=0x0
WARNING: Contact joints between materials 'patin' and 'dohyo' will only be created for the 10 deepest contact points instead of all the 142 contact points.
[rival] t=  456 ms  TRACK        rival=si d= 792 mm rumbo=+6000 cdeg  linea=0x0
[gelatina] t=  520 ms  SEARCH       rival=no d=9999 mm rumbo=-3000 cdeg  linea=0x0
[rival] t=  656 ms  ATTACK       rival=si d=  25 mm rumbo=-1437 cdeg  linea=0x0
[gelatina] t= 1048 ms  TRACK        rival=si d=  40 mm rumbo=+1464 cdeg  linea=0x0
[gelatina] t= 1056 ms  ATTACK       rival=si d=  40 mm rumbo=+1464 cdeg  linea=0x0
WARNING: Contact joints between materials 'patin' and 'dohyo' will only be created for the 10 deepest contact points instead of all the 102 contact points.
[gelatina] t= 1376 ms  SEARCH       rival=no d=9999 mm rumbo=+3000 cdeg  linea=0x0
[gelatina] t= 1480 ms  TRACK        rival=si d= 206 mm rumbo=+6000 cdeg  linea=0x0
[gelatina] t= 1488 ms  ATTACK       rival=si d= 206 mm rumbo=+6000 cdeg  linea=0x0
[gelatina] t= 2232 ms  SEARCH       rival=no d=9999 mm rumbo=   +0 cdeg  linea=0x0
[gelatina] t= 2304 ms  TRACK        rival=si d= 303 mm rumbo=+2089 cdeg  linea=0x4
[arbitro] asalto 27/30  banco    expulsado       -1   2.30 s
[inercia] asalto=27 robot=GELATINA rueda=0 rotor=1.94309714e-05
[inercia] asalto=27 robot=GELATINA rueda=1 rotor=9.35624832e-06
[inercia] asalto=27 robot=RIVAL rueda=0 rotor=2.79407188e-05
[inercia] asalto=27 robot=RIVAL rueda=1 rotor=1.12463045e-05
[planta] asalto=27 mu=1.12337044 slip=0.00097377944 aleatorio=1
[gelatina] fin de asalto motor={"battery_v":8.30834136,"resistance_ohm":[3.65600648,3.89397373],"bridge_ohm":[0.602661276,0.615789807],"omega_rad_s":[-23.6083735,53.445881],"current_a":[-0.497866073,0.160409627],"torque_nm":[-0.0162622083,0.00122007875],"applied_pwm":[-0.467500031,0.632499993],"over_1_2a_samples":392,"over_3_2a_samples":1}
[gelatina] t=    0 ms  WAIT         rival=si d= 303 mm rumbo=+2089 cdeg  linea=0x0
[rival] fin de asalto motor={"battery_v":7.09189321,"resistance_ohm":[3.87593999,4.25763769],"bridge_ohm":[0.606464481,0.55996114],"omega_rad_s":[50.6304933,48.8402397],"current_a":[0.618284528,-0.197923632],"torque_nm":[0.0243720404,-0.0157100643],"applied_pwm":[1,0.399999976],"over_1_2a_samples":753,"over_3_2a_samples":3}
[rival] t=    0 ms  WAIT         rival=si d= 114 mm rumbo=-4514 cdeg  linea=0x0
WARNING: Contact joints between materials 'patin' and 'dohyo' will only be created for the 10 deepest contact points instead of all the 28 contact points.
[planta] gelatina ciclo=29 rueda=0 V=8.34215989 R=4.01661582 Rpuente=0.614556992 I0=0.107086676 Ke=0.0736885814 Kt=0.0483794733
[planta] gelatina ciclo=29 rueda=1 V=8.34215989 R=3.8690063 Rpuente=0.691976321 I0=0.105943465 Ke=0.0753897349 Kt=0.0483794733
[sensores] gelatina ToF alcance=954.671735 minimo=47.6820457 sigma_rel=0.083875556
[gelatina] pulsador recibido: permiso previsto 193904 ms
[planta] rival ciclo=29 rueda=0 V=7.20060447 R=3.79002953 Rpuente=0.571846259 I0=0.191470322 Ke=0.0936401875 Kt=0.0483794733
[planta] rival ciclo=29 rueda=1 V=7.20060447 R=4.25690155 Rpuente=0.61379689 I0=0.094638285 Ke=0.0993166171 Kt=0.0483794733
[sensores] rival ToF alcance=1183.85692 minimo=35.2040571 sigma_rel=0.0955069351
[rival] pulsador recibido: permiso previsto 193904 ms
[arranque] pulsador=188904 permiso=193904 ms
[gelatina] permiso de arranque a los 193904 ms
[gelatina] t=    0 ms  TRACK        rival=si d= 262 mm rumbo=   +0 cdeg  linea=0x0
[rival] permiso de arranque a los 193904 ms
[rival] t=    0 ms  TRACK        rival=si d= 329 mm rumbo=   +0 cdeg  linea=0x0
[gelatina] t=   32 ms  ATTACK       rival=si d= 221 mm rumbo=   +0 cdeg  linea=0x0
[rival] t=   96 ms  ATTACK       rival=si d= 206 mm rumbo=   +0 cdeg  linea=0x0
WARNING: Contact joints between materials 'patin' and 'dohyo' will only be created for the 10 deepest contact points instead of all the 51 contact points.
[rival] t=  360 ms  TRACK        rival=si d= 780 mm rumbo=+6000 cdeg  linea=0x0
[rival] t=  624 ms  ATTACK       rival=si d=  26 mm rumbo=   +0 cdeg  linea=0x0
[gelatina] t=  680 ms  SEARCH       rival=no d=9999 mm rumbo=+6000 cdeg  linea=0x8
[gelatina] t=  720 ms  TRACK        rival=si d=  75 mm rumbo=-3000 cdeg  linea=0x8
[gelatina] t=  728 ms  ATTACK       rival=si d=  75 mm rumbo=-3000 cdeg  linea=0x8
[rival] t=  944 ms  SEARCH       rival=no d=9999 mm rumbo=   +0 cdeg  linea=0x0
[rival] t=  984 ms  TRACK        rival=si d=  51 mm rumbo=-3000 cdeg  linea=0x0
[rival] t=  992 ms  ATTACK       rival=si d=  51 mm rumbo=-3000 cdeg  linea=0x0
[arbitro] asalto 28/30  banco    rival fuera     +1   1.19 s
[inercia] asalto=28 robot=GELATINA rueda=0 rotor=2.55414689e-05
[inercia] asalto=28 robot=GELATINA rueda=1 rotor=2.19878901e-05
[inercia] asalto=28 robot=RIVAL rueda=0 rotor=2.79932778e-05
[inercia] asalto=28 robot=RIVAL rueda=1 rotor=1.5502732e-05
[planta] asalto=28 mu=1.46634105 slip=0.00129893672 aleatorio=1
[gelatina] fin de asalto motor={"battery_v":8.34215989,"resistance_ohm":[4.01661582,3.8690063],"bridge_ohm":[0.614556992,0.691976321],"omega_rad_s":[28.0577865,59.3564003],"current_a":[0.62863211,0.847908647],"torque_nm":[0.0252320934,0.0358958847],"applied_pwm":[0.596828938,1],"over_1_2a_samples":410,"over_3_2a_samples":1}
[gelatina] t=    0 ms  WAIT         rival=no d=9999 mm rumbo=+3000 cdeg  linea=0x2
[rival] fin de asalto motor={"battery_v":7.20060447,"resistance_ohm":[3.79002953,4.25690155],"bridge_ohm":[0.571846259,0.61379689],"omega_rad_s":[62.2103087,32.743089],"current_a":[-0.345040112,0.515028888],"torque_nm":[-0.0259560923,0.020338276],"applied_pwm":[0.600000024,0.799999952],"over_1_2a_samples":774,"over_3_2a_samples":3}
[rival] t=    0 ms  WAIT         rival=si d= 276 mm rumbo=+4517 cdeg  linea=0x0
WARNING: Contact joints between materials 'patin' and 'dohyo' will only be created for the 10 deepest contact points instead of all the 26 contact points.
[planta] gelatina ciclo=30 rueda=0 V=8.37814878 R=3.86747718 Rpuente=0.574219334 I0=0.224655694 Ke=0.0736339521 Kt=0.0483794733
[planta] gelatina ciclo=30 rueda=1 V=8.37814878 R=3.83671365 Rpuente=0.512992465 I0=0.17638801 Ke=0.0926337765 Kt=0.0483794733
[sensores] gelatina ToF alcance=785.083777 minimo=47.8836244 sigma_rel=0.114256158
[gelatina] pulsador recibido: permiso previsto 200408 ms
[planta] rival ciclo=30 rueda=0 V=8.35094497 R=3.98737073 Rpuente=0.627333462 I0=0.219472674 Ke=0.0758553078 Kt=0.0483794733
[planta] rival ciclo=30 rueda=1 V=8.35094497 R=4.21043987 Rpuente=0.662878561 I0=0.150727522 Ke=0.0661402564 Kt=0.0483794733
[sensores] rival ToF alcance=822.924936 minimo=46.2372559 sigma_rel=0.0859497404
[rival] pulsador recibido: permiso previsto 200408 ms
[arranque] pulsador=195408 permiso=200408 ms
[gelatina] permiso de arranque a los 200408 ms
[gelatina] t=    0 ms  TRACK        rival=si d= 308 mm rumbo=   +0 cdeg  linea=0x0
[rival] permiso de arranque a los 200408 ms
[rival] t=    0 ms  TRACK        rival=si d= 358 mm rumbo=   +0 cdeg  linea=0x0
[gelatina] t=   63 ms  ATTACK       rival=si d= 259 mm rumbo=   +0 cdeg  linea=0x0
[rival] t=  127 ms  ATTACK       rival=si d= 210 mm rumbo=   +0 cdeg  linea=0x0
WARNING: Contact joints between materials 'patin' and 'dohyo' will only be created for the 10 deepest contact points instead of all the 91 contact points.
[gelatina] t=  551 ms  SEARCH       rival=no d=9999 mm rumbo=+3000 cdeg  linea=0x0
[rival] t=  615 ms  SEARCH       rival=no d=9999 mm rumbo=   +0 cdeg  linea=0x0
[rival] t=  687 ms  TRACK        rival=si d=  59 mm rumbo=+1107 cdeg  linea=0x0
[rival] t=  695 ms  ATTACK       rival=si d=  59 mm rumbo=+1107 cdeg  linea=0x0
[gelatina] t=  719 ms  TRACK        rival=si d=  47 mm rumbo=-3000 cdeg  linea=0x0
[gelatina] t=  727 ms  ATTACK       rival=si d=  47 mm rumbo=-3000 cdeg  linea=0x0
[rival] t= 1048 ms  SEARCH       rival=no d=9999 mm rumbo=-3000 cdeg  linea=0x0
[gelatina] t= 1143 ms  SEARCH       rival=no d=9999 mm rumbo=-3000 cdeg  linea=0x0
[gelatina] t= 1151 ms  TRACK        rival=si d= 207 mm rumbo=-6000 cdeg  linea=0x0
[rival] t= 1151 ms  TRACK        rival=si d= 229 mm rumbo=-6000 cdeg  linea=0x0
[gelatina] t= 1159 ms  ATTACK       rival=si d= 207 mm rumbo=-6000 cdeg  linea=0x0
[rival] t= 1159 ms  ATTACK       rival=si d= 229 mm rumbo=-6000 cdeg  linea=0x0
[arbitro] asalto 29/30  banco    expulsado       -1   1.22 s
[inercia] asalto=29 robot=GELATINA rueda=0 rotor=1.93387651e-05
[inercia] asalto=29 robot=GELATINA rueda=1 rotor=2.56285785e-05
[inercia] asalto=29 robot=RIVAL rueda=0 rotor=2.94294961e-05
[inercia] asalto=29 robot=RIVAL rueda=1 rotor=3.0536506e-05
[planta] asalto=29 mu=1.28143648 slip=0.000702222109 aleatorio=1
[gelatina] fin de asalto motor={"battery_v":8.37814878,"resistance_ohm":[3.86747718,3.83671365],"bridge_ohm":[0.574219334,0.512992465],"omega_rad_s":[96.9133809,28.8161333],"current_a":[0.279630436,0.156771985],"torque_nm":[0.00265964906,-0.000949012971],"applied_pwm":[1,0.399999976],"over_1_2a_samples":454,"over_3_2a_samples":1}
[gelatina] t=    0 ms  WAIT         rival=no d=9999 mm rumbo=-6000 cdeg  linea=0x0
[rival] fin de asalto motor={"battery_v":8.35094497,"resistance_ohm":[3.98737073,4.21043987],"bridge_ohm":[0.627333462,0.662878561],"omega_rad_s":[62.7381828,12.6700977],"current_a":[0.778364258,0.856205732],"torque_nm":[0.0270388805,0.0341306642],"applied_pwm":[1,0.599999964],"over_1_2a_samples":795,"over_3_2a_samples":3}
[rival] t=    0 ms  WAIT         rival=si d= 233 mm rumbo=-1453 cdeg  linea=0x0
WARNING: Contact joints between materials 'patin' and 'dohyo' will only be created for the 10 deepest contact points instead of all the 26 contact points.
[planta] gelatina ciclo=31 rueda=0 V=7.01196731 R=4.22808652 Rpuente=0.586115062 I0=0.170014885 Ke=0.072463821 Kt=0.0483794733
[planta] gelatina ciclo=31 rueda=1 V=7.01196731 R=3.81174626 Rpuente=0.589178979 I0=0.147140774 Ke=0.0811089341 Kt=0.0483794733
[sensores] gelatina ToF alcance=735.817456 minimo=23.8670874 sigma_rel=0.0715722275
[gelatina] pulsador recibido: permiso previsto 206936 ms
[planta] rival ciclo=31 rueda=0 V=7.05026116 R=3.70891438 Rpuente=0.630490899 I0=0.0937249482 Ke=0.0711979099 Kt=0.0483794733
[planta] rival ciclo=31 rueda=1 V=7.05026116 R=3.90925069 Rpuente=0.636213768 I0=0.128782082 Ke=0.0974377837 Kt=0.0483794733
[sensores] rival ToF alcance=1096.08399 minimo=42.1623528 sigma_rel=0.0406015539
[rival] pulsador recibido: permiso previsto 206936 ms
[arranque] pulsador=201936 permiso=206936 ms
[gelatina] permiso de arranque a los 206936 ms
[gelatina] t=    0 ms  TRACK        rival=si d= 321 mm rumbo=   +0 cdeg  linea=0x0
[rival] permiso de arranque a los 206936 ms
[rival] t=    0 ms  TRACK        rival=si d= 297 mm rumbo=   +0 cdeg  linea=0x0
[rival] t=   96 ms  ATTACK       rival=si d= 255 mm rumbo=   +0 cdeg  linea=0x0
[gelatina] t=  128 ms  ATTACK       rival=si d= 230 mm rumbo=   +0 cdeg  linea=0x0
WARNING: Contact joints between materials 'patin' and 'dohyo' will only be created for the 10 deepest contact points instead of all the 89 contact points.
[gelatina] t=  552 ms  SEARCH       rival=no d=9999 mm rumbo=+3000 cdeg  linea=0x0
[gelatina] t=  688 ms  TRACK        rival=si d=  22 mm rumbo=-6000 cdeg  linea=0x0
[gelatina] t=  696 ms  ATTACK       rival=si d=  22 mm rumbo=-6000 cdeg  linea=0x0
[rival] t= 1176 ms  SEARCH       rival=no d=9999 mm rumbo=-6000 cdeg  linea=0x0
[rival] t= 1216 ms  TRACK        rival=si d=  54 mm rumbo=+6000 cdeg  linea=0x0
[rival] t= 1224 ms  ATTACK       rival=si d=  54 mm rumbo=+6000 cdeg  linea=0x0
[rival] t= 1504 ms  SEARCH       rival=no d=9999 mm rumbo=+6000 cdeg  linea=0x3
[rival] t= 1544 ms  TRACK        rival=si d= 477 mm rumbo=-1387 cdeg  linea=0x8
[rival] t= 1576 ms  ATTACK       rival=si d= 112 mm rumbo= -108 cdeg  linea=0x4
[arbitro] asalto 30/30  banco    rival fuera     +1   1.60 s

[arbitro] RESULTADO  12W 18L 0D  win rate 40.0%  auto-salidas 1  t medio de victoria 1.59 s

[arbitro] resultados -> ../../../../result.json
INFO: 'arbitro' controller exited successfully.
INFO: medido: Terminating.
INFO: contrario: Terminating.
